monitor_id,bipad_id,name,type,lat,lon,basin,elevation,description,data_source,station_series_id,warning_level,danger_level,last_reading_at,snapshot_at,hours_since_reading,active_2d,run_at,bipad_province,bipad_district,bipad_muni_id,bipad_muni,bipad_ward_id,bipad_ward_no,district_code,district_name,muni_code,muni_name,ward_no,ward_code,is_ward,pip_method,coords_swapped,flag_district_mismatch,muni_name_sim,flag_muni_mismatch,flag_ward_mismatch,nearest_hyriv_id,dist_river_m,flag_far_from_river,dhm_id,dhm_name,dhm_type,dhm_dist_m,dhm_name_sim,flag_dhm_far,nearest_dhm_name,nearest_dhm_dist_m
RIV_001,1,Andhi Khola at Borlang pool,river,28.07284,83.811417,Narayani,227.0,MHS,hydrology.gov.np,19964.0,3.4,3.8,2026-08-06T17:10:00+05:45,2026-10-08T18:07:13+05:45,1512.95,0,2026-10-08T22:37:51+05:45,4.0,Syangja,39010.0,Putalibazar,3003.0,13,409,Syangja,40901,Putalibazar,13,4090113,1,within,0,0,1.0,0,0,40785451,227.3,0,4788,Andhi Khola at Borlang pool,,0.0,1.0,0,Andhi Khola at Borlang pool,0.0
RIV_002,2,Aurahikhola at Godana,river,28.4485859,81.280054,Karnali,,HS with rainfall & RLS,hydrology.gov.np,21074.0,3.0,3.5,2026-10-08T17:50:08+05:45,2026-10-08T18:07:13+05:45,0.28,1,2026-10-08T22:37:51+05:45,5.0,Bardiya,58008.0,Thakurbaba,4821.0,3,512,Bardiya,51203,Thakurbaba,3,5120303,1,within,0,0,1.0,0,0,40760744,169.5,0,4874,Aurahikhola at Godana,,0.0,1.0,0,Aurahikhola at Godana,0.0
RIV_003,3,Babai at Chepang,river,28.3565601,81.7135456,Babai,308.0,"Old Station at 28.353056, 81.719444, 265 m (Elevation might be error) ).Site changed due to Flood of 2071 BS.",hydrology.gov.np,649.0,5.5,6.8,2026-10-08T17:50:00+05:45,2026-10-08T18:07:13+05:45,0.29,1,2026-10-08T22:37:51+05:45,5.0,Bardiya,58002.0,Bansagadhi,4870.0,1,512,Bardiya,51201,Bansgadhi,1,5120101,1,within,0,0,1.0,0,0,40767658,53.6,0,29,Babai at Chepang,,0.0,1.0,0,Babai at Chepang,0.0
RIV_004,4,Bagmati River at Khokana,river,27.632222,85.293333,Bagmati,1255.0,Hydrological Station with RLS and Tipping Bucket,hydrology.gov.np,927.0,3.5,4.0,2026-10-08T17:50:00+05:45,2026-10-08T18:07:13+05:45,0.29,1,2026-10-08T22:37:51+05:45,3.0,Lalitpur,25004.0,Lalitpur,1958.0,22,308,Lalitpur,30802,Lalitpur,22,3080222,1,within,0,0,1.0,0,0,40815055,40.9,0,50,Bagmati River at Khokana,,0.0,1.0,0,Bagmati River at Khokana,0.0
RIV_005,5,Bagmati River at Sundarijal,river,27.774022,85.425821,Bagmati,,Hydrological Station with RLS,hydrology.gov.np,3400.0,2.3,2.8,2026-09-18T23:50:00+05:45,2026-10-08T18:07:13+05:45,474.29,0,2026-10-08T22:37:51+05:45,3.0,Kathmandu,27004.0,Gokarneshwor,3744.0,1,306,Kathmandu,30603,Gokarneshwor,1,3060301,1,within,0,0,1.0,0,0,40804332,11.6,0,192,Bagmati River at Sundarijal,,0.0,1.0,0,Bagmati River at Sundarijal,0.0
RIV_006,6,Humla Karnali at Lalighat,river,29.151,81.5817,Karnali,183.0,Hydrological Station with RLS,hydrology.gov.np,2392.0,7.5,8.3,2026-10-08T17:40:00+05:45,2026-10-08T18:07:13+05:45,0.45,1,2026-10-08T22:37:51+05:45,6.0,Kalikot,64004.0,Naraharinath,803.0,1,605,Kalikot,60505,Naraharinath,1,6050501,1,within,0,0,1.0,0,0,40723378,193.1,0,166,Humla Karnali at Lalighat,,0.0,1.0,0,Humla Karnali at Lalighat,0.0
RIV_007,7,Jyagdi Khola at Dangsing,river,27.947452,83.874715,Narayani,315.0,HS_manual,hydrology.gov.np,19742.0,3.6,,2026-10-08T18:00:00+05:45,2026-10-08T18:07:13+05:45,0.12,1,2026-10-08T22:37:51+05:45,4.0,Syangja,39005.0,Chapakot,3066.0,4,409,Syangja,40908,Chapakot,4,4090804,1,within,0,0,1.0,0,0,40793239,140.2,0,4651,Jyagdi Khola at Dangsing,Manual,0.0,1.0,0,Jyagdi Khola at Dangsing,0.0
RIV_008,8,Kali Gandaki at Jomsom,river,28.7683583,83.7064396,Narayani,,Hydrological Station with RLS,hydrology.gov.np,2554.0,6.0,,2026-10-08T17:50:00+05:45,2026-10-08T18:07:13+05:45,0.29,1,2026-10-08T22:37:51+05:45,4.0,Mustang,42003.0,Gharapjhong,5074.0,3,403,Mustang,40302,Gharpajhong,3,4030203,1,within,0,0,1.0,0,0,40743132,42.6,0,175,Kali Gandaki at Jomsom,,0.0,1.0,0,Kali Gandaki at Jomsom,0.0
RIV_009,9,Kaligandaki at Kumalgaon,river,27.883889,83.8,Narayani,,Hydrological Station with RLS at Kumalgaon,hydrology.gov.np,1468.0,7.0,,2026-08-09T17:30:00+05:45,2026-10-08T18:07:13+05:45,1440.62,0,2026-10-08T22:37:51+05:45,4.0,Syangja,39005.0,Chapakot,3041.0,10,409,Syangja,40908,Chapakot,10,4090810,1,within,0,0,1.0,0,0,40797280,292.7,0,101,Kaligandaki at Kumalgaon,,0.0,1.0,0,Kaligandaki at Kumalgaon,0.0
RIV_010,10,Kamala River at Belsot,river,26.912863,86.24833,Kamala,,RLS with CDCP ( installed in replacement of Kamala at Titriya),hydrology.gov.np,20329.0,5.0,6.0,2026-10-08T17:50:00+05:45,2026-10-08T18:07:13+05:45,0.29,1,2026-10-08T22:37:51+05:45,1.0,Udayapur,14003.0,Katari,2774.0,1,114,Udaya Pur,11407,Katari,1,1140701,1,within,0,0,1.0,0,0,40860472,96.6,0,4830,Kamala River at Belsot,,0.0,1.0,0,Kamala River at Belsot,0.0
RIV_011,11,Kankai River at Mainachuli,river,26.709853,87.88055,Kankai,161.0,Station under PPCR,hydrology.gov.np,3635.0,3.8,4.3,2026-10-08T17:50:00+05:45,2026-10-08T18:07:13+05:45,0.29,1,2026-10-08T22:37:51+05:45,1.0,Ilam,3005.0,Mai,3317.0,8,110,Ilam,11008,Mai,8,1100808,1,within,0,0,1.0,0,0,40872525,69.6,0,883,"Kankai, Mainachuli",TPB,2667.1,1.0,1,Kankai River at Mainachuli,0.0
RIV_012,12,Kandra River at Pahalmanpur,river,28.698414,80.904985,Mohana,143.0,Kandra River at Ghumanebahak,hydrology.gov.np,19601.0,4.5,5.0,2026-10-07T14:40:00+05:45,2026-10-08T18:07:13+05:45,27.45,1,2026-10-08T22:37:51+05:45,7.0,Kailali,71006.0,Ghodaghodi,5345.0,10,708,Kailali,70805,Ghodaghodi,10,7080510,1,within,0,0,1.0,0,0,40746796,124.1,0,4635,Kandra River at Pahalmanpur,,0.0,1.0,0,Kandra River at Pahalmanpur,0.0
RIV_013,13,Karnali at Chisapani Bridge,river,28.64118,81.28334,Karnali,,Velocity Station,hydrology.gov.np,4136.0,9.8,10.5,2026-10-08T17:45:00+05:45,2026-10-08T18:07:13+05:45,0.37,1,2026-10-08T22:37:51+05:45,7.0,Kailali,71011.0,Lamkichuha,5378.0,3,708,Kailali,70807,Lamki Chuha,3,7080703,1,within,0,0,1.0,0,0,40754016,36.3,0,258,Karnali at Chisapani Bridge,,0.0,1.0,0,Karnali at Chisapani Bridge,0.0
RIV_014,14,Kokhajor Khola at Hariharpur Gadi,river,27.371,85.47399,Bagmati,3892.0,Hydrological Station with RLS,hydrology.gov.np,2832.0,4.3,5.0,2026-10-08T17:50:00+05:45,2026-10-08T18:07:13+05:45,0.29,1,2026-10-08T22:37:51+05:45,3.0,Sindhuli,20004.0,Hariharpurgadhi,2796.0,1,311,Sindhuli,31109,Hariharpurgaghi,1,3110901,1,within,0,0,1.0,0,0,40831702,86.8,0,193,Kokhajor Khola at Hariharpur Gadi,,0.0,1.0,0,Kokhajor Khola at Hariharpur Gadi,0.0
RIV_015,15,Khutia Khola at Mudibhar,river,28.876454,80.673521,Mohana,,HS with RLS and CDCP,hydrology.gov.np,19194.0,4.0,4.5,2026-10-08T17:50:00+05:45,2026-10-08T18:07:13+05:45,0.29,1,2026-10-08T22:37:51+05:45,7.0,Kailali,71003.0,Chure,5281.0,4,708,Kailali,70802,Chure,4,7080204,1,within,0,0,1.0,0,0,40740557,59.2,0,4686,Khutia Khola at Mudibhar,Mannual and Automatic with Cable Way,0.0,1.0,0,Khutia Khola at Mudibhar,0.0
RIV_016,16,Lothar Khola at Lothar,river,27.5877,84.7361,Narayani,207.0,Hydrological station with RLS,hydrology.gov.np,1318.0,6.5,7.0,2026-10-08T17:50:00+05:45,2026-10-08T18:07:13+05:45,0.29,1,2026-10-08T22:37:51+05:45,3.0,Makwanpur,31008.0,Manahari,2397.0,6,312,Makwanpur,31205,Manahari,6,3120506,1,within,0,0,1.0,0,0,40818085,189.3,0,85,Lothar Khola at Lothar,,0.0,1.0,0,Lothar Khola at Lothar,0.0
RIV_017,17,Madi River at Sisaghat,river,28.093,84.228,Narayani,,Hydrological Station with RLS,hydrology.gov.np,2704.0,3.6,4.2,2026-10-08T17:50:00+05:45,2026-10-08T18:07:13+05:45,0.29,1,2026-10-08T22:37:51+05:45,4.0,Lamjung,37005.0,MadhyaNepal,1001.0,4,406,Lamjung,40604,Madhya Nepal,4,4060404,1,within,0,0,1.0,0,0,40784658,12.3,0,185,Madi River at Sisaghat,,0.0,1.0,0,Madi River at Sisaghat,0.0
RIV_018,18,MaiKhola at Chisapani,river,26.833324,87.89934,Kankai,,HS_manual,hydrology.gov.np,19622.0,5.5,4.3,2026-10-08T12:10:00+05:45,2026-10-08T18:07:13+05:45,5.95,1,2026-10-08T22:37:51+05:45,1.0,Ilam,3005.0,Mai,3282.0,9,110,Ilam,11008,Mai,9,1100809,1,within,0,0,1.0,0,0,40865783,48.1,0,4680,MaiKhola at Chisapani,Manual,0.0,1.0,0,MaiKhola at Chisapani,0.0
RIV_019,19,Mankhola at Belgaun,river,28.220681,81.574758,Karnali,166.0,Hydrological Station with RLS,hydrology.gov.np,3046.0,5.0,6.0,2026-10-08T17:50:00+05:45,2026-10-08T18:07:13+05:45,0.29,1,2026-10-08T22:37:51+05:45,5.0,Bardiya,58002.0,Bansagadhi,4825.0,3,512,Bardiya,51201,Bansgadhi,3,5120103,1,within,0,0,1.0,0,0,40775817,6.6,0,187,Mankhola at Belgaun,,0.0,1.0,0,Mankhola at Belgaun,0.0
RIV_020,20,Mardi Khola at Lahachowk,river,28.301,83.918,Narayani,1070.0,Hydrological Station with RLS,hydrology.gov.np,2683.0,3.4,4.3,2026-10-08T17:50:00+05:45,2026-10-08T18:07:13+05:45,0.29,1,2026-10-08T22:37:51+05:45,4.0,Kaski,40002.0,Machhapuchchhre,3892.0,6,405,Kaski,40502,Machhapuchchhre,6,4050206,1,within,0,0,1.0,0,0,40770367,441.0,0,184,Mardi Khola at Lahachowk,,0.0,1.0,0,Mardi Khola at Lahachowk,0.0
RIV_021,21,Manohara Khola at Balkumari,river,27.6775,85.3358,Bagmati,,Hydrological Station with RTS-RLS,hydrology.gov.np,4208.0,4.4,5.0,2026-10-08T18:00:00+05:45,2026-10-08T18:07:13+05:45,0.12,1,2026-10-08T22:37:51+05:45,3.0,Kathmandu,27006.0,Kathmandu,3737.0,32,306,Kathmandu,30608,Kathmandu,32,3060832,1,within,0,0,1.0,0,0,40810656,2.5,0,262,Manohara Khola at Balkumari,,0.0,1.0,0,Manohara Khola at Balkumari,0.0
RIV_022,22,Marin Khola at Kusuntar,river,27.2695335,85.8733013,Bagmati,399.0,Hydrological Station with RLS,hydrology.gov.np,3207.0,5.1,6.0,2026-10-08T12:10:00+05:45,2026-10-08T18:07:13+05:45,5.95,1,2026-10-08T22:37:51+05:45,3.0,Sindhuli,20005.0,Kamalamai,2817.0,1,311,Sindhuli,31105,Kamalamai,1,3110501,1,within,0,0,1.0,0,0,40838284,29.4,0,206,Marin Khola at Kusuntar,,0.0,1.0,0,Marin Khola at Kusuntar,0.0
RIV_023,23,Mewa Khola at Taplejung,river,27.3775,87.62666,Koshi,689.0,Hydrological Station with RLS,hydrology.gov.np,3291.0,5.0,6.0,2026-10-03T08:20:00+05:45,2026-10-08T18:07:13+05:45,129.79,0,2026-10-08T22:37:51+05:45,1.0,Taplejung,1003.0,Meringden,1772.0,3,101,Taplejung,10103,Meringden,3,1010303,1,within,0,0,1.0,0,0,40830337,41.9,0,210,Mewa Khola at Taplejung,,0.0,1.0,0,Mewa Khola at Taplejung,0.0
RIV_024,24,Myagdi at Mangalghat,river,28.341253,83.561792,Narayani,,Station under PPCR,hydrology.gov.np,3466.0,3.6,4.5,2026-10-08T17:50:00+05:45,2026-10-08T18:07:13+05:45,0.29,1,2026-10-08T22:37:51+05:45,4.0,Myagdi,43002.0,Beni,1114.0,2,404,Myagdi,40406,Beni,2,4040602,1,within,0,0,1.0,0,0,40767927,277.0,0,228,Myagdi at Mangalghat,,0.0,1.0,0,Myagdi at Mangalghat,0.0
RIV_025,25,Narayani at Devghat,river,27.71,84.43,Narayani,,Hydrological station with RLS,hydrology.gov.np,4140.0,7.3,9.0,2026-10-08T17:40:00+05:45,2026-10-08T18:07:13+05:45,0.45,1,2026-10-08T22:37:51+05:45,4.0,Nawalparasi East,76005.0,Gaidakot,3479.0,1,408,Nawalparasi East,40801,Gaidakot,1,4080101,1,within,0,0,1.0,0,0,40808703,123.3,0,265,Narayani at Devghat,,0.0,1.0,0,Narayani at Devghat,0.0
RIV_026,26,Rapti River at Kusum (Velocity),river,28.007,82.095,West Rapti,199.0,Velocity Station,hydrology.gov.np,5697.0,,,2022-10-08T00:00:00+05:45,2026-10-08T18:07:13+05:45,35082.12,0,2026-10-08T22:37:51+05:45,5.0,Banke,57008.0,Rapti Sonari,2121.0,1,511,Banke,51101,Rapti Sonari,1,5110101,1,within,0,0,1.0,0,0,40789484,83.3,0,961,Rapti River at Kusum (Velocity),,0.0,1.0,0,Rapti River at Kusum (Velocity),0.0
RIV_027,27,Riew khola (Bankatta),river,27.503344,84.278768,Narayani,105.0,Hydrological station with RLS,hydrology.gov.np,1278.0,3.4,3.8,2026-10-08T17:50:00+05:45,2026-10-08T18:07:13+05:45,0.29,1,2026-10-08T22:37:51+05:45,3.0,Chitwan,35099.0,Chitwan National Park,2281.0,99,313,Chitwan,,,99,,0,within,0,0,,,,40822634,217.3,0,81,Riew khola (Bankatta),Precipitation,0.0,1.0,0,Riewkhola (Bankatta) Rainfall Station,0.0
RIV_028,28,Seti Khola at SetiBeni,river,28.0108296,83.6082701,Narayani,554.0,Hydrological Station with RLS,hydrology.gov.np,3249.0,,,2026-10-08T18:00:00+05:45,2026-10-08T18:07:13+05:45,0.12,1,2026-10-08T22:37:51+05:45,4.0,Parbat,44001.0,Bihadi,1326.0,6,410,Parwat,41006,Bihadi,6,4100606,1,within,0,0,1.0,0,0,40788966,118.3,0,208,Seti Khola at SetiBeni,,0.0,1.0,0,Seti Khola at SetiBeni,0.0
RIV_029,29,Sunkoshi at Pachuwarghat,river,27.5537,85.7487,Koshi,514.0,Hydrological station with Bubbler sensor,hydrology.gov.np,1453.0,5.3,6.0,2026-10-08T16:00:00+05:45,2026-10-08T18:07:13+05:45,2.12,1,2026-10-08T22:37:51+05:45,3.0,Kavrepalanchok,24013.0,Temal,6182.0,3,309,Kavrepalanchok,30907,Temal,3,3090703,1,within,0,0,1.0,0,0,40819520,130.2,0,104,Sunkoshi at Pachuwarghat,,0.0,1.0,0,Sunkoshi at Pachuwarghat,0.0
RIV_030,30,Sunkoshi at Tokshelghat,river,27.17083333,86.40111111,Koshi,,Hydrological Station with RLS,hydrology.gov.np,3122.0,8.0,,2026-10-08T17:50:00+05:45,2026-10-08T18:07:13+05:45,0.29,1,2026-10-08T22:37:51+05:45,1.0,Udayapur,14003.0,Katari,2747.0,14,114,Udaya Pur,11407,Katari,14,1140714,1,within,0,0,1.0,0,0,40843960,225.7,0,202,Sunkoshi at Tokshelghat,,0.0,1.0,0,Sunkoshi at Tokshelghat,0.0
RIV_031,31,Sunkoshi River at Hampachuwar,river,26.9283,87.1425,Koshi,155.0,Hydrological Station with RLS,hydrology.gov.np,3228.0,10.6,11.8,2026-10-08T18:00:00+05:45,2026-10-08T18:07:13+05:45,0.12,1,2026-10-08T22:37:51+05:45,1.0,Bhojpur,10004.0,Hatuwagadhi,341.0,9,106,Bhojpur,10608,Hatuwagadhi,9,1060809,1,within,0,0,1.0,0,0,40859622,134.7,0,207,Sunkoshi River at Hampachuwar,,0.0,1.0,0,Sunkoshi River at Hampachuwar,0.0
RIV_032,32,Sunkoshi River at Dolalghat,river,27.641,85.71,Koshi,633.0,Hydrological Station with RLS,hydrology.gov.np,2960.0,3.8,5.5,2026-10-08T17:30:00+05:45,2026-10-08T18:07:13+05:45,0.62,1,2026-10-08T22:37:51+05:45,3.0,Kavrepalanchok,24003.0,Bhumlu,6181.0,1,309,Kavrepalanchok,30902,Bhumlu,1,3090201,1,within,0,0,1.0,0,0,40813421,135.1,0,199,Sunkoshi River at Dolalghat,,0.0,1.0,0,Sunkoshi River at Dolalghat,0.0
RIV_033,33,Tamor River at Taplejung,river,27.37861,87.63388,Koshi,683.0,Hydrological Station with RLS,hydrology.gov.np,3270.0,5.5,6.0,2026-10-08T17:50:00+05:45,2026-10-08T18:07:13+05:45,0.29,1,2026-10-08T22:37:51+05:45,1.0,Taplejung,1004.0,Mikwakhola,1775.0,1,101,Taplejung,10102,Mikwakhola,1,1010201,1,within,0,0,1.0,0,0,40830338,169.1,0,209,Tamor River at Taplejung,,0.0,1.0,0,Tamor River at Taplejung,0.0
RIV_034,34,Tila Nadi at Serighat,river,29.132902,81.59658,Karnali,778.0,Hydrological station with RLS,hydrology.gov.np,2379.0,5.4,6.4,2026-10-08T18:00:00+05:45,2026-10-08T18:07:13+05:45,0.12,1,2026-10-08T22:37:51+05:45,6.0,Kalikot,64002.0,Khandachakra,810.0,2,605,Kalikot,60506,Khandachakra,2,6050602,1,within,0,0,1.0,0,0,40724202,23.1,0,169,Tila Nadi at Serighat,,0.0,1.0,0,Tila Nadi at Serighat,0.0
RIV_035,35,Trishuli River at Bhorle,river,27.82,84.45,Narayani,200.0,RLS with CDCP,hydrology.gov.np,19401.0,9.5,,2026-10-08T18:00:00+05:45,2026-10-08T18:07:13+05:45,0.12,1,2026-10-08T22:37:51+05:45,3.0,Chitwan,35001.0,Bharatpur,2259.0,29,313,Chitwan,31304,Bharatpur,29,3130429,1,within,0,0,1.0,0,0,40802145,323.4,0,4661,Trishuli River at Bhorle,Manual,0.0,1.0,0,Trishuli River at Bhorle,0.0
RIV_036,36,West Rapti at Kusum RLS,river,28.0075,82.093889,West Rapti,199.0,Hydrological Station with RLS,hydrology.gov.np,5665.0,6.0,7.8,2026-10-08T18:00:00+05:45,2026-10-08T18:07:13+05:45,0.12,1,2026-10-08T22:37:51+05:45,5.0,Banke,57008.0,Rapti Sonari,2121.0,1,511,Banke,51101,Rapti Sonari,1,5110101,1,within,0,0,1.0,0,0,40789484,138.9,0,960,West Rapti at Kusum RLS,,0.0,1.0,0,West Rapti at Kusum RLS,0.0
RIV_037,37,Arun at Turkeghat,river,27.311975,87.1892,Koshi,,Hydrological Station with Radar Level sensor,hydrology.gov.np,1481.0,6.0,,2026-10-08T17:50:00+05:45,2026-10-08T18:07:13+05:45,0.29,1,2026-10-08T22:37:51+05:45,1.0,Sankhuwasabha,9005.0,Khandbari,1695.0,9,102,Sankhuwasabha,10206,Khandabari,9,1020609,1,within,0,0,1.0,0,0,40835282,86.7,0,107,Arun at Turkeghat,,0.0,1.0,0,Arun at Turkeghat,0.0
RIV_038,38,Tamakoshi at Singati,river,27.756831,86.193569,Koshi,,"Hydrological station installed by HPL (Offset : 947.79, Scale : -1))",hydrology.gov.np,3824.0,945.0,946.5,2024-07-08T10:33:00+05:45,2026-10-08T18:07:13+05:45,19735.57,0,2026-10-08T22:37:51+05:45,3.0,Dolakha,22004.0,Gaurishankar,524.0,5,301,Dolakha,30101,Gaurishankar,5,3010105,1,within,0,0,1.0,0,0,40806021,56.1,0,255,Tamakoshi at Singati,,0.0,1.0,0,Singati,0.0
RIV_039,39,Arun River at Uwa Gau,river,27.601389,87.346389,Koshi,1000.0,Hydrological Station with RLS,hydrology.gov.np,2874.0,7.5,,2026-08-02T11:10:00+05:45,2026-10-08T18:07:13+05:45,1614.95,0,2026-10-08T22:37:51+05:45,1.0,Sankhuwasabha,9007.0,Makalu,1650.0,3,102,Sankhuwasabha,10202,Makalu,3,1020203,1,within,0,0,1.0,0,0,40818711,61.3,0,195,Arun River at Uwa Gau,,0.0,1.0,0,Arun River at Uwa Gau,0.0
RIV_040,40,Bagmati River at Sundarijal Bridge,river,27.755222,85.421528,Bagmati,,Hydrological Station with RTS-RLS,hydrology.gov.np,4190.0,2.5,3.0,2026-10-06T17:00:00+05:45,2026-10-08T18:07:13+05:45,49.12,0,2026-10-08T22:37:51+05:45,3.0,Kathmandu,27004.0,Gokarneshwor,3744.0,1,306,Kathmandu,30603,Gokarneshwor,1,3060301,1,within,0,0,1.0,0,0,40806791,136.9,0,259,Bagmati River at Sundarijal Bridge,,0.0,1.0,0,Bagmati River at Sundarijal Bridge,0.0
RIV_041,41,Bagmati River at Bhorleni,river,27.36,85.47,Bagmati,,Station under PPCR,hydrology.gov.np,3593.0,5.2,6.2,2026-10-08T17:50:00+05:45,2026-10-08T18:07:13+05:45,0.29,1,2026-10-08T22:37:51+05:45,3.0,Sindhuli,20004.0,Hariharpurgadhi,2796.0,1,311,Sindhuli,31109,Hariharpurgaghi,1,3110901,1,within,0,0,1.0,0,0,40831702,123.0,0,236, Bagmati River at Bhorleni,,0.0,1.0,0, Bagmati River at Bhorleni,0.0
RIV_042,42,Barun River at Syaksila,river,27.693564,87.363245,Koshi,,HS_manual,hydrology.gov.np,21089.0,4.5,,2026-10-08T17:50:00+05:45,2026-10-08T18:07:13+05:45,0.29,1,2026-10-08T22:37:51+05:45,1.0,Sankhuwasabha,9001.0,Bhotkhola,1681.0,99,102,Sankhuwasabha,10201,Bhotkhola,99,,0,within,0,0,1.0,0,0,40809521,20.6,0,4676,Barun River at Syaksila,Manual,0.0,1.0,0,Barun River at Syaksila,0.0
RIV_043,43,Bishnumati Khola at Gongabu Buspark,river,27.735277,85.30722,Bagmati,,Hydrological station with RTS-RLS,hydrology.gov.np,4181.0,2.0,2.6,2026-08-20T14:00:00+05:45,2026-10-08T18:07:13+05:45,1180.12,0,2026-10-08T22:37:51+05:45,3.0,Kathmandu,27006.0,Kathmandu,3747.0,16,306,Kathmandu,30605,Tokha,9,3060509,1,within,0,0,0.333,1,1,40806790,81.7,0,261,Bishnumati Khola at Gongabu Buspark,,0.0,1.0,0,Bishnumati Khola at Gongabu Buspark,0.0
RIV_044,44,Duduwa River(364),river,28.202405,81.697579,West Rapti,162.0,Duduwa River(364) at Masurikhet,hydrology.gov.np,19260.0,5.5,6.0,2026-10-08T17:50:00+05:45,2026-10-08T18:07:13+05:45,0.29,1,2026-10-08T22:37:51+05:45,5.0,Banke,57005.0,Kohalpur,2170.0,11,511,Banke,51102,Kohalpur,11,5110211,1,within,0,0,1.0,0,0,40777164,33.3,0,4647,Duduwa River(364),RLS,0.0,1.0,0,Duduwa River(364),0.0
RIV_045,45,Chepe Khola at Garambesi,river,28.0628,84.487,Narayani,461.0,Hydrological Station with RLS,hydrology.gov.np,2767.0,3.2,3.8,2026-10-08T17:50:00+05:45,2026-10-08T18:07:13+05:45,0.29,1,2026-10-08T22:37:51+05:45,4.0,Lamjung,37007.0,Rainas,1019.0,7,406,Lamjung,40607,Rainas,7,4060707,1,within,0,0,1.0,0,0,40785998,58.8,0,188,Chepe Khola at Garambesi,,0.0,1.0,0,Chepe Khola at Garambesi,0.0
RIV_046,46,Imja River at Dingboche,river,27.895069,86.838542,Koshi,4375.0,RLS with Thuraya,hydrology.gov.np,12378.0,3.5,,2026-10-08T18:00:00+05:45,2026-10-08T18:07:13+05:45,0.12,1,2026-10-08T22:37:51+05:45,1.0,Solukhumbu,11003.0,Khumbu Pasanglhamu,1732.0,4,103,Solukhumbu,10301,Khumbu Pasanglhamu,4,1030104,1,within,0,0,1.0,0,0,40797301,132.9,0,4564,Imja River at Dingboche,,0.0,1.0,0,Imja River at Dingboche,0.0
RIV_047,47,Kali Gandaki at Tatopani (Ratopani),river,28.484,83.64699,Narayani,,Hydrological Station with RLS,hydrology.gov.np,2575.0,5.0,,2026-09-27T05:20:00+05:45,2026-10-08T18:07:13+05:45,276.79,0,2026-10-08T22:37:51+05:45,4.0,Myagdi,43001.0,Annapurna,1140.0,6,404,Myagdi,40401,Annapurna,6,4040106,1,within,0,0,1.0,0,0,40759555,36.0,0,176,Kali Gandaki at Tatopani (Ratopani),,0.0,1.0,0,Kali Gandaki at Tatopani (Ratopani),0.0
RIV_048,48,KhimtiKhola at Rasnalu,river,27.576,86.2,Koshi,,RLS with CDCP,hydrology.gov.np,19657.0,5.5,6.5,2026-10-08T17:50:00+05:45,2026-10-08T18:07:13+05:45,0.29,1,2026-10-08T22:37:51+05:45,3.0,Ramechhap,21002.0,Gokulganga,5190.0,3,310,Ramechhap,31002,Gokulganga,3,3100203,1,within,0,0,1.0,0,0,40818396,233.4,0,4677,KhimtiKhola at Rasnalu,Manual,0.0,1.0,0,KhimtiKhola at Rasnalu,0.0
RIV_049,49,Langtang Khola at Shyaprubesi,river,28.16222222,85.34611111,Narayani,1484.0,Hydrological Station with RLS,hydrology.gov.np,2788.0,3.75,,2026-08-26T08:50:00+05:45,2026-10-08T18:07:13+05:45,1041.29,0,2026-10-08T22:37:51+05:45,3.0,Rasuwa,29001.0,Gosaikunda,1429.0,5,303,Rasuwa,30301,Gosaikunda,5,3030105,1,within,0,0,1.0,0,0,40779851,0.0,0,190,Langtang Khola at Shyaprubesi,,0.0,1.0,0,Langtang Khola at Shyaprubesi,0.0
RIV_050,50,Khudi Khola at Khudibazar,river,28.28022,84.35831,Narayani,802.0,HS_manual,hydrology.gov.np,19615.0,4.0,3.3,2026-10-08T18:00:00+05:45,2026-10-08T18:07:13+05:45,0.12,1,2026-10-08T22:37:51+05:45,4.0,Lamjung,37006.0,Marsyangdi,1023.0,3,406,Lamjung,40602,Marshyangdi,3,4060203,1,within,0,0,1.0,0,0,40771495,114.2,0,4655,Khudi Khola at Khudibazar,Manual,0.0,1.0,0,Khudi Khola at Khudibazar,0.0
RIV_051,51,Lungri River at Khungri (327),river,28.214136,82.695314,West Rapti,695.0,Lungri River(327) at Khungri,hydrology.gov.np,19650.0,4.0,5.0,2026-10-08T17:50:00+05:45,2026-10-08T18:07:13+05:45,0.29,1,2026-10-08T22:37:51+05:45,5.0,Rolpa,53008.0,Sunil Smriti,5230.0,2,502,Rolpa,50209,Subarnabati,2,5020902,1,within,0,0,1.0,0,0,40776089,256.0,0,4640,Lungri River at Khungri (327) ,,0.0,1.0,0,Lungri River at Khungri (327) ,0.0
RIV_052,52,Marsyangdi at Bimalnagar,river,27.953594,84.424148,Narayani,,Hydrological Station with RLS,hydrology.gov.np,2491.0,10.0,,2026-10-08T17:50:00+05:45,2026-10-08T18:07:13+05:45,0.29,1,2026-10-08T22:37:51+05:45,4.0,Tanahu,38002.0,Bandipur,2481.0,4,407,Tanahu,40709,Bandipur,4,4070904,1,within,0,0,1.0,0,0,40792967,104.9,0,172,Marsyangdi at Bimalnagar,,0.0,1.0,0,Marsyangdi at Bimalnagar,0.0
RIV_053,53,Modi Khola at  Jhaprebagar( Nayapul),river,28.216,83.686,Narayani,717.0,Hydrological Station with RLS,hydrology.gov.np,3377.0,4.5,,2026-09-03T15:10:00+05:45,2026-10-08T18:07:13+05:45,842.95,0,2026-10-08T22:37:51+05:45,4.0,Parbat,44003.0,Kushma,1330.0,7,410,Parwat,41003,Kushma,7,4100307,1,within,0,0,1.0,0,0,40776627,61.3,0,180,Modi Khola at  Jhaprebagar( Nayapul),,0.0,1.0,0,Modi Khola at  Jhaprebagar( Nayapul),0.0
RIV_054,54,Rangoon Khola at Kainepani,river,29.130931,80.415089,Mahakali,,Hydrological Station with RLS,hydrology.gov.np,10501.0,3.0,3.5,2026-10-08T17:50:00+05:45,2026-10-08T18:07:13+05:45,0.29,1,2026-10-08T22:37:51+05:45,7.0,Dadeldhura,73007.0,Parashuram,6619.0,1,705,Dadeldhura,70505,Parashuram,1,7050501,1,within,0,0,1.0,0,0,40723784,35.6,0,991,Rangoon Khola at Kainepani,,0.0,1.0,0,Rangoon Khola at Kainepani,0.0
RIV_055,55,Ridi Khola at Satmure,river,27.951219,83.387685,Narayani,,Station under PPCR,hydrology.gov.np,3550.0,,,2026-10-08T17:52:16+05:45,2026-10-08T18:07:13+05:45,0.25,1,2026-10-08T22:37:51+05:45,5.0,Gulmi,46002.0,Chatrakot,3261.0,4,504,Gulmi,50411,Chhatrakot,4,5041104,1,within,0,0,1.0,0,0,40792959,103.4,0,233,Ridi Khola at Satmure,,0.0,1.0,0,Ridi Khola at Satmure,0.0
RIV_056,56,Roshi Khola at Panauti,river,27.575,85.499,Koshi,,Hydrological station with RLS and Tipping Bucket,hydrology.gov.np,1120.0,4.6,5.0,2026-10-08T17:50:00+05:45,2026-10-08T18:07:13+05:45,0.29,1,2026-10-08T22:37:51+05:45,3.0,Kavrepalanchok,24010.0,Panauti,6117.0,8,309,Kavrepalanchok,30909,Panauti,8,3090908,1,within,0,0,1.0,0,0,40817501,73.7,0,69,Roshi Khola at Panauti,,0.0,1.0,0,Roshi Khola at Panauti,0.0
RIV_057,57,Sano Bheri at Simlighat,river,28.65638889,82.34694444,Karnali,,Hydrological Station at Simlighat with RLS,hydrology.gov.np,2267.0,6.0,7.0,2026-10-08T17:50:00+05:45,2026-10-08T18:07:13+05:45,0.29,1,2026-10-08T22:37:51+05:45,6.0,Rukum West,54005.0,Sanibheri,1532.0,8,608,Rukum West,60802,Sanibheri,8,6080208,1,within,0,0,1.0,0,0,40748175,457.4,0,162,Sano Bheri at Simlighat,,0.0,1.0,0,Sano Bheri at Simlighat,0.0
RIV_058,58,Saptakoshi at Chatara (old),river,26.855192,87.152283,Koshi,,Hydrological Station with RLS,hydrology.gov.np,1508.0,6.0,7.0,2026-10-08T17:40:00+05:45,2026-10-08T18:07:13+05:45,0.45,1,2026-10-08T22:37:51+05:45,1.0,Sunsari,6001.0,Barah,4689.0,1,113,Sunsari,11302,Baraha,1,1130201,1,within,0,0,1.0,0,0,40864237,19.8,0,111,Saptakoshi at Chatara (old),TPB,0.0,1.0,0,Sapta Koshi at Chatara (new),0.0
RIV_059,59,Seti at Gha Chowk,river,28.301,83.94299,Narayani,1064.0,Hydrological Station with RLS,hydrology.gov.np,2662.0,4.5,,2025-05-25T00:10:00+05:45,2026-10-08T18:07:13+05:45,12041.95,0,2026-10-08T22:37:51+05:45,4.0,Kaski,40002.0,Machhapuchchhre,3893.0,3,405,Kaski,40504,Pokhara Lekhnath,19,4050419,1,within,0,0,0.286,1,1,40770368,23.8,0,183,Seti at Gha Chowk,,0.0,1.0,0,Seti at Gha Chowk,0.0
RIV_060,60,Sunkoshi at Khurkot,river,27.337966,85.993744,Koshi,477.0,Hydrological station with RLS,hydrology.gov.np,3754.0,7.5,8.6,2026-10-08T17:50:00+05:45,2026-10-08T18:07:13+05:45,0.29,1,2026-10-08T22:37:51+05:45,3.0,Sindhuli,20003.0,Golanjor,2814.0,7,311,Sindhuli,31104,Golanjor,7,3110407,1,within,0,0,1.0,0,0,40833338,118.9,0,243,Sunkoshi at Khurkot,,0.0,1.0,0,Sunkoshi at Khurkot,0.0
RIV_061,61,Tamakoshi at Busti,river,27.6361,86.0846,Koshi,772.0,"Hydrological Station with Bubbler sensor, established at Busti approximately 1.5 KM u/s of Charikot Jiri Road-Bridge",hydrology.gov.np,1601.0,5.5,6.5,2026-10-03T06:50:00+05:45,2026-10-08T18:07:13+05:45,131.29,0,2026-10-08T22:37:51+05:45,3.0,Dolakha,22002.0,Bhimeshwor,535.0,5,301,Dolakha,30109,Bhimeshwor,5,3010905,1,within,0,0,1.0,0,0,40814242,80.6,0,106,Tamakoshi at Busti,,0.0,1.0,0,Tamakoshi at Busti,0.0
RIV_062,62,Tamakoshi at Gongar/Jagat,river,27.820186,86.226,Koshi,,Hydrological station with Radar Level Sensor,hydrology.gov.np,1580.0,4.5,,2023-08-27T09:40:00+05:45,2026-10-08T18:07:13+05:45,27320.45,0,2026-10-08T22:37:51+05:45,3.0,Dolakha,22003.0,Bigu,517.0,2,301,Dolakha,30102,Bigu,2,3010202,1,within,0,0,1.0,0,0,40801448,106.7,0,120,Tamakoshi at Gongar/Jagat ,,0.0,1.0,0,Tamakoshi at Gongar/Jagat ,0.0
RIV_063,63,Tamor River at Majhitar,river,27.1586,87.7116,Koshi,436.0,Hydrological Station with RLS,hydrology.gov.np,3333.0,8.3,9.5,2026-10-08T17:50:00+05:45,2026-10-08T18:07:13+05:45,0.29,1,2026-10-08T22:37:51+05:45,1.0,Panchthar,2003.0,Hilihang,1225.0,7,109,Panchthar,10902,Hilihan,7,1090207,1,within,0,0,1.0,0,0,40844747,117.2,0,212,Tamor River at Majhitar,Automatic Hydrological Station,0.0,1.0,0,Tamor River at Majhitar,0.0
RIV_064,64,Tamor River at Mulghat,river,26.9299,87.3173,Koshi,203.0,"Station under PPCR, Hydrological station with RLS (690 IN by hydro, confirmed to be same at 1308, from rajiv sir)",hydrology.gov.np,3614.0,6.5,7.0,2026-06-19T15:00:00+05:45,2026-10-08T18:07:13+05:45,2667.12,0,2026-10-08T22:37:51+05:45,1.0,Dhankuta,7003.0,Dhankuta,461.0,9,107,Dhankuta,10704,Dhankuta,9,1070409,1,within,0,0,1.0,0,0,40859353,149.5,0,237,Tamor River at Mulghat,,0.0,1.0,0,Tamor River at Mulghat,0.0
RIV_065,65,Tadi Khola at Rautar,river,27.918694,85.311554,Narayani,,Hydrological station with CDCP,hydrology.gov.np,19587.0,3.5,,2026-10-08T18:00:00+05:45,2026-10-08T18:07:13+05:45,0.12,1,2026-10-08T22:37:51+05:45,3.0,Nuwakot,28011.0,Tadi,3664.0,3,305,Nuwakot,30502,Tadi,3,3050203,1,within,0,0,1.0,0,0,40795068,6.2,0,4659,Tadi Khola at Rautar,Manual,0.0,1.0,0,Tadi Khola at Rautar,0.0
RIV_066,66,West Rapti at Bagasoti,river,27.86795,82.79885,West Rapti,,Hydrological Station with RLS,hydrology.gov.np,2470.0,5.5,6.2,2026-10-08T18:00:00+05:45,2026-10-08T18:07:13+05:45,0.12,1,2026-10-08T22:37:51+05:45,5.0,Dang,56008.0,Rapti,4013.0,1,510,Dang,51008,Rapti,1,5100801,1,within,0,0,1.0,0,0,40798625,88.8,0,171,West Rapti at Bagasoti,,0.0,1.0,0,West Rapti at Bagasoti,0.0
RIV_067,67,Trishuli River at Kali Khola,river,27.833,84.546,Narayani,250.0,MHS,hydrology.gov.np,19583.0,10.8,12.1,2026-10-08T18:00:00+05:45,2026-10-08T18:07:13+05:45,0.12,1,2026-10-08T22:37:51+05:45,4.0,Tanahu,38001.0,Aanbookhaireni,2452.0,4,407,Tanahu,40710,Aanbu Khaireni,4,4071004,1,within,0,0,1.0,0,0,40800615,194.0,0,4781,Trishuli River at Kali Khola,,0.0,1.0,0,Trishuli River at Kali Khola,0.0
RIV_068,68,Ankhu Khola at Ankhu Bagar,river,28.000431,84.889347,Narayani,,Hydrological Station with RLS,hydrology.gov.np,3378.0,5.2,,2026-08-05T18:20:00+05:45,2026-10-08T18:07:13+05:45,1535.79,0,2026-10-08T22:37:51+05:45,3.0,Dhading,30013.0,Tripurasundari,3109.0,7,304,Dhading,30404,Tripurasundari,7,3040407,1,within,0,0,1.0,0,0,40789759,23.2,0,189,Ankhu Khola at Ankhu Bagar,,0.0,1.0,0,Ankhu Khola at Ankhu Bagar,0.0
RIV_069,69,Bagmati River at Padheradovan,river,27.1,85.466667,Bagmati,,Hydrological Station with RLS,hydrology.gov.np,2090.0,6.0,6.8,2026-09-24T11:20:00+05:45,2026-10-08T18:07:13+05:45,342.79,0,2026-10-08T22:37:51+05:45,2.0,Sarlahi,19001.0,Bagmati,5621.0,4,205,Sarlahi,20503,Bagmati,4,2050304,1,within,0,0,1.0,0,0,40848028,1172.4,1,147,Bagmati River at Padheradovan,,0.0,1.0,0,Bagmati River at Padheradovan,0.0
RIV_070,70,East Rapti at Rajaiya,river,27.44,84.97,Narayani,,Station under PPCR,hydrology.gov.np,3733.0,3.3,3.7,2026-10-08T17:10:00+05:45,2026-10-08T18:07:13+05:45,0.95,1,2026-10-08T22:37:51+05:45,3.0,Makwanpur,31004.0,Hetauda,2364.0,12,312,Makwanpur,31206,Hetauda,12,3120612,1,within,0,0,1.0,0,0,40826249,799.3,1,235,East Rapti at Rajaiya,,0.0,1.0,0,East Rapti at Rajaiya,0.0
RIV_071,71,Hinwa Khola at Pipletar,river,27.295,87.21499,Koshi,328.0,Hydrological Station with RLS,hydrology.gov.np,2916.0,4.6,4.8,2026-10-08T17:50:00+05:45,2026-10-08T18:07:13+05:45,0.29,1,2026-10-08T22:37:51+05:45,1.0,Sankhuwasabha,9008.0,Panchakhapan,1647.0,4,102,Sankhuwasabha,10207,Panchakhapan,4,1020704,1,within,0,0,1.0,0,0,40836344,62.2,0,197,Hinwa Khola at Pipletar,RTS RLS with CDCP,0.0,1.0,0,Hinwa Khola at Pipletar,0.0
RIV_072,72,Imja River at Pangboche,river,27.8595819,86.7959486,Koshi,3936.0,Imja River at Pangboche,hydrology.gov.np,5287.0,4.0,5.0,2026-10-08T17:50:00+05:45,2026-10-08T18:07:13+05:45,0.29,1,2026-10-08T22:37:51+05:45,1.0,Solukhumbu,11003.0,Khumbu Pasanglhamu,1732.0,4,103,Solukhumbu,10301,Khumbu Pasanglhamu,4,1030104,1,within,0,0,1.0,0,0,40798660,92.5,0,4767,Imja Khola at Pangboche ,,0.0,1.0,0,Imja Khola at Pangboche ,0.0
RIV_073,73,Lohare Khola at Dailekh,river,28.815197,81.738498,Karnali,701.0,Hydrological Station with RLS,hydrology.gov.np,2356.0,3.6,4.5,2026-10-08T17:50:00+05:45,2026-10-08T18:07:13+05:45,0.29,1,2026-10-08T22:37:51+05:45,6.0,Dailekh,60009.0,Narayan,1873.0,11,606,Dailekh,60608,Narayan,11,6060811,1,within,0,0,1.0,0,0,40740131,68.2,0,170,Lohare Khola at Dailekh,,0.0,1.0,0,Lohare Khola at Dailekh,0.0
RIV_074,74,Bhote Koshi at Shyaprubesi,river,28.17065,85.342554,Narayani,1440.0,Hydrological Station with RLS,hydrology.gov.np,2810.0,5.5,,2026-08-26T08:50:00+05:45,2026-10-08T18:07:13+05:45,1041.29,0,2026-10-08T22:37:51+05:45,3.0,Rasuwa,29001.0,Gosaikunda,1429.0,5,303,Rasuwa,30301,Gosaikunda,5,3030105,1,within,0,0,1.0,0,0,40779038,117.4,0,191,Bhote Koshi at Shyaprubesi,,0.0,1.0,0,Bhote Koshi at Shyaprubesi,0.0
RIV_075,75,Jagdulla River at Hurikot,river,29.118509,82.604892,Karnali,2674.0,RLS with thuraya,hydrology.gov.np,12382.0,,,2026-07-28T05:50:00+05:45,2026-10-08T18:07:13+05:45,1740.29,0,2026-10-08T22:37:51+05:45,6.0,Dolpa,62003.0,Jagadulla,5411.0,3,601,Dolpa,60103,Jagadulla,3,6010303,1,within,0,0,1.0,0,0,40724397,81.8,0,4565,Jagdulla River at Hurikot,,0.0,1.0,0,Jagdulla River at Hurikot,0.0
RIV_076,76,Kali Gandaki at Kota Gaon,river,27.75,84.35,Narayani,,Station under PPCR,hydrology.gov.np,3677.0,10.1,,2026-09-26T17:30:00+05:45,2026-10-08T18:07:13+05:45,288.62,0,2026-10-08T22:37:51+05:45,4.0,Tanahu,38006.0,Devghat,2476.0,1,407,Tanahu,40708,Devghat,1,4070801,1,within,0,0,1.0,0,0,40805700,231.0,0,230,Kali Gandaki at Kota Gaon,,0.0,1.0,0,Kali Gandaki at Kota Gaon,0.0
RIV_077,77,Sapta Koshi at Chatara (new),river,26.86666,87.15833,Koshi,,Discharge Measurement Station,hydrology.gov.np,3761.0,6.0,7.0,2024-09-04T17:20:00+05:45,2026-10-08T18:07:13+05:45,18336.79,0,2026-10-08T22:37:51+05:45,1.0,Sunsari,6001.0,Barah,4689.0,1,113,Sunsari,11302,Baraha,1,1130201,1,within,0,0,1.0,0,0,40862739,616.5,1,245,Sapta Koshi at Chatara (new),,1405.0,1.0,1,Sapta Koshi at Chatara (new),1405.0
RIV_078,78,Daaram Khola at Wamitaksar,river,28.18981,83.279398,Narayani,700.0,Hydrological Station with RLS,hydrology.gov.np,2641.0,3.5,,2026-10-08T17:00:00+05:45,2026-10-08T18:07:13+05:45,1.12,1,2026-10-08T22:37:51+05:45,5.0,Gulmi,46009.0,Musikot,3256.0,7,504,Gulmi,50404,Musikot,7,5040407,1,within,0,0,1.0,0,0,40777728,152.9,0,182,Daaram Khola at Wamitaksar,,0.0,1.0,0,Daaram Khola at Wamitaksar,0.0
RIV_079,79,Phalakhu Khola at Betrawati,river,27.974259,85.185829,Narayani,630.0,HS_manual,hydrology.gov.np,19926.0,2.6,3.1,2026-08-26T09:20:00+05:45,2026-10-08T18:07:13+05:45,1040.79,0,2026-10-08T22:37:51+05:45,3.0,Rasuwa,29005.0,Uttargaya,1424.0,5,305,Nuwakot,30504,Bidur,10,3050410,1,within,0,1,0.308,1,1,40791402,68.4,0,4658,Phalakhu Khola at Betrawati,Manual,0.0,1.0,0,Phalakhu Khola at Betrawati,0.0
RIV_080,80,Kabeli Khola at Taplejung,river,27.2863,87.7233,Koshi,545.0,Hydrological Station with RLS,hydrology.gov.np,3312.0,6.5,7.5,2026-10-08T18:00:00+05:45,2026-10-08T18:07:13+05:45,0.12,1,2026-10-08T22:37:51+05:45,1.0,Taplejung,1009.0,Pathibhara Yangwarak,1811.0,2,101,Taplejung,10107,Yangwarak,2,1010702,1,within,0,0,1.0,0,0,40836347,37.9,0,211,Kabeli Khola at Taplejung,,0.0,1.0,0,Kabeli Khola at Taplejung,0.0
RIV_081,81,PuwaKhola at Sajbate,river,26.912816,87.909616,Kankai,,RLS station with CDCP,hydrology.gov.np,19636.0,3.5,,2025-10-05T01:50:00+05:45,2026-10-08T18:07:13+05:45,8848.29,0,2026-10-08T22:37:51+05:45,1.0,Ilam,3004.0,Ilam,3345.0,9,110,Ilam,11003,Ilam,9,1100309,1,within,0,0,1.0,0,0,40860199,79.5,0,4681,PuwaKhola at Sajbate,Manual,0.0,1.0,0,PuwaKhola at Sajbate,0.0
RIV_082,82,Solu Khola at Salme,river,27.444704,86.572648,Koshi,1692.0,Hydrological Station with RLS,hydrology.gov.np,3144.0,3.8,,2026-06-18T23:50:00+05:45,2026-10-08T18:07:13+05:45,2682.29,0,2026-10-08T22:37:51+05:45,1.0,Solukhumbu,11007.0,Solududhkunda,1710.0,7,103,Solukhumbu,10307,Solu Dhudhakunda,7,1030707,1,within,0,0,1.0,0,0,40825965,50.5,0,203,Solu Khola at Salme,,0.0,1.0,0,Solu Khola at Salme,0.0
RIV_083,83,Surnaya Gad at Gajur Gaon,river,29.4877756,80.5667782,Mahakali,1275.0,Station under PPCR,hydrology.gov.np,3656.0,4.5,5.0,2026-09-27T05:00:00+05:45,2026-10-08T18:07:13+05:45,277.12,0,2026-10-08T22:37:51+05:45,7.0,Baitadi,74006.0,Patan,90.0,3,704,Baitadi,70409,Patam,3,7040903,1,within,0,0,1.0,0,0,40707126,12.0,0,227,Surnaya Gad at Gajur Gaon,Manual + Automatic,0.0,1.0,0,Surnaya Gad at Gajur Gaon,0.0
RIV_084,84,Jhimruk at Bagdula,river,28.119845,82.882328,West Rapti,,Hydrological station with RLS & CDCP,hydrology.gov.np,5469.0,,,2024-09-15T20:30:00+05:45,2026-10-08T18:07:13+05:45,18069.62,0,2026-10-08T22:37:51+05:45,5.0,Pyuthan,52007.0,Pyuthan,1362.0,8,503,Pyuthan,50304,Pyuthan,8,5030408,1,within,0,0,1.0,0,0,40782549,1.2,0,882,Jhimruk at Bagdula,,0.0,1.0,0,Jhimruk at Bagdula,0.0
RIV_085,85,West Seti at Dipayal,river,29.246477,80.925143,Karnali,617.0,Hydrological Station with Bubbler,hydrology.gov.np,801.0,8.6,9.0,2026-09-30T00:30:00+05:45,2026-10-08T18:07:13+05:45,209.62,0,2026-10-08T22:37:51+05:45,7.0,Doti,70004.0,Dipayal Silgadi,614.0,4,706,Doti,70605,Dipayal Silgadhi,4,7060504,1,within,0,0,1.0,0,0,40718426,160.2,0,40,West Seti at Dipayal,,0.0,1.0,0,West Seti at Dipayal,0.0
RIV_086,86,Budiganga at Chitreghat,river,29.15,81.208,Karnali,227.0,Hydrological station with RLS and Tipping Bucket,hydrology.gov.np,1248.0,6.0,7.0,2026-07-21T23:00:00+05:45,2026-10-08T18:07:13+05:45,1891.12,0,2026-10-08T22:37:51+05:45,7.0,Achham,69005.0,Mangalsen,2575.0,3,707,Achham,70706,Mangalsen,3,7070603,1,within,0,0,1.0,0,0,40722936,281.3,0,79,Budiganga at Chitreghat,,0.0,1.0,0,Budiganga at Chitreghat,0.0
RIV_087,87,Karnali at Asaraghat,river,28.9528,81.4417,Karnali,629.0,Hydrological Station with RLS,hydrology.gov.np,1331.0,7.9,8.9,2026-10-08T17:50:00+05:45,2026-10-08T18:07:13+05:45,0.29,1,2026-10-08T22:37:51+05:45,7.0,Achham,69010.0,Turmakhad,2545.0,3,707,Achham,70710,Turmakhand,3,7071003,1,within,0,0,1.0,0,0,40733069,200.5,0,86,Karnali at Asaraghat,,0.0,1.0,0,Karnali at Asaraghat,0.0
RIV_088,88,Arun River at Simle,river,26.9233,87.1552,Koshi,137.0,Hydrological Station with RLS,hydrology.gov.np,2937.0,10.0,11.0,2026-10-08T17:50:00+05:45,2026-10-08T18:07:13+05:45,0.29,1,2026-10-08T22:37:51+05:45,1.0,Dhankuta,7004.0,Shahidbhumi,506.0,1,107,Dhankuta,10705,Khalsa Chhintang Sahidbhumi,1,1070501,1,within,0,0,1.0,0,0,40859623,104.2,0,198,Arun River at Simle,,0.0,1.0,0,Arun River at Simle,0.0
RIV_089,89,Dudh Koshi at Rabuwabazar,river,27.26,86.65,Koshi,460.0,Hydrological station with bubbler sensor,hydrology.gov.np,1500.0,6.0,,2026-10-08T12:20:00+05:45,2026-10-08T18:07:13+05:45,5.79,1,2026-10-08T22:37:51+05:45,1.0,Khotang,13008.0,Rawa Besi,923.0,3,105,Khotang,10503,Lamidanda,3,1050303,1,within,0,0,1.0,0,0,40839093,123.0,0,110,Dudh Koshi at Rabuwabazar,,0.0,1.0,0,Dudh Koshi at Rabuwabazar,0.0
RIV_090,90,Bagmati River at Rai Gaon,river,27.1981894,85.4927953,Bagmati,69.0,Hydrological Station with RLS,hydrology.gov.np,2853.0,,,2024-09-26T03:50:00+05:45,2026-10-08T18:07:13+05:45,17822.29,0,2026-10-08T22:37:51+05:45,3.0,Makwanpur,31001.0,Bagmati,2374.0,2,312,Makwanpur,31210,Bagmati,2,3121002,1,within,0,0,1.0,0,0,40843175,90.6,0,194,Bagmati River at Rai Gaon,,0.0,1.0,0,Bagmati River at Rai Gaon,0.0
RIV_091,91,Bhote Koshi at Bahrabise,river,27.786773,85.899324,Koshi,,CDCP with RLS,hydrology.gov.np,1640.0,3.1,3.6,2026-10-08T17:40:00+05:45,2026-10-08T18:07:13+05:45,0.45,1,2026-10-08T22:37:51+05:45,3.0,Sindhupalchok,23002.0,Barhabise,2879.0,4,302,Sindhupalchok,30209,Bahrabise,4,3020904,1,within,0,0,1.0,0,0,40803784,138.7,0,113,Bhote Koshi at Bahrabise,,0.0,1.0,0,Bhote Koshi at Bahrabise,0.0
RIV_092,92,Seti Gandaki at Damauli,river,27.964496,84.263371,Narayani,305.0,HS_manual,hydrology.gov.np,19954.0,5.3,6.3,2026-10-08T17:50:00+05:45,2026-10-08T18:07:13+05:45,0.29,1,2026-10-08T22:37:51+05:45,4.0,Tanahu,38005.0,Vyas,2442.0,5,407,Tanahu,40702,Byas,5,4070205,1,within,0,0,0.75,1,1,40792702,82.8,0,4653,Seti Gandaki at Damauli,Manual,0.0,1.0,0,Seti Gandaki at Damauli,0.0
RIV_093,93,Modi Khola at Annapurna,river,28.508327,83.905059,Narayani,,Hydrological Station with RLS,hydrology.gov.np,5421.0,4.7,5.5,2025-12-11T09:15:00+05:45,2026-10-08T18:07:13+05:45,7232.87,0,2026-10-08T22:37:51+05:45,4.0,Kaski,40001.0,Annapurna,3867.0,11,405,Kaski,40503,Annapurna,11,4050311,1,within,0,0,1.0,0,0,40757339,116.7,0,876,Modi Khola at Annapurna,406.4,0.0,1.0,0,Modi Khola at Annapurna,0.0
RIV_094,94,Nakkhu at Bungmati,river,27.650902,85.312493,Bagmati,,Hydrological Station with RTS-RLS,hydrology.gov.np,4172.0,2.3,3.0,2026-10-08T17:50:00+05:45,2026-10-08T18:07:13+05:45,0.29,1,2026-10-08T22:37:51+05:45,3.0,Lalitpur,25004.0,Lalitpur,2012.0,25,308,Lalitpur,30802,Lalitpur,14,3080214,1,within,0,0,1.0,0,1,40817498,206.3,0,263,Nakkhu at Bungmati,,0.0,1.0,0,Nakkhu at Bungmati,0.0
RIV_095,95,Chamelia at Karkale Gaun,river,29.668,80.56,Mahakali,685.0,Location: Karkale Gaun (120),hydrology.gov.np,21571.0,4.8,5.5,2026-10-08T17:50:00+05:45,2026-10-08T18:07:13+05:45,0.29,1,2026-10-08T22:37:51+05:45,7.0,Baitadi,74002.0,Dilasaini,84.0,5,704,Baitadi,70401,Dilasaini,5,7040105,1,within,0,0,1.0,0,0,40699020,547.4,1,4594,Chamelia at Karkale Gaun,,0.0,1.0,0,Chamelia at Karkale Gaun,0.0
RIV_096,96,Mahakali at Darchula (Dattu),river,29.796,80.4215,mahakali,678.0,Hydrological station with RLS,hydrology.gov.np,1220.0,5.8,6.5,2026-10-08T17:50:00+05:45,2026-10-08T18:07:13+05:45,0.29,1,2026-10-08T22:37:51+05:45,7.0,Darchula,75005.0,Mahakali,396.0,9,703,Darchula,70303,Mahakali,9,7030309,1,within,0,0,1.0,0,0,40694663,213.4,0,77,Mahakali at Darchula (Dattu),,0.0,1.0,0,Mahakali at Darchula (Dattu),0.0
RIV_097,97,Bagmati River at Gaurighat,river,27.713,85.3497,Bagmati,,Hydrological Station with RTS-RLS,hydrology.gov.np,4199.0,2.1,2.7,2026-10-08T17:50:00+05:45,2026-10-08T18:07:13+05:45,0.29,1,2026-10-08T22:37:51+05:45,3.0,Kathmandu,27006.0,Kathmandu,3742.0,8,306,Kathmandu,30608,Kathmandu,8,3060808,1,within,0,0,1.0,0,0,40810656,58.9,0,260,Bagmati River at Gaurighat,,0.0,1.0,0,Bagmati River at Gaurighat,0.0
RIV_098,98,Dordi Khola at Sherabeshi( Ambote bazar),river,28.20302,84.45229,Narayani,671.0,HS_manual,hydrology.gov.np,19984.0,4.0,,2026-10-08T17:50:00+05:45,2026-10-08T18:07:13+05:45,0.29,1,2026-10-08T22:37:51+05:45,4.0,Lamjung,37002.0,Dordi,961.0,4,406,Lamjung,40601,Dordi,4,4060104,1,within,0,0,1.0,0,0,40777184,20.3,0,4656,Dordi Khola at Sherabeshi( Ambote bazar),Manual,0.0,1.0,0,Dordi Khola at Sherabeshi( Ambote bazar),0.0
RIV_099,99,Kali Gandaki at Kalipul Beni,river,28.34696,83.568292,Narayani,667.0,MHS (Firmware version: 1.1.13,hydrology.gov.np,20005.0,5.0,,2026-09-23T14:40:00+05:45,2026-10-08T18:07:13+05:45,363.45,0,2026-10-08T22:37:51+05:45,4.0,Parbat,44002.0,Jaljala,1312.0,3,410,Parwat,41002,Jaljala,3,4100203,1,within,0,0,1.0,0,0,40767404,45.0,0,4790,Kali Gandaki at Kalipul Beni,,0.0,1.0,0,Kali Gandaki at Kalipul Beni,0.0
RIV_100,100,Budhi Gandaki at Aarughat,river,28.046,84.816,Narayani,,Station under PPCR,hydrology.gov.np,3572.0,4.5,5.0,2026-10-08T17:40:00+05:45,2026-10-08T18:07:13+05:45,0.45,1,2026-10-08T22:37:51+05:45,4.0,Gorkha,36001.0,Aarughat,3429.0,9,401,Gorkha,40105,Aarughat,9,4010509,1,within,0,0,1.0,0,0,40786821,61.3,0,234,Budhi Gandaki at Aarughat,,0.0,1.0,0,Budhi Gandaki at Aarughat,0.0
RIV_101,101,Seti at Jyamirebari,river,28.39341,83.977405,Narayani,,Hydrological station with RLS ( FW: 1.1.13),hydrology.gov.np,1695.0,5.0,6.0,2022-07-06T18:40:00+05:45,2026-10-08T18:07:13+05:45,37319.45,0,2026-10-08T22:37:51+05:45,4.0,Kaski,40002.0,Machhapuchchhre,3914.0,1,405,Kaski,40502,Machhapuchchhre,1,4050201,1,within,0,0,1.0,0,0,40764513,31.5,0,129,Seti at Jyamirebari,,0.0,1.0,0,Seti at Jyamirebari,0.0
RIV_102,102,Mahakali at Parigaon,river,29.1723,80.2606,Mahakali,310.0,Hydrological station with bubbler sensor,hydrology.gov.np,1234.0,6.8,8.0,2026-10-08T18:00:00+05:45,2026-10-08T18:07:13+05:45,0.12,1,2026-10-08T22:37:51+05:45,7.0,Dadeldhura,73007.0,Parashuram,6623.0,5,705,Dadeldhura,70505,Parashuram,5,7050505,1,within,0,0,1.0,0,0,40722735,17.9,0,78,Mahakali at Parigaon,,0.0,1.0,0,Mahakali at Parigaon,0.0
RIV_103,103,Likhu Khola at Sangutar,river,27.350586,86.218347,Koshi,518.0,Hydrological Station with RLS,hydrology.gov.np,3004.0,4.5,5.5,2026-08-06T14:40:00+05:45,2026-10-08T18:07:13+05:45,1515.45,0,2026-10-08T22:37:51+05:45,3.0,Ramechhap,21006.0,Ramechhap,5193.0,3,104,Okhaldhunga,10405,Likhu,2,1040502,1,within,0,1,0.333,1,1,40833039,39.9,0,201,Likhu Khola at Sangutar,,0.0,1.0,0,Likhu Khola at Sangutar,0.0
RIV_104,104,Karnali at Chisapani,river,28.65305556,81.28694444,Karnali,,Automatic Water Level Station at Chisapani,hydrology.gov.np,691.0,10.0,10.8,2026-10-08T18:00:00+05:45,2026-10-08T18:07:13+05:45,0.12,1,2026-10-08T22:37:51+05:45,7.0,Kailali,71012.0,Mohanyal,5368.0,7,708,Kailali,70801,Mohanyal,7,7080107,1,within,0,0,1.0,0,0,40754016,258.9,0,35,Karnali at Chisapani ,,0.0,1.0,0,Karnali at Chisapani ,0.0
RIV_105,105,Trishuli Khola at Dhunche,river,28.098163,85.318589,Narayani,,HS_manual,hydrology.gov.np,19916.0,3.2,,2026-10-08T17:50:00+05:45,2026-10-08T18:07:13+05:45,0.29,1,2026-10-08T22:37:51+05:45,3.0,Rasuwa,29001.0,Gosaikunda,1427.0,6,303,Rasuwa,30301,Gosaikunda,6,3030106,1,within,0,0,1.0,0,0,40783391,6.3,0,4657,Trishuli Khola at Dhunche,Manual,0.0,1.0,0,Trishuli Khola at Dhunche,0.0
RIV_106,106,Narayani River at Narayanghat Bridge,river,27.69971,84.41894,Narayani,,Discharge measurement station,hydrology.gov.np,3701.0,11.0,,2025-10-01T21:20:00+05:45,2026-10-08T18:07:13+05:45,8924.79,0,2026-10-08T22:37:51+05:45,3.0,Chitwan,35001.0,Bharatpur,2228.0,1,313,Chitwan,31304,Bharatpur,1,3130401,1,within,0,0,1.0,0,0,40809264,188.9,0,241,Narayani River at Narayanghat Bridge,,0.0,1.0,0,Narayani River at Narayanghat Bridge,0.0
RIV_107,107,Sabhaya Khola at Tumlingtar,river,27.3024,87.2072,Koshi,316.0,Hydrological Station with RLS,hydrology.gov.np,2895.0,3.5,,2026-10-08T17:50:00+05:45,2026-10-08T18:07:13+05:45,0.29,1,2026-10-08T22:37:51+05:45,1.0,Sankhuwasabha,9005.0,Khandbari,1695.0,9,102,Sankhuwasabha,10206,Khandabari,9,1020609,1,within,0,0,1.0,0,0,40835283,46.7,0,196,Sabhaya Khola at Tumlingtar,,0.0,1.0,0,Sabhaya Khola at Tumlingtar,0.0
RIV_108,108,Sarada Khola at Daredhunga,river,28.294,82.028,Babai,667.0,Automatic Hydrological station at Sarada Khola with RLS,hydrology.gov.np,2244.0,4.5,5.0,2026-10-07T09:50:00+05:45,2026-10-08T18:07:13+05:45,32.29,1,2026-10-08T22:37:51+05:45,6.0,Salyan,55006.0,Kalimati,1578.0,2,609,Salyan,60908,Kalimati,2,6090802,1,within,0,0,1.0,0,0,40770633,220.9,0,156,Sarada Khola at Daredhunga,,0.0,1.0,0,Sarada Khola at Daredhunga,0.0
RIV_109,109,Thulo Bheri at Rimna,river,28.683,82.2666,Karnali,,Hydrological station with Bubbler,hydrology.gov.np,2059.0,5.6,6.2,2026-10-08T18:00:00+05:45,2026-10-08T18:07:13+05:45,0.12,1,2026-10-08T22:37:51+05:45,6.0,Rukum West,54005.0,Sanibheri,1525.0,2,608,Rukum West,60802,Sanibheri,2,6080202,1,within,0,0,1.0,0,0,40746321,1344.9,1,145,Thulo Bheri at Rimna,,0.0,1.0,0,Thulo Bheri at Rimna,0.0
RIV_110,110,Bheri at Jamu,river,28.77008,81.352052,Karnali,,Automatic Hydrological Station at Jamu Bheri with RLS,hydrology.gov.np,2289.0,5.0,5.5,2026-10-08T09:00:00+05:45,2026-10-08T18:07:13+05:45,9.12,1,2026-10-08T22:37:51+05:45,6.0,Surkhet,59008.0,Panchapuri,2625.0,5,610,Surkhet,61008,Panchapuri,5,6100805,1,within,0,0,1.0,0,0,40742654,147.9,0,161,Bheri at Jamu,,0.0,1.0,0,Bheri at Jamu,0.0
RIV_111,111,Intake at Kalaiya Taal (Nulsing Gad),river,28.8701,82.2929,Karnali,1350.0,Hydrological station with RLS,hydrology.gov.np,1969.0,,,2022-01-07T17:20:00+05:45,2026-10-08T18:07:13+05:45,41640.79,0,2026-10-08T22:37:51+05:45,6.0,Jajarkot,61001.0,Barekot,694.0,8,607,Jajarkot,60701,Barekot,8,6070108,1,within,0,0,1.0,0,0,40736808,83.1,0,137,Intake at Kalaiya Taal (Nulsing Gad),,0.0,1.0,0,Intake at Kalaiya Taal (Nulsing Gad),0.0
RIV_112,112,Daraudi Khola at Naya Sangu,river,28.042071,84.629066,Narayani,,Station under PPCR,hydrology.gov.np,3508.0,3.5,,2026-10-08T17:50:00+05:45,2026-10-08T18:07:13+05:45,0.29,1,2026-10-08T22:37:51+05:45,4.0,Gorkha,36007.0,Gorkha,3374.0,3,401,Gorkha,40109,Gorkha,3,4010903,1,within,0,0,1.0,0,0,40786817,186.1,0,231,Daraudi Khola at Naya Sangu,,0.0,1.0,0,Daraudi Khola at Naya Sangu,0.0
RIV_113,113,Ramaghat Khola at Dailekh (PulBazar),river,28.937728,81.521359,Karnali,,"Hydrological Station supported by WIEDO, Dailekh",hydrology.gov.np,19670.0,3.0,4.0,2021-10-22T05:20:00+05:45,2026-10-08T18:07:13+05:45,43500.79,0,2026-10-08T22:37:51+05:45,6.0,Dailekh,60011.0,Thantikandh,1903.0,1,606,Dailekh,60604,Thantikandh,1,6060401,1,within,0,0,1.0,0,0,40733973,21.9,0,4817,Ramaghat Khola at Dailekh (PulBazar),,0.0,1.0,0,Ramaghat Khola at Dailekh (PulBazar),0.0
RIV_114,114,Sinja Khola at Diware,river,29.203031,81.90983,Karnali,2058.0,Hydrological station with RLS,hydrology.gov.np,2436.0,4.5,5.0,2026-10-08T17:50:00+05:45,2026-10-08T18:07:13+05:45,0.29,1,2026-10-08T22:37:51+05:45,6.0,Kalikot,64009.0,Tilagufa,855.0,1,604,Jumla,60408,Hima,7,6040807,1,within,0,1,0.364,1,1,40720181,26.4,0,168,Sinja Khola at Diware,,0.0,1.0,0,Sinja Khola at Diware,0.0
RIV_115,115,Chingar River at Simlekhet(274),river,28.568,81.768,Karnali,679.0,Chingar River at Simlekhet,hydrology.gov.np,21349.0,2.8,,2026-10-08T17:50:00+05:45,2026-10-08T18:07:13+05:45,0.29,1,2026-10-08T22:37:51+05:45,6.0,Surkhet,59007.0,Lekbeshi,2678.0,5,610,Surkhet,61003,Lekabeshi,5,6100305,1,within,0,0,1.0,0,0,40753544,111.2,0,4632,Chingar River at Simlekhet(274),,0.0,1.0,0,Chingar River at Simlekhet(274),0.0
RIV_116,116,Manahari Khola at Manahari,river,27.548673,84.827716,Narayani,305.0,HS_manual,hydrology.gov.np,21323.0,4.3,,2026-10-08T17:50:00+05:45,2026-10-08T18:07:13+05:45,0.29,1,2026-10-08T22:37:51+05:45,3.0,Makwanpur,31009.0,Raksirang,2378.0,3,312,Makwanpur,31204,Raksirang,3,3120403,1,within,0,0,1.0,0,0,40819222,9.1,0,4662,Manahari Khola at Manahari,Manual,0.0,1.0,0,Manahari Khola at Manahari,0.0
RIV_117,117,Nagmati River at Sundarijal,river,27.775278,85.438611,Bagmati,,HS with CDCP and RTS RLS,hydrology.gov.np,21597.0,5.0,5.5,2026-10-08T17:20:00+05:45,2026-10-08T18:07:13+05:45,0.79,1,2026-10-08T22:37:51+05:45,3.0,Kathmandu,27004.0,Gokarneshwor,3744.0,1,306,Kathmandu,30603,Gokarneshwor,1,3060301,1,within,0,0,1.0,0,0,40804333,61.4,0,4876,Nagmati River at Sundarijal,Hydrological Station,0.0,1.0,0,Nagmati River at Sundarijal,0.0
RIV_118,118,Seti River at Gopaghat,river,29.29813,80.81931,Karnali,750.0,Hydrological Station Seti River at Gopaghat with RLS,hydrology.gov.np,2334.0,5.5,6.3,2026-08-18T06:10:00+05:45,2026-10-08T18:07:13+05:45,1235.95,0,2026-10-08T22:37:51+05:45,7.0,Doti,70009.0,Shikhar,632.0,8,706,Doti,70604,Shikhar,8,7060408,1,within,0,0,1.0,0,0,40716297,23.7,0,165,Seti River at Gopaghat,,0.0,1.0,0,Seti River at Gopaghat,0.0
RIV_119,119,Mohana River at Malakheti,river,28.830786,80.51858,Mohana,,Hydrological station installed by Mercy Corps,hydrology.gov.np,3778.0,3.0,3.6,2026-10-08T17:50:00+05:45,2026-10-08T18:07:13+05:45,0.29,1,2026-10-08T22:37:51+05:45,7.0,Kanchanpur,72005.0,Krishnapur,6220.0,5,708,Kailali,70803,Godawari,3,7080303,1,within,0,1,0.235,1,1,40740556,566.5,1,246,Mohana River at Malakheti,,0.0,1.0,0,Mohana River at Malakheti,0.0
RIV_120,120,Aadhi Khola at Borlangpul,river,28.072732,83.811066,Narayani,227.0,Hydrological station with Bubbler ,hydrology.gov.np,814.0,,,2021-07-23T10:02:40+05:45,2026-10-08T18:07:13+05:45,45680.08,0,2026-10-08T22:37:51+05:45,4.0,Syangja,39010.0,Putalibazar,3003.0,13,409,Syangja,40901,Putalibazar,13,4090113,1,within,0,0,1.0,0,0,40785451,245.2,0,41,Aadhi Khola at Borlangpul (Rainfall),,0.0,1.0,0,Aadhi Khola at Borlangpul (Rainfall),0.0
RIV_121,121,Babai at Bhada  Bridge,river,28.188822,81.36565,Babai,157.0,Hydrological station with RLS,hydrology.gov.np,642.0,7.0,8.0,2026-10-08T17:50:00+05:45,2026-10-08T18:07:13+05:45,0.29,1,2026-10-08T22:37:51+05:45,5.0,Bardiya,58005.0,Gulariya,4847.0,11,512,Bardiya,51207,Gulariya,11,5120711,1,within,0,0,1.0,0,0,40778481,637.0,1,28,Babai at Bhada  Bridge,,0.0,1.0,0,Babai at Bhada  Bridge,0.0
RIV_122,122,Rolwaling River at Bedding,river,27.9,86.37,Koshi,3724.0,Hydrological station with RLS,hydrology.gov.np,1877.0,3.5,,2026-10-08T17:50:00+05:45,2026-10-08T18:07:13+05:45,0.29,1,2026-10-08T22:37:51+05:45,3.0,Dolakha,22004.0,Gaurishankar,549.0,9,301,Dolakha,30101,Gaurishankar,9,3010109,1,within,0,0,1.0,0,0,40796214,367.9,0,5601,Rolwaling River at Beding,,1582.8,1.0,1,Rolwaling River at Bedding,0.0
RIV_123,123,Bheri at Samaijighat,river,28.5167,81.6667,Karnali,,Hydrological station at Samaijhighat with RLS,hydrology.gov.np,658.0,7.0,8.0,2026-07-30T20:30:00+05:45,2026-10-08T18:07:13+05:45,1677.62,0,2026-10-08T22:37:51+05:45,6.0,Surkhet,59002.0,Bheriganga,2685.0,13,610,Surkhet,61005,Bheriganga,13,6100513,1,within,0,0,1.0,0,0,40756807,227.9,0,30,Bheri at Samaijighat,,0.0,1.0,0,Bheri at Samaijighat,0.0
RIV_124,124,Imja Lake Outlet,river,27.899553,86.907325,Koshi,5012.0,Hydrological Station at Imja Lake to measure Lake level,hydrology.gov.np,5385.0,2.0,3.0,2026-10-08T17:50:00+05:45,2026-10-08T18:07:13+05:45,0.29,1,2026-10-08T22:37:51+05:45,1.0,Solukhumbu,11003.0,Khumbu Pasanglhamu,1732.0,4,103,Solukhumbu,10301,Khumbu Pasanglhamu,4,1030104,1,within,0,0,1.0,0,0,40796220,41.3,0,6,Imja Lake Outlet,,0.0,1.0,0,Imja Lake Outlet,0.0
RIV_125,125,Indrawati at Melamchi,river,27.8286,85.57694,Koshi,813.0,Hydrological station with RLS (installed by WWF),hydrology.gov.np,1652.0,4.5,,2020-08-30T14:45:00+05:45,2026-10-08T18:07:13+05:45,53523.37,0,2026-10-08T22:37:51+05:45,3.0,Sindhupalchok,23009.0,Melamchi,2929.0,11,302,Sindhupalchok,30205,Melanchi,11,3020511,1,within,0,0,1.0,0,0,40801447,14.1,0,126,Indrawati at Melamchi,,0.0,1.0,0,Indrawati at Melamchi,0.0
RIV_126,126,Jalkundi,river,27.947222,82.225,West Rapti,218.0,Hydrological Station with Bubbler,hydrology.gov.np,987.0,,,,2026-10-08T18:07:13+05:45,,0,2026-10-08T22:37:51+05:45,5.0,Dang,56007.0,Rajpur,4019.0,7,510,Dang,51010,Rajpur,7,5101007,1,within,0,0,1.0,0,0,40793492,204.9,0,677,Jalkundi,Precipitation,1567.9,1.0,1,Jalkundi,2.4
RIV_127,127,Kali Gandaki at Modi Beni,river,28.203,83.67065,Narayani,695.0,Hydrological Station with RLS,hydrology.gov.np,2596.0,7.0,,,2026-10-08T18:07:13+05:45,,0,2026-10-08T22:37:51+05:45,4.0,Parbat,44003.0,Kushma,1332.0,5,410,Parwat,41003,Kushma,5,4100305,1,within,0,0,1.0,0,0,40776900,101.7,0,,,,,,,Modi Khola at  Jhaprebagar( Nayapul),2086.7
RIV_128,128,Kali Gandaki at Purtighat,river,28.0452,83.56068,Narayani,,Hydrological station installed by GFZ,hydrology.gov.np,3710.0,16.0,,2021-11-15T09:10:00+05:45,2026-10-08T18:07:13+05:45,42920.95,0,2026-10-08T22:37:51+05:45,4.0,Parbat,44001.0,Bihadi,1325.0,3,410,Parwat,41006,Bihadi,3,4100603,1,within,0,0,1.0,0,0,40787364,25.9,0,242,Kali Gandaki at Purtighat,,0.0,1.0,0,Kali Gandaki at Purtighat,0.0
RIV_129,129,"Dwang Khola (Chiti, Lamjung)",river,28.18888,84.4236,Narayani,,Hydrological Station with RLS,hydrology.gov.np,2469.0,,,2021-10-08T08:30:00+05:45,2026-10-08T18:07:13+05:45,43833.62,0,2026-10-08T22:37:51+05:45,4.0,Lamjung,37001.0,Besishahar,989.0,11,406,Lamjung,40605,Bensi Shahar,11,4060511,1,within,0,0,1.0,0,0,40778504,1.5,0,217,"Dwang Khola (Chiti, Lamjung)",,0.0,1.0,0,"Dwang Khola (Chiti, Lamjung)",0.0
RIV_130,130,Lohare Khola at Tallo Dungeshwor,river,28.784518,81.584198,Karnali,,Hydrological station with RLS,hydrology.gov.np,1345.0,4.0,,2026-10-08T17:50:00+05:45,2026-10-08T18:07:13+05:45,0.29,1,2026-10-08T22:37:51+05:45,6.0,Dailekh,60005.0,Dullu,1911.0,6,606,Dailekh,60607,Dullu,6,6060706,1,within,0,0,1.0,0,0,40741777,23.5,0,87,Lohare Khola at Tallo Dungeshwor,,0.0,1.0,0,Lohare Khola at Tallo Dungeshwor,0.0
RIV_131,131,Mari at Nayagaon,river,28.076667,82.798889,West Rapti,,Hydrological Station with Chart Recorder,hydrology.gov.np,919.0,,,,2026-10-08T18:07:13+05:45,,0,2026-10-08T22:37:51+05:45,5.0,Pyuthan,52005.0,Mandavi,1381.0,3,503,Pyuthan,50306,Mandavi,3,5030603,1,within,0,0,1.0,0,0,40787059,41.0,0,4928,Mari at Nayagaun HS,,0.0,0.917,0,Mari,0.0
RIV_132,132,Singati,river,27.756831,86.193569,Koshi,,Rainfall station,hydrology.gov.np,,,,,2026-10-08T18:07:13+05:45,,0,2026-10-08T22:37:51+05:45,3.0,Dolakha,22004.0,Gaurishankar,524.0,5,301,Dolakha,30101,Gaurishankar,5,3010105,1,within,0,0,1.0,0,0,40806021,56.1,0,114,Singati,,0.0,1.0,0,Singati,0.0
RIV_133,133,Mugu Karnali  at Dhain,river,29.614088,81.871769,Karnali,,Hydrological Station with RLS,hydrology.gov.np,2222.0,,,2026-10-07T18:20:00+05:45,2026-10-08T18:07:13+05:45,23.79,1,2026-10-08T22:37:51+05:45,6.0,Mugu,65004.0,Soru,1055.0,10,602,Mugu,60203,Soru,3,6020303,1,within,0,0,1.0,0,1,40701573,55.1,0,160,Mugu Karnali  at Dhain,,0.0,1.0,0,Mugu Karnali  at Dhain,0.0
RIV_134,134,Raughat Khola at Raughat,river,28.376,83.567,Narayani,893.0,Hydrological Station with RLS,hydrology.gov.np,3355.0,5.0,,2021-06-22T12:30:00+05:45,2026-10-08T18:07:13+05:45,46421.62,0,2026-10-08T22:37:51+05:45,4.0,Myagdi,43002.0,Beni,1111.0,9,404,Myagdi,40406,Beni,9,4040609,1,within,0,0,1.0,0,0,40765576,171.7,0,177,Raughat Khola at Raughat,,0.0,1.0,0,Raughat Khola at Raughat,0.0
RIV_135,135,Tadi at Belkot,river,27.860094,85.134943,Narayani,,Hydrological & Discharge Measurement Station,hydrology.gov.np,1082.0,4.5,5.5,2026-10-08T17:40:00+05:45,2026-10-08T18:07:13+05:45,0.45,1,2026-10-08T22:37:51+05:45,3.0,Nuwakot,28001.0,Belkotgadhi,3702.0,10,305,Nuwakot,30508,Belkotgadhi,10,3050810,1,within,0,0,1.0,0,0,40798925,35.8,0,66,Tadi at Belkot,,0.0,1.0,0,Tadi at Belkot,0.0
RIV_136,136,Tamor River at Triveni,river,26.9152,87.1638,Koshi,161.0,Hydrological Station with RLS,hydrology.gov.np,3334.0,9.0,10.0,2026-10-08T18:00:00+05:45,2026-10-08T18:07:13+05:45,0.12,1,2026-10-08T22:37:51+05:45,1.0,Dhankuta,7007.0,Sangurigadhi,453.0,10,107,Dhankuta,10706,Sangurigadhi,10,1070610,1,within,0,0,1.0,0,0,40860193,204.6,0,213,Tamor River at Triveni,Hydrological station,0.0,1.0,0,Tamor River at Triveni,0.0
RIV_137,137,Trishuli at Betrawati,river,27.97,85.18,Narayani,,Automatic Hydrological Station,hydrology.gov.np,943.0,4.1,5.0,2026-08-26T09:20:00+05:45,2026-10-08T18:07:13+05:45,1040.79,0,2026-10-08T22:37:51+05:45,3.0,Nuwakot,28002.0,Bidur,3698.0,7,305,Nuwakot,30504,Bidur,7,3050407,1,within,0,0,1.0,0,0,40792431,183.9,0,52,Trishuli at Betrawati,TPB,0.0,1.0,0,Trishuli at Betrawati,0.0
RIV_138,138,West Rapti at Kusum Rainfall,river,28.0075,82.093889,West Rapti,199.0,Hydrological station with Bubbler,hydrology.gov.np,1000.0,5.0,5.4,2026-08-29T21:00:00+05:45,2026-10-08T18:07:13+05:45,957.12,0,2026-10-08T22:37:51+05:45,5.0,Banke,57008.0,Rapti Sonari,2121.0,1,511,Banke,51101,Rapti Sonari,1,5110101,1,within,0,0,1.0,0,0,40789484,138.9,0,960,West Rapti at Kusum RLS,,0.0,1.0,0,West Rapti at Kusum RLS,0.0
RIV_139,139,West Seti at Banga,river,28.974343,81.116627,Karnali,328.0,Station under PPCR,hydrology.gov.np,3487.0,8.4,9.0,2026-10-08T18:00:00+05:45,2026-10-08T18:07:13+05:45,0.12,1,2026-10-08T22:37:51+05:45,7.0,Achham,69003.0,Dhakari,2526.0,4,706,Doti,70607,Bogatan,3,7060703,1,within,0,1,0.308,1,1,40731788,304.9,0,229,West Seti at Banga,,0.0,1.0,0,West Seti at Banga,0.0
RIV_140,140,Balefi at Jalbire,river,27.8047,85.766,Koshi,725.0,Hydrological Station with RLS & Temp/Humidity ( Tipping Bucket was not installed as the site was not suitable),hydrology.gov.np,32.0,5.8,7.0,2026-09-29T01:40:00+05:45,2026-10-08T18:07:13+05:45,232.45,0,2026-10-08T22:37:51+05:45,3.0,Sindhupalchok,23004.0,Chautara Sangachokgadhi,2881.0,2,302,Sindhupalchok,30207,Choutara Sangachowkgadhi,2,3020702,1,within,0,0,1.0,0,0,40803505,139.6,0,11,Balefi at Jalbire,,0.0,1.0,0,Balefi at Jalbire,0.0
RIV_141,141,Melamchi at Nakote,river,28.010844,85.535356,Koshi,,"Hydrological Station with RLS, Tipping Bucket and Temp/Humidity",hydrology.gov.np,445.0,6.0,7.0,2026-09-07T09:40:00+05:45,2026-10-08T18:07:13+05:45,752.45,0,2026-10-08T22:37:51+05:45,3.0,Sindhupalchok,23005.0,Helambu,2905.0,1,302,Sindhupalchok,30204,Helambu,1,3020401,1,within,0,0,1.0,0,0,40789224,6.0,0,9,Melamchi at Nakote,,0.0,1.0,0,Melamchi at Nakote,0.0
RIV_142,142,Kamala River at Ranibas,river,27.07,86.03,Kamala,314.0,Hydrological Station with RLS & Tipping Bucket,hydrology.gov.np,1197.0,3.9,4.5,2021-06-22T17:20:00+05:45,2026-10-08T18:07:13+05:45,46416.79,0,2026-10-08T22:37:51+05:45,3.0,Sindhuli,20005.0,Kamalamai,2853.0,13,311,Sindhuli,31105,Kamalamai,13,3110513,1,within,0,0,1.0,0,0,40850535,0.0,0,4877,Kamala at Ranibas,,1059.1,1.0,1,Ranibas (rainfall),0.0
RIV_143,143,Tsho Rolpa Lake at Outlet,river,27.86915,86.462423,Koshi,4460.0,Tsho Rolpa Lake HS,hydrology.gov.np,1867.0,3.0,,2026-10-08T17:55:00+05:45,2026-10-08T18:07:13+05:45,0.2,1,2026-10-08T22:37:51+05:45,3.0,Dolakha,22004.0,Gaurishankar,549.0,9,301,Dolakha,30101,Gaurishankar,9,3010109,1,within,0,0,1.0,0,0,40798938,417.3,0,132,Tsho Rolpa Lake at Outlet,,0.0,1.0,0,Tsho Rolpa Lake at Outlet,0.0
RIV_144,144,Rawa Khola at Gaikhure,river,27.27194,86.67333,Koshi,403.0,Hydrological Station with RLS,hydrology.gov.np,3186.0,3.2,,2026-10-08T17:50:00+05:45,2026-10-08T18:07:13+05:45,0.29,1,2026-10-08T22:37:51+05:45,1.0,Khotang,13008.0,Rawa Besi,923.0,3,105,Khotang,10503,Lamidanda,3,1050303,1,within,0,0,1.0,0,0,40837717,102.6,0,205,Rawa Khola at Gaikhure,,0.0,1.0,0,Rawa Khola at Gaikhure,0.0
RIV_145,145,Badigad at Rudrabeni,river,27.972,83.4669,Narayani,511.0,Hydrological station with RLS & Tipping Bucket,hydrology.gov.np,4401.0,3.5,,2026-10-08T17:50:00+05:45,2026-10-08T18:07:13+05:45,0.29,1,2026-10-08T22:37:51+05:45,5.0,Gulmi,46011.0,Rurukshetra,3262.0,2,504,Gulmi,50412,Ruru,2,5041202,1,within,0,0,1.0,0,0,40791649,208.7,0,282,Badigad at Rudrabeni,,0.0,1.0,0,Badigad at Rudrabeni,0.0
RIV_146,146,Trishuli at Kali Khola (Rainfall),river,27.8333,84.55,Narayani,147.0,Hydrological Station with bubble sensor,hydrology.gov.np,5400.0,,,2021-11-12T01:35:00+05:45,2026-10-08T18:07:13+05:45,43000.54,0,2026-10-08T22:37:51+05:45,4.0,Tanahu,38001.0,Aanbookhaireni,2452.0,4,407,Tanahu,40710,Aanbu Khaireni,4,4071004,1,within,0,0,1.0,0,0,40800615,2.5,0,4781,Trishuli River at Kali Khola,,395.6,1.0,0,Trishuli at Kali Khola (Rainfall),0.0
RIV_147,147,Tinau at Butwal,river,27.74381,83.462251,Tinau,,"Hydrological Station with RLS (27.74381, 83.462251)",hydrology.gov.np,2533.0,6.0,7.0,2026-10-08T18:00:00+05:45,2026-10-08T18:07:13+05:45,0.12,1,2026-10-08T22:37:51+05:45,5.0,Palpa,47010.0,Tinau,5698.0,2,506,Palpa,50608,Tinau,2,5060802,1,within,0,0,1.0,0,0,40814804,230.2,0,174,Tinau at Butwal,,0.0,1.0,0,Tinau at Butwal,0.0
RIV_148,148,Dumre Khola at Kalimati,river,27.796588,83.533467,Tinau,,Hydrological Station with RLS,hydrology.gov.np,3068.0,4.0,,2026-10-08T17:50:00+05:45,2026-10-08T18:07:13+05:45,0.29,1,2026-10-08T22:37:51+05:45,5.0,Palpa,47009.0,Tansen,5720.0,8,506,Palpa,50605,Tansen,8,5060508,1,within,0,0,1.0,0,0,40802941,147.5,0,173,Dumre Khola at Kalimati,,0.0,1.0,0,Dumre Khola at Kalimati,0.0
RIV_149,149,Marsyangdi at Bhakundabesi,river,28.2031524,84.4014369,Narayani,646.0,"Hydrological Station with RLS (28.20305, 84.401389)",hydrology.gov.np,2725.0,5.7,7.2,2026-10-08T18:00:00+05:45,2026-10-08T18:07:13+05:45,0.12,1,2026-10-08T22:37:51+05:45,4.0,Lamjung,37001.0,Besishahar,1018.0,2,406,Lamjung,40605,Bensi Shahar,2,4060502,1,within,0,0,1.0,0,0,40776632,63.5,0,186,Marsyangdi at Bhakundabesi,,0.0,1.0,0,Marsyangdi at Bhakundabesi,0.0
RIV_150,150,Babai at Ghuiyabari,river,28.30388889,81.82583333,Babai,370.0,Hydrological Station with RLS & CDCP,hydrology.gov.np,5449.0,4.0,4.5,2020-12-15T04:00:00+05:45,2026-10-08T18:07:13+05:45,50966.12,0,2026-10-08T22:37:51+05:45,6.0,Salyan,55006.0,Kalimati,1571.0,7,609,Salyan,60908,Kalimati,7,6090807,1,within,0,0,1.0,0,0,40772002,122.9,0,880,Babai at Ghuiyabari,,0.0,1.0,0,Babai at Ghuiyabari,0.0
RIV_151,151,HS at Imja Lake Downstream,river,27.899686,86.900661,Koshi,4952.0,HS at Imja Lake Downstream measuring level of the river,hydrology.gov.np,5378.0,3.0,4.0,2026-04-22T13:10:00+05:45,2026-10-08T18:07:13+05:45,4060.95,0,2026-10-08T22:37:51+05:45,1.0,Solukhumbu,11003.0,Khumbu Pasanglhamu,1732.0,4,103,Solukhumbu,10301,Khumbu Pasanglhamu,4,1030104,1,within,0,0,1.0,0,0,40796220,265.6,0,7,HS at Imja Lake Downstream,,0.0,1.0,0,HS at Imja Lake Downstream,0.0
RIV_152,152,Humla Karnali at Bihichhada,river,29.654137,81.883093,Karnali,,Hydrological Station with RLS,hydrology.gov.np,2199.0,4.6,,2026-10-08T17:50:00+05:45,2026-10-08T18:07:13+05:45,0.29,1,2026-10-08T22:37:51+05:45,6.0,Humla,66001.0,Adanchuli,5099.0,3,603,Humla,60306,Adanchuli,3,6030603,1,within,0,0,1.0,0,0,40700638,178.9,0,159,Humla Karnali at Bihichhada,,0.0,1.0,0,Humla Karnali at Bihichhada,0.0
RIV_153,153,Humla Karnali at Jaur (Sarkegad),river,29.779998,81.948703,Karnali,,Hydrological Station with RLS,hydrology.gov.np,2178.0,5.0,,2026-10-08T17:50:00+05:45,2026-10-08T18:07:13+05:45,0.29,1,2026-10-08T22:37:51+05:45,6.0,Humla,66005.0,Sarkegad,5123.0,4,603,Humla,60305,Sarkegad,4,6030504,1,within,0,0,1.0,0,0,40694664,34.0,0,158,Humla Karnali at Jaur (Sarkegad),,0.0,1.0,0,Humla Karnali at Jaur (Sarkegad),0.0
RIV_154,154,Kamala River at Titriya,river,26.895948,86.22266,Kamala,182.0,Hydrological Station with RLS and Tipping bucket,hydrology.gov.np,1198.0,4.2,4.8,2020-07-21T07:40:00+05:45,2026-10-08T18:07:13+05:45,54490.45,0,2026-10-08T22:37:51+05:45,2.0,Dhanusa,17007.0,Ganeshman Charnath,6516.0,5,203,Dhanusa,20301,Ganeshman Charnath,5,2030105,1,within,0,0,1.0,0,0,40861199,126.6,0,72,Kamala River at Titriya,,52.4,1.0,0,Kamala River at Titriya,52.4
RIV_155,155,Indrawati at Dolalghat,river,27.644984,85.706327,Koshi,636.0,Hydrological Station with RLS,hydrology.gov.np,2982.0,,,2021-08-02T15:00:00+05:45,2026-10-08T18:07:13+05:45,45435.12,0,2026-10-08T22:37:51+05:45,3.0,Sindhupalchok,23004.0,Chautara Sangachokgadhi,2944.0,11,302,Sindhupalchok,30207,Choutara Sangachowkgadhi,11,3020711,1,within,0,0,1.0,0,0,40813420,7.6,0,361,Dolal Ghat,Precipitation,695.5,0.64,0,Sunkoshi River at Dolalghat,571.1
RIV_156,156,Arung Khola at Batasa,river,27.695,83.954,Narayani,,Station under PPCR,hydrology.gov.np,3529.0,,,2021-07-08T03:30:00+05:45,2026-10-08T18:07:13+05:45,46046.62,0,2026-10-08T22:37:51+05:45,4.0,Nawalparasi East,76008.0,Madhyabindu,3542.0,14,408,Nawalparasi East,40807,Madhya Bindu,14,4080714,1,within,0,0,1.0,0,0,40810926,189.2,0,4807,Arung at Batasa (Rainfall),,238.5,1.0,0,Arung at Batasa (Rainfall),238.5
RIV_157,157,"Machheli Khola at Sotyas, Kailali",river,28.93111111,80.53194444,Machheli,,Hydrological Station with RLS & CDCP,hydrology.gov.np,5442.0,4.0,4.9,,2026-10-08T18:07:13+05:45,,0,2026-10-08T22:37:51+05:45,7.0,Kailali,71007.0,Godawari_Kailali,5327.0,12,708,Kailali,70803,Godawari,12,7080312,1,within,0,0,1.0,0,0,40734566,61.3,0,879,"Machheli Khola at Sotyas, Kailali",,0.0,1.0,0,"Machheli Khola at Sotyas, Kailali",0.0
RIV_158,158,Innosent at Khokana,river,27.631838,85.293066,,,Innosent at Khokana Station,hydrology.gov.np,3100.0,,,2021-06-01T13:00:00+05:45,2026-10-08T18:07:13+05:45,46925.12,0,2026-10-08T22:37:51+05:45,3.0,Lalitpur,25004.0,Lalitpur,1958.0,22,308,Lalitpur,30802,Lalitpur,22,3080222,1,within,0,0,1.0,0,0,40815055,7.1,0,218,Innosent at Khokana,,0.0,1.0,0,Innosent at Khokana,0.0
RIV_159,159,Madi river at Benipatan,river,27.970405,84.266532,Narayani,323.0,HS_manual,hydrology.gov.np,19608.0,5.0,,2026-10-08T18:00:00+05:45,2026-10-08T18:07:13+05:45,0.12,1,2026-10-08T22:37:51+05:45,4.0,Tanahu,38005.0,Vyas,2457.0,3,407,Tanahu,40702,Byas,3,4070203,1,within,0,0,0.75,1,1,40791652,41.5,0,4654,Madi river at Benipatan,Manual,0.0,1.0,0,Madi river at Benipatan,0.0
RIV_160,160,Thuli Gad at Khanayatal,river,28.93361111,80.90972222,Karnali,309.0,Hydrological Station at Khanayatal with RLS,hydrology.gov.np,2312.0,5.5,6.5,2026-08-01T07:10:00+05:45,2026-10-08T18:07:13+05:45,1642.95,0,2026-10-08T22:37:51+05:45,7.0,Kailali,71012.0,Mohanyal,5332.0,5,708,Kailali,70801,Mohanyal,5,7080105,1,within,0,0,1.0,0,0,40733499,68.0,0,163,Thuli Gad at Khanayatal,,0.0,1.0,0,Thuli Gad at Khanayatal,0.0
RIV_161,161,Deumai Khola at Aangdang,river,26.913684,87.767529,Kankai,,HS_manual,hydrology.gov.np,19643.0,3.2,,2025-10-05T00:20:02+05:45,2026-10-08T18:07:13+05:45,8849.79,0,2026-10-08T22:37:51+05:45,1.0,Ilam,3007.0,Mangsebung,3294.0,1,110,Ilam,11006,Mangsebung,1,1100601,1,within,0,0,1.0,0,0,40860486,121.2,0,4682,Deumai Khola at Aangdang,Manual,0.0,1.0,0,Deumai Khola at Aangdang,0.0
RIV_162,162,Marin River at Bagmati Dovan,river,27.225,85.5091,Bagmati,,Hydrological Station with RTS-RLS,hydrology.gov.np,4217.0,4.5,5.1,2021-07-14T07:40:00+05:45,2026-10-08T18:07:13+05:45,45898.45,0,2026-10-08T22:37:51+05:45,3.0,Sindhuli,20004.0,Hariharpurgadhi,2860.0,2,311,Sindhuli,31109,Hariharpurgaghi,2,3110902,1,within,0,0,1.0,0,0,40840695,56.6,0,264,Marin River at Bakfar (Bagmati Dovan),,0.0,0.85,0,Marin River at Bakfar (Bagmati Dovan),0.0
RIV_163,163,Rara Daha at Sen,river,29.529,82.066,Karnali,2986.0,MHS,hydrology.gov.np,21356.0,2.0,,2026-10-08T18:00:00+05:45,2026-10-08T18:07:13+05:45,0.12,1,2026-10-08T22:37:51+05:45,6.0,Mugu,65001.0,Chhayanath Rara,1098.0,9,602,Mugu,60202,Chhayanath Rara,9,6020209,1,within,0,0,1.0,0,0,40706385,1768.1,1,4768,Rara Daha at Sen,,0.0,1.0,0,Rara Daha at Sen,0.0
RIV_164,164,Saru Gad at Jajarkot,river,28.640678,82.030897,Karnali,,HS with CDCP and RTS-RLS,hydrology.gov.np,21342.0,4.1,,2026-10-07T02:50:00+05:45,2026-10-08T18:07:13+05:45,39.29,1,2026-10-08T22:37:51+05:45,6.0,Surkhet,59009.0,Simta,2649.0,1,610,Surkhet,61001,Simta,1,6100101,1,within,0,0,1.0,0,0,40750460,126.5,0,4791,Saru Gad at Jajarkot,,0.0,1.0,0,Saru Gad at Jajarkot,0.0
RIV_165,165,Kamala at Ranibas,river,27.079444,86.028333,Kamala,,Hydrological station with CDCP,hydrology.gov.np,21607.0,3.5,4.5,2026-10-08T16:40:00+05:45,2026-10-08T18:07:13+05:45,1.45,1,2026-10-08T22:37:51+05:45,3.0,Sindhuli,20005.0,Kamalamai,2853.0,13,311,Sindhuli,31105,Kamalamai,13,3110513,1,within,0,0,1.0,0,0,40850535,123.9,0,4877,Kamala at Ranibas,,0.0,1.0,0,Kamala at Ranibas,0.0
RIV_166,166,Budhiganga River at Kakarsant,river,29.179,81.215,Karnali,494.0,Budhiganga River at Kakarsant,hydrology.gov.np,21372.0,4.3,,2026-10-08T17:40:00+05:45,2026-10-08T18:07:13+05:45,0.45,1,2026-10-08T22:37:51+05:45,7.0,Achham,69009.0,Sanphebagar,2552.0,8,707,Achham,70704,Sanphebagar,8,7070408,1,within,0,0,1.0,0,0,40721949,40.7,0,4619,Budhiganga River at Kakarsant,,0.0,1.0,0,Budhiganga River at Kakarsant,0.0
RIV_167,167,West Seti River at Chainpur,river,29.555,81.215,Karnali,,Seti River at Chainpur (251),hydrology.gov.np,21365.0,5.0,,2026-10-08T18:00:00+05:45,2026-10-08T18:07:13+05:45,0.12,1,2026-10-08T22:37:51+05:45,7.0,Bajhang,68009.0,Masta,171.0,1,702,Bajhang,70205,Masta,1,7020501,1,within,0,0,1.0,0,0,40706967,40.5,0,4612,West Seti River at Chainpur,P2,0.0,1.0,0,West Seti River at Chainpur,0.0
RIV_168,168,Kuwadi River at Rigin(209),river,29.604,81.759,Karnali,1345.0,Kuwadi River at Rigin(209),hydrology.gov.np,21379.0,5.0,,2026-10-08T17:50:00+05:45,2026-10-08T18:07:13+05:45,0.29,1,2026-10-08T22:37:51+05:45,7.0,Bajura,67006.0,Himali,302.0,5,701,Bajura,70101,Himali,5,7010105,1,within,0,0,1.0,0,0,40701754,250.2,0,4606,Kuwadi River at Rigin(209),,0.0,1.0,0,Kuwadi River at Rigin(209),0.0
RIV_169,169,Arun River at Kimathanka,river,27.78,87.45,Koshi,,Hydrological Station with RLS,hydrology.gov.np,23263.0,4.8,6.0,2026-08-02T11:10:00+05:45,2026-10-08T18:07:13+05:45,1614.95,0,2026-10-08T22:37:51+05:45,1.0,Sankhuwasabha,9001.0,Bhotkhola,1630.0,2,102,Sankhuwasabha,10201,Bhotkhola,2,1020102,1,within,0,0,1.0,0,0,40804086,61.3,0,4901,Arun River at Kimathanka,RLS,0.0,1.0,0,Arun River at Kimathanka,0.0
RIV_170,170,Bhote Koshi at Kodari,river,27.94,85.946,Koshi,,Hydrological Station with RLS,hydrology.gov.np,22609.0,4.0,,2026-08-15T14:10:00+05:45,2026-10-08T18:07:13+05:45,1299.95,0,2026-10-08T22:37:51+05:45,3.0,Sindhupalchok,23003.0,Bhotekoshi,2955.0,2,302,Sindhupalchok,30201,Bhotekoshi,2,3020102,1,within,0,0,1.0,0,0,40794539,415.5,0,4903,Bhote Koshi at Kodari,RLS,0.0,1.0,0,Bhote Koshi at Kodari,0.0
RIV_171,171,Bhotekoshi at Rasuwagadi,river,28.271297,85.377649,Narayani,,Hydrological Station with RLS,hydrology.gov.np,23251.0,6.0,7.0,2026-08-26T08:40:00+05:45,2026-10-08T18:07:13+05:45,1041.45,0,2026-10-08T22:37:51+05:45,3.0,Rasuwa,29001.0,Gosaikunda,1430.0,2,303,Rasuwa,30301,Gosaikunda,2,3030102,1,within,0,0,1.0,0,0,40772596,55.5,0,4913,Bhotekoshi at Rasuwagadi,,0.0,1.0,0,Bhotekoshi at Rasuwagadi,0.0
RIV_172,172,Mari at Nayagaun HS,river,28.076667,82.798889,West Rapti,,Madi at Nayagaon,hydrology.gov.np,24684.0,4.5,4.8,2026-08-19T07:40:00+05:45,2026-10-08T18:07:13+05:45,1210.45,0,2026-10-08T22:37:51+05:45,5.0,Pyuthan,52005.0,Mandavi,1381.0,3,503,Pyuthan,50306,Mandavi,3,5030603,1,within,0,0,1.0,0,0,40787059,41.0,0,4928,Mari at Nayagaun HS,,0.0,1.0,0,Mari,0.0
RIV_173,173,Kharpu Khola HS,river,29.9433,81.8569,Karnali,,Kharpunath,hydrology.gov.np,22788.0,4.2,,2026-10-08T17:40:00+05:45,2026-10-08T18:07:13+05:45,0.45,1,2026-10-08T22:37:51+05:45,6.0,Humla,66003.0,Kharpunath,5109.0,5,603,Humla,60302,Kharpunath,5,6030205,1,within,0,0,1.0,0,0,40686951,14.6,0,4906,Kharpu Khola HS,Hydrological Station,0.0,1.0,0,Kharpu Khola HS,0.0
RIV_174,174,Chaudhar River at Daiji,river,28.951,80.254,Mahakali,198.0,Chaudhar River at Daiji(179),hydrology.gov.np,25164.0,3.2,3.7,2026-08-29T13:10:00+05:45,2026-10-08T18:07:13+05:45,964.95,0,2026-10-08T22:37:51+05:45,7.0,Kanchanpur,72001.0,Bedkot,6241.0,10,709,Kanchanpur,70903,Bedkot,10,7090310,1,within,0,0,1.0,0,0,40733967,187.8,0,4601,Chaudhar River at Daiji,M+A,0.0,1.0,0,Chaudhar River at Daiji,0.0
RIV_175,175,West Rapti River at Raptisonari,river,28.06376,81.844892,West Rapti,171.0,West Rapti Sonari ,hydrology.gov.np,25217.0,4.7,,2026-10-08T17:50:00+05:45,2026-10-08T18:07:13+05:45,0.29,1,2026-10-08T22:37:51+05:45,5.0,Banke,57008.0,Rapti Sonari,2159.0,5,511,Banke,51101,Rapti Sonari,5,5110105,1,within,0,0,1.0,0,0,40785190,554.5,1,5007,West Rapti River at Raptisonari ,,0.0,1.0,0,West Rapti River at Raptisonari ,0.0
RIV_176,176,Indrawati at Yangri,river,27.972477,85.634731,Koshi,,Indrawati at Yangri,hydrology.gov.np,24310.0,,,2024-07-14T20:40:00+05:45,2026-10-08T18:07:13+05:45,19581.45,0,2026-10-08T22:37:51+05:45,3.0,Sindhupalchok,23010.0,Panchpokhari Thangpal,2880.0,2,302,Sindhupalchok,30203,Panchpokhari Thangpal,2,3020302,1,within,0,0,1.0,0,0,40792714,67.4,0,4902,Indrawati at Yangri,,0.0,1.0,0,Indrawati at Yangri,0.0
RIV_177,177,Kateni River at Ratanpur,river,28.558,80.816,Karnali,154.0,Ratanpur,hydrology.gov.np,25288.0,6.0,7.0,2026-10-08T17:50:00+05:45,2026-10-08T18:07:13+05:45,0.29,1,2026-10-08T22:37:51+05:45,7.0,Kailali,71010.0,Kailari,5344.0,5,708,Kailali,70812,Kailari,5,7081205,1,within,0,0,1.0,0,0,40755819,589.2,1,4634,Kateni River at Ratanpur,Mannual and Autometic,0.0,1.0,0,Kateni River at Ratanpur,0.0
RIV_178,178,Rupali Gad at Rupal,river,29.324,80.394,Mahakali,1267.0,Rupali Gad at Rupal Dadeldhura,hydrology.gov.np,25137.0,4.0,,2026-10-08T17:50:00+05:45,2026-10-08T18:07:13+05:45,0.29,1,2026-10-08T22:37:51+05:45,7.0,Dadeldhura,73004.0,Bhageshwar,6602.0,3,705,Dadeldhura,70504,Bhageshwor,3,7050403,1,within,0,0,1.0,0,0,40715078,24.4,0,4599,Rupali Gad at Rupal,Mannual and Automatic,0.0,1.0,0,Rupali Gad at Rupal,0.0
RIV_179,179,Sakayal Gad at Dadaban,river,29.308,80.703,Karnali,539.0,Sakayal Gad at Dadaban,hydrology.gov.np,25246.0,3.0,,2026-10-08T18:00:00+05:45,2026-10-08T18:07:13+05:45,0.12,1,2026-10-08T22:37:51+05:45,7.0,Dadeldhura,73005.0,Ganayapdhura,6635.0,3,705,Dadeldhura,70507,Ganyapdhura,3,7050703,1,within,0,0,1.0,0,0,40715283,269.0,0,4617,Sakayal Gad at Dadaban,Mannual+Autometic,0.0,1.0,0,Sakayal Gad at Dadaban,0.0
RIV_180,180,Ghuruwa River at Kharetti,river,28.61,80.749,Mohana,152.0,"Ghuruwa River Kharetti, Kailali",hydrology.gov.np,25255.0,3.6,,2026-10-08T17:50:00+05:45,2026-10-08T18:07:13+05:45,0.29,1,2026-10-08T22:37:51+05:45,7.0,Kailali,71010.0,Kailari,5329.0,4,708,Kailali,70812,Kailari,4,7081204,1,within,0,0,1.0,0,0,40751623,417.4,0,4633,Ghuruwa River at Kharetti,Mannual and Autometic with Cable way,0.0,1.0,0,Ghuruwa River at Kharetti,0.0
RIV_181,181,Sihali River,river,28.913,80.323,Mahakali,127.0,"Sihali River at Arjuni Byarek, Kanchanpur ",hydrology.gov.np,25602.0,3.0,,2026-10-08T18:00:00+05:45,2026-10-08T18:07:13+05:45,0.12,1,2026-10-08T22:37:51+05:45,7.0,Kanchanpur,72009.0,Shuklaphanta,6265.0,5,709,Kanchanpur,70902,Shuklaphanta,5,7090205,1,within,0,0,1.0,0,0,40737679,196.2,0,4602,Sihali River ,Mannual and Automatic,0.0,1.0,0,Sihali River ,0.0
RIV_182,182,Sunigad River,river,29.59,81.219,Karnali,1405.0,Sunigad River at Chainpur(251.7),hydrology.gov.np,25237.0,2.3,,2026-10-08T17:50:00+05:45,2026-10-08T18:07:13+05:45,0.29,1,2026-10-08T22:37:51+05:45,7.0,Bajhang,68011.0,Talkot,235.0,1,702,Bajhang,70204,Talkot,1,7020401,1,within,0,0,1.0,0,0,40703103,48.7,0,4615,Sunigad River,,0.0,1.0,0,Sunigad River,0.0
RIV_183,183,Bandi Gad HS,river,29.2956,81.4019,Karnali ,,"Kolti, Bajura",hydrology.gov.np,22840.0,2.5,,2026-08-28T09:20:00+05:45,2026-10-08T18:07:13+05:45,992.79,0,2026-10-08T22:37:51+05:45,7.0,Bajura,67009.0,Tribeni,307.0,5,701,Bajura,70109,Tribeni,5,7010905,1,within,0,0,1.0,0,0,40715676,183.3,0,4910,Bandi Gad HS,Hydrological station,0.0,1.0,0,Bandi Gad HS,0.0
RIV_184,184,Tila Nala at Raralihi Nagma,river,29.228,81.952,Karnali,,Hydrological station with RLS,hydrology.gov.np,2414.0,4.5,5.0,2026-10-08T17:50:00+05:45,2026-10-08T18:07:13+05:45,0.29,1,2026-10-08T22:37:51+05:45,6.0,Jumla,63008.0,Tila,757.0,2,604,Jumla,60407,Tila,2,6040702,1,within,0,0,1.0,0,0,40719166,73.3,0,167,Tila Nala at Raralihi Nagma,,0.0,1.0,0,Tila Nala at Raralihi Nagma,0.0
RIV_185,185,Nikash Khola HS,river,28.544321,81.597442,Karnali,614.0,"Latikoili, Surkhet",hydrology.gov.np,22853.0,3.3,,2026-10-08T17:50:00+05:45,2026-10-08T18:07:13+05:45,0.29,1,2026-10-08T22:37:51+05:45,6.0,Surkhet,59003.0,Birendranagar,2702.0,9,610,Surkhet,61006,Birendranagar,9,6100609,1,within,0,0,1.0,0,0,40755006,63.5,0,4631,Nikas River (269.7),,2271.3,1.0,1,Nikash Khola HS,0.0
RIV_186,186,Gandi Gad HS,river,29.1944,81.0271,Karnali,,"Naulikot, Acham",hydrology.gov.np,22814.0,3.0,,2026-08-04T18:10:00+05:45,2026-10-08T18:07:13+05:45,1559.95,0,2026-10-08T22:37:51+05:45,7.0,Doti,70004.0,Dipayal Silgadi,596.0,8,707,Achham,70705,Chaurpati,2,7070502,1,within,0,1,0.345,1,1,40720611,259.3,0,4908,Gandi Gad HS,Hydrological Station,0.0,1.0,0,Gandi Gad HS,0.0
RIV_187,187,Mahakali at Dodhara Chandani (4 Lane Bridge),river,28.945463,80.103442,Mahakali,,Mahakali,hydrology.gov.np,25676.0,6.5,7.2,2026-10-08T17:50:00+05:45,2026-10-08T18:07:13+05:45,0.29,1,2026-10-08T22:37:51+05:45,7.0,Kanchanpur,72007.0,Dodhara Chandani,6201.0,1,709,Kanchanpur,70905,Mahakali,1,7090501,1,within,0,0,1.0,0,0,40734166,945.9,1,5043,Mahakali at Dodhara Chandani (4 Lane Bridge),,0.0,1.0,0,Mahakali at Dodhara Chandani (4 Lane Bridge),0.0
RIV_188,188,Dhobi Khola at Chabahil,river,27.721801,85.344395,Bagmati,1299.0,Dhobi Khola at Nepal Yatat Buspark Chabahil,hydrology.gov.np,25842.0,1301.0,1301.5,2026-10-08T17:50:00+05:45,2026-10-08T18:07:13+05:45,0.29,1,2026-10-08T22:37:51+05:45,3.0,Kathmandu,27006.0,Kathmandu,3741.0,7,306,Kathmandu,30608,Kathmandu,4,3060804,1,within,0,0,1.0,0,1,40810101,123.6,0,5080,Dhobi Khola at Chabahil,Automatic Hydrological Station,0.0,1.0,0,Dhobi Khola at Chabahil,0.0
RIV_189,189,Dhobi Khola at Kapan,river,27.74356779,85.351314,Bagmati,1316.0,Dhobi Khola at Budhanilkantha Kapan,hydrology.gov.np,25833.0,1317.8,1318.3,2026-10-08T17:50:00+05:45,2026-10-08T18:07:13+05:45,0.29,1,2026-10-08T22:37:51+05:45,3.0,Kathmandu,27001.0,Budhanilkantha,3812.0,8,306,Kathmandu,30604,Budhanilkhantha,8,3060408,1,within,0,0,1.0,0,0,40810101,75.8,0,5047,Dhobi Khola at Kapan,Automatic Hydrological Station,0.0,1.0,0,Dhobi Khola at Kapan,0.0
RIV_190,190,Khodku Khola at Jharuwarasi,river,27.62023374,85.344716,Bagmati,1332.0,Khodku Khola at Jharuwarasi,hydrology.gov.np,25860.0,1333.9,1334.4,2026-10-08T18:00:00+05:45,2026-10-08T18:07:13+05:45,0.12,1,2026-10-08T22:37:51+05:45,3.0,Lalitpur,25002.0,Godawari,2018.0,14,308,Lalitpur,30803,Godawari,14,3080314,1,within,0,0,1.0,0,0,40815598,126.6,0,5082,Khodku Khola at Jharuwarasi,Automatic Hydrological Station,0.0,1.0,0,Khodku Khola at Jharuwarasi,0.0
RIV_191,191,Karnali at Benighat,river,28.96,81.12,Karnali,320.0,MHS,hydrology.gov.np,21335.0,9.0,10.0,2026-10-08T17:40:00+05:45,2026-10-08T18:07:13+05:45,0.45,1,2026-10-08T22:37:51+05:45,6.0,Surkhet,59004.0,Chaukune,2714.0,1,610,Surkhet,61009,Chaukune,1,6100901,1,within,0,0,1.0,0,0,40733275,244.9,0,4793,Karnali at Benighat,,0.0,1.0,0,Karnali River,0.0
RIV_192,192,Kakrighat River,river,29.344,80.413,Mahakali,650.0,Kakrighat River at Bhageshori(175),hydrology.gov.np,25146.0,5.0,,2026-10-08T17:50:00+05:45,2026-10-08T18:07:13+05:45,0.29,1,2026-10-08T22:37:51+05:45,7.0,Dadeldhura,73001.0,Ajaymeru,6604.0,6,705,Dadeldhura,70503,Ajayameru,6,7050306,1,within,0,0,1.0,0,0,40713727,97.8,0,4598,Kakrighat River,RLS,0.0,1.0,0,Kakrighat River,0.0
RIV_193,193,Kalanga Gad,river,29.47,80.898,Karnali,906.0,"Bagthala, Bajhang",hydrology.gov.np,25306.0,3.3,,2026-10-08T17:50:00+05:45,2026-10-08T18:07:13+05:45,0.29,1,2026-10-08T22:37:51+05:45,7.0,Bajhang,68007.0,Kedarseu,197.0,2,702,Bajhang,70209,Kedarsyun,2,7020902,1,within,0,0,1.0,0,0,40708896,8.1,0,4620,Kalanga Gad,Mannual +Autometic,0.0,1.0,0,Kalanga Gad,0.0
RIV_194,194,Sirsagad River,river,29.169,80.329,Mahakali,598.0,Sirsagad River at Sirsa(177),hydrology.gov.np,25228.0,2.5,,2026-10-08T15:00:00+05:45,2026-10-08T18:07:13+05:45,3.12,1,2026-10-08T22:37:51+05:45,7.0,Dadeldhura,73007.0,Parashuram,6621.0,3,705,Dadeldhura,70505,Parashuram,3,7050503,1,within,0,0,1.0,0,0,40721759,146.9,0,4600,Sirsagad River,,0.0,1.0,0,Sirsagad River,0.0
RIV_195,195,Balkhu Khola at Balambu,river,27.692285,85.25073,Bagmati,1340.0,Balkhu Khola at Chandragiri us,hydrology.gov.np,25851.0,1342.5,1343.3,2026-10-08T17:50:00+05:45,2026-10-08T18:07:13+05:45,0.29,1,2026-10-08T22:37:51+05:45,3.0,Kathmandu,27002.0,Chandragiri,3759.0,12,306,Kathmandu,30610,Chandragiri,12,3061012,1,within,0,0,1.0,0,0,40810099,162.3,0,5081,Balkhu Khola at Balambu,Automatic Hydrological Station,0.0,1.0,0,Balkhu Khola at Balambu,0.0
RIV_196,196,Godawari Khola at Thaiba,river,27.623968,85.353719,Bagmati,1345.0,Godawari Khola at Thaiba,hydrology.gov.np,25902.0,1345.8,1346.0,2026-10-08T17:50:00+05:45,2026-10-08T18:07:13+05:45,0.29,1,2026-10-08T22:37:51+05:45,3.0,Lalitpur,25002.0,Godawari,1971.0,1,308,Lalitpur,30803,Godawari,1,3080301,1,within,0,0,1.0,0,0,40815334,109.1,0,5083,Godawari Khola at Thaiba,Automatic Hydrological Station,0.0,1.0,0,Godawari Khola at Thaiba,0.0
RIV_197,197,Hanumante Khola at Jagati,river,27.668698,85.431669,Bagmati,1307.0,Hanumante Khola at Jagati,hydrology.gov.np,25893.0,1309.3,1309.8,2026-10-08T18:00:00+05:45,2026-10-08T18:07:13+05:45,0.12,1,2026-10-08T22:37:51+05:45,3.0,Bhaktapur,26001.0,Bhaktapur,2408.0,5,307,Bhaktapur,30702,Bhaktapur,5,3070205,1,within,0,0,1.0,0,0,40811199,5.8,0,5084,Hanumante Khola at Jagati,Automatic Hydrological Station,0.0,1.0,0,Hanumante Khola at Jagati,0.0
RIV_198,198,Hanumante Khola at Kausaltar,river,27.672794,85.365522,Bagmati,1289.0,Hanumante Khola at Kausaltar,hydrology.gov.np,25911.0,1292.3,1292.7,2026-10-08T17:50:00+05:45,2026-10-08T18:07:13+05:45,0.29,1,2026-10-08T22:37:51+05:45,3.0,Bhaktapur,26003.0,Madhyapur Thimi,2425.0,3,307,Bhaktapur,30703,Madhyapur Thimi,3,3070303,1,within,0,0,1.0,0,0,40811197,13.6,0,5116,Hanumante Khola at Kausaltar,Automatic Hydrological Station,0.0,1.0,0,Hanumante Khola at Kausaltar,0.0
RIV_199,199,Kamala River at Mai sthan,river,27.166405,85.90232,Kamala,448.0,Kamala River at Maisthan ,hydrology.gov.np,26070.0,451.0,,2026-10-08T17:50:00+05:45,2026-10-08T18:07:13+05:45,0.29,1,2026-10-08T22:37:51+05:45,3.0,Sindhuli,20005.0,Kamalamai,2819.0,8,311,Sindhuli,31105,Kamalamai,11,3110511,1,within,0,0,1.0,0,1,40846337,155.7,0,5119,Kamala River at Mai sthan ,Automatic Hydrological Station,0.0,1.0,0,Kamala River at Mai sthan ,0.0
RIV_200,200,Chandi Khola at Chapur,river,27.113396,85.371086,Bagmati,120.0,Chandi Khola at Chapur ,hydrology.gov.np,26146.0,122.0,123.0,2026-10-08T17:50:00+05:45,2026-10-08T18:07:13+05:45,0.29,1,2026-10-08T22:37:51+05:45,2.0,Rautahat,32003.0,Chandrapur,4034.0,4,206,Rautahat,20601,Chandrapur,4,2060104,1,within,0,0,1.0,0,0,40857082,181.5,0,5127,Chandi Khola at Chapur ,Automatic Hydrological Station,0.0,1.0,0,Chandi Khola at Chapur ,0.0
RIV_201,201,Pasaha Khola at Maheshpur,river,27.025129,85.043521,Basin From Siwalik Zone or Southern Block 2B,89.0,Pasaha Khola at Maheshpur,hydrology.gov.np,26117.0,91.5,92.0,2024-11-18T21:10:00+05:45,2026-10-08T18:07:13+05:45,16532.95,0,2026-10-08T22:37:51+05:45,2.0,Bara,33006.0,Kalaiya,6715.0,27,207,Bara,20708,Kalaiya,27,2070827,1,within,0,0,1.0,0,0,40855020,22.7,0,5125,Pasaha Khola at Maheshpur,Automatic Hydrological Station,0.0,1.0,0,Pasaha Khola at Maheshpur,0.0
RIV_202,202,Dudhaura Khola at Gadimai,river,27.154046,85.000865,Basin From Siwalik Zone or Southern Block 2B,121.0,Dudhaura Khola at Gadimai ,hydrology.gov.np,26126.0,122.8,123.8,2026-10-08T17:50:00+05:45,2026-10-08T18:07:13+05:45,0.29,1,2026-10-08T22:37:51+05:45,2.0,Bara,33005.0,Jitpur Simara,6674.0,14,207,Bara,20703,Jitpur Simara,14,2070314,1,within,0,0,1.0,0,0,40845510,72.8,0,5126,Dudhaura Khola at Gadimai ,Automatic Hydrological Station,0.0,1.0,0,Dudhaura Khola at Gadimai ,0.0
RIV_203,203,Lal Bakiya Khola at Nijghad,river,27.18042,85.170949,Lalbakaiya,148.0,"Lal Bakiya Khola at EW Highway, Nijghad",hydrology.gov.np,26099.0,151.0,152.0,2026-10-08T17:50:00+05:45,2026-10-08T18:07:13+05:45,0.29,1,2026-10-08T22:37:51+05:45,2.0,Bara,33010.0,Nijgadh,6723.0,4,207,Bara,20701,Nijagadh,4,2070104,1,within,0,0,1.0,0,0,40843169,92.0,0,5122,Lal Bakiya Khola at Nijghad,Automatic Hydrological Station,0.0,1.0,0,Lal Bakiya Khola at Nijghad,0.0
RIV_204,204,Lal Bakiya Khola at Katahriya,river,26.98584,85.231314,Basin From Siwalik Zone,88.0,Lal Bakiya Khola at Katahriya Bridge,hydrology.gov.np,26135.0,,,2024-03-26T22:20:00+05:45,2026-10-08T18:07:13+05:45,22219.79,0,2026-10-08T22:37:51+05:45,2.0,Rautahat,32015.0,Phatuwa Bijayapur,4168.0,1,206,Rautahat,20603,Phatuwa Bijayapur,1,2060301,1,within,0,0,1.0,0,0,40855588,26.6,0,5123,Lal Bakiya Khola at Katahriya,Automatic Hydrological Station,0.0,1.0,0,Lal Bakiya Khola at Katahriya,0.0
RIV_205,205,Ratu River at Lalghad,river,26.983797,85.910493,Ratu,216.0,Ratu River at Lalghad,hydrology.gov.np,26081.0,218.0,218.5,2026-10-08T03:10:00+05:45,2026-10-08T18:07:13+05:45,14.95,1,2026-10-08T22:37:51+05:45,2.0,Mahottari,18003.0,Bardibas,6054.0,1,204,Mahottari,20401,Bardibas,1,2040101,1,within,0,0,1.0,0,0,40864739,125.4,0,5120,Ratu River at Lalghad,Automatic Hydrological Station,0.0,1.0,0,Ratu River at Lalghad,0.0
RIV_206,206,Baruwa Bridge at Gaighat,river,26.815065,86.705307,Koshi,187.0,"Baruwa Bridge at Gaighat, Triyuga-06, Udaypur",hydrology.gov.np,27220.0,190.5,191.0,2026-10-08T17:50:00+05:45,2026-10-08T18:07:13+05:45,0.29,1,2026-10-08T22:37:51+05:45,1.0,Udayapur,14007.0,Triyuga,2776.0,10,114,Udaya Pur,11403,Triyuga,10,1140310,1,within,0,0,1.0,0,0,40866277,34.2,0,5486,Baruwa Bridge at Gaighat,Automatic Hydrological Station,0.0,1.0,0,Baruwa Bridge at Gaighat,0.0
RIV_207,207,Biring River at East West Highway,river,26.64039,87.934586,Mechi,112.0,Biring River at East West Highway,hydrology.gov.np,27956.0,113.8,114.3,2026-10-08T17:50:00+05:45,2026-10-08T18:07:13+05:45,0.29,1,2026-10-08T22:37:51+05:45,1.0,Jhapa,4013.0,Kankai,6339.0,8,111,Jhapa,11104,Kankai,8,1110408,1,within,0,0,1.0,0,0,40876354,1371.8,1,5534,Biring River at East West Highway,Automatic Hydrological Station,0.0,1.0,0,Biring River at East West Highway,0.0
RIV_208,208,Budhi Khola at East West Highway,river,26.659565,87.28643,Keshaliya,102.0,Budhikhola Bridge at EW Highway,hydrology.gov.np,27897.0,104.0,105.0,2026-08-03T16:30:00+05:45,2026-10-08T18:07:13+05:45,1585.62,0,2026-10-08T22:37:51+05:45,1.0,Sunsari,6010.0,Itahari,4739.0,6,113,Sunsari,11306,Itahari,6,1130606,1,within,0,0,1.0,0,0,40876793,170.4,0,5529,Budhi Khola at East West Highway,Automatic Hydrological Station,0.0,1.0,0,Budhi Khola at East West Highway,0.0
RIV_209,209,Budhikhola at  Duhabi,river,26.598001,87.287292,Keshaliya,81.0,Budhikhola at  Bridge Sunsari,hydrology.gov.np,27964.0,84.5,85.0,2026-10-08T17:50:00+05:45,2026-10-08T18:07:13+05:45,0.29,1,2026-10-08T22:37:51+05:45,1.0,Sunsari,6006.0,Duhabi,4729.0,3,113,Sunsari,11307,Duhabi,3,1130703,1,within,0,0,1.0,0,0,40882009,175.9,0,5531,Budhikhola at  Duhabi,Automatic Hydrological Station,0.0,1.0,0,Budhikhola at  Duhabi,0.0
RIV_210,210,Keshaliya Khola at East West Highway,river,26.65885,87.317154,Keshaliya,106.0,Khesliya Khola at East West Highway,hydrology.gov.np,27905.0,107.4,108.0,2026-10-07T23:50:00+05:45,2026-10-08T18:07:13+05:45,18.29,1,2026-10-08T22:37:51+05:45,1.0,Morang,5015.0,Sundarharaicha,5832.0,3,112,Morang,11204,Sundarharaicha,7,1120407,1,within,0,0,1.0,0,1,40876794,2.2,0,5530,Keshaliya Khola at East West Highway,Automatic Hydrological Station,0.0,1.0,0,Keshaliya Khola at East West Highway,0.0
RIV_211,211,Lohandra Khola at East West Highway,river,26.661169,87.408989,Keshaliya,123.0,Lohandra Khola at East West Highway,hydrology.gov.np,27913.0,125.3,125.8,2026-10-08T17:50:00+05:45,2026-10-08T18:07:13+05:45,0.29,1,2026-10-08T22:37:51+05:45,1.0,Morang,5001.0,Belbari,5793.0,2,112,Morang,11205,Belbari,2,1120502,1,within,0,0,1.0,0,0,40875861,142.1,0,5532,Lohandra Khola at East West Highway,Automatic Hydrological Station,0.0,1.0,0,Lohandra Khola at East West Highway,0.0
RIV_212,212,Lohandra Khola at Shisbeni,river,26.467707,87.359287,Keshaliya,,HS_manual,hydrology.gov.np,27681.0,4.5,5.2,2026-10-08T18:00:00+05:45,2026-10-08T18:07:13+05:45,0.12,1,2026-10-08T22:37:51+05:45,1.0,Morang,5004.0,Dhanpalthan,5821.0,6,112,Morang,11216,Dhanapalthan,6,1121606,1,within,0,0,1.0,0,0,40886350,115.5,0,4679,Lohandra Khola at Shisbeni,Manual,0.0,1.0,0,Lohandra Khola at Shisbeni,0.0
RIV_213,213,Ninda khola at  East West Highway,river,26.660345,88.107933,Mechi,120.0,Ninda khola at  East West Highway,hydrology.gov.np,27929.0,125.0,122.5,2026-10-08T18:00:00+05:45,2026-10-08T18:07:13+05:45,0.12,1,2026-10-08T22:37:51+05:45,1.0,Jhapa,4014.0,Mechinagar,6370.0,8,111,Jhapa,11101,Mechinagar,8,1110108,1,within,0,0,1.0,0,0,40877306,811.5,1,5535,Ninda khola at  East West Highway,Automatic Hydrological Station,0.0,1.0,0,Ninda khola at  East West Highway,0.0
RIV_214,214,Sardu Khola at Madan Bhandari Highway,river,26.729242,87.19529,Keshaliya,101.0,Sardu Khola at Madan Bhandari Highway,hydrology.gov.np,27871.0,105.0,105.6,2026-10-08T18:00:00+05:45,2026-10-08T18:07:13+05:45,0.12,1,2026-10-08T22:37:51+05:45,1.0,Sunsari,6001.0,Barah,4700.0,4,113,Sunsari,11302,Baraha,4,1130204,1,within,0,0,1.0,0,0,40872007,570.9,1,5526,Sardu Khola at Madan Bhandari Highway,Automatic Hydrological Station,0.0,1.0,0,Sardu Khola at Madan Bhandari Highway,0.0
RIV_215,215,Chishyang Khola  at East West Highway,river,26.658855,87.488945,Keshaliya,143.0,Khanepokhari Khola  at East West Highway,hydrology.gov.np,27921.0,145.7,146.5,2024-11-12T23:10:00+05:45,2026-10-08T18:07:13+05:45,16674.95,0,2026-10-08T22:37:51+05:45,1.0,Morang,5001.0,Belbari,5782.0,8,112,Morang,11205,Belbari,8,1120508,1,within,0,0,1.0,0,0,40877303,63.5,0,5533,Chishyang Khola  at East West Highway,Automatic Hydrological Station,0.0,1.0,0,Chishyang Khola  at East West Highway,0.0
RIV_216,216,Seuti Khola at Bihibare Bazar,river,26.704172,87.211555,Keshaliya,105.0,Seuti Khola at Bihibare Bazar,hydrology.gov.np,27879.0,107.3,108.0,2026-10-08T18:00:00+05:45,2026-10-08T18:07:13+05:45,0.12,1,2026-10-08T22:37:51+05:45,1.0,Sunsari,6012.0,Ramdhuni,4688.0,6,113,Sunsari,11305,Ramdhuni,6,1130506,1,within,0,0,1.0,0,0,40874014,687.0,1,5527,Seuti Khola at Bihibare Bazar,Automatic Hydrological Station,0.0,1.0,0,Seuti Khola at Bihibare Bazar,0.0
RIV_217,217,Sunsari Khola at EW Highway,river,26.604353,87.128845,Keshaliya,77.0,Sunsari Khola at EW Highway,hydrology.gov.np,27887.0,81.0,81.8,2026-10-08T18:00:00+05:45,2026-10-08T18:07:13+05:45,0.12,1,2026-10-08T22:37:51+05:45,1.0,Sunsari,6009.0,Inaruwa,4737.0,4,113,Sunsari,11309,Inaruwa,4,1130904,1,within,0,0,1.0,0,0,40878574,270.9,0,5528,Sunsari Khola at EW Highway,Automatic Hydrological Station,0.0,1.0,0,Sunsari Khola at EW Highway,0.0
RIV_218,218,Tawa bridge U/s Tawakhola,river,26.97419,86.44001,Kamala,276.0,RLS_Tawakhola_Risku,hydrology.gov.np,27548.0,278.5,279.0,2026-09-29T12:20:00+05:45,2026-10-08T18:07:13+05:45,221.79,0,2026-10-08T22:37:51+05:45,1.0,Udayapur,14003.0,Katari,2760.0,7,114,Udaya Pur,11407,Katari,7,1140707,1,within,0,0,1.0,0,0,40857881,62.6,0,5503,Tawa bridge U/s Tawakhola,Automatic Hydrological Station,0.0,1.0,0,Tawa bridge U/s Tawakhola,0.0
RIV_219,219,Balan Khola Bridge,river,26.701193,86.511086,Balan-Khado,103.0,Hydrological_RLS_Lahan,hydrology.gov.np,27530.0,105.0,106.0,2026-08-06T17:10:00+05:45,2026-10-08T18:07:13+05:45,1512.95,0,2026-10-08T22:37:51+05:45,2.0,Saptari,15016.0,Surunga,4419.0,4,201,Saptari,20107,Surunga,4,2010704,1,within,0,0,1.0,0,0,40873579,66.6,0,5501,Balan Khola Bridge,Automatic Hydrological Station,0.0,1.0,0,Balan Khola Bridge,0.0
RIV_220,220,Khado River at Bishariya,river,26.510811,86.782523,Balan-Khado,73.0,Khado River at Bishariya ,hydrology.gov.np,27495.0,75.2,75.8,2024-10-18T21:50:00+05:45,2026-10-08T18:07:13+05:45,17276.29,0,2026-10-08T22:37:51+05:45,2.0,Saptari,15012.0,Rajbiraj,4376.0,15,201,Saptari,20113,Rajbiraj,15,2011315,1,within,0,0,1.0,0,0,40884912,243.6,0,5497,Khado River at Bishariya ,Automatic Hydrological Station,0.0,1.0,0,Khado River at Bishariya ,0.0
RIV_221,221,Khado River at East West Highway,river,26.626486,86.726257,Balan-Khado,111.0,Khado River at East West Highway,hydrology.gov.np,27504.0,113.2,113.8,2026-10-07T23:40:00+05:45,2026-10-08T18:07:13+05:45,18.45,1,2026-10-08T22:37:51+05:45,2.0,Saptari,15013.0,Rupani,4433.0,1,201,Saptari,20104,Rupani,1,2010401,1,within,0,0,1.0,0,0,40877563,82.3,0,5498,Khado River at East West Highway,Automatic Hydrological Station,0.0,1.0,0,Khado River at East West Highway,0.0
RIV_222,222,Ratu River at BP Highway,river,27.07,85.938,Ratu,,Ratu River at BP Highway,hydrology.gov.np,26090.0,269.0,269.5,2026-10-08T17:50:00+05:45,2026-10-08T18:07:13+05:45,0.29,1,2026-10-08T22:37:51+05:45,2.0,Mahottari,18003.0,Bardibas,5928.0,3,204,Mahottari,20401,Bardibas,3,2040103,1,within,0,0,1.0,0,0,40853188,157.0,0,5121,Ratu River at BP Highway,,0.0,1.0,0,Ratu River at BP Highway,0.0
RIV_223,223,Khatyad Khola,river,29.525219,81.797362,Karnali,,Achham,hydrology.gov.np,22801.0,2.2,,2026-08-27T13:30:00+05:45,2026-10-08T18:07:13+05:45,1012.62,0,2026-10-08T22:37:51+05:45,6.0,Mugu,65002.0,Khatyad,1060.0,8,602,Mugu,60204,Khatyad,8,6020408,1,within,0,0,1.0,0,0,40707528,127.9,0,4907,Khatyad Khola,,0.0,1.0,0,Khatyad Khola,0.0
RIV_224,224,Sunkosi River at Kamphughat,river,26.873,86.819,Koshi,,HS_manual,hydrology.gov.np,27700.0,,,2024-09-28T15:20:00+05:45,2026-10-08T18:07:13+05:45,17762.79,0,2026-10-08T22:37:51+05:45,1.0,Udayapur,14007.0,Triyuga,2763.0,14,114,Udaya Pur,11403,Triyuga,14,1140314,1,within,0,0,1.0,0,0,40862488,9.2,0,4678,Sunkosi River at Kamphughat,Manual,0.0,1.0,0,Sunkosi River at Kamphughat,0.0
RIV_225,225,Naugra Gad,river,29.694,80.613,Mahakali,,Naugra Gad,hydrology.gov.np,27443.0,2.75,,2026-10-08T15:30:00+05:45,2026-10-08T18:07:13+05:45,2.62,1,2026-10-08T22:37:51+05:45,7.0,Darchula,75009.0,Shailyashikhar,397.0,2,703,Darchula,70307,Shailyashikhar,2,7030702,1,within,0,0,1.0,0,0,40698046,251.1,0,5494,Naugra Gad,Hydrological station ,0.0,1.0,0,Naugaraha Gad at Hasing Bagar(M),0.0
RIV_226,226,Pathariya River,river,28.501,81.049,Mohana,284.0,Pathariya River at Chacharuwa,hydrology.gov.np,25297.0,4.5,5.0,2026-10-08T17:50:00+05:45,2026-10-08T18:07:13+05:45,0.29,1,2026-10-08T22:37:51+05:45,7.0,Kailali,71013.0,Tikapur,5381.0,6,708,Kailali,70810,Tikapur,6,7081006,1,within,0,0,1.0,0,0,40757329,1080.2,1,4636,Pathariya River,,0.0,1.0,0,Pathariya River,0.0
RIV_227,227,Jhinjhari River,river,28.159,81.775,West Rapti,159.0,Jhinjari River(363) at Dhakeri,hydrology.gov.np,27666.0,3.5,,2026-10-08T18:00:00+05:45,2026-10-08T18:07:13+05:45,0.12,1,2026-10-08T22:37:51+05:45,5.0,Banke,57008.0,Rapti Sonari,2176.0,9,511,Banke,51101,Rapti Sonari,9,5110109,1,within,0,0,1.0,0,0,40781518,635.4,1,4646,Jhinjhari River,RLS,0.0,1.0,0,Jhinjhari River,0.0
RIV_228,228,Triyuga Khola at Gaighat,river,26.78396,86.693926,Koshi,86.0,Triyuga Khola at Gaighat ,hydrology.gov.np,27211.0,149.3,149.8,2026-09-21T16:20:00+05:45,2026-10-08T18:07:13+05:45,409.79,0,2026-10-08T22:37:51+05:45,1.0,Udayapur,14007.0,Triyuga,2781.0,9,114,Udaya Pur,11403,Triyuga,9,1140309,1,within,0,0,1.0,0,0,40867974,213.5,0,5485,Triyuga Khola at Gaighat ,Automatic Hydrological Station,0.0,1.0,0,Triyuga Khola at Gaighat ,0.0
RIV_229,229,Chham Gad,river,28.5555,81.3956,Karnali,,Gitachaur,hydrology.gov.np,22827.0,3.27,,2025-07-08T08:00:00+05:45,2026-10-08T18:07:13+05:45,10978.12,0,2026-10-08T22:37:51+05:45,5.0,Bardiya,58099.0,Bardiya National Park,4869.0,99,512,Bardiya,,,99,,0,within,0,0,,,,40755303,181.6,0,4909,Chham Gad,Hydrological station,0.0,1.0,0,Chham Gad,0.0
RIV_230,230,Kailash River,river,29.162,81.309,Karnali,751.0,Kailash River at Achham,hydrology.gov.np,28008.0,3.3,,2026-10-08T17:50:00+05:45,2026-10-08T18:07:13+05:45,0.29,1,2026-10-08T22:37:51+05:45,7.0,Achham,69005.0,Mangalsen,2570.0,11,707,Achham,70706,Mangalsen,11,7070611,1,within,0,0,1.0,0,0,40723156,138.3,0,4618,Kailash River,Hydrological station,0.0,1.0,0,Kailash River,0.0
RIV_231,231,Kiran Nala River(296),river,28.098,81.565,Karnali,141.0,Kiran River(296) at C-boring,hydrology.gov.np,27480.0,6.0,7.0,2026-09-28T16:20:00+05:45,2026-10-08T18:07:13+05:45,241.79,0,2026-10-08T22:37:51+05:45,5.0,Banke,57004.0,Khajura,2198.0,3,511,Banke,51104,Khajura,3,5110403,1,within,0,0,1.0,0,0,40783360,270.4,0,4639,Kiran Nala River(296),Automatic hydrological station,0.0,1.0,0,Kiran Nala River(296),0.0
RIV_232,232,Salinadi Sankhu Telemetry,river,27.74412,85.47802,Bagmati,,Salinadi Sankhu Telemetry,hydrology.gov.np,26297.0,2.0,3.0,2026-10-08T17:50:00+05:45,2026-10-08T18:07:13+05:45,0.29,1,2026-10-08T22:37:51+05:45,3.0,Kathmandu,27009.0,Shankharapur,3831.0,5,306,Kathmandu,30601,Shankharapur,5,3060105,1,within,0,0,1.0,0,0,40807947,41.8,0,5331,Salinadi Sankhu Telemetry,Telemetry Plus Manual,0.0,1.0,0,Salinadi Sankhu Telemetry,0.0
RIV_233,233,Budhi Khola at Geruwa Intake,river,28.5883,81.24846,Karnali,196.0,RTS-RLS with CDCP installed by Practical Action for EW in 2024,hydrology.gov.np,26840.0,,,2026-10-08T17:50:00+05:45,2026-10-08T18:07:13+05:45,0.29,1,2026-10-08T22:37:51+05:45,5.0,Bardiya,58004.0,Geruwa,4839.0,4,512,Bardiya,51204,Geruwa,4,5120404,1,within,0,0,1.0,0,0,40754280,152.4,0,5482,Budhi Khola at Geruwa Intake,,0.0,1.0,0,Budhi Khola at Geruwa Intake,0.0
RIV_234,234,Babai at Matera-Tulsipur,river,28.03487,82.30392,Babai,575.0,RLS installed by Practical Action for EW in 2024,hydrology.gov.np,26823.0,,,2026-10-08T17:50:00+05:45,2026-10-08T18:07:13+05:45,0.29,1,2026-10-08T22:37:51+05:45,5.0,Dang,56010.0,Tulsipur,3952.0,14,510,Dang,51003,Tulsipur,14,5100314,1,within,0,0,1.0,0,0,40787899,131.5,0,5483,Babai at Matera-Tulsipur,HS with CDCP and RTS RLS,0.0,1.0,0,Babai at Matera-Tulsipur,0.0
RIV_235,235,Doda (Machheli) River at East West Highway,river,28.852886,80.433658,Mahakali,162.0,Doda (Machheli) river at East West Highway,hydrology.gov.np,29089.0,3.4,3.8,2026-10-08T17:50:00+05:45,2026-10-08T18:07:13+05:45,0.29,1,2026-10-08T22:37:51+05:45,7.0,Kanchanpur,72005.0,Krishnapur,6219.0,4,709,Kanchanpur,70901,Krishnapur,4,7090104,1,within,0,0,1.0,0,0,40738151,188.4,0,5554,Doda (Machheli) River at East West Highway,RLS,0.0,1.0,0,Doda (Machheli) River at East West Highway,0.0
RIV_236,236,Driga Khola at Tinpatan Bridge,river,27.1636,86.0116,Kamala,,Driga Khola at Tinpatan Bridge,hydrology.gov.np,27834.0,440.5,441.0,2026-10-08T17:50:00+05:45,2026-10-08T18:07:13+05:45,0.29,1,2026-10-08T22:37:51+05:45,3.0,Sindhuli,20009.0,Tinpatan,2856.0,3,311,Sindhuli,31103,Tinpatan,3,3110303,1,within,0,0,1.0,0,0,40844742,160.0,0,5520,Driga Khola at Tinpatan Bridge,,0.0,1.0,0,Driga Khola at Tinpatan Bridge,0.0
RIV_237,237,Dudhkoshi at Jayaramghat Bridge,river,27.176729,86.473535,Koshi,354.0,RLS-1 installed by the project - Developing Climate Resilient Livelihoods and to be O&M by local govt.,hydrology.gov.np,26631.0,7.0,,2026-10-08T17:50:00+05:45,2026-10-08T18:07:13+05:45,0.29,1,2026-10-08T22:37:51+05:45,1.0,Okhaldhunga,12005.0,Manebhanjyang,1214.0,6,104,Okhaldhunga,10408,Manebhanjyang,6,1040806,1,within,0,0,1.0,0,0,40845520,235.8,0,5475,Dudhkoshi at Jayaramghat Bridge,RLS,0.0,1.0,0,Dudhkoshi at Jayaramghat Bridge,0.0
RIV_238,238,Rawa Khola at Simle Dovan DS,river,27.320958,86.763448,Koshi,,"confluence of Rawa and Taap khola, RLS installed by DCRL project and to be O&M by local govt.",hydrology.gov.np,26612.0,7.0,,2026-10-08T16:40:00+05:45,2026-10-08T18:07:13+05:45,1.45,1,2026-10-08T22:37:51+05:45,1.0,Khotang,13001.0,Ainselukhark,872.0,7,105,Khotang,10502,Aiselukharka,7,1050207,1,within,0,0,1.0,0,0,40834118,60.8,0,5474,Rawa Khola at Simle Dovan DS,,0.0,1.0,0,Rawa Khola at Simle Dovan DS,0.0
RIV_239,239,Dhungad River (258),river,29.382413,80.769669,Karnali,700.0,Dhungad River at Bhasme,hydrology.gov.np,29257.0,,,2026-10-08T17:50:00+05:45,2026-10-08T18:07:13+05:45,0.29,1,2026-10-08T22:37:51+05:45,7.0,Baitadi,74009.0,Sigas,86.0,5,704,Baitadi,70410,Sigas,5,7041005,1,within,0,0,1.0,0,0,40711981,129.4,0,4623,Dhungad River (258),,0.0,1.0,0,Dhungad River (258),0.0
RIV_240,240,Koili Nadi at Bangai,river,27.68,83.12,Banganga,,HS_manual,hydrology.gov.np,27658.0,6.0,5.5,2026-10-05T16:40:00+05:45,2026-10-08T18:07:13+05:45,73.45,0,2026-10-08T22:37:51+05:45,5.0,Kapilbastu,50001.0,Banganga,2087.0,7,509,Kapilbastu,50901,Banganga,7,5090107,1,within,0,0,1.0,0,0,40811172,184.5,0,4688,Koili Nadi at Bangai,,0.0,1.0,0,Koili Nadi at Bangai,0.0
RIV_241,241,Jamadi Gad,river,29.64,80.5121,Mahakali,580.0,Jamadi Gad,hydrology.gov.np,27424.0,3.5,,2026-10-08T18:00:00+05:45,2026-10-08T18:07:13+05:45,0.12,1,2026-10-08T22:37:51+05:45,7.0,Baitadi,74003.0,Dogadakedar,118.0,6,704,Baitadi,70402,Dogada Kedar,6,7040206,1,within,0,0,1.0,0,0,40700452,46.3,0,5493,Jamadi Gad,,0.0,1.0,0,Jamadi Gad,0.0
RIV_242,242,Taru Gad,river,29.49002,81.05162,Karnali,1027.0,Taru Gad,hydrology.gov.np,27348.0,2.75,,2026-07-24T12:20:00+05:45,2026-10-08T18:07:13+05:45,1829.79,0,2026-10-08T22:37:51+05:45,7.0,Bajhang,68003.0,Chabispathivera,191.0,1,702,Bajhang,70207,Chhabis Pathibhara,1,7020701,1,within,0,0,1.0,0,0,40706963,307.2,0,5488,Taru Gad,,0.0,1.0,0,Taru Gad,0.0
RIV_243,243,Chahaka Khola at Sagarmatha HW,river,26.783459,86.574356,Balan-Khado,150.0,"Triyuga-06, Udaypur",hydrology.gov.np,27521.0,152.2,152.8,2026-08-06T16:00:00+05:45,2026-10-08T18:07:13+05:45,1514.12,0,2026-10-08T22:37:51+05:45,2.0,Saptari,15016.0,Surunga,4448.0,1,201,Saptari,20107,Surunga,1,2010701,1,within,0,0,1.0,0,0,40869966,56.9,0,5500,Chahaka Khola at Sagarmatha HW,Automatic Hydrological Station,0.0,1.0,0,Chahaka Khola at Sagarmatha HW,0.0
RIV_244,244,"Chadaha Khola at Sisau Bazar, Tinpatan",river,27.12,86.0802,Kamala,,"Chanda Khola at Sisau Bazar, Tinpatan",hydrology.gov.np,27842.0,398.0,398.5,2026-09-19T22:30:00+05:45,2026-10-08T18:07:13+05:45,451.62,0,2026-10-08T22:37:51+05:45,3.0,Sindhuli,20009.0,Tinpatan,2812.0,1,311,Sindhuli,31103,Tinpatan,1,3110301,1,within,0,0,1.0,0,0,40847222,293.0,0,5521,"Chadaha Khola at Sisau Bazar, Tinpatan",,0.0,1.0,0,"Chadaha Khola at Sisau Bazar, Tinpatan",0.0
RIV_245,245,Gagan/ Churia Bridge EW HW,river,26.784702,86.352242,Kamala,134.0,Chure_River_at_Ayoddhanagar,hydrology.gov.np,27539.0,135.5,136.5,2024-12-19T10:20:00+05:45,2026-10-08T18:07:13+05:45,15799.79,0,2026-10-08T22:37:51+05:45,2.0,Siraha,16006.0,Dhangadhimai,4598.0,7,202,Siraha,20202,Dhangadhimai,7,2020207,1,within,0,0,1.0,0,0,40868496,15.8,0,5502,Gagan/ Churia Bridge EW HW,Automatic Hydrological Station,0.0,1.0,0,Gagan/ Churia Bridge EW HW,0.0
RIV_246,246,Lal Bakiya Khola at Jureli Bazar,river,27.336303,85.194048,Lalbakaiya,82.0,"Lal Bakiya Khola at Jureli Bazar, Makwanpur",hydrology.gov.np,26108.0,273.2,273.6,2026-10-08T18:00:00+05:45,2026-10-08T18:07:13+05:45,0.12,1,2026-10-08T22:37:51+05:45,3.0,Makwanpur,31002.0,Bakaiya,2386.0,5,312,Makwanpur,31209,Bakaiya,5,3120905,1,within,0,0,1.0,0,0,40834106,29.5,0,5124,Lal Bakiya Khola at Jureli Bazar ,Automatic Hydrological Station,0.0,1.0,0,Lal Bakiya Khola at Jureli Bazar ,0.0
RIV_247,247,Rara Daha at Nizar-outlet,river,29.538,82.064,Karnali,3000.0,MHS,hydrology.gov.np,27944.0,,,2026-10-08T17:40:00+05:45,2026-10-08T18:07:13+05:45,0.45,1,2026-10-08T22:37:51+05:45,6.0,Mugu,65001.0,Chhayanath Rara,1098.0,9,602,Mugu,60202,Chhayanath Rara,9,6020209,1,within,0,0,1.0,0,0,40706385,2291.6,1,4795,Rara Daha at Nizar-outlet,Hydrological Automatic Station,0.0,1.0,0,Rara Daha at Nizar-outlet,0.0
RIV_248,248,Chadaha Khola at  Belghari,river,27.138,86.024,Kamala,,Chadaha Khola at  Belghari ( Confluence of Driga and Chadaha),hydrology.gov.np,27850.0,398.5,399.5,2026-10-08T17:50:00+05:45,2026-10-08T18:07:13+05:45,0.29,1,2026-10-08T22:37:51+05:45,3.0,Sindhuli,20009.0,Tinpatan,2812.0,1,311,Sindhuli,31103,Tinpatan,1,3110301,1,within,0,0,1.0,0,0,40846060,107.4,0,5522,Chadaha Khola at  Belghari ,,0.0,1.0,0,Chadaha Khola at  Belghari ,0.0
RIV_249,249,Bauligad River,river,29.557,81.1964,Mahakali,1311.0,Bauligad River at Chainpur(251.5),hydrology.gov.np,29711.0,2.6,,2026-10-08T17:50:00+05:45,2026-10-08T18:07:13+05:45,0.29,1,2026-10-08T22:37:51+05:45,7.0,Bajhang,68005.0,JayaPrithivi,153.0,9,702,Bajhang,70206,Jayaprithbi,9,7020609,1,within,0,0,1.0,0,0,40704172,56.1,0,4613,Bauligad River,,0.0,1.0,0,Bauligad River,0.0
RIV_250,250,Karai River,river,28.5739207,81.6671437,Karnali,550.0,Karai River at Gumantar,hydrology.gov.np,30622.0,4.0,,2026-10-08T17:50:00+05:45,2026-10-08T18:07:13+05:45,0.29,1,2026-10-08T22:37:51+05:45,6.0,Surkhet,59003.0,Birendranagar,2710.0,13,610,Surkhet,61006,Birendranagar,13,6100613,1,within,0,0,1.0,0,0,40754526,193.1,0,4630,Karai River,,0.0,1.0,0,Karai River,0.0
RIV_251,251,Kothi river at Lavani,river,27.499586,83.2289809,Tinau,,HS_manual,hydrology.gov.np,31173.0,6.0,,2026-10-08T18:00:00+05:45,2026-10-08T18:07:13+05:45,0.12,1,2026-10-08T22:37:51+05:45,5.0,Kapilbastu,50009.0,Suddhodhan,2079.0,3,508,Rupandehi,50813,Lumbini Sanskritik,11,5081311,1,within,0,1,0.25,1,1,40824515,187.7,0,4689,Kothi river at Lavani,RLS,0.0,1.0,0,Kothi river at Lavani,0.0
RIV_252,252,Rangsing Khola at Tinkunne,river,27.8021273,82.7863605,West Rapti,250.0,Rangsing River(350.5) at Tinkunne,hydrology.gov.np,31154.0,3.7,4.5,2026-10-08T18:00:00+05:45,2026-10-08T18:07:13+05:45,0.12,1,2026-10-08T22:37:51+05:45,5.0,Arghakhanchi,51006.0,Sitganga,32.0,8,505,Arghakhanchi,50506,Shitaganga,8,5050608,1,within,0,0,1.0,0,0,40802375,66.4,0,4644,Rangsing Khola at Tinkunne,,0.0,1.0,0,Rangsing Khola at Tinkunne,0.0
RIV_253,253,Chandre Gad,river,29.5134824,80.5782862,,,Chandre Gad,hydrology.gov.np,27405.0,3.2,,2026-06-19T00:00:00+05:45,2026-10-08T18:07:13+05:45,2682.12,0,2026-10-08T22:37:51+05:45,7.0,Baitadi,74010.0,Surnaya,64.0,5,704,Baitadi,70404,Surnaya,5,7040405,1,within,0,0,1.0,0,0,40705982,136.5,0,5492,Chandre Gad,,0.0,1.0,0,Chandre Gad,0.0
RIV_254,254,Langur Khola,river,29.5,81.129,Karnali,1158.0,Langur Khola,hydrology.gov.np,27386.0,,,2026-10-08T18:00:00+05:45,2026-10-08T18:07:13+05:45,0.12,1,2026-10-08T22:37:51+05:45,7.0,Bajhang,68012.0,Thalara,189.0,9,702,Bajhang,70211,Thalara,9,7021109,1,within,0,0,1.0,0,0,40707706,219.0,0,5489,Langur Khola,,0.0,1.0,0,Langur Khola,0.0
RIV_255,255,Nalgad at Raulakhet,river,28.961434,82.246942,Bheri,1638.0,Hydrological Station at Nayakawada,hydrology.gov.np,29997.0,2.0,2.6,2026-10-08T17:20:00+05:45,2026-10-08T18:07:13+05:45,0.79,1,2026-10-08T22:37:51+05:45,6.0,Jajarkot,61001.0,Barekot,708.0,3,607,Jajarkot,60701,Barekot,3,6070103,1,within,0,0,1.0,0,0,40732627,95.2,0,5574,Nalgad at Raulakhet ,,0.0,1.0,0,Nalgad at Raulakhet ,0.0
RIV_256,256,Thuli Bheri at Tripurakot,river,29.0172,82.7921,Bheri,2000.0,Hydrological Station at Tripurakot,hydrology.gov.np,30016.0,3.56,3.76,2026-10-08T18:00:00+05:45,2026-10-08T18:07:13+05:45,0.12,1,2026-10-08T22:37:51+05:45,6.0,Dolpa,62008.0,Tripurasundari,5457.0,1,601,Dolpa,60105,Tripurasundari,1,6010501,1,within,0,0,1.0,0,0,40729945,70.8,0,5575,Thuli Bheri at Tripurakot,,0.0,1.0,0,Thuli Bheri at Tripurakot,0.0
RIV_257,257,Thuli Bheri at Trivenighat,river,28.99073,82.577203,Bheri,,Hydrological Station Trivenighat,hydrology.gov.np,29841.0,3.63,3.83,2026-08-14T06:10:00+05:45,2026-10-08T18:07:13+05:45,1331.95,0,2026-10-08T22:37:51+05:45,6.0,Jajarkot,61007.0,Nalgaad,655.0,13,607,Jajarkot,60707,Tribeni Nalagad,13,6070713,1,within,0,0,0.923,0,0,40730528,230.2,0,5572,Thuli Bheri at Trivenighat,,0.0,1.0,0,Thuli Bheri at Trivenighat,0.0
RIV_258,258,Rolwaling River at Beding,river,27.893089,86.384075,Koshi,3799.0,Hydrological Station at Tsho Rolpa,hydrology.gov.np,30890.0,3.5,,2026-08-31T15:20:00+05:45,2026-10-08T18:07:13+05:45,914.79,0,2026-10-08T22:37:51+05:45,3.0,Dolakha,22004.0,Gaurishankar,549.0,9,301,Dolakha,30101,Gaurishankar,9,3010109,1,within,0,0,1.0,0,0,40796992,147.4,0,5601,Rolwaling River at Beding,,0.0,1.0,0,Rolwaling River at Beding,0.0
RIV_259,259,Langtang River at Ghodatalbela,river,28.199275,85.45808,,3022.0,HS at Kyangjin,hydrology.gov.np,30281.0,3.0,,2026-08-04T19:20:00+05:45,2026-10-08T18:07:13+05:45,1558.79,0,2026-10-08T22:37:51+05:45,3.0,Rasuwa,29001.0,Gosaikunda,1428.0,4,303,Rasuwa,30301,Gosaikunda,4,3030104,1,within,0,0,1.0,0,0,40776914,34.7,0,5581,Langtang River at Ghodatalbela,,0.0,1.0,0,Langtang River at Ghodatalbela,0.0
RIV_260,260,Sailigad River(259.1),river,29.359068,80.839582,,770.0,Sailigad River at Gautada,hydrology.gov.np,28887.0,2.5,,2026-10-08T18:00:00+05:45,2026-10-08T18:07:13+05:45,0.12,1,2026-10-08T22:37:51+05:45,7.0,Doti,70001.0,Aadarsha,604.0,3,706,Doti,70603,Aadarsha,3,7060303,1,within,0,0,1.0,0,0,40713146,0.1,0,4624,Sailigad River(259.1),,0.0,1.0,0,Sailigad River(259.1),0.0
RIV_261,261,Trishuli at Furke Khola(Malekhu),river,27.802439,84.844102,Narayani,,CDCP_TEST_2025,hydrology.gov.np,31967.0,7.0,8.0,2026-08-26T11:40:00+05:45,2026-10-08T18:07:13+05:45,1038.45,0,2026-10-08T22:37:51+05:45,3.0,Dhading,30011.0,Siddhalek,3138.0,6,304,Dhading,30410,Gajuri,2,3041002,1,within,0,0,0.3,1,1,40802396,0.3,0,5611,Trishuli at Furke Khola(Malekhu),,0.0,1.0,0,Trishuli at Furke Khola(Malekhu),0.0
RIV_262,262,Humla Karnali at Simikot,river,29.943636,81.848762,Karnali,2084.0,HS at Humla,hydrology.gov.np,31927.0,4.5,,2026-10-08T17:50:00+05:45,2026-10-08T18:07:13+05:45,0.29,1,2026-10-08T22:37:51+05:45,6.0,Humla,66006.0,Simkot,5125.0,3,603,Humla,60303,Simkot,3,6030303,1,within,0,0,1.0,0,0,40686951,12.7,0,5607,Humla Karnali at Simikot,Snow Station,0.0,1.0,0,Humla Karnali at Simikot,0.0
RIV_263,263,Marsyangdi River at Dharapani,river,28.516186,84.358769,Narayani,1844.0,HS at Manang,hydrology.gov.np,30742.0,4.5,,2026-10-08T17:50:00+05:45,2026-10-08T18:07:13+05:45,0.29,1,2026-10-08T22:37:51+05:45,4.0,Manang,41003.0,Nashong,1033.0,3,402,Manang,40204,Nashong,3,4020403,1,within,0,0,1.0,0,0,40756829,246.7,0,5599,Marsyangdi River at Dharapani,,0.0,1.0,0,Marsyangdi River at Dharapani,0.0
RIV_264,264,Pathariya River at Janakinagar,river,28.582077,81.064201,Mohana Basin,177.0,Hydrological Station at Pathariya River @Janakinagar,hydrology.gov.np,32105.0,4.5,5.3,2026-10-08T18:00:00+05:45,2026-10-08T18:07:13+05:45,0.12,1,2026-10-08T22:37:51+05:45,7.0,Kailali,71009.0,Joshipur,5289.0,5,708,Kailali,70809,Joshipur,5,7080905,1,within,0,0,1.0,0,0,40753538,37.5,0,5615,Pathariya River at Janakinagar,,0.0,1.0,0,Pathariya River at Janakinagar,0.0
RIV_265,265,Jogbudha at Mayapuri,river,28.927377,80.070136,Mahakali,1.0,Hydrological Station,hydrology.gov.np,32154.0,3.5,4.2,2026-10-08T17:50:00+05:45,2026-10-08T18:07:13+05:45,0.29,1,2026-10-08T22:37:51+05:45,7.0,Kanchanpur,72007.0,Dodhara Chandani,6198.0,3,709,Kanchanpur,70905,Mahakali,3,7090503,1,within,0,0,1.0,0,0,40735222,183.0,0,5620,Jogbudha at Mayapuri,,0.0,1.0,0,Jogbudha at Mayapuri,0.0
RIV_266,266,Kandha River at Mudhabazar,river,28.66261,81.02406,Mohana,143.0,Flood Forecasting Station for Early Warning (Reinstalled by Keshav on 19 July 2026)),hydrology.gov.np,34330.0,,,2026-10-08T18:00:00+05:45,2026-10-08T18:07:13+05:45,0.12,1,2026-10-08T22:37:51+05:45,7.0,Kailali,71001.0,Bardagoriya,5319.0,1,708,Kailali,70806,Bardagoriya,1,7080601,1,within,0,0,1.0,0,0,40752610,112.2,0,5675,Kandha River at Mudhabazar,,0.0,1.0,0,Kandha River at Mudhabazar,0.0
RIV_267,267,Likhu Khola at Pattawari,river,27.895767,85.232256,Narayani,555.0,HS_manual,hydrology.gov.np,34776.0,4.0,,2026-10-08T16:00:00+05:45,2026-10-08T18:07:13+05:45,2.12,1,2026-10-08T22:37:51+05:45,3.0,Nuwakot,28006.0,Likhu,3689.0,3,305,Nuwakot,30509,Likhu,3,3050903,1,within,0,0,1.0,0,0,40797843,84.2,0,4660,Likhu Khola at Pattawari,Manual,0.0,1.0,0,Likhu Khola at Pattawari,0.0
RIV_268,268,Garuda HS,river,26.945607,85.309674,,,Institute of Himalayan Risk Reduction_HS_1,hydrology.gov.np,34257.0,,,2026-10-08T17:50:00+05:45,2026-10-08T18:07:13+05:45,0.29,1,2026-10-08T22:37:51+05:45,2.0,Rautahat,32007.0,Garuda,4053.0,5,206,Rautahat,20608,Garuda,5,2060805,1,within,0,0,1.0,0,0,40862993,753.7,1,61,Garuda,,978.3,1.0,0,Garuda HS,0.0
RIV_269,269,Radha river at EW High Way,river,28.933925,80.294645,,226.0,Institute of Himalayan Risk Reduction_HS_2,hydrology.gov.np,34276.0,,,2026-10-04T19:10:00+05:45,2026-10-08T18:07:13+05:45,94.95,0,2026-10-08T22:37:51+05:45,7.0,Kanchanpur,72001.0,Bedkot,6255.0,1,709,Kanchanpur,70903,Bedkot,1,7090301,1,within,0,0,1.0,0,0,40734168,187.9,0,5674,Radha river at EW High Way,,0.0,1.0,0,Radha river at EW High Way,0.0
RIV_270,270,Roshi Khola at Kavre,river,27.523273,85.689244,Koshi,852.0,Roshi Khola at Kavre (Roshi Bridge),hydrology.gov.np,35828.0,3.0,4.0,2026-10-08T18:00:00+05:45,2026-10-08T18:07:13+05:45,0.12,1,2026-10-08T22:37:51+05:45,,,,,,,309,Kavrepalanchok,30911,Roshi,7,3091107,1,within,1,,,,,40822359,39.5,0,,,,,,,Sunkoshi at Pachuwarghat,6770.6
RIV_271,271,Bagmati at Samanpur,river,26.977,85.393,Bagmati,,Flood Forecasting Station,hydrology.gov.np,35812.0,89.0,,2026-10-08T17:50:00+05:45,2026-10-08T18:07:13+05:45,0.29,1,2026-10-08T22:37:51+05:45,2.0,Rautahat,32006.0,Gadhimai,4111.0,1,206,Rautahat,20606,Gadhimai,1,2060601,1,within,0,0,1.0,0,0,40860189,74.5,0,5687,Bagmati at Samanpur,,0.0,1.0,0,Bagmati at Samanpur,0.0
RIV_272,272,Jhimruk Khola at Pyuthan,river,28.084454,82.828611,West Rapti,755.0, Jhimruk Khola at Pyuthan,hydrology.gov.np,34440.0,4.5,,2026-10-08T17:50:00+05:45,2026-10-08T18:07:13+05:45,0.29,1,2026-10-08T22:37:51+05:45,5.0,Pyuthan,52007.0,Pyuthan,1359.0,1,503,Pyuthan,50304,Pyuthan,1,5030401,1,within,0,0,1.0,0,0,40785987,106.9,0,5677, Jhimruk Khola at Pyuthan,RLS,0.0,1.0,0, Jhimruk Khola at Pyuthan,0.0
RIV_273,273,HS at Babai East-West Highway (Bardiya National Park),river,28.425662,81.3946336,Babai Basin,222.0,HS at Babai (Bardiya National Park),hydrology.gov.np,33480.0,,,2026-10-08T17:50:00+05:45,2026-10-08T18:07:13+05:45,0.29,1,2026-10-08T22:37:51+05:45,5.0,Bardiya,58099.0,Bardiya National Park,4869.0,99,512,Bardiya,,,99,,0,within,0,0,,,,40764497,180.3,0,5640,HS at Babai East-West Highway (Bardiya National Park),,0.0,1.0,0,HS at Babai East-West Highway (Bardiya National Park),0.0
RIV_274,274,Manusmara(Soti) River at Barathahawa,river,26.989,85.467,Bagmati,-1.0,Flood Forecasting Station,hydrology.gov.np,35716.0,94.0,,2026-10-08T18:00:00+05:45,2026-10-08T18:07:13+05:45,0.12,1,2026-10-08T22:37:51+05:45,2.0,Sarlahi,19003.0,Barahathawa,5489.0,7,205,Sarlahi,20504,Barahathawa,7,2050407,1,within,0,0,1.0,0,0,40857625,185.3,0,5688,Manusmara(Soti) River at Barathahawa,,0.0,1.0,0,Manusmara(Soti) River at Barathahawa,0.0
RIV_275,275,Banganga at Bhagwanpur,river,27.5763519,83.0472644,Banganga,,RLS Station with CDCP,hydrology.gov.np,35899.0,5.0,6.0,2026-10-08T17:50:00+05:45,2026-10-08T18:07:13+05:45,0.29,1,2026-10-08T22:37:51+05:45,5.0,Kapilbastu,50004.0,Kapilvastu,2068.0,3,509,Kapilbastu,50907,Kapilbastu,3,5090703,1,within,0,0,0.9,0,0,40817484,81.2,0,5693,Banganga at Bhagwanpur,,0.0,1.0,0,Banganga at Bhagwanpur,0.0
RIV_276,276,Banganga at Pawara,river,27.7628497,83.201588,Banganga,,RLS Station,hydrology.gov.np,35890.0,3.0,,2026-10-08T17:50:00+05:45,2026-10-08T18:07:13+05:45,0.29,1,2026-10-08T22:37:51+05:45,5.0,Arghakhanchi,51006.0,Sitganga,53.0,14,505,Arghakhanchi,50506,Shitaganga,14,5050614,1,within,0,0,1.0,0,0,40805180,48.9,0,5692,Banganga at Pawara,,0.0,1.0,0,Banganga at Pawara,0.0
RIV_277,277,Bel Nadi at Buddhabhumi,river,27.6082829,82.9593431,Banganga,,RLS Station with CDCP,hydrology.gov.np,35917.0,4.8,5.8,2026-10-08T17:50:00+05:45,2026-10-08T18:07:13+05:45,0.29,1,2026-10-08T22:37:51+05:45,5.0,Kapilbastu,50003.0,Buddhabhumi,2086.0,7,509,Kapilbastu,50902,Buddhabhumi,7,5090207,1,within,0,0,1.0,0,0,40815580,305.8,0,5695,Bel Nadi at Buddhabhumi,,0.0,1.0,0,Bel Nadi at Buddhabhumi,0.0
RIV_278,278,Gudung at EW Highway,river,27.658067,82.9957647,Banganga,,RLS Station with CDCP,hydrology.gov.np,35926.0,5.0,,2026-10-08T17:50:00+05:45,2026-10-08T18:07:13+05:45,0.29,1,2026-10-08T22:37:51+05:45,5.0,Kapilbastu,50003.0,Buddhabhumi,2033.0,9,509,Kapilbastu,50902,Buddhabhumi,9,5090209,1,within,0,0,1.0,0,0,40814224,212.7,0,5696,Gudung at EW Highway,,0.0,1.0,0,Gudung at EW Highway,0.0
RIV_279,279,Banganga at Bargadhaghat,river,27.5458019,82.9882974,Banganga,115.0,RLS Station,hydrology.gov.np,35908.0,5.5,,2026-10-06T00:50:00+05:45,2026-10-08T18:07:13+05:45,65.29,0,2026-10-08T22:37:51+05:45,5.0,Kapilbastu,50006.0,Maharajgunj,2083.0,2,509,Kapilbastu,50906,Maharajganj,2,5090602,1,within,0,0,1.0,0,0,40820793,127.2,0,5694,Banganga at Bargadhaghat,,0.0,1.0,0,Banganga at Bargadhaghat,0.0
RIV_280,280,Ghap HS,river,28.53,84.828,,2089.0,Ghap HS,hydrology.gov.np,30383.0,,,2026-10-08T17:55:00+05:45,2026-10-08T18:07:13+05:45,0.2,1,2026-10-08T22:37:51+05:45,4.0,Gorkha,36004.0,Chum Nubri,3405.0,4,401,Gorkha,40101,Chumanubri,4,4010104,1,within,0,0,1.0,0,0,40755854,138.6,0,5593,Ghap HS,,0.0,1.0,0,Ghap HS,0.0
RIV_281,281,Trishuli at Galchi,river,27.802328,85.00305,Narayani,378.0,RLS from RTS,hydrology.gov.np,36628.0,367.0,,2026-10-08T18:00:00+05:45,2026-10-08T18:07:13+05:45,0.12,1,2026-10-08T22:37:51+05:45,3.0,Dhading,30004.0,Galchi,3089.0,8,304,Dhading,30411,Galchhi,8,3041108,1,within,0,0,1.0,0,0,40802399,53.2,0,5705,Trishuli at Galchi,,0.0,1.0,0,Trishuli at Galchi,0.0
RIV_282,282,Banara River at EW Highway,river,28.8886706,80.3954179,Mahakali,221.0,RLS installed by Punarbas Municipality,hydrology.gov.np,36640.0,2.8,3.2,2026-10-08T17:50:00+05:45,2026-10-08T18:07:13+05:45,0.29,1,2026-10-08T22:37:51+05:45,7.0,Kanchanpur,72009.0,Shuklaphanta,6214.0,11,709,Kanchanpur,70902,Shuklaphanta,11,7090211,1,within,0,0,1.0,0,0,40736799,116.7,0,5708,Banara River at EW Highway,,0.0,1.0,0,Banara River at EW Highway,0.0
RIV_283,283,Doda River at Nandgaun,river,28.7599,80.39376,Mahakali,201.0,RLS installed by Laljhadhi Rural Municipality,hydrology.gov.np,36649.0,4.2,4.7,2026-10-08T17:50:00+05:45,2026-10-08T18:07:13+05:45,0.29,1,2026-10-08T22:37:51+05:45,7.0,Kanchanpur,72006.0,Laljhadi,6238.0,3,709,Kanchanpur,70906,Laljhadi,3,7090603,1,within,0,0,1.0,0,0,40743562,1.0,0,5706,Doda River at Nandgaun,,0.0,1.0,0,Doda River at Nandgaun,0.0
RIV_284,284,Likma River at EW Highway,river,28.7288083,80.8212694,Karnali,193.0,"Gauriganga-5,Kailali",hydrology.gov.np,36658.0,,,2026-10-08T17:50:00+05:45,2026-10-08T18:07:13+05:45,0.29,1,2026-10-08T22:37:51+05:45,7.0,Kailali,71005.0,Gauriganga,5341.0,8,708,Kailali,70804,Gauriganga,8,7080408,1,within,0,0,1.0,0,0,40746540,161.6,0,5709,Likma River at EW Highway,,0.0,1.0,0,Likma River at EW Highway,0.0
RAI_001,1,"Achham, Kamalbazar",rain,29.052831,81.34188,Karnali,,Climate station with tipping bucket and temp/humidity sensor,hydrology.gov.np,4227.0,,,2021-05-29T05:42:45.705880+05:45,2026-10-08T18:07:14+05:45,47004.41,0,2026-10-08T22:37:51+05:45,7.0,Achham,69004.0,Kamalbazar,2543.0,2,707,Achham,70708,Kamal Bazar,2,7070802,1,within,0,0,1.0,0,0,,,,154,"Achham, Kamalbazar",,0.0,1.0,0,"Achham, Kamalbazar",0.0
RAI_002,2,Bagasoti,rain,27.876389,82.803056,West Rapti,,"Rainfall station, station managed by Flood",hydrology.gov.np,871.0,,,2021-09-18T11:00:45.931958+05:45,2026-10-08T18:07:14+05:45,44311.11,0,2026-10-08T22:37:51+05:45,5.0,Dang,56008.0,Rapti,4013.0,1,510,Dang,51008,Rapti,1,5100801,1,within,0,0,1.0,0,0,,,,45,Bagasoti,Precipitation,0.0,1.0,0,Bagasoti,0.0
RAI_003,3,Barphalyang,rain,26.76777778,87.98611111,Biring,420.0,Rainfall station,hydrology.gov.np,2017.0,,,2021-09-16T14:45:46.379656+05:45,2026-10-08T18:07:14+05:45,44355.36,0,2026-10-08T22:37:51+05:45,1.0,Ilam,3008.0,Rong,3337.0,2,110,Ilam,11010,Rong,2,1101002,1,within,0,0,1.0,0,0,,,,141,Barphalyang,Precipitation,0.0,1.0,0,Barphalyang,0.0
RAI_004,4,BudhanilKantha,rain,27.764588,85.352159,Bagmati,,Climate station at Budhanilkantha,hydrology.gov.np,1017.0,,,2021-09-16T13:15:48.646016+05:45,2026-10-08T18:07:14+05:45,44356.86,0,2026-10-08T22:37:51+05:45,3.0,Kathmandu,27001.0,Budhanilkantha,3810.0,6,306,Kathmandu,30604,Budhanilkhantha,6,3060406,1,within,0,0,1.0,0,0,,,,58,BudhanilKantha,,0.0,1.0,0,BudhanilKantha,0.0
RAI_005,5,Bijuwar Tar,rain,28.10354722,82.85201667,West Rapti,835.0,Climate station with Tipping Bucket and Temp/Humidity Sensor,hydrology.gov.np,909.0,,,2022-01-11T05:45:44.612736+05:45,2026-10-08T18:07:14+05:45,41556.36,0,2026-10-08T22:37:51+05:45,5.0,Pyuthan,52007.0,Pyuthan,1355.0,4,503,Pyuthan,50304,Pyuthan,4,5030404,1,within,0,0,1.0,0,0,,,,47,Bijuwar Tar,Climate,0.0,1.0,0,Bijuwar Tar,0.0
RAI_006,6,Chisapani(Karnali),rain,28.64721944,81.28542778,Seti,201.0,Automatic Rainfall Station at Karnali at Chisapani ,hydrology.gov.np,684.0,,,2021-09-19T06:15:47.286212+05:45,2026-10-08T18:07:14+05:45,44291.86,0,2026-10-08T22:37:51+05:45,7.0,Kailali,71011.0,Lamkichuha,5378.0,3,708,Kailali,70807,Lamki Chuha,3,7080703,1,within,0,0,1.0,0,0,,,,34,Chisapani(Karnali),Climate,0.0,1.0,0,delete_Chisapani(Karnali),0.0
RAI_007,7,Dailekh,rain,28.83811111,81.70848333,Karnali,1394.0,Climate Station,hydrology.gov.np,1350.0,,,2021-07-31T05:45:47.233422+05:45,2026-10-08T18:07:14+05:45,45492.36,0,2026-10-08T22:37:51+05:45,6.0,Dailekh,60009.0,Narayan,1913.0,1,606,Dailekh,60608,Narayan,1,6060801,1,within,0,0,1.0,0,0,,,,88,Dailekh,Climate,0.0,1.0,0,Dailekh,0.0
RAI_008,8,GAIRA,rain,29.16385278,80.600738,Mahakali-Rangoon,1856.0,Climate station supported by Mercy Corps,hydrology.gov.np,2102.0,,,2021-07-28T05:45:45.103399+05:45,2026-10-08T18:07:14+05:45,45564.36,0,2026-10-08T22:37:51+05:45,7.0,Doti,70005.0,Jorayal,622.0,1,706,Doti,70609,Jorayal,1,7060901,1,within,0,0,1.0,0,0,,,,153,GAIRA,Precipitation,0.0,1.0,0,delete_GAIRA,0.0
RAI_009,9,Ghorahi,rain,28.037222,82.484167,Babai,,Automatic weather station,hydrology.gov.np,1586.0,,,2021-09-17T06:15:49.396772+05:45,2026-10-08T18:07:14+05:45,44339.86,0,2026-10-08T22:37:51+05:45,5.0,Dang,56005.0,Ghorahi,3986.0,15,510,Dang,51002,Ghorahi,15,5100215,1,within,0,0,1.0,0,0,,,,118,Ghorahi,,0.0,1.0,0,Ghorahi,0.0
RAI_010,10,Gularia,rain,28.203333,81.350556,,,"Climate Station; need to merge with Gulariya under OHM, Bhairahawa as same location station",hydrology.gov.np,1366.0,,,2022-01-02T05:45:46.891233+05:45,2026-10-08T18:07:14+05:45,41772.36,0,2026-10-08T22:37:51+05:45,5.0,Bardiya,58005.0,Gulariya,4813.0,6,512,Bardiya,51207,Gulariya,6,5120706,1,within,0,0,1.0,0,0,,,,606,Gulariya,Climate,1175.7,1.0,1,Gularia,0.0
RAI_011,11,Lele,rain,27.577778,85.353056,Bagmati,,Rainfall Station,hydrology.gov.np,1072.0,,,2021-09-17T10:15:47.222161+05:45,2026-10-08T18:07:14+05:45,44335.86,0,2026-10-08T22:37:51+05:45,3.0,Lalitpur,25002.0,Godawari,2005.0,5,308,Lalitpur,30803,Godawari,5,3080305,1,within,0,0,1.0,0,0,,,,410,Lele,Precipitation,0.0,1.0,0,Lele,0.0
RAI_012,12,Jiri,rain,27.63044722,86.23211389,Koshi,1950.0,Precipitation Station,hydrology.gov.np,1494.0,,,2021-06-25T21:15:41.523453+05:45,2026-10-08T18:07:14+05:45,46340.86,0,2026-10-08T22:37:51+05:45,3.0,Dolakha,22005.0,Jiri,558.0,5,301,Dolakha,30105,Jiri,5,3010505,1,within,0,0,1.0,0,0,,,,421,Jiri,Climate,0.0,1.0,0,Jiri,0.0
RAI_013,13,Babarmahal (DHM Office),rain,27.692778,85.326111,Bagmati,,Rainfall Station,hydrology.gov.np,1201.0,,,2021-09-16T13:15:48.608105+05:45,2026-10-08T18:07:14+05:45,44356.86,0,2026-10-08T22:37:51+05:45,3.0,Kathmandu,27006.0,Kathmandu,3715.0,11,306,Kathmandu,30608,Kathmandu,11,3060811,1,within,0,0,1.0,0,0,,,,63,Babarmahal (DHM Office),,26.9,1.0,0,Delete,26.9
RAI_014,14,Padhampur,rain,28.188545,82.135467,Babai,656.0,Rainfall Station,hydrology.gov.np,1615.0,,,2021-09-17T06:15:49.599001+05:45,2026-10-08T18:07:14+05:45,44339.86,0,2026-10-08T22:37:51+05:45,5.0,Dang,56001.0,Babai,3972.0,5,510,Dang,51005,Babai,5,5100505,1,within,0,0,1.0,0,0,,,,122,Padhampur,Precipitation,0.0,1.0,0,Padhampur,0.0
RAI_015,15,Rajaiya (rainfall station),rain,27.43276,84.99817,Narayani,,Rainfall station,hydrology.gov.np,4145.0,,,2021-09-18T11:00:46.184119+05:45,2026-10-08T18:07:14+05:45,44311.11,0,2026-10-08T22:37:51+05:45,3.0,Makwanpur,31004.0,Hetauda,2333.0,11,312,Makwanpur,31206,Hetauda,11,3120611,1,within,0,0,1.0,0,0,,,,266,Rajaiya (rainfall station),TPB,0.0,1.0,0,Rajaiya (rainfall station),0.0
RAI_016,16,Achham at Safebagar,rain,29.21091,81.22175,,,Rainfall Station,hydrology.gov.np,1065.0,,,2022-02-13T05:45:46.934517+05:45,2026-10-08T18:07:14+05:45,40764.36,0,2026-10-08T22:37:51+05:45,7.0,Achham,69009.0,Sanphebagar,2594.0,7,707,Achham,70704,Sanphebagar,7,7070407,1,within,0,0,1.0,0,0,,,,551,SAFEBAGAR,Precipitation,2967.2,0.818,1,SAFEBAGAR,2967.2
RAI_017,17,Rosi Khola at Panauti,rain,27.575,85.499,Koshi,,Hydrological station with RLS and Tipping Bucket,hydrology.gov.np,1119.0,,,2025-06-17T05:45:21.910208+05:45,2026-10-08T18:07:14+05:45,11484.36,0,2026-10-08T22:37:51+05:45,3.0,Kavrepalanchok,24010.0,Panauti,6117.0,8,309,Kavrepalanchok,30909,Panauti,8,3090908,1,within,0,0,1.0,0,0,,,,69,Roshi Khola at Panauti,,0.0,1.0,0,Roshi Khola at Panauti,0.0
RAI_018,18,SindhuliGadi,rain,27.266667,85.946667,Bagmati,,Rainfall station,hydrology.gov.np,1003.0,,,2021-09-17T10:15:47.540125+05:45,2026-10-08T18:07:14+05:45,44335.86,0,2026-10-08T22:37:51+05:45,3.0,Sindhuli,20005.0,Kamalamai,2813.0,2,311,Sindhuli,31105,Kamalamai,2,3110502,1,within,0,0,1.0,0,0,,,,56,SindhuliGadi,TPB,0.0,1.0,0,SindhuliGadi,0.0
RAI_019,19,Pahada Mulsan,rain,29.0,82.209,,2300.0,Climate station with tipping bucket and temp/humidity sensor,hydrology.gov.np,2025.0,,,2023-10-12T05:45:32.801232+05:45,2026-10-08T18:07:14+05:45,26220.36,0,2026-10-08T22:37:51+05:45,6.0,Jajarkot,61001.0,Barekot,708.0,3,607,Jajarkot,60701,Barekot,3,6070103,1,within,0,0,1.0,0,0,,,,143,Pahada Mulsan,,0.0,1.0,0,Pahada Mulsan,0.0
RAI_020,20,Rikhu,rain,27.884167,86.234444,Koshi,2088.0,Rainfall Station,hydrology.gov.np,1858.0,,,2021-09-19T06:15:47.527643+05:45,2026-10-08T18:07:14+05:45,44291.86,0,2026-10-08T22:37:51+05:45,3.0,Dolakha,22003.0,Bigu,572.0,1,301,Dolakha,30102,Bigu,1,3010201,1,within,0,0,1.0,0,0,,,,130,Rikhu,,0.0,1.0,0,Rikhu,0.0
RAI_021,21,Siraha_Hydro,rain,26.65,86.21,,102.0,Rainfall station; need to merged,hydrology.gov.np,1176.0,,,2022-01-22T05:45:44.354836+05:45,2026-10-08T18:07:14+05:45,41292.36,0,2026-10-08T22:37:51+05:45,2.0,Siraha,16016.0,Siraha,4558.0,1,202,Siraha,20217,Siraha,1,2021701,1,within,0,0,1.0,0,0,,,,73,Siraha_Hydro,Climate,0.0,1.0,0,Siraha_Hydro,0.0
RAI_022,22,Sundarijal,rain,27.750066,85.431115,Bagmati,,Rainfall Station,hydrology.gov.np,1932.0,,,2021-09-17T10:15:47.491268+05:45,2026-10-08T18:07:14+05:45,44335.86,0,2026-10-08T22:37:51+05:45,3.0,Kathmandu,27005.0,Kageshwori Manahora,3841.0,2,306,Kathmandu,30602,Kageshwori Manahara,2,3060202,1,within,0,0,1.0,0,0,,,,400,Sundarijal,,218.8,1.0,0,Sundarijal,0.0
RAI_023,23,Nepalgunj,rain,28.100278,81.668056,West Rapti,145.0,Automatic Rainfall Station,hydrology.gov.np,678.0,,,2021-07-17T05:45:42.445673+05:45,2026-10-08T18:07:14+05:45,45828.36,0,2026-10-08T22:37:51+05:45,5.0,Banke,57007.0,Nepalgunj,2178.0,20,511,Banke,51106,Nepalganj,20,5110620,1,within,0,0,1.0,0,0,,,,33,Nepalgunj,,0.0,1.0,0,Nepalgunj,0.0
RAI_024,24,Tamakoshi at Busti,rain,27.6361,86.0846,Koshi,772.0,"Hydrological Station with Bubbler sensor, established at Busti approximately 1.5 KM u/s of Charikot Jiri Road-Bridge",hydrology.gov.np,5281.0,,,2026-10-05T05:45:29.935226+05:45,2026-10-08T18:07:14+05:45,84.36,0,2026-10-08T22:37:51+05:45,3.0,Dolakha,22002.0,Bhimeshwor,535.0,5,301,Dolakha,30109,Bhimeshwor,5,3010905,1,within,0,0,1.0,0,0,,,,106,Tamakoshi at Busti,,0.0,1.0,0,Tamakoshi at Busti,0.0
RAI_025,25,Swargdwari,rain,28.12844194,82.70130306,West Rapti,1232.0,Rainfall Station,hydrology.gov.np,1645.0,,,2022-01-11T05:45:44.996385+05:45,2026-10-08T18:07:14+05:45,41556.36,0,2026-10-08T22:37:51+05:45,5.0,Pyuthan,52009.0,Sworgadwary,1350.0,4,503,Pyuthan,50305,Sworgadwari,4,5030504,1,within,0,0,1.0,0,0,,,,125,Swargdwari,Precipitation,0.0,1.0,0,Swargdwari,0.0
RAI_026,26,Tumlingtar_Hydro,rain,27.31861,87.1972,Koshi,394.0,Rainfall Station,hydrology.gov.np,1473.0,,,2021-09-15T06:15:44.785115+05:45,2026-10-08T18:07:14+05:45,44387.86,0,2026-10-08T22:37:51+05:45,1.0,Sankhuwasabha,9005.0,Khandbari,1695.0,9,102,Sankhuwasabha,10206,Khandabari,9,1020609,1,within,0,0,1.0,0,0,,,,105,Tumlingtar_Hydro,,0.0,1.0,0,Tumlingtar_Hydro,0.0
RAI_027,27,Babai at Chepang,rain,28.3565601,81.7135456,Babai,308.0,"Old Station at 28.353056, 81.719444, 265 m (Elevation might be error) ).Site changed due to Flood of 2071 BS.",hydrology.gov.np,651.0,,,2023-06-12T06:00:11.335282+05:45,2026-10-08T18:07:14+05:45,29148.12,0,2026-10-08T22:37:51+05:45,5.0,Bardiya,58002.0,Bansagadhi,4870.0,1,512,Bardiya,51201,Bansgadhi,1,5120101,1,within,0,0,1.0,0,0,,,,29,Babai at Chepang,,0.0,1.0,0,Babai at Chepang,0.0
RAI_028,28,Besishahar,rain,28.233056,84.383056,Narayani,720.0,AWS at Besishahar(Khudi),hydrology.gov.np,693.0,,,2021-09-18T11:00:45.946865+05:45,2026-10-08T18:07:14+05:45,44311.11,0,2026-10-08T22:37:51+05:45,4.0,Lamjung,37001.0,Besishahar,978.0,10,406,Lamjung,40605,Bensi Shahar,10,4060510,1,within,0,0,1.0,0,0,,,,800,Besishahar,,1447.8,1.0,1,Besishahar (Khudi Bazar),0.0
RAI_029,29,Sunkoshi at Pachuwarghat,rain,27.5537,85.7487,Koshi,514.0,Hydrological station with Bubbler sensor,hydrology.gov.np,5576.0,,,2023-01-30T05:45:53.958373+05:45,2026-10-08T18:07:14+05:45,32340.36,0,2026-10-08T22:37:51+05:45,3.0,Kavrepalanchok,24013.0,Temal,6182.0,3,309,Kavrepalanchok,30907,Temal,3,3090703,1,within,0,0,1.0,0,0,,,,104,Sunkoshi at Pachuwarghat,,0.0,1.0,0,Sunkoshi at Pachuwarghat,0.0
RAI_030,30,Tharmare,rain,28.452255,82.27985306,,1338.0,Rainfall Station,hydrology.gov.np,1419.0,,,2022-01-02T05:45:47.163197+05:45,2026-10-08T18:07:14+05:45,41772.36,0,2026-10-08T22:37:51+05:45,6.0,Salyan,55001.0,Bagchaur,1612.0,2,609,Salyan,60905,Bagachour,2,6090502,1,within,0,0,1.0,0,0,,,,98,Tharmare,Precipitation,0.0,1.0,0,delete_Tharmare,0.0
RAI_031,31,Chisapani Bazar,rain,26.93022222,86.14513889,Kamala,127.0,Rainfall Station,hydrology.gov.np,1183.0,,,2021-09-13T18:00:44.762869+05:45,2026-10-08T18:07:14+05:45,44424.11,0,2026-10-08T22:37:51+05:45,2.0,Dhanusa,17007.0,Ganeshman Charnath,6516.0,5,203,Dhanusa,20301,Ganeshman Charnath,5,2030105,1,within,0,0,1.0,0,0,,,,75,Chisapani Bazar,Rainfall Station (TPB),0.0,1.0,0,Chisapani Bazar,0.0
RAI_032,32,Goath Gaon,rain,28.969,82.25,,2024.0,Climate station with tipping bucket and temp/humidity sensor,hydrology.gov.np,2010.0,,,2023-09-07T06:00:19.895313+05:45,2026-10-08T18:07:14+05:45,27060.12,0,2026-10-08T22:37:51+05:45,6.0,Jajarkot,61001.0,Barekot,724.0,4,607,Jajarkot,60701,Barekot,4,6070104,1,within,0,0,1.0,0,0,,,,140,Goath Gaon,,0.0,1.0,0,Goath Gaon,0.0
RAI_033,33,Soktim Tea State,rain,26.8133,87.9025,Kankai,,Rainfall station,hydrology.gov.np,4154.0,,,2021-09-17T06:15:49.656518+05:45,2026-10-08T18:07:14+05:45,44339.86,0,2026-10-08T22:37:51+05:45,1.0,Ilam,3005.0,Mai,3282.0,9,110,Ilam,11008,Mai,9,1100809,1,within,0,0,1.0,0,0,,,,267,Soktim Tea State,TPB,0.0,1.0,0,Soktim Tea State,0.0
RAI_034,34,Mul Ghat,rain,26.93175,87.31969,Koshi,286.0,"Hydrological station with RLS (690 IN by hydro, confirmed to be same at 1308, from rajiv sir)",hydrology.gov.np,1438.0,,,2021-09-18T11:00:46.141273+05:45,2026-10-08T18:07:14+05:45,44311.11,0,2026-10-08T22:37:51+05:45,1.0,Dhankuta,7003.0,Dhankuta,461.0,9,107,Dhankuta,10704,Dhankuta,9,1070409,1,within,0,0,1.0,0,0,,,,102,MulGhat,Precipitation,0.0,1.0,0,MulGhat,0.0
RAI_035,35,Ilam Tea State_AWS,rain,26.9095,87.9231,Kankai,,Automatic Weather Station,hydrology.gov.np,2147.0,,,2021-09-17T06:15:49.457587+05:45,2026-10-08T18:07:14+05:45,44339.86,0,2026-10-08T22:37:51+05:45,1.0,Ilam,3004.0,Ilam,3297.0,7,110,Ilam,11003,Ilam,7,1100307,1,within,0,0,1.0,0,0,,,,155,Ilam Tea State_AWS,,0.0,1.0,0,Ilam Tea State_AWS,0.0
RAI_036,36,Kalidamar,rain,28.42094722,81.72940833,Karnali,635.0,climate station insalled by Sundar Nepal,hydrology.gov.np,3809.0,,,2021-07-15T05:45:42.871351+05:45,2026-10-08T18:07:14+05:45,45876.36,0,2026-10-08T22:37:51+05:45,6.0,Surkhet,59002.0,Bheriganga,2636.0,5,610,Surkhet,61005,Bheriganga,5,6100505,1,within,0,0,1.0,0,0,,,,248,Kalidamar,Precipitation,0.0,1.0,0,delete_Kalidamar,0.0
RAI_037,37,Bahun Tiplung,rain,27.18,86.16,Kamala,1417.0,Rainfall station,hydrology.gov.np,1164.0,,,2026-06-03T05:45:05.571232+05:45,2026-10-08T18:07:14+05:45,3060.37,0,2026-10-08T22:37:51+05:45,3.0,Sindhuli,20009.0,Tinpatan,2849.0,7,311,Sindhuli,31103,Tinpatan,7,3110307,1,within,0,0,1.0,0,0,,,,74,Bahun Tiplung,,0.0,1.0,0,Bahun Tiplung,0.0
RAI_038,38,Chautara,rain,27.75378333,85.73207778,Koshi,1552.0,Climatology Station with AWS under UNDP,hydrology.gov.np,410.0,,,2026-05-24T05:45:07.566122+05:45,2026-10-08T18:07:14+05:45,3300.37,0,2026-10-08T22:37:51+05:45,3.0,Sindhupalchok,23004.0,Chautara Sangachokgadhi,2908.0,8,302,Sindhupalchok,30207,Choutara Sangachowkgadhi,8,3020708,1,within,0,0,1.0,0,0,,,,3,Chautara,Precipitation,0.0,1.0,0,Chautara,0.0
RAI_039,39,Bimalnagar (Rainfall),rain,27.95,84.41,Narayani,,Hydrological station with bubbler sensor,hydrology.gov.np,660.0,,,2021-09-18T11:00:45.954844+05:45,2026-10-08T18:07:14+05:45,44311.11,0,2026-10-08T22:37:51+05:45,4.0,Tanahu,38002.0,Bandipur,2481.0,4,407,Tanahu,40709,Bandipur,4,4070904,1,within,0,0,1.0,0,0,,,,31,Bimalnagar (Rainfall),,0.0,1.0,0,Bimalnagar (Rainfall),0.0
RAI_040,40,Narayani at Devghat,rain,27.71,84.43,Narayani,,Hydrological station with RLS,hydrology.gov.np,4138.0,,,2026-10-08T18:00:16.339827+05:45,2026-10-08T18:07:14+05:45,0.12,1,2026-10-08T22:37:51+05:45,4.0,Nawalparasi East,76005.0,Gaidakot,3479.0,1,408,Nawalparasi East,40801,Gaidakot,1,4080101,1,within,0,0,1.0,0,0,,,,265,Narayani at Devghat,,0.0,1.0,0,Narayani at Devghat,0.0
RAI_041,41,Surkhet at Ratanangla,rain,28.6749737,81.6388245,Karnali,2150.0,AWS at Guranshe,hydrology.gov.np,703.0,,,2026-10-08T18:00:19.002820+05:45,2026-10-08T18:07:14+05:45,0.12,1,2026-10-08T22:37:51+05:45,6.0,Surkhet,59003.0,Birendranagar,2645.0,14,610,Surkhet,61006,Birendranagar,14,6100614,1,within,0,0,1.0,0,0,,,,37,Surkhet at Ratanangla,,0.0,1.0,0,Surkhet at Ratanangla,0.0
RAI_042,42,"Itram, Birendranagar",rain,28.602,81.624,Karnali,,climate station,hydrology.gov.np,3793.0,,,2021-01-18T14:42:46.753889+05:45,2026-10-08T18:07:14+05:45,50139.41,0,2026-10-08T22:37:51+05:45,6.0,Surkhet,59003.0,Birendranagar,2709.0,7,610,Surkhet,61006,Birendranagar,7,6100607,1,within,0,0,1.0,0,0,,,,604,Surkhet Airport (Birendranagar),Aero-synoptic,1914.8,0.682,1,delete_Surkhet Regional Office,38.8
RAI_043,43,Thulo Bheri at Rimna,rain,28.683,82.2666,Karnali,,Hydrological station with Bubbler,hydrology.gov.np,2058.0,,,2024-02-28T06:00:34.654687+05:45,2026-10-08T18:07:14+05:45,22884.11,0,2026-10-08T22:37:51+05:45,6.0,Rukum West,54005.0,Sanibheri,1525.0,2,608,Rukum West,60802,Sanibheri,2,6080202,1,within,0,0,1.0,0,0,,,,145,Thulo Bheri at Rimna,,0.0,1.0,0,Thulo Bheri at Rimna,0.0
RAI_044,44,Saptakoshi at Chatara (old),rain,26.855192,87.152283,Koshi,,Hydrological Station with RLS,hydrology.gov.np,1505.0,,,2026-06-25T11:45:14.320119+05:45,2026-10-08T18:07:14+05:45,2526.37,0,2026-10-08T22:37:51+05:45,1.0,Sunsari,6001.0,Barah,4689.0,1,113,Sunsari,11302,Baraha,1,1130201,1,within,0,0,1.0,0,0,,,,111,Saptakoshi at Chatara (old),TPB,0.0,1.0,0,Sapta Koshi at Chatara (new),0.0
RAI_045,45,Aadhi Khola at Borlangpul,rain,28.072732,83.811066,Narayani,227.0,Hydrological station with Bubbler ,hydrology.gov.np,803.0,,,2021-09-18T11:00:45.920305+05:45,2026-10-08T18:07:14+05:45,44311.11,0,2026-10-08T22:37:51+05:45,4.0,Syangja,39010.0,Putalibazar,3003.0,13,409,Syangja,40901,Putalibazar,13,4090113,1,within,0,0,1.0,0,0,,,,41,Aadhi Khola at Borlangpul (Rainfall),,0.0,1.0,0,Aadhi Khola at Borlangpul (Rainfall),0.0
RAI_046,46,Badigad at Rudrabeni,rain,27.972,83.4669,Narayani,511.0,Hydrological station with RLS & Tipping Bucket,hydrology.gov.np,4400.0,,,2022-11-19T05:45:19.632834+05:45,2026-10-08T18:07:14+05:45,34068.37,0,2026-10-08T22:37:51+05:45,5.0,Gulmi,46011.0,Rurukshetra,3262.0,2,504,Gulmi,50412,Ruru,2,5041202,1,within,0,0,1.0,0,0,,,,282,Badigad at Rudrabeni,,0.0,1.0,0,Badigad at Rudrabeni,0.0
RAI_047,47,Ranibas (rainfall),rain,27.07,86.03,Kamala,314.0,Hydrological Station Tipping Bucket,hydrology.gov.np,1137.0,,,2025-05-20T06:00:19.384983+05:45,2026-10-08T18:07:14+05:45,12156.12,0,2026-10-08T22:37:51+05:45,3.0,Sindhuli,20005.0,Kamalamai,2853.0,13,311,Sindhuli,31105,Kamalamai,13,3110513,1,within,0,0,1.0,0,0,,,,70,Ranibas (rainfall),,0.0,1.0,0,Ranibas (rainfall),0.0
RAI_048,48,Nigali Bhaktapur,rain,28.97,80.73,Mohana,,rainfall station,hydrology.gov.np,4493.0,,,2021-03-11T00:00:50.298221+05:45,2026-10-08T18:07:14+05:45,48906.11,0,2026-10-08T22:37:51+05:45,7.0,Kailali,71003.0,Chure,5343.0,1,708,Kailali,70802,Chure,1,7080201,1,within,0,0,1.0,0,0,,,,285,Nigali Bhaktapur,,0.0,1.0,0,Nigali Bhaktapur,0.0
RAI_049,49,Trishuli at Kali Khola (Rainfall),rain,27.8333,84.55,Narayani,147.0,Hydrological Station with bubble sensor,hydrology.gov.np,5398.0,,,2021-09-18T11:00:46.267289+05:45,2026-10-08T18:07:14+05:45,44311.11,0,2026-10-08T22:37:51+05:45,4.0,Tanahu,38001.0,Aanbookhaireni,2452.0,4,407,Tanahu,40710,Aanbu Khaireni,4,4071004,1,within,0,0,1.0,0,0,,,,4781,Trishuli River at Kali Khola,,395.6,1.0,0,Trishuli at Kali Khola (Rainfall),0.0
RAI_050,50,Santbajh,rain,29.4973,80.49741194,Mahakali,1881.0,Rainfall Station with CDCP,hydrology.gov.np,11609.0,,,2026-03-16T12:15:22.824128+05:45,2026-10-08T18:07:14+05:45,4949.86,0,2026-10-08T22:37:51+05:45,7.0,Baitadi,74001.0,Dasharathchanda,91.0,1,704,Baitadi,70405,Dasharathchand,1,7040501,1,within,0,0,1.0,0,0,,,,825,Santbajh,Precipitation,0.0,1.0,0,Santbajh,0.0
RAI_051,51,Karnali at Asaraghat,rain,28.9528,81.4417,Karnali,629.0,Hydrological Station with RLS,hydrology.gov.np,1329.0,,,2026-08-06T06:00:10.860719+05:45,2026-10-08T18:07:14+05:45,1524.12,0,2026-10-08T22:37:51+05:45,7.0,Achham,69010.0,Turmakhad,2545.0,3,707,Achham,70710,Turmakhand,3,7071003,1,within,0,0,1.0,0,0,,,,86,Karnali at Asaraghat,,0.0,1.0,0,Karnali at Asaraghat,0.0
RAI_052,52,West Rapti at Kusum Rainfall,rain,28.0075,82.093889,West Rapti,199.0,Hydrological station with Bubbler,hydrology.gov.np,999.0,,,2026-02-27T05:47:51.421173+05:45,2026-10-08T18:07:14+05:45,5364.32,0,2026-10-08T22:37:51+05:45,5.0,Banke,57008.0,Rapti Sonari,2121.0,1,511,Banke,51101,Rapti Sonari,1,5110101,1,within,0,0,1.0,0,0,,,,960,West Rapti at Kusum RLS,,0.0,1.0,0,West Rapti at Kusum RLS,0.0
RAI_053,53,Khanikhola,rain,28.52185889,81.90630083,Karnali,1335.0,Rainfall Station with CDCP,hydrology.gov.np,10647.0,,,2026-08-10T13:00:11.844367+05:45,2026-10-08T18:07:14+05:45,1421.12,0,2026-10-08T22:37:51+05:45,6.0,Surkhet,59009.0,Simta,2618.0,9,610,Surkhet,61001,Simta,9,6100109,1,within,0,0,1.0,0,0,,,,830,Khanikhola,Precipitation,0.0,1.0,0,Khanikhola,0.0
RAI_054,54,Maina Gaun (D.Bas),rain,28.961315,82.268888,Karnali,1913.0,Rainfall station with CDCP(0418),hydrology.gov.np,5752.0,,,2026-10-08T18:00:15.248917+05:45,2026-10-08T18:07:14+05:45,0.12,1,2026-10-08T22:37:51+05:45,6.0,Jajarkot,61001.0,Barekot,724.0,4,607,Jajarkot,60701,Barekot,4,6070104,1,within,0,0,1.0,0,0,,,,865,Maina Gaun (D.Bas),Precipitation,0.0,1.0,0,Maina Gaun (D.Bas),0.0
RAI_055,55,Gorkha (Birenchowk),rain,27.97138889,84.58944444,Narayani,724.0,"Agroment Station with Rainfall station with CDCP, previously it was recorded as Birenchowk.",hydrology.gov.np,5406.0,,,2021-09-13T18:00:44.811756+05:45,2026-10-08T18:07:14+05:45,44424.11,0,2026-10-08T22:37:51+05:45,4.0,Gorkha,36007.0,Gorkha,3399.0,10,401,Gorkha,40109,Gorkha,10,4010910,1,within,0,0,1.0,0,0,,,,874,Gorkha (Birenchowk),Agromet,0.0,1.0,0,Gorkha (Birenchowk),0.0
RAI_056,56,Trishuli at Betrawati,rain,27.97,85.18,Narayani,,Automatic Hydrological Station,hydrology.gov.np,944.0,,,2021-09-13T18:00:45.266838+05:45,2026-10-08T18:07:14+05:45,44424.11,0,2026-10-08T22:37:51+05:45,3.0,Nuwakot,28002.0,Bidur,3698.0,7,305,Nuwakot,30504,Bidur,7,3050407,1,within,0,0,1.0,0,0,,,,52,Trishuli at Betrawati,TPB,0.0,1.0,0,Trishuli at Betrawati,0.0
RAI_057,57,Chaurjhari Tar,rain,28.65399306,82.21030694,Karnali,863.0,Automatic Weather Station,hydrology.gov.np,5424.0,,,2021-09-19T06:15:47.279420+05:45,2026-10-08T18:07:14+05:45,44291.86,0,2026-10-08T22:37:51+05:45,6.0,Rukum West,54003.0,Chaurjahari,1480.0,3,608,Rukum West,60806,Chaurjahari,3,6080603,1,within,0,0,1.0,0,0,,,,877,Chaurjhari Tar,Climate,0.0,1.0,0,Chaurjhari Tar,0.0
RAI_058,58,Sikta,rain,28.02986111,81.97491667,West Rapti,161.0,Rainfall Station with CDCP,hydrology.gov.np,8982.0,,,2025-12-26T09:30:25.044302+05:45,2026-10-08T18:07:14+05:45,6872.61,0,2026-10-08T22:37:51+05:45,5.0,Banke,57008.0,Rapti Sonari,2121.0,1,511,Banke,51101,Rapti Sonari,1,5110101,1,within,0,0,1.0,0,0,,,,851,Sikta,Agromet,0.0,1.0,0,Sikta,0.0
RAI_059,59,Olena (OIRANO),rain,29.410882,81.423033,Mahakali,1116.0,Rainfall Station with CDCP,hydrology.gov.np,10648.0,,,2025-11-28T05:30:21.551500+05:45,2026-10-08T18:07:14+05:45,7548.61,0,2026-10-08T22:37:51+05:45,7.0,Bajura,67001.0,Badimalika,278.0,1,701,Bajura,70106,Badimalika,1,7010601,1,within,0,0,1.0,0,0,,,,827,Olena (OIRANO),Precipitation,0.0,1.0,0,Olena (OIRANO),0.0
RAI_060,60,Jagatipur,rain,28.65721889,82.15637806,Karnali,1386.0,Rainfall Station with CDCP,hydrology.gov.np,5728.0,,,2026-10-08T18:00:12.830867+05:45,2026-10-08T18:07:14+05:45,0.12,1,2026-10-08T22:37:51+05:45,6.0,Jajarkot,61002.0,Bheri,713.0,11,607,Jajarkot,60706,Bheri Malika,11,6070611,1,within,0,0,1.0,0,0,,,,828,Jagatipur,Precipitation,0.0,1.0,0,Jagatipur,0.0
RAI_061,61,Dhakeri,rain,28.15715389,81.76614389,West Rapti,153.0,rainfall station,hydrology.gov.np,5583.0,,,2021-09-18T11:00:45.987162+05:45,2026-10-08T18:07:14+05:45,44311.11,0,2026-10-08T22:37:51+05:45,5.0,Banke,57008.0,Rapti Sonari,2176.0,9,511,Banke,51101,Rapti Sonari,9,5110109,1,within,0,0,1.0,0,0,,,,269,Dhakeri,Precipitation,0.0,1.0,0,Dhakeri,0.0
RAI_062,62,Gaighat,rain,26.801269,86.69916778,Koshi,179.0,Automatic Weather Station installed by FAO,hydrology.gov.np,4898.0,,,2026-10-08T18:00:11.276153+05:45,2026-10-08T18:07:14+05:45,0.12,1,2026-10-08T22:37:51+05:45,1.0,Udayapur,14007.0,Triyuga,2776.0,10,114,Udaya Pur,11403,Triyuga,10,1140310,1,within,0,0,1.0,0,0,,,,306,Gaighat,Precipitation,0.0,1.0,0,Gaighat,0.0
RAI_063,63,Dudh Koshi at Rabuwabazar,rain,27.26,86.65,Koshi,460.0,Hydrological station with bubbler sensor,hydrology.gov.np,5288.0,,,2026-10-08T18:00:10.914355+05:45,2026-10-08T18:07:14+05:45,0.12,1,2026-10-08T22:37:51+05:45,1.0,Khotang,13008.0,Rawa Besi,923.0,3,105,Khotang,10503,Lamidanda,3,1050303,1,within,0,0,1.0,0,0,,,,110,Dudh Koshi at Rabuwabazar,,0.0,1.0,0,Dudh Koshi at Rabuwabazar,0.0
RAI_064,64,Arughat (rainfall),rain,28.043503,84.812925,Narayani,518.0,Rainfall station with CDCP,hydrology.gov.np,5411.0,,,2021-10-10T06:00:46.621126+05:45,2026-10-08T18:07:14+05:45,43788.11,0,2026-10-08T22:37:51+05:45,3.0,Dhading,30013.0,Tripurasundari,3103.0,1,304,Dhading,30404,Tripurasundari,1,3040401,1,within,0,0,1.0,0,0,,,,875,Arughat (rainfall),Precipitation,0.0,1.0,0,Arughat (rainfall),0.0
RAI_065,65,"Kankai, Mainachuli",rain,26.686394,87.874507,Kankai,,Rainfall station with CDCP,hydrology.gov.np,5557.0,,,2021-09-13T18:00:44.877769+05:45,2026-10-08T18:07:14+05:45,44424.11,0,2026-10-08T22:37:51+05:45,1.0,Jhapa,4015.0,Shivasataxi,6411.0,10,111,Jhapa,11105,Shivasatakshi,10,1110510,1,within,0,0,1.0,0,0,,,,883,"Kankai, Mainachuli",TPB,0.0,1.0,0,"Kankai, Mainachuli",0.0
RAI_066,66,"Gaduwa, Dang",rain,27.8153817,82.5388583,,,Rainfall Station with CDCP,hydrology.gov.np,5623.0,,,2022-02-23T16:00:48.243540+05:45,2026-10-08T18:07:14+05:45,40514.11,0,2026-10-08T22:37:51+05:45,5.0,Dang,56004.0,Gadhawa,4003.0,6,510,Dang,51009,Gadhawa,6,5100906,1,within,0,0,1.0,0,0,,,,951,"Gaduwa (Gadhawa), Dang",TPB,0.0,0.769,0,"Gaduwa (Gadhawa), Dang",0.0
RAI_067,67,Charchhare,rain,27.4232,84.3037,Narayani,171.0,Rainfall station,hydrology.gov.np,1262.0,,,2021-09-18T11:00:45.958813+05:45,2026-10-08T18:07:14+05:45,44311.11,0,2026-10-08T22:37:51+05:45,3.0,Chitwan,35005.0,Madi,2221.0,5,313,Chitwan,31307,Madi,5,3130705,1,within,0,0,1.0,0,0,,,,80,Charchhare,Precipitation,0.0,1.0,0,Charchhare,0.0
RAI_068,68,Chisapanigadi,rain,27.55,85.133333,Narayani,,Rainfall Station,hydrology.gov.np,4303.0,,,2021-09-18T11:00:45.967397+05:45,2026-10-08T18:07:14+05:45,44311.11,0,2026-10-08T22:37:51+05:45,3.0,Makwanpur,31003.0,Bhimphedi,2320.0,6,312,Makwanpur,31207,Bhimphedi,6,3120706,1,within,0,0,1.0,0,0,,,,309,Chisapani Gadhi,Precipitation ,1197.4,1.0,1,Chisapanigadi,0.0
RAI_069,69,Hanspur,rain,27.95425389,82.87882194,West Rapti,742.0,Rainfall station with CDCP,hydrology.gov.np,5605.0,,,2025-07-13T06:00:15.339128+05:45,2026-10-08T18:07:14+05:45,10860.12,0,2026-10-08T22:37:51+05:45,5.0,Pyuthan,52008.0,Sarumarani,1403.0,3,503,Pyuthan,50309,Sarumarani,3,5030903,1,within,0,0,1.0,0,0,,,,950,Hanspur,Precipitation,0.0,1.0,0,Hanspur,0.0
RAI_070,70,Sahu Khark,rain,29.21137583,80.62386694,Karnali,2092.0,Rainfall Station with CDCP,hydrology.gov.np,5727.0,,,2026-03-16T12:15:22.428030+05:45,2026-10-08T18:07:14+05:45,4949.86,0,2026-10-08T22:37:51+05:45,7.0,Dadeldhura,73005.0,Ganayapdhura,6630.0,1,705,Dadeldhura,70507,Ganyapdhura,1,7050701,1,within,0,0,1.0,0,0,,,,826,Sahu Khark,Precipitation,0.0,1.0,0,Sahu Khark,0.0
RAI_071,71,Godavari,rain,27.593056,85.378889,Bagmati,,Rainfall Station,hydrology.gov.np,1024.0,,,2021-09-17T10:15:47.080150+05:45,2026-10-08T18:07:14+05:45,44335.86,0,2026-10-08T22:37:51+05:45,3.0,Lalitpur,25002.0,Godawari,1972.0,3,308,Lalitpur,30803,Godawari,3,3080303,1,within,0,0,1.0,0,0,,,,360,Godavari,Climate,16.4,1.0,0,Godavari_TPB,0.0
RAI_072,72,Lumbini,rain,27.47027778,83.27611111,Tinau,95.0,Rainfall Station with CDCP,hydrology.gov.np,5723.0,,,2026-10-08T18:00:15.031828+05:45,2026-10-08T18:07:14+05:45,0.12,1,2026-10-08T22:37:51+05:45,5.0,Rupandehi,49099.0,Lumbini Sanskritik Development Area,4237.0,99,508,Rupandehi,,,99,,0,within,0,0,,,,,,,839,Lumbini,Climate,0.0,1.0,0,Lumbini,0.0
RAI_073,73,Suryapura,rain,27.58838333,83.31013333,Tinau,114.0,Rainfall station with CDCP,hydrology.gov.np,5721.0,,,2026-10-08T18:00:19.046446+05:45,2026-10-08T18:07:14+05:45,0.12,1,2026-10-08T22:37:51+05:45,5.0,Rupandehi,49003.0,Gaidahawa,4286.0,6,508,Rupandehi,50805,Gaidahawa,6,5080506,1,within,0,0,1.0,0,0,,,,857,Suryapura,Precipitation,0.0,1.0,0,Suryapura,0.0
RAI_074,74,Beljhundi (Manikapur),rain,28.100273,82.363667,Babai,641.0,"Rainfall Station with CDCP, Operational and need to merge with Rampur (Beljhundi)",hydrology.gov.np,5730.0,,,2026-10-08T18:00:08.811818+05:45,2026-10-08T18:07:14+05:45,0.12,1,2026-10-08T22:37:51+05:45,5.0,Dang,56010.0,Tulsipur,3944.0,18,510,Dang,51003,Tulsipur,18,5100318,1,within,0,0,1.0,0,0,,,,833,Beljhundi (Manikapur),TPB,0.0,1.0,0,Beljhundi (Manikapur),0.0
RAI_075,75,Barmajhiya,rain,26.621054,86.902994,Koshi,118.0,Rainfall station with CDCP,hydrology.gov.np,5720.0,,,2026-03-16T12:15:09.044264+05:45,2026-10-08T18:07:14+05:45,4949.87,0,2026-10-08T22:37:51+05:45,2.0,Saptari,15009.0,Kanchanrup,4348.0,10,201,Saptari,20102,Kanchanrup,10,2010210,1,within,0,0,1.0,0,0,,,,856,Barmajhiya,Precipitation,0.0,1.0,0,Barmajhiya,0.0
RAI_076,76,Nayabasti (Dang),rain,28.201323,82.13939389,Babai,685.0,Rainfall station with CDCP,hydrology.gov.np,5611.0,,,2026-02-27T06:01:59.843104+05:45,2026-10-08T18:07:14+05:45,5364.09,0,2026-10-08T22:37:51+05:45,5.0,Dang,56001.0,Babai,3971.0,4,510,Dang,51005,Babai,4,5100504,1,within,0,0,1.0,0,0,,,,953,Nayabasti (Dang),Precipitation,0.0,1.0,0,Nayabasti (Dang),0.0
RAI_077,77,Tatopani (Ratopani),rain,28.47749278,83.64041583,Narayani,1161.0,Rainfall Station with CDCP,hydrology.gov.np,5735.0,,,2026-09-29T05:45:17.758797+05:45,2026-10-08T18:07:14+05:45,228.37,0,2026-10-08T22:37:51+05:45,4.0,Myagdi,43001.0,Annapurna,1140.0,6,404,Myagdi,40401,Annapurna,6,4040106,1,within,0,0,1.0,0,0,,,,834,Tatopani (Ratopani),Precipitation,0.0,1.0,0,Tatopani (Ratopani),0.0
RAI_078,78,Danda Gaun.,rain,28.95138889,81.47861111,Karnali,1148.0,"Rainfall Station with CDCP, need to merge this with Dandagaun",hydrology.gov.np,5731.0,,,2026-10-08T18:00:10.187065+05:45,2026-10-08T18:07:14+05:45,0.12,1,2026-10-08T22:37:51+05:45,6.0,Dailekh,60001.0,Aathabis,1936.0,1,606,Dailekh,60605,Aathbis,1,6060501,1,within,0,0,1.0,0,0,,,,829,Danda Gaun.,Precipitation,0.0,1.0,0,Danda Gaun.,0.0
RAI_079,79,Ridi,rain,27.93856667,83.44315278,Narayani,494.0,Rainfall Station with CDCP,hydrology.gov.np,5733.0,,,2026-10-08T18:00:17.727993+05:45,2026-10-08T18:07:14+05:45,0.12,1,2026-10-08T22:37:51+05:45,5.0,Gulmi,46011.0,Rurukshetra,3265.0,1,504,Gulmi,50412,Ruru,1,5041201,1,within,0,0,1.0,0,0,,,,837,Ridi,Precipitation,0.0,1.0,0,Ridi,0.0
RAI_080,80,Lalmatiya,rain,27.84243056,82.72612222,West rapti,287.0,Rainfall station with CDCP,hydrology.gov.np,5617.0,,,2022-02-23T16:00:48.383774+05:45,2026-10-08T18:07:14+05:45,40514.11,0,2026-10-08T22:37:51+05:45,5.0,Dang,56008.0,Rapti,4014.0,2,510,Dang,51008,Rapti,2,5100802,1,within,0,0,1.0,0,0,,,,952,Lalmatiya,Precipitation,0.0,1.0,0,Lalmatiya,0.0
RAI_081,81,Dhap (Thangpal),rain,27.91245194,85.633379,Koshi,1284.0,Rainfall Station with CDCP,hydrology.gov.np,5738.0,,,2024-06-14T06:00:18.475080+05:45,2026-10-08T18:07:14+05:45,20316.12,0,2026-10-08T22:37:51+05:45,3.0,Sindhupalchok,23010.0,Panchpokhari Thangpal,2960.0,6,302,Sindhupalchok,30203,Panchpokhari Thangpal,6,3020306,1,within,0,0,1.0,0,0,,,,847,Dhap (Thangpal),Precipitation,0.0,1.0,0,Dhap (Thangpal),0.0
RAI_082,82,Makwanpur Gadhi,rain,27.4162,85.1562,Narayani,1050.0,Rainfall Station with CDCP,hydrology.gov.np,5737.0,,,2026-10-08T18:00:15.324918+05:45,2026-10-08T18:07:14+05:45,0.12,1,2026-10-08T22:37:51+05:45,3.0,Makwanpur,31007.0,Makawanpurgadhi,2351.0,2,312,Makwanpur,31208,Makawanpurgadhi,2,3120802,1,within,0,0,1.0,0,0,,,,843,Makwanpur Gadhi,Precipitation,0.0,1.0,0,Makwanpur Gadhi,0.0
RAI_083,83,Barpak,rain,28.200747,84.744354,Narayani,1889.0,Rainfall Station with CDCP,hydrology.gov.np,5743.0,,,2026-10-08T18:00:08.521825+05:45,2026-10-08T18:07:14+05:45,0.12,1,2026-10-08T22:37:51+05:45,4.0,Gorkha,36011.0,Barpak Sulikot,3358.0,2,401,Gorkha,40103,Sulikot,2,4010302,1,within,0,0,1.0,0,0,,,,846,Barpak,,0.0,1.0,0,Barpak,0.0
RAI_084,84,Santipur Belauri,rain,28.698575,80.37540389,Mahakali,164.0,Rainfall Station with CDCP,hydrology.gov.np,5726.0,,,2026-09-01T06:00:15.063823+05:45,2026-10-08T18:07:14+05:45,900.12,0,2026-10-08T22:37:51+05:45,7.0,Kanchanpur,72002.0,Belauri,6275.0,4,709,Kanchanpur,70908,Belouri,4,7090804,1,within,0,0,1.0,0,0,,,,824,Santipur Belauri,Precipitation,0.0,1.0,0,Santipur Belauri,0.0
RAI_085,85,Syamgha,rain,28.04078056,84.22912222,Narayani,372.0,Rainfall Station with CDCP,hydrology.gov.np,5736.0,,,2026-10-08T18:00:19.121688+05:45,2026-10-08T18:07:14+05:45,0.12,1,2026-10-08T22:37:51+05:45,4.0,Tanahu,38005.0,Vyas,2448.0,6,407,Tanahu,40702,Byas,6,4070206,1,within,0,0,0.75,1,1,,,,842,Syamgha,Precipitation,0.0,1.0,0,Syamgha,0.0
RAI_086,86,Banganga,rain,27.69329444,83.16125556,Banganga,140.0,Rainfall station with CDCP,hydrology.gov.np,5722.0,,,2026-10-08T18:00:08.392792+05:45,2026-10-08T18:07:14+05:45,0.12,1,2026-10-08T22:37:51+05:45,5.0,Kapilbastu,50001.0,Banganga,2088.0,8,509,Kapilbastu,50901,Banganga,8,5090108,1,within,0,0,1.0,0,0,,,,858,Banganga,Precipitation,0.0,1.0,0,Banganga,0.0
RAI_087,87,Mane Bhanjyang,rain,27.21473,86.44436,Koshi,1540.0,AWS,hydrology.gov.np,5753.0,,,2026-10-08T18:00:15.470611+05:45,2026-10-08T18:07:14+05:45,0.12,1,2026-10-08T22:37:51+05:45,1.0,Okhaldhunga,12005.0,Manebhanjyang,1174.0,9,104,Okhaldhunga,10408,Manebhanjyang,9,1040809,1,within,0,0,1.0,0,0,,,,855,Mane Bhanjyang,Precipitation,0.0,1.0,0,Mane Bhanjyang,0.0
RAI_088,88,Memeng Jagat,rain,27.185503,87.92978694,Koshi,1590.0,Rainfall station with CDCP,hydrology.gov.np,5746.0,,,2026-10-08T18:00:15.926574+05:45,2026-10-08T18:07:14+05:45,0.12,1,2026-10-08T22:37:51+05:45,1.0,Panchthar,2001.0,Falelung,1256.0,5,109,Panchthar,10903,Falelung,5,1090305,1,within,0,0,1.0,0,0,,,,862,Memeng Jagat,Precipitation,0.0,1.0,0,Delete Memeng Jagat,0.0
RAI_089,89,Rambhapur,rain,28.36353889,81.41428333,Babai,150.0,Rainfall Station with CDCP,hydrology.gov.np,5729.0,,,2026-10-08T18:00:17.471988+05:45,2026-10-08T18:07:14+05:45,0.12,1,2026-10-08T22:37:51+05:45,5.0,Bardiya,58003.0,Barbardiya,4846.0,7,512,Bardiya,51202,Barbardiya,7,5120207,1,within,0,0,1.0,0,0,,,,831,Rambhapur,Precipitation,0.0,1.0,0,Rambhapur,0.0
RAI_090,90,Galkot,rain,28.21869167,83.41881111,Narayani,1162.0,Rainfall Station with CDCP,hydrology.gov.np,5732.0,,,2026-10-08T18:00:11.345775+05:45,2026-10-08T18:07:14+05:45,0.12,1,2026-10-08T22:37:51+05:45,4.0,Baglung,45005.0,Galkot,5024.0,3,411,Baglung,41108,Galkot,3,4110803,1,within,0,0,1.0,0,0,,,,836,Galkot,,0.0,1.0,0,Galkot,0.0
RAI_091,91,Kolbhi,rain,27.07456667,85.17534722,Lalbakaiya,114.0,Rainfall Station with CDCP,hydrology.gov.np,5740.0,,,2025-07-20T06:00:19.767662+05:45,2026-10-08T18:07:14+05:45,10692.12,0,2026-10-08T22:37:51+05:45,2.0,Bara,33008.0,Kolhabi,6708.0,1,207,Bara,20702,Kolhabi,1,2070201,1,within,0,0,1.0,0,0,,,,844,Kolbhi,PRECIPITATION,0.0,1.0,0,Kolbhi,0.0
RAI_092,92,Gandakot,rain,27.86541111,83.95603056,Narayani,519.0,Rainfall station with CDCP,hydrology.gov.np,5749.0,,,2026-10-08T18:00:11.429740+05:45,2026-10-08T18:07:14+05:45,0.12,1,2026-10-08T22:37:51+05:45,5.0,Palpa,47007.0,Rampur,5752.0,2,506,Palpa,50601,Rampur,2,5060102,1,within,0,0,1.0,0,0,,,,867,Gandakot,Precipitation,0.0,1.0,0,Gandakot,0.0
RAI_093,93,Shera Gaun,rain,28.57825806,82.81537306,Karnali,2170.0,Rainfall station with CDCP,hydrology.gov.np,5751.0,,,2026-10-08T18:00:18.369334+05:45,2026-10-08T18:07:14+05:45,0.12,1,2026-10-08T22:37:51+05:45,5.0,Rukum East,77002.0,Putha Uttarganga,1459.0,10,501,Rukum East,50101,Putha Uttanganga,10,5010110,1,within,0,0,1.0,0,0,,,,866,Shera Gaun,Precipitation,0.0,1.0,0,Shera Gaun,0.0
RAI_094,94,Tumlingtar,rain,27.30127778,87.20433333,Koshi,477.0,Not in fully operational due to Barometer uninstalled ,hydrology.gov.np,5754.0,,,2026-10-08T18:00:20.294084+05:45,2026-10-08T18:07:14+05:45,0.11,1,2026-10-08T22:37:51+05:45,1.0,Sankhuwasabha,9005.0,Khandbari,1695.0,9,102,Sankhuwasabha,10206,Khandabari,9,1020609,1,within,0,0,1.0,0,0,,,,859,Tumlingtar,Precipitation,0.0,1.0,0,Delete Tumlingtar,0.0
RAI_095,95,Nepalthok,rain,27.419825,85.84864444,Koshi,690.0,Rainfall Station with CDCP,hydrology.gov.np,5742.0,,,2026-10-08T18:00:16.585172+05:45,2026-10-08T18:07:14+05:45,0.12,1,2026-10-08T22:37:51+05:45,3.0,Sindhuli,20008.0,Sunkoshi,2857.0,2,311,Sindhuli,31106,Sunkoshi,2,3110602,1,within,0,0,1.0,0,0,,,,852,Nepalthok,Precipitation,0.0,1.0,0,Nepalthok,0.0
RAI_096,96,Chiuri,rain,28.99836306,80.80443194,Karnali,1492.0,Rainfall station with CDCP,hydrology.gov.np,5745.0,,,2026-03-16T12:15:11.094836+05:45,2026-10-08T18:07:14+05:45,4949.87,0,2026-10-08T22:37:51+05:45,7.0,Doti,70002.0,Badikedar,627.0,1,706,Doti,70608,Badi Kedar,1,7060801,1,within,0,0,1.0,0,0,,,,864,Chiuri,Precipitation,0.0,1.0,0,Chiuri,0.0
RAI_097,97,Danda,rain,27.625647,84.090786,Narayani,,Rainfall Station with CDCP,hydrology.gov.np,5302.0,,,2021-09-16T14:15:46.885265+05:45,2026-10-08T18:07:14+05:45,44355.86,0,2026-10-08T22:37:51+05:45,4.0,Nawalparasi East,76007.0,Kawasoti,3452.0,16,408,Nawalparasi East,40806,Kawasoti,16,4080616,1,within,0,0,1.0,0,0,,,,871,Danda,,0.0,1.0,0,Danda,0.0
RAI_098,98,Letang,rain,26.73416667,87.50166667,Keshaliya,256.0,Rainfall station with CDCP,hydrology.gov.np,5747.0,,,2026-10-08T18:00:14.926041+05:45,2026-10-08T18:07:14+05:45,0.12,1,2026-10-08T22:37:51+05:45,1.0,Morang,5010.0,Letang,5857.0,3,112,Morang,11202,Letang,3,1120203,1,within,0,0,1.0,0,0,,,,861,Letang,Precipitation,0.0,1.0,0,Letang,0.0
RAI_099,99,Dedh Gaun,rain,27.85150833,84.07735,Narayani,379.0,Rainfall station with CDCP,hydrology.gov.np,5750.0,,,2026-08-21T07:15:07.474823+05:45,2026-10-08T18:07:14+05:45,1162.87,0,2026-10-08T22:37:51+05:45,4.0,Nawalparasi East,76003.0,Baudikali,3461.0,2,408,Nawalparasi East,40803,Bungdikali,2,4080302,1,within,0,0,1.0,0,0,,,,868,Dedh Gaun,Precipitation,0.0,1.0,0,Dedh Gaun,0.0
RAI_100,100,Gothikanda,rain,28.64111111,81.60666667,Karnali,,CDCP with rainfall and temp/humidity,hydrology.gov.np,10445.0,,,2026-10-08T18:00:12.113921+05:45,2026-10-08T18:07:14+05:45,0.12,1,2026-10-08T22:37:51+05:45,6.0,Surkhet,59003.0,Birendranagar,2645.0,14,610,Surkhet,61006,Birendranagar,14,6100614,1,within,0,0,1.0,0,0,,,,986,Gothikanda,,0.0,1.0,0,Gothikanda,0.0
RAI_101,101,Dharan_Bazar,rain,26.791851,87.297375,Koshi,314.0,Tier 3 station,hydrology.gov.np,13011.0,,,2026-10-08T18:00:10.602122+05:45,2026-10-08T18:07:14+05:45,0.12,1,2026-10-08T22:37:51+05:45,1.0,Sunsari,6005.0,Dharan,4719.0,15,113,Sunsari,11301,Dharan,15,1130115,1,within,0,0,1.0,0,0,,,,468,Dharan Bazar,,53.8,1.0,0,Dharan_Bazar,0.0
RAI_102,102,Darbang,rain,28.41354,83.385413,Narayani,1160.0,Rainfall Station with CDCP,hydrology.gov.np,11805.0,,,2026-10-08T18:00:10.316826+05:45,2026-10-08T18:07:14+05:45,0.12,1,2026-10-08T22:37:51+05:45,4.0,Myagdi,43004.0,Malika,1132.0,6,404,Myagdi,40404,Malika,6,4040406,1,within,0,0,1.0,0,0,,,,835,Darbang,Precipitation,0.0,1.0,0,Darbang,0.0
RAI_103,103,Bhojpur,rain,27.174578,87.039478,Koshi,1569.0,Tier 3,hydrology.gov.np,13021.0,,,2025-09-24T07:00:09.611345+05:45,2026-10-08T18:07:14+05:45,9107.12,0,2026-10-08T22:37:51+05:45,1.0,Bhojpur,10003.0,Bhojpur,385.0,8,106,Bhojpur,10604,Bhojpur,8,1060408,1,within,0,0,1.0,0,0,,,,293,Bhojpur,Climate,0.0,1.0,0,Bhojpur,0.0
RAI_104,104,Chaurbandale,rain,29.157537,80.464178,Mahakali,1308.0,Rainfall Station; previous name - Rangoon Upstream at Chaudbandale,hydrology.gov.np,10481.0,,,2021-09-13T17:00:45.480364+05:45,2026-10-08T18:07:14+05:45,44425.11,0,2026-10-08T22:37:51+05:45,7.0,Dadeldhura,73002.0,Alital,6587.0,3,705,Dadeldhura,70506,Aalital,3,7050603,1,within,0,0,1.0,0,0,,,,988,Chaurbandale,TPB,0.0,1.0,0,Chaurbandale,0.0
RAI_105,105,Jogbudha,rain,29.12785778,80.34740778,Mahakali,379.0,Rainfall station,hydrology.gov.np,10475.0,,,2021-09-13T18:00:44.856449+05:45,2026-10-08T18:07:14+05:45,44424.11,0,2026-10-08T22:37:51+05:45,7.0,Dadeldhura,73007.0,Parashuram,6608.0,12,705,Dadeldhura,70505,Parashuram,12,7050512,1,within,0,0,1.0,0,0,,,,987,Jogbudha,Precipitation,0.0,1.0,0,delete_Jogbugha,0.0
RAI_106,106,Kolagaun at Jorayal,rain,29.120099,80.709455,Karnali (Thuligad),,Rainfall_Station,hydrology.gov.np,10493.0,,,2022-01-02T05:45:46.976192+05:45,2026-10-08T18:07:14+05:45,41772.36,0,2026-10-08T22:37:51+05:45,7.0,Doti,70005.0,Jorayal,642.0,3,706,Doti,70609,Jorayal,3,7060903,1,within,0,0,1.0,0,0,,,,990,Kolagaun at Jorayal,,0.0,1.0,0,Kolagaun at Jorayal,0.0
RAI_107,107,Biratnagar_Airport,rain,26.483642,87.256456,Keshaliya,75.0,Station under PPCR,hydrology.gov.np,12776.0,,,2026-09-25T14:15:07.706533+05:45,2026-10-08T18:07:14+05:45,315.87,0,2026-10-08T22:37:51+05:45,1.0,Morang,5002.0,Biratnagar,5815.0,4,112,Morang,11214,Biratnagar,4,1121404,1,within,0,0,1.0,0,0,,,,288,Biratnagar_Airport,,0.0,1.0,0,Biratnagar_Airport,0.0
RAI_108,108,Gaibande,rain,29.086833,80.341074,Mahakali (Rangoon-Puntura),529.0,Rainfall_station; previous name - Gaibade Puntura,hydrology.gov.np,10487.0,,,2021-12-03T11:00:44.404787+05:45,2026-10-08T18:07:14+05:45,42487.11,0,2026-10-08T22:37:51+05:45,7.0,Dadeldhura,73007.0,Parashuram,6612.0,9,705,Dadeldhura,70505,Parashuram,9,7050509,1,within,0,0,1.0,0,0,,,,989,Gaibande,TPB,0.0,1.0,0,Gaibande,0.0
RAI_109,109,Khopasi(Panauti),rain,27.57225278,85.52855278,Koshi,1442.0,Rainfall Station with Compact Data Collection Platform,hydrology.gov.np,5572.0,,,2026-10-08T18:00:14.242383+05:45,2026-10-08T18:07:14+05:45,0.12,1,2026-10-08T22:37:51+05:45,3.0,Kavrepalanchok,24010.0,Panauti,6114.0,10,309,Kavrepalanchok,30909,Panauti,10,3090910,1,within,0,0,1.0,0,0,,,,848,Khopasi(Panauti),Precipitation,0.0,1.0,0,Khopasi(Panauti),0.0
RAI_110,110,Bardaghat,rain,27.557175,83.78595556,Narayani,126.0,Rainfall Station with CDCP,hydrology.gov.np,5725.0,,,2026-10-08T18:00:08.565674+05:45,2026-10-08T18:07:14+05:45,0.12,1,2026-10-08T22:37:51+05:45,5.0,Nawalparasi West,48001.0,Bardaghat,3610.0,4,507,Nawalparasi West,50701,Bardaghat,4,5070104,1,within,0,0,1.0,0,0,,,,840,Bardaghat,Precipitation,0.0,1.0,0,Bardaghat,0.0
RAI_111,111,Hariharpur Gadhi Valley,rain,27.294469,85.456563,Bagmati,250.0,Rainfall Station with CDCP,hydrology.gov.np,10638.0,,,2026-06-06T12:45:09.802509+05:45,2026-10-08T18:07:14+05:45,2981.37,0,2026-10-08T22:37:51+05:45,3.0,Sindhuli,20004.0,Hariharpurgadhi,2859.0,3,311,Sindhuli,31109,Hariharpurgaghi,3,3110903,1,within,0,0,1.0,0,0,,,,853,Hariharpur Gadhi Valley,Precipitation,0.0,1.0,0,Hariharpur Gadhi Valley,0.0
RAI_112,112,Baglung,rain,28.26363611,83.60032222,Narayani,964.0,0605,hydrology.gov.np,13044.0,,,2026-10-08T18:00:08.019740+05:45,2026-10-08T18:07:14+05:45,0.12,1,2026-10-08T22:37:51+05:45,4.0,Baglung,45002.0,Baglung,5004.0,2,411,Baglung,41101,Baglung,2,4110102,1,within,0,0,1.0,0,0,,,,682,Baglung,Climate,0.0,1.0,0,Baglung,0.0
RAI_113,113,Bharatpur Airport,rain,27.673928,84.431489,Narayani,215.0,Tier 1 station,hydrology.gov.np,13039.0,,,2026-10-08T11:30:11.107682+05:45,2026-10-08T18:07:14+05:45,6.62,1,2026-10-08T22:37:51+05:45,3.0,Chitwan,35001.0,Bharatpur,2229.0,10,313,Chitwan,31304,Bharatpur,10,3130410,1,within,0,0,1.0,0,0,,,,903,Bharatpur Airport,,0.0,1.0,0,Bharatpur Airport,0.0
RAI_114,114,Bandipur,rain,27.94183333,84.40637778,Narayani,991.0,0808,hydrology.gov.np,13038.0,,,2026-10-08T18:00:08.313120+05:45,2026-10-08T18:07:14+05:45,0.12,1,2026-10-08T22:37:51+05:45,4.0,Tanahu,38002.0,Bandipur,2481.0,4,407,Tanahu,40709,Bandipur,4,4070904,1,within,0,0,1.0,0,0,,,,762,Bandipur,Climate,0.0,1.0,0,Bandipur,0.0
RAI_115,115,Dadeldhura_AWS,rain,29.30167,80.58778,Mahakali,1880.0,Tier 3 station,hydrology.gov.np,13071.0,,,2026-10-08T18:00:09.970407+05:45,2026-10-08T18:07:14+05:45,0.12,1,2026-10-08T22:37:51+05:45,7.0,Dadeldhura,73003.0,Amargadhi,6594.0,5,705,Dadeldhura,70502,Amargadhi,5,7050205,1,within,0,0,1.0,0,0,,,,914,Dadeldhura_AWS,Synoptic,0.0,1.0,0,Dadeldhura_AWS,0.0
RAI_116,116,Chandragadi Airport,rain,26.570391,88.075144,Mechi,95.0,Tier 1 station,hydrology.gov.np,13002.0,,,2026-10-08T18:00:09.562817+05:45,2026-10-08T18:07:14+05:45,0.12,1,2026-10-08T22:37:51+05:45,1.0,Jhapa,4003.0,Bhadrapur,6313.0,8,111,Jhapa,11114,Bhadrapur,8,1111408,1,within,0,0,1.0,0,0,,,,907,Chandragadi Airport,Aero-synoptic,0.0,1.0,0,Chandragadi Airport,0.0
RAI_117,117,Daman,rain,27.604389,85.091965,Narayani,2265.0,0905,hydrology.gov.np,12809.0,,,2026-10-08T18:00:10.114799+05:45,2026-10-08T18:07:14+05:45,0.12,1,2026-10-08T22:37:51+05:45,3.0,Makwanpur,31010.0,Thaha,2328.0,4,312,Makwanpur,31202,Thaha,4,3120204,1,within,0,0,1.0,0,0,,,,310,Daman,Climate,0.0,1.0,0,Daman,0.0
RAI_118,118,Bhairahawa (Agric),rain,27.5310288,83.4583003,Tinau,112.0,"Manual Station Shifted on 2021-07-15 to AWS site from 27.5291165, 83.4578067, 112m",hydrology.gov.np,13047.0,,,2026-10-08T18:00:08.924438+05:45,2026-10-08T18:07:14+05:45,0.12,1,2026-10-08T22:37:51+05:45,5.0,Rupandehi,49009.0,Omsatiya,4247.0,2,508,Rupandehi,50809,Om Satiya,2,5080902,1,within,0,0,1.0,0,0,,,,714,Bhairahawa (Agric),Agromet,0.0,1.0,0,Bhairahawa (Agric),0.0
RAI_119,119,Dhankuta,rain,26.98321944,87.34595556,Koshi,1192.0,1307,hydrology.gov.np,13020.0,,,2026-10-08T18:00:10.546739+05:45,2026-10-08T18:07:14+05:45,0.12,1,2026-10-08T22:37:51+05:45,1.0,Dhankuta,7003.0,Dhankuta,474.0,4,107,Dhankuta,10704,Dhankuta,4,1070404,1,within,0,0,1.0,0,0,,,,465,Dhankuta,Synoptic,0.0,1.0,0,Dhankuta,0.0
RAI_120,120,Dhangadhi airport,rain,28.75333,80.58444,Mohana,187.0,Tier 1 station station number (20901),hydrology.gov.np,13067.0,,,2026-10-08T18:00:10.515062+05:45,2026-10-08T18:07:14+05:45,0.12,1,2026-10-08T22:37:51+05:45,7.0,Kailali,71004.0,Dhangadhi,5305.0,13,708,Kailali,70813,Dhangadhi,13,7081313,1,within,0,0,1.0,0,0,,,,947,Dhangadhi airport,AWS,0.0,1.0,0,Dhangadhi airport,0.0
RAI_121,121,Dipayal (Doti),rain,29.26209694,80.93690083,Karnali,563.0,0218,hydrology.gov.np,13069.0,,,2026-03-16T12:15:12.659493+05:45,2026-10-08T18:07:14+05:45,4949.87,0,2026-10-08T22:37:51+05:45,7.0,Doti,70004.0,Dipayal Silgadi,610.0,2,706,Doti,70605,Dipayal Silgadhi,2,7060502,1,within,0,0,1.0,0,0,,,,538,Dipayal (Doti),Aero-synoptic,0.0,1.0,0,Dipayal (Doti),0.0
RAI_122,122,Aiselukhark,rain,27.35833,86.74861,Koshi,2082.0,Tier 3 Station,hydrology.gov.np,13028.0,,,2026-10-08T18:00:07.545664+05:45,2026-10-08T18:07:14+05:45,0.12,1,2026-10-08T22:37:51+05:45,1.0,Khotang,13001.0,Ainselukhark,885.0,3,105,Khotang,10502,Aiselukharka,3,1050203,1,within,0,0,1.0,0,0,,,,276,Aiselukhark,,0.0,1.0,0,Aiselukhark,0.0
RAI_123,123,Bijuwatar,rain,28.097286,82.857698,West Rapti,778.0,Tier 3,hydrology.gov.np,13051.0,,,2024-10-01T05:45:22.373568+05:45,2026-10-08T18:07:14+05:45,17700.36,0,2026-10-08T22:37:51+05:45,5.0,Pyuthan,52007.0,Pyuthan,1355.0,4,503,Pyuthan,50304,Pyuthan,4,5030404,1,within,0,0,1.0,0,0,,,,934,Bijuwatar,Climate,0.0,1.0,0,Bijuwatar,0.0
RAI_124,124,Ghorai (Dang),rain,28.03719889,82.484156,Babai,663.0,elevation 680 from google earth,hydrology.gov.np,13052.0,,,2026-09-17T10:15:08.956972+05:45,2026-10-08T18:07:14+05:45,511.87,0,2026-10-08T22:37:51+05:45,5.0,Dang,56005.0,Ghorahi,3986.0,15,510,Dang,51002,Ghorahi,15,5100215,1,within,0,0,1.0,0,0,,,,652,Ghorai (Dang),Synoptic,0.0,1.0,0,Ghorai (Dang),0.0
RAI_125,125,Talcha,rain,29.522221,82.145146,Karnali,2750.0,"Tier 3 Station; previously station was proposed at Gamgadi, but installed at Talcha Airport",hydrology.gov.np,13059.0,,,2026-10-08T18:00:19.358217+05:45,2026-10-08T18:07:14+05:45,0.12,1,2026-10-08T22:37:51+05:45,6.0,Mugu,65001.0,Chhayanath Rara,1064.0,4,602,Mugu,60202,Chhayanath Rara,4,6020204,1,within,0,0,1.0,0,0,,,,1958,Talcha,Aero-synoptic,0.0,1.0,0,Talcha,0.0
RAI_126,126,Dailekh_AWS,rain,28.838,81.71,Karnali,1374.0,Tier 3 Station,hydrology.gov.np,13062.0,,,2026-10-08T18:00:10.039694+05:45,2026-10-08T18:07:14+05:45,0.12,1,2026-10-08T22:37:51+05:45,6.0,Dailekh,60009.0,Narayan,1913.0,1,606,Dailekh,60608,Narayan,1,6060801,1,within,0,0,1.0,0,0,,,,1957,Dailekh_AWS,Climate,0.0,1.0,0,Dailekh_AWS,0.0
RAI_127,127,Dhunibesi,rain,27.722878,85.164311,Narayani,991.0,Tier 2,hydrology.gov.np,12871.0,,,2026-10-08T11:30:12.954947+05:45,2026-10-08T18:07:14+05:45,6.62,1,2026-10-08T22:37:51+05:45,3.0,Dhading,30002.0,Dhunibeshi,3152.0,9,304,Dhading,30413,Dhunibenshi,9,3041309,1,within,0,0,1.0,0,0,,,,924,Dhunibesi,Climate,0.0,1.0,0,Dhunibesi,0.0
RAI_128,128,Ilam Tea Estate,rain,26.90963889,87.92308333,Kankai,1208.0,1407,hydrology.gov.np,13007.0,,,2026-10-08T18:00:12.635625+05:45,2026-10-08T18:07:14+05:45,0.12,1,2026-10-08T22:37:51+05:45,1.0,Ilam,3004.0,Ilam,3297.0,7,110,Ilam,11003,Ilam,7,1100307,1,within,0,0,1.0,0,0,,,,484,Ilam Tea Estate,Climate,0.0,1.0,0,Ilam Tea Estate,0.0
RAI_129,129,Hetauda N.F.I.,rain,27.420213,85.025209,Narayani,452.0,"Manual Station Shifted to AWS site on 2021-12-06 from 27.4227, 85.0279, 452m",hydrology.gov.np,12818.0,,,2026-10-08T18:00:12.508658+05:45,2026-10-08T18:07:14+05:45,0.12,1,2026-10-08T22:37:51+05:45,3.0,Makwanpur,31004.0,Hetauda,2332.0,10,312,Makwanpur,31206,Hetauda,10,3120610,1,within,0,0,1.0,0,0,,,,311,Hetauda N.F.I.,Climate,0.0,1.0,0,Hetauda N.F.I.,0.0
RAI_130,130,Janakpur Airport,rain,26.709665,85.917228,Rato,76.0,1111,hydrology.gov.np,13032.0,,,2026-03-16T12:15:15.426950+05:45,2026-10-08T18:07:14+05:45,4949.87,0,2026-10-08T22:37:51+05:45,2.0,Dhanusa,17010.0,Janakpurdham,6458.0,12,203,Dhanusa,20315,Janakpur,12,2031512,1,within,0,0,1.0,0,0,,,,429,Janakpur Airport,Aero-synoptic,0.0,1.0,0,Janakpur Airport,0.0
RAI_131,131,Darchula New,rain,29.84287806,80.53884806,Mahakali,887.0,0198,hydrology.gov.np,13072.0,,,2026-03-16T12:15:11.755277+05:45,2026-10-08T18:07:14+05:45,4949.87,0,2026-10-08T22:37:51+05:45,7.0,Darchula,75005.0,Mahakali,417.0,5,703,Darchula,70303,Mahakali,5,7030305,1,within,0,0,1.0,0,0,,,,520,Darchula New,Climatology,0.0,1.0,0,Darchula New,0.0
RAI_132,132,Gaira,rain,29.159,80.599,Mahakali,1871.0,Tier 3,hydrology.gov.np,13070.0,,,2026-10-08T18:00:11.314541+05:45,2026-10-08T18:07:14+05:45,0.12,1,2026-10-08T22:37:51+05:45,7.0,Doti,70005.0,Jorayal,622.0,1,706,Doti,70609,Jorayal,1,7060901,1,within,0,0,1.0,0,0,,,,153,GAIRA,Precipitation,566.3,1.0,0,Gaira,0.0
RAI_133,133,Kakani,rain,27.8112882,85.2674061,Narayani,2002.0,1007,hydrology.gov.np,12827.0,,,2026-10-08T18:00:13.511356+05:45,2026-10-08T18:07:14+05:45,0.12,1,2026-10-08T22:37:51+05:45,3.0,Nuwakot,28004.0,Kakani,3705.0,5,305,Nuwakot,30512,Kakani,5,3051205,1,within,0,0,1.0,0,0,,,,345,Kakani,Agromet,0.0,1.0,0,Kakani,0.0
RAI_134,134,Jumla Airport,rain,29.27396667,82.19415,Karnali,2384.0,0399,hydrology.gov.np,13058.0,,,2026-10-08T18:00:13.225958+05:45,2026-10-08T18:07:14+05:45,0.12,1,2026-10-08T22:37:51+05:45,6.0,Jumla,63001.0,Chandannath,737.0,1,604,Jumla,60404,Chandannath,1,6040401,1,within,0,0,1.0,0,0,,,,598,Jumla Airport,Climate,0.0,1.0,0,Jumla Airport,0.0
RAI_135,135,Kanyam Tea Estate,rain,26.86805556,88.07833333,Mechi,1570.0,1416,hydrology.gov.np,13005.0,,,2026-10-08T18:00:13.603301+05:45,2026-10-08T18:07:14+05:45,0.12,1,2026-10-08T22:37:51+05:45,1.0,Ilam,3010.0,Suryodaya,3310.0,7,110,Ilam,11009,Suryodaya,7,1100907,1,within,0,0,1.0,0,0,,,,490,Kanyam Tea Estate,Climate,0.0,1.0,0,Kanyam Tea Estate,0.0
RAI_136,136,Ghorepani,rain,28.401421,83.695571,Narayani,2987.0,0619,hydrology.gov.np,13045.0,,,2026-07-17T05:45:08.655956+05:45,2026-10-08T18:07:14+05:45,2004.37,0,2026-10-08T22:37:51+05:45,4.0,Myagdi,43001.0,Annapurna,1140.0,6,404,Myagdi,40401,Annapurna,6,4040106,1,within,0,0,1.0,0,0,,,,693,Ghorepani,Precipitation,0.0,1.0,0,Ghorepani,0.0
RAI_137,137,Jajarkot,rain,28.6989756,82.2001231,Karnali,1236.0,Tier 3,hydrology.gov.np,13056.0,,,2026-10-08T18:00:12.870757+05:45,2026-10-08T18:07:14+05:45,0.12,1,2026-10-08T22:37:51+05:45,6.0,Jajarkot,61002.0,Bheri,716.0,4,607,Jajarkot,60706,Bheri Malika,4,6070604,1,within,0,0,1.0,0,0,,,,931,Jajarkot,Precipitation,0.0,1.0,0,Jajarkot,0.0
RAI_138,138,Khajura (Nepalganj),rain,28.11368333,81.59030556,West Rapti,129.0,0409,hydrology.gov.np,13787.0,,,2026-10-08T18:00:14.113531+05:45,2026-10-08T18:07:14+05:45,0.12,1,2026-10-08T22:37:51+05:45,5.0,Banke,57003.0,Janki,2168.0,4,511,Banke,51105,Janaki,4,5110504,1,within,0,0,1.0,0,0,,,,607,Khajura (Nepalganj),Agromet,0.0,1.0,0,Khajura (Nepalganj),0.0
RAI_139,139,Khudi Bazar,rain,28.28220833,84.35640278,Narayani,838.0,0802,hydrology.gov.np,13041.0,,,2026-10-08T18:00:14.304047+05:45,2026-10-08T18:07:14+05:45,0.12,1,2026-10-08T22:37:51+05:45,4.0,Lamjung,37006.0,Marsyangdi,1023.0,3,406,Lamjung,40602,Marshyangdi,3,4060203,1,within,0,0,1.0,0,0,,,,756,Khudi Bazar,Climate,0.0,1.0,0,Khudi Bazar,0.0
RAI_140,140,Gulariya,rain,28.21278611,81.34521111,Babai,126.0,0408,hydrology.gov.np,13065.0,,,2026-10-08T18:00:12.190745+05:45,2026-10-08T18:07:14+05:45,0.12,1,2026-10-08T22:37:51+05:45,5.0,Bardiya,58005.0,Gulariya,4811.0,4,512,Bardiya,51207,Gulariya,4,5120704,1,within,0,0,1.0,0,0,,,,606,Gulariya,Climate,0.0,1.0,0,Gulariya,0.0
RAI_141,141,Jiri,rain,27.63044722,86.23211389,Koshi,1877.0,1103,hydrology.gov.np,12959.0,,,2026-10-08T18:00:13.091930+05:45,2026-10-08T18:07:14+05:45,0.12,1,2026-10-08T22:37:51+05:45,3.0,Dolakha,22005.0,Jiri,558.0,5,301,Dolakha,30105,Jiri,5,3010505,1,within,0,0,1.0,0,0,,,,421,Jiri,Climate,0.0,1.0,0,Jiri,0.0
RAI_142,142,Liwang,rain,28.308792,82.632953,West Rapti,1281.0,Tier 3,hydrology.gov.np,13053.0,,,2026-09-20T05:45:14.780686+05:45,2026-10-08T18:07:14+05:45,444.37,0,2026-10-08T22:37:51+05:45,5.0,Rolpa,53004.0,Rolpa,5274.0,2,502,Rolpa,50207,Rolpa,2,5020702,1,within,0,0,1.0,0,0,,,,933,Liwang,Climate,0.0,1.0,0,Liwang,0.0
RAI_143,143,Lahan,rain,26.732702,86.477648,Balan-Khado,110.0,1215,hydrology.gov.np,13024.0,,,2026-03-16T12:15:18.062667+05:45,2026-10-08T18:07:14+05:45,4949.87,0,2026-10-08T22:37:51+05:45,2.0,Siraha,16010.0,Lahan,4627.0,10,202,Siraha,20201,Lahan,10,2020110,1,within,0,0,1.0,0,0,,,,452,Lahan,,0.0,1.0,0,Lahan,0.0
RAI_144,144,Lumle,rain,28.29653889,83.81791111,Narayani,1738.0,0814,hydrology.gov.np,12798.0,,,2026-10-08T18:00:15.066732+05:45,2026-10-08T18:07:14+05:45,0.12,1,2026-10-08T22:37:51+05:45,4.0,Kaski,40001.0,Annapurna,3898.0,6,405,Kaski,40503,Annapurna,6,4050306,1,within,0,0,1.0,0,0,,,,767,Lumle,Agromet,0.0,1.0,0,Lumle,0.0
RAI_145,145,Manthali Airport,rain,27.39129,86.05911,Koshi,496.0,Tier 3 station,hydrology.gov.np,13031.0,,,2026-10-08T18:00:15.675349+05:45,2026-10-08T18:07:14+05:45,0.12,1,2026-10-08T22:37:51+05:45,3.0,Ramechhap,21005.0,Manthali,5174.0,1,310,Ramechhap,31005,Manthali,1,3100501,1,within,0,0,1.0,0,0,,,,940,Manthali Airport,,0.0,1.0,0,Manthali Airport,0.0
RAI_146,146,Manma_AWS,rain,29.141411,81.615126,Karnali,1858.0,Tier 3 Station,hydrology.gov.np,13061.0,,,2026-10-08T18:00:15.605233+05:45,2026-10-08T18:07:14+05:45,0.12,1,2026-10-08T22:37:51+05:45,6.0,Kalikot,64002.0,Khandachakra,813.0,3,605,Kalikot,60506,Khandachakra,3,6050603,1,within,0,0,1.0,0,0,,,,1955,Manma_AWS,,0.0,1.0,0,Manma_AWS,0.0
RAI_147,147,Nagarkot_AWS,rain,27.691733,85.52039,Bagmati,2142.0,Tier 3 AWS,hydrology.gov.np,13035.0,,,2026-10-08T18:00:16.134078+05:45,2026-10-08T18:07:14+05:45,0.12,1,2026-10-08T22:37:51+05:45,3.0,Kavrepalanchok,24001.0,Banepa,6139.0,2,309,Kavrepalanchok,30904,Banepa,2,3090402,1,within,0,0,1.0,0,0,,,,286,Nagarkot_AWS,,0.0,1.0,0,Nagarkot_AWS,0.0
RAI_148,148,Karmaiya,rain,27.133046,85.484083,Bagmati,139.0,1121,hydrology.gov.np,13638.0,,,2026-01-11T06:00:17.769647+05:45,2026-10-08T18:07:14+05:45,6492.12,0,2026-10-08T22:37:51+05:45,2.0,Sarlahi,19001.0,Bagmati,5619.0,11,205,Sarlahi,20503,Bagmati,11,2050311,1,within,0,0,1.0,0,0,,,,439,Karmaiya,Climate,0.0,1.0,0,Karmaiya,0.0
RAI_149,149,Khumaltar,rain,27.651677,85.325693,Bagmati,1334.0,1029,hydrology.gov.np,12785.0,,,2026-10-08T18:00:14.341234+05:45,2026-10-08T18:07:14+05:45,0.12,1,2026-10-08T22:37:51+05:45,3.0,Lalitpur,25004.0,Lalitpur,1989.0,15,308,Lalitpur,30802,Lalitpur,15,3080215,1,within,0,0,1.0,0,0,,,,367,Khumaltar,Agromet,0.0,1.0,0,Khumaltar,0.0
RAI_150,150,Nuwakot,rain,27.914975,85.16463889,Narayani,966.0,1004,hydrology.gov.np,12778.0,,,2026-08-22T08:15:13.135863+05:45,2026-10-08T18:07:14+05:45,1137.87,0,2026-10-08T22:37:51+05:45,3.0,Nuwakot,28002.0,Bidur,3630.0,2,305,Nuwakot,30504,Bidur,2,3050402,1,within,0,0,1.0,0,0,,,,342,Nuwakot,Climate,0.0,1.0,0,Nuwakot,0.0
RAI_151,151,Num,rain,27.55534778,87.285198,Koshi,1494.0,1301,hydrology.gov.np,13022.0,,,2026-08-08T06:00:13.692710+05:45,2026-10-08T18:07:14+05:45,1476.12,0,2026-10-08T22:37:51+05:45,1.0,Sankhuwasabha,9007.0,Makalu,1648.0,5,102,Sankhuwasabha,10202,Makalu,5,1020205,1,within,0,0,1.0,0,0,,,,460,Num,Precipitation,0.0,1.0,0,Num,0.0
RAI_152,152,Pakhribas,rain,27.046316,87.292473,Koshi,1720.0,Tier 2 station,hydrology.gov.np,13023.0,,,2026-07-08T05:45:14.460238+05:45,2026-10-08T18:07:14+05:45,2220.37,0,2026-10-08T22:37:51+05:45,1.0,Dhankuta,7006.0,Pakhribas,500.0,3,107,Dhankuta,10702,Pakhribas,3,1070203,1,within,0,0,1.0,0,0,,,,462,Pakhribas,Climate,0.0,1.0,0,Pakhribas,0.0
RAI_153,153,Jaleshore,rain,26.644521,85.803789,Koshi,68.0,Tier 2 station,hydrology.gov.np,13033.0,,,2023-08-21T14:45:29.246564+05:45,2026-10-08T18:07:14+05:45,27459.36,0,2026-10-08T22:37:51+05:45,2.0,Mahottari,18007.0,Jaleswor,5950.0,2,204,Mahottari,20415,Jaleshwor,2,2041502,1,within,0,0,1.0,0,0,,,,440,Jalesor,Climate,923.5,0.933,0,Jaleshwar,0.0
RAI_154,154,Kankai,rain,26.657925,87.861519,Kankai,125.0,"Tier 2 (same location as Gaida (Kankai), need to manage data and delete one station)",hydrology.gov.np,13003.0,,,2026-07-14T06:00:10.483376+05:45,2026-10-08T18:07:14+05:45,2076.12,0,2026-10-08T22:37:51+05:45,1.0,Jhapa,4015.0,Shivasataxi,6411.0,10,111,Jhapa,11105,Shivasatakshi,10,1110510,1,within,0,0,1.0,0,0,,,,893,Kankai,Agromet,0.0,1.0,0,Kankai,0.0
RAI_155,155,Pokhara_AWOS_04,rain,28.195441,83.978212,Narayani,812.0,AWOS Station - Primary,hydrology.gov.np,13043.0,,,2026-10-08T18:00:17.152099+05:45,2026-10-08T18:07:14+05:45,0.12,1,2026-10-08T22:37:51+05:45,4.0,Kaski,40004.0,Pokhara,3880.0,7,405,Kaski,40504,Pokhara Lekhnath,7,4050407,1,within,0,0,1.0,0,0,,,,281,Pokhara_AWOS_04,Agromet,0.0,1.0,0,Pokhara_AWOS_04,0.0
RAI_156,156,Phidim (Panchther),rain,27.14367389,87.765595,Koshi,1157.0,1419,hydrology.gov.np,13008.0,,,2025-10-14T05:45:23.869405+05:45,2026-10-08T18:07:14+05:45,8628.36,0,2026-10-08T22:37:51+05:45,1.0,Panchthar,2006.0,Phidim,1252.0,1,109,Panchthar,10904,Phidim,1,1090401,1,within,0,0,1.0,0,0,,,,491,Phidim (Panchther),Precipitation,0.0,1.0,0,Phidim (Panchther),0.0
RAI_157,157,Rajbiraj Airport,rain,26.51053,86.73561,Churiya,79.0,Tier 2,hydrology.gov.np,13025.0,,,2026-06-22T05:45:10.366455+05:45,2026-10-08T18:07:14+05:45,2604.37,0,2026-10-08T22:37:51+05:45,2.0,Saptari,15004.0,Bishnupur,4495.0,6,201,Saptari,20112,Bishnupur,6,2011206,1,within,0,0,1.0,0,0,,,,926,Rajbiraj Airport,Tier 2,0.0,1.0,0,Rajbiraj Airport,0.0
RAI_158,158,Mangalsen_AWS,rain,29.1347,81.25705,Karnali,1445.0,Tier 3 station,hydrology.gov.np,13068.0,,,2026-10-08T18:00:15.527344+05:45,2026-10-08T18:07:14+05:45,0.12,1,2026-10-08T22:37:51+05:45,7.0,Achham,69005.0,Mangalsen,2576.0,5,707,Achham,70706,Mangalsen,5,7070605,1,within,0,0,1.0,0,0,,,,919,Mangalsen_AWS,,0.0,1.0,0,Mangalsen_AWS,0.0
RAI_159,159,Nepalgunj airport,rain,28.10339,81.672146,West Rapti,158.0,Tier 1 station,hydrology.gov.np,13904.0,,,2026-10-08T18:00:16.514044+05:45,2026-10-08T18:07:14+05:45,0.12,1,2026-10-08T22:37:51+05:45,5.0,Banke,57007.0,Nepalgunj,2178.0,20,511,Banke,51106,Nepalganj,20,5110620,1,within,0,0,1.0,0,0,,,,618,Nepalgunj Airport,Aero-synoptic,496.9,1.0,0,Nepalgunj airport,0.0
RAI_160,160,Salyan Bazaar_AWS,rain,28.38210306,82.14225111,Babai,1557.0,Tier 3,hydrology.gov.np,13055.0,,,2026-08-07T06:00:14.933238+05:45,2026-10-08T18:07:14+05:45,1500.12,0,2026-10-08T22:37:51+05:45,6.0,Salyan,55009.0,Sharada,1600.0,4,609,Salyan,60907,Sharada,4,6090704,1,within,0,0,1.0,0,0,,,,930,Salyan Bazaar_AWS,Climate,0.0,1.0,0,Salyan Bazaar_AWS,0.0
RAI_161,161,Simara Airport_AWS,rain,27.164258,84.980065,Bagmati,140.0,Tier 1 Station,hydrology.gov.np,13037.0,,,2026-10-08T18:00:18.650951+05:45,2026-10-08T18:07:14+05:45,0.12,1,2026-10-08T22:37:51+05:45,2.0,Bara,33005.0,Jitpur Simara,6742.0,4,207,Bara,20703,Jitpur Simara,4,2070304,1,within,0,0,1.0,0,0,,,,905,Simara Airport_AWS,,0.0,1.0,0,Simara Airport_AWS,0.0
RAI_162,162,Salleri (Phaplu),rain,27.5123304,86.5870178,Koshi,2535.0,Tier 3 station,hydrology.gov.np,13029.0,,,2026-10-08T18:00:17.987861+05:45,2026-10-08T18:07:14+05:45,0.12,1,2026-10-08T22:37:51+05:45,1.0,Solukhumbu,11007.0,Solududhkunda,1722.0,4,103,Solukhumbu,10307,Solu Dhudhakunda,4,1030704,1,within,0,0,1.0,0,0,,,,943,Salleri (Phaplu),AWS (Tier 3 station),0.0,1.0,0,Salleri (Phaplu),0.0
RAI_163,163,Khanchikot,rain,27.92205556,83.12980556,Narayani,1801.0,0715,hydrology.gov.np,13049.0,,,2026-10-08T18:00:14.148518+05:45,2026-10-08T18:07:14+05:45,0.12,1,2026-10-08T22:37:51+05:45,5.0,Arghakhanchi,51005.0,Sandhikharka,36.0,7,505,Arghakhanchi,50504,Sandhikharka,7,5050407,1,within,0,0,1.0,0,0,,,,722,Khanchikot,Agromet,0.0,1.0,0,Khanchikot,0.0
RAI_164,164,Lukla Valley,rain,27.671792,86.714017,,2233.0,Tier 3 station,hydrology.gov.np,13030.0,,,2021-04-15T00:00:42.876998+05:45,2026-10-08T18:07:14+05:45,48066.11,0,2026-10-08T22:37:51+05:45,1.0,Solukhumbu,11003.0,Khumbu Pasanglhamu,1707.0,2,103,Solukhumbu,10301,Khumbu Pasanglhamu,2,1030102,1,within,0,0,1.0,0,0,,,,944,Lukla Valley,,0.0,1.0,0,Lukla Valley,0.0
RAI_165,165,Sindhuli Madhi,rain,27.228056,85.905,Koshi,556.0,"Manual Station Shifted on 2022-01-11 from 27.219304, 85.923797, 588m",hydrology.gov.np,12998.0,,,2025-07-16T19:15:25.864007+05:45,2026-10-08T18:07:14+05:45,10774.86,0,2026-10-08T22:37:51+05:45,3.0,Sindhuli,20005.0,Kamalamai,2818.0,4,311,Sindhuli,31105,Kamalamai,4,3110504,1,within,0,0,1.0,0,0,,,,425,Sindhuli Madhi,Climate,0.0,1.0,0,Sindhuli Madhi,0.0
RAI_166,166,Parwanipur,rain,27.07894,84.9327,Narayani,87.0,0911,hydrology.gov.np,13036.0,,,2025-10-23T05:45:23.530604+05:45,2026-10-08T18:07:14+05:45,8412.36,0,2026-10-08T22:37:51+05:45,2.0,Bara,33005.0,Jitpur Simara,6751.0,23,207,Bara,20703,Jitpur Simara,23,2070323,1,within,0,0,1.0,0,0,,,,315,Parwanipur,Agromet,0.0,1.0,0,Parwanipur,0.0
RAI_167,167,Rampur_AWS,rain,27.654593,84.34852,Narayani,185.0,Tier 2 station,hydrology.gov.np,13040.0,,,2026-10-08T18:00:17.507096+05:45,2026-10-08T18:07:14+05:45,0.12,1,2026-10-08T22:37:51+05:45,3.0,Chitwan,35001.0,Bharatpur,2267.0,15,313,Chitwan,31304,Bharatpur,15,3130415,1,within,0,0,1.0,0,0,,,,904,Rampur_AWS,,0.0,1.0,0,Rampur_AWS,0.0
RAI_168,168,Taplejung,rain,27.35861111,87.67,Koshi,1744.0,1405,hydrology.gov.np,13009.0,,,2026-07-04T05:45:16.396177+05:45,2026-10-08T18:07:14+05:45,2316.37,0,2026-10-08T22:37:51+05:45,1.0,Taplejung,1006.0,Phungling,1795.0,5,101,Taplejung,10106,Phungling,5,1010605,1,within,0,0,1.0,0,0,,,,482,Taplejung,Synoptic,0.0,1.0,0,Taplejung,0.0
RAI_169,169,Tansen_AWS,rain,27.8621931,83.5376502,Gandaki,1177.0,Tier 2 - Agromet,hydrology.gov.np,13046.0,,,2026-08-05T06:00:16.084619+05:45,2026-10-08T18:07:14+05:45,1548.12,0,2026-10-08T22:37:51+05:45,5.0,Palpa,47009.0,Tansen,5743.0,6,506,Palpa,50605,Tansen,6,5060506,1,within,0,0,1.0,0,0,,,,937,Tansen_AWS,,0.0,1.0,0,Tansen_AWS,0.0
RAI_170,170,Taulihawa_AWS,rain,27.555167,83.051806,Banganga,105.0,Tier 3 Station,hydrology.gov.np,13048.0,,,2026-10-08T18:00:19.700492+05:45,2026-10-08T18:07:14+05:45,0.12,1,2026-10-08T22:37:51+05:45,5.0,Kapilbastu,50004.0,Kapilvastu,2117.0,1,509,Kapilbastu,50907,Kapilbastu,1,5090701,1,within,0,0,0.9,0,0,,,,1954,Taulihawa_AWS,,0.0,1.0,0,Taulihawa_AWS,0.0
RAI_171,171,Musikot(Rukum-West),rain,28.618975,82.462491,Karnali,1412.0,0514,hydrology.gov.np,13054.0,,,2026-10-08T18:00:16.069585+05:45,2026-10-08T18:07:14+05:45,0.12,1,2026-10-08T22:37:51+05:45,6.0,Rukum West,54004.0,Musikot,1516.0,4,608,Rukum West,60804,Musikot,4,6080404,1,within,0,0,1.0,0,0,,,,651,Musikot(Rukum-West),Climate,0.0,1.0,0,Musikot(Rukum-West),0.0
RAI_172,172,Okhaldhunga,rain,27.30812083,86.504225,Koshi,1731.0,1206,hydrology.gov.np,13027.0,,,2026-10-08T18:00:16.709727+05:45,2026-10-08T18:07:14+05:45,0.12,1,2026-10-08T22:37:51+05:45,1.0,Okhaldhunga,12007.0,Siddhicharan,1183.0,11,104,Okhaldhunga,10402,Siddhicharan,11,1040211,1,within,0,0,1.0,0,0,,,,446,Okhaldhunga,Synoptic,0.0,1.0,0,Okhaldhunga,0.0
RAI_173,173,Udaypurgadhi,rain,26.93903,86.52109,Kamala,1170.0,Tier 3,hydrology.gov.np,13026.0,,,2024-08-08T05:45:48.111073+05:45,2026-10-08T18:07:14+05:45,18996.36,0,2026-10-08T22:37:51+05:45,1.0,Udayapur,14008.0,Udayapurgadhi,2755.0,5,114,Udaya Pur,11408,Udayapurgadhi,5,1140805,1,within,0,0,1.0,0,0,,,,921,Udaypurgadhi,AWS,0.0,1.0,0,Udaypurgadhi,0.0
RAI_174,174,Tikapur,rain,28.536556,81.115034,Mohana,149.0,0207,hydrology.gov.np,13066.0,,,2025-08-07T05:45:27.972028+05:45,2026-10-08T18:07:14+05:45,10260.36,0,2026-10-08T22:37:51+05:45,7.0,Kailali,71013.0,Tikapur,5377.0,1,708,Kailali,70810,Tikapur,1,7081001,1,within,0,0,1.0,0,0,,,,527,Tikapur,Claimate,0.0,1.0,0,Tikapur,0.0
RAI_175,175,Simikot Airport,rain,29.97166667,81.81611111,Karnali,2997.0,0398,hydrology.gov.np,13060.0,,,2026-10-08T18:00:18.686250+05:45,2026-10-08T18:07:14+05:45,0.12,1,2026-10-08T22:37:51+05:45,6.0,Humla,66006.0,Simkot,5128.0,5,603,Humla,60303,Simkot,5,6030305,1,within,0,0,1.0,0,0,,,,597,Simikot Airport,Aero-synoptic,0.0,1.0,0,Simikot Airport,0.0
RAI_176,176,Gurjakhani,rain,28.58179,83.239843,Narayani,2638.0,Tier 3 Station,hydrology.gov.np,14499.0,,,2026-10-08T18:00:12.252643+05:45,2026-10-08T18:07:14+05:45,0.12,1,2026-10-08T22:37:51+05:45,4.0,Myagdi,43003.0,Dhaulagiri,1143.0,1,404,Myagdi,40403,Dhawalagiri,1,4040301,1,within,0,0,1.0,0,0,,,,692,Gurja Khani,Climate,893.6,1.0,0,Gurjakhani,0.0
RAI_177,177,Tamghas_AWS,rain,28.054775,83.245711,Narayani,1547.0,Tier 3 station,hydrology.gov.np,13050.0,,,2026-10-08T18:00:19.437713+05:45,2026-10-08T18:07:14+05:45,0.12,1,2026-10-08T22:37:51+05:45,5.0,Gulmi,46010.0,Resunga,3252.0,9,504,Gulmi,50409,Resunga,9,5040909,1,within,0,0,1.0,0,0,,,,935,Tamghas_AWS,,0.0,1.0,0,Tamghas_AWS,0.0
RAI_178,178,Panchkhal,rain,27.6451338,85.620881,Koshi,857.0,1036,hydrology.gov.np,12887.0,,,2026-10-08T18:00:16.924924+05:45,2026-10-08T18:07:14+05:45,0.12,1,2026-10-08T22:37:51+05:45,3.0,Kavrepalanchok,24011.0,Panchkhal,6120.0,6,309,Kavrepalanchok,30906,Panchkhal,6,3090606,1,within,0,0,1.0,0,0,,,,373,Panchkhal,Precipitation,0.0,1.0,0,Panchkhal,0.0
RAI_179,179,Anarmani Birta,rain,26.638026,87.999321,Kankai,122.0,Rainfall station with CDCP,hydrology.gov.np,5748.0,,,2026-10-08T18:00:07.615043+05:45,2026-10-08T18:07:14+05:45,0.12,1,2026-10-08T22:37:51+05:45,1.0,Jhapa,4004.0,Birtamode,6300.0,5,111,Jhapa,11112,Birtamod,5,1111205,1,within,0,0,0.941,0,0,,,,863,Anarmani Birta,Precipitation,0.0,1.0,0,Anarmani Birta,0.0
RAI_180,180,Kathmandu_AWOS_20,rain,27.7058925629,85.364730835,Bagmati,1339.0,AWOS Station with RVR,hydrology.gov.np,14417.0,,,2026-10-08T18:00:13.892446+05:45,2026-10-08T18:07:14+05:45,0.12,1,2026-10-08T22:37:51+05:45,3.0,Kathmandu,27006.0,Kathmandu,3737.0,32,306,Kathmandu,30608,Kathmandu,32,3060832,1,within,0,0,1.0,0,0,,,,4666,Kathmandu_AWOS_02,,2423.0,1.0,1,Kathmandu_AWOS_20,0.0
RAI_181,181,Bagmati at Khokana,rain,27.632222,85.293333,Bagmati,1255.0,Hydrological Station with RLS and Tipping Bucket,hydrology.gov.np,928.0,,,2024-06-05T06:00:13.131101+05:45,2026-10-08T18:07:14+05:45,20532.12,0,2026-10-08T22:37:51+05:45,3.0,Lalitpur,25004.0,Lalitpur,1958.0,22,308,Lalitpur,30802,Lalitpur,22,3080222,1,within,0,0,1.0,0,0,,,,50,Bagmati River at Khokana,,0.0,1.0,0,Bagmati River at Khokana,0.0
RAI_182,182,Kathmandu Airport_Runway,rain,27.68683,85.352523,Bagmati,1337.0,Kathmandu Airport Runway,hydrology.gov.np,2092.0,,,2021-09-29T06:00:47.244837+05:45,2026-10-08T18:07:14+05:45,44052.11,0,2026-10-08T22:37:51+05:45,3.0,Kathmandu,27006.0,Kathmandu,3743.0,9,306,Kathmandu,30608,Kathmandu,9,3060809,1,within,0,0,1.0,0,0,,,,149,Kathmandu Airport_Runway,,0.0,1.0,0,Kathmandu Airport_Runway,0.0
RAI_183,183,Surkhet Airport (Birendranagar),rain,28.58786944,81.63516111,Karnali,683.0,"2022-08-17: changed elevation from 720 m to 683 m after receiving ticket from RWC, Beijing  regarding remarkable and sustained biases of about 4 hPa",hydrology.gov.np,13064.0,,,2026-10-08T18:00:18.960825+05:45,2026-10-08T18:07:14+05:45,0.12,1,2026-10-08T22:37:51+05:45,6.0,Surkhet,59003.0,Birendranagar,2705.0,12,610,Surkhet,61006,Birendranagar,12,6100612,1,within,0,0,1.0,0,0,,,,604,Surkhet Airport (Birendranagar),Aero-synoptic,0.0,1.0,0,Surkhet Airport (Birendranagar),0.0
RAI_184,184,Sulichour (Sarichour),rain,28.24721944,82.72918611,West Rapti,845.0,Rainfall Station,hydrology.gov.np,1632.0,,,2022-01-02T05:45:47.124978+05:45,2026-10-08T18:07:14+05:45,41772.36,0,2026-10-08T22:37:51+05:45,5.0,Rolpa,53008.0,Sunil Smriti,5226.0,4,502,Rolpa,50209,Subarnabati,4,5020904,1,within,0,0,1.0,0,0,,,,124,Sulichour (Sarichour),Precipitation,0.0,1.0,0,Sulichour (Sarichour),0.0
RAI_185,185,Gharedhunga,rain,28.14750556,84.58002778,Narayani,1088.0,Rainfall station with CDCP,hydrology.gov.np,5734.0,,,2026-10-08T18:00:11.758870+05:45,2026-10-08T18:07:14+05:45,0.12,1,2026-10-08T22:37:51+05:45,4.0,Lamjung,37003.0,Dudhpokhari,952.0,4,406,Lamjung,40608,Dudhapokhari,4,4060804,1,within,0,0,1.0,0,0,,,,841,Gharedhunga,Precipitation,0.0,1.0,0,Gharedhunga,0.0
RAI_186,186,Tarahara,rain,26.698692,87.278648,Keshaliya,120.0,1320,hydrology.gov.np,13010.0,,,2026-10-08T18:00:19.545990+05:45,2026-10-08T18:07:14+05:45,0.12,1,2026-10-08T22:37:51+05:45,1.0,Sunsari,6010.0,Itahari,4740.0,2,113,Sunsari,11306,Itahari,2,1130602,1,within,0,0,1.0,0,0,,,,474,Tarahara,Agromet,0.0,1.0,0,Tarahara,0.0
RAI_187,187,Gumthang_AWS,rain,27.865346,85.86016,Bagmati,1890.0,Tier 3,hydrology.gov.np,13034.0,,,2026-10-08T18:00:12.223146+05:45,2026-10-08T18:07:14+05:45,0.12,1,2026-10-08T22:37:51+05:45,3.0,Sindhupalchok,23002.0,Barhabise,2892.0,7,302,Sindhupalchok,30209,Bahrabise,7,3020907,1,within,0,0,1.0,0,0,,,,939,Gumthang_AWS,,0.0,1.0,0,Gumthang_AWS,0.0
RAI_188,188,Lamahi,rain,27.87055556,82.53666667,West Rapti,243.0,Rainfall station,hydrology.gov.np,1355.0,,,2021-09-18T11:00:46.113801+05:45,2026-10-08T18:07:14+05:45,44311.11,0,2026-10-08T22:37:51+05:45,5.0,Dang,56006.0,Lamahi,3999.0,4,510,Dang,51007,Lamahi,4,5100704,1,within,0,0,1.0,0,0,,,,89,Lamahi,Precipitation,0.0,1.0,0,Lamahi,0.0
RAI_189,189,Bahrabise,rain,27.78763,85.901199,Koshi,,Hydrological station with RLS ,hydrology.gov.np,1515.0,,,2021-09-03T05:45:48.052981+05:45,2026-10-08T18:07:14+05:45,44676.36,0,2026-10-08T22:37:51+05:45,3.0,Sindhupalchok,23002.0,Barhabise,2879.0,4,302,Sindhupalchok,30209,Bahrabise,4,3020904,1,within,0,0,1.0,0,0,,,,365,Bahrabise,Climate,166.9,1.0,0,Bahrabise_h,0.0
RAI_190,190,Dhankuta_AWS,rain,26.9833,87.3459,,1153.0,Automatic Weather Station with WXT520,hydrology.gov.np,1440.0,,,2022-02-23T16:00:48.224161+05:45,2026-10-08T18:07:14+05:45,40514.11,0,2026-10-08T22:37:51+05:45,1.0,Dhankuta,7003.0,Dhankuta,474.0,4,107,Dhankuta,10704,Dhankuta,4,1070404,1,within,0,0,1.0,0,0,,,,103,Dhankuta_AWS,,0.0,1.0,0,Dhankuta_AWS,0.0
RAI_191,191,Garuda,rain,26.952526,85.315795,,,"Rainfall station (26.968056, 85.44)",hydrology.gov.np,1046.0,,,2023-03-03T01:15:32.875509+05:45,2026-10-08T18:07:14+05:45,31576.86,0,2026-10-08T22:37:51+05:45,2.0,Rautahat,32007.0,Garuda,4043.0,4,206,Rautahat,20608,Garuda,4,2060804,1,within,0,0,1.0,0,0,,,,61,Garuda,,0.0,1.0,0,Garuda,0.0
RAI_192,192,Jyamirebari,rain,28.40266667,83.98291389,Narayani,1525.0,Climate Station,hydrology.gov.np,1685.0,,,2021-09-18T11:00:46.063769+05:45,2026-10-08T18:07:14+05:45,44311.11,0,2026-10-08T22:37:51+05:45,4.0,Kaski,40002.0,Machhapuchchhre,3914.0,1,405,Kaski,40502,Machhapuchchhre,1,4050201,1,within,0,0,1.0,0,0,,,,128,Jyamirebari,Climate,0.0,1.0,0,delete_Jyamirebari,0.0
RAI_193,193,Ghalekharka,rain,28.34472778,83.99905556,Narayani,1665.0,Climate station,hydrology.gov.np,12230.0,,,2021-09-16T13:15:48.841234+05:45,2026-10-08T18:07:14+05:45,44356.86,0,2026-10-08T22:37:51+05:45,4.0,Kaski,40002.0,Machhapuchchhre,3895.0,2,405,Kaski,40502,Machhapuchchhre,2,4050202,1,within,0,0,1.0,0,0,,,,127,Ghalekharka,Climate,0.0,1.0,0,delete_Ghalekharka,0.0
RAI_194,194,Rani Jaruwa Nursery,rain,28.33735833,81.33784167,Babai,145.0,Climate,hydrology.gov.np,1305.0,,,2022-06-21T18:00:55.330846+05:45,2026-10-08T18:07:14+05:45,37680.11,0,2026-10-08T22:37:51+05:45,5.0,Bardiya,58003.0,Barbardiya,4824.0,3,512,Bardiya,51202,Barbardiya,3,5120203,1,within,0,0,1.0,0,0,,,,84,Rani Jaruwa Nursery,Climate,0.0,1.0,0,Rani Jaruwa Nursery,0.0
RAI_195,195,Libang Gaun,rain,28.30619722,82.63231389,West Rapti,1314.0,Climate Station,hydrology.gov.np,1624.0,,,2022-01-11T05:45:44.777446+05:45,2026-10-08T18:07:14+05:45,41556.36,0,2026-10-08T22:37:51+05:45,5.0,Rolpa,53004.0,Rolpa,5274.0,2,502,Rolpa,50207,Rolpa,2,5020702,1,within,0,0,1.0,0,0,,,,123,Libang Gaun,Climate,0.0,1.0,0,Libang Gaun,0.0
RAI_196,196,Luwamjyula,rain,28.3,82.28333333,Babai,885.0,Rainfall Station,hydrology.gov.np,1431.0,,,2020-08-08T00:20:13.745356+05:45,2026-10-08T18:07:14+05:45,54065.78,0,2026-10-08T22:37:51+05:45,6.0,Salyan,55010.0,Triveni,1615.0,6,609,Salyan,60909,Tribeni,6,6090906,1,within,0,0,0.857,0,0,,,,100,Luwamjula Bazar,,2515.8,0.75,1,delete_Luwamjula Bazar,2515.8
RAI_197,197,Singati,rain,27.756831,86.193569,Koshi,,Rainfall station,hydrology.gov.np,1538.0,,,2022-02-17T05:45:45.656392+05:45,2026-10-08T18:07:14+05:45,40668.36,0,2026-10-08T22:37:51+05:45,3.0,Dolakha,22004.0,Gaurishankar,524.0,5,301,Dolakha,30101,Gaurishankar,5,3010105,1,within,0,0,1.0,0,0,,,,114,Singati,,0.0,1.0,0,Singati,0.0
RAI_198,198,Haraincha,rain,26.61000889,87.37074778,Kankai,93.0,Rainfall Station with CDCP,hydrology.gov.np,5563.0,,,2021-09-15T19:45:45.122725+05:45,2026-10-08T18:07:14+05:45,44374.36,0,2026-10-08T22:37:51+05:45,1.0,Morang,5015.0,Sundarharaicha,5835.0,1,112,Morang,11204,Sundarharaicha,1,1120401,1,within,0,0,1.0,0,0,,,,884,Haraincha,Precipitation,0.0,1.0,0,Haraincha,0.0
RAI_199,199,Kathmandu_AWOS_02,rain,27.41126,85.21091,,,AWOS Station with RVR,hydrology.gov.np,14372.0,,,2020-11-18T19:00:20.643111+05:45,2026-10-08T18:07:14+05:45,51599.11,0,2026-10-08T22:37:51+05:45,3.0,Makwanpur,31002.0,Bakaiya,2390.0,11,312,Makwanpur,31209,Bakaiya,11,3120911,1,within,0,0,1.0,0,0,,,,,,,,,,Makwanpur Gadhi,5437.8
RAI_200,200,Kalyanpur,rain,27.4578,84.3431,Narayani,147.0,Automatic Weather Station,hydrology.gov.np,506.0,,,2021-09-15T06:15:44.595919+05:45,2026-10-08T18:07:14+05:45,44387.86,0,2026-10-08T22:37:51+05:45,3.0,Chitwan,35005.0,Madi,2260.0,6,313,Chitwan,31307,Madi,6,3130706,1,within,0,0,1.0,0,0,,,,27,Kalyanpur,,0.0,1.0,0,Kalyanpur,0.0
RAI_201,201,Chitti-Lamjung,rain,28.205577,84.43742,Narayani,1080.0,AWS at Chitti,hydrology.gov.np,470.0,,,2021-04-20T00:00:48.281580+05:45,2026-10-08T18:07:14+05:45,47946.11,0,2026-10-08T22:37:51+05:45,4.0,Lamjung,37001.0,Besishahar,989.0,11,406,Lamjung,40605,Bensi Shahar,11,4060511,1,within,0,0,1.0,0,0,,,,25,Chitti-Lamjung,,0.0,1.0,0,Chitti-Lamjung,0.0
RAI_202,202,Mai Pokhari,rain,27.00523,87.92863,Kankai,2119.0,AWS at Mai Pokhari,hydrology.gov.np,873.0,,,2021-09-17T06:15:49.571126+05:45,2026-10-08T18:07:14+05:45,44339.86,0,2026-10-08T22:37:51+05:45,1.0,Ilam,3004.0,Ilam,3342.0,2,110,Ilam,11003,Ilam,2,1100302,1,within,0,0,1.0,0,0,,,,46,Mai Pokhari,,0.0,1.0,0,Mai Pokhari,0.0
RAI_203,203,Tulsi,rain,27.01295556,85.92089722,Kamala,271.0,Rainfall station with TPB,hydrology.gov.np,1148.0,,,2022-01-16T05:45:43.218551+05:45,2026-10-08T18:07:14+05:45,41436.36,0,2026-10-08T22:37:51+05:45,2.0,Dhanusa,17013.0,Mithila,6521.0,11,203,Dhanusa,20303,Mithila,11,2030311,1,within,0,0,1.0,0,0,,,,71,Tulsi,Precipitation,0.0,1.0,0,Tulsi,0.0
RAI_204,204,Kamala River at Titriya,rain,26.895948,86.22266,Kamala,182.0,Hydrological Station with RLS and Tipping bucket,hydrology.gov.np,1146.0,,,2020-09-10T09:20:20.155020+05:45,2026-10-08T18:07:14+05:45,53264.78,0,2026-10-08T22:37:51+05:45,2.0,Dhanusa,17007.0,Ganeshman Charnath,6516.0,5,203,Dhanusa,20301,Ganeshman Charnath,5,2030105,1,within,0,0,1.0,0,0,,,,72,Kamala River at Titriya,,52.4,1.0,0,Kamala River at Titriya,52.4
RAI_205,205,Nagarkot,rain,27.7,85.516667,Bagmati,,Rainfall station,hydrology.gov.np,4404.0,,,2021-10-12T06:00:44.638717+05:45,2026-10-08T18:07:14+05:45,43740.11,0,2026-10-08T22:37:51+05:45,3.0,Bhaktapur,26002.0,Changunarayan,2403.0,7,307,Bhaktapur,30701,Changunarayan,7,3070107,1,within,0,0,1.0,0,0,,,,380,Nagarkot,Climate,845.1,1.0,0,Nagarkot_TPB,0.0
RAI_206,206,Kapilvastu,rain,27.75,83.05,,174.0,Kapilvastu,hydrology.gov.np,4874.0,,,2022-01-07T05:45:45.357376+05:45,2026-10-08T18:07:14+05:45,41652.36,0,2026-10-08T22:37:51+05:45,5.0,Kapilbastu,50003.0,Buddhabhumi,2084.0,1,509,Kapilbastu,50902,Buddhabhumi,1,5090201,1,within,0,0,1.0,0,0,,,,305,Kapilvastu,,721.9,1.0,0,Kapilvastu,721.9
RAI_207,207,Kunathari,rain,28.712,81.505,Karnali,,Agromet Station,hydrology.gov.np,4376.0,,,2020-07-30T16:50:13.592985+05:45,2026-10-08T18:07:14+05:45,54265.28,0,2026-10-08T22:37:51+05:45,6.0,Surkhet,59001.0,Barahtal,2619.0,5,610,Surkhet,61007,Barahatal,5,6100705,1,within,0,0,1.0,0,0,,,,278,Kunathari,AWS,0.0,1.0,0,Kunathari,0.0
RAI_208,208,Okhaldhunga,rain,27.3082,86.5042,Koshi,1725.0,Automatic Weather Station with WXT520,hydrology.gov.np,1482.0,,,2021-09-18T11:00:46.162539+05:45,2026-10-08T18:07:14+05:45,44311.11,0,2026-10-08T22:37:51+05:45,1.0,Okhaldhunga,12007.0,Siddhicharan,1183.0,11,104,Okhaldhunga,10402,Siddhicharan,11,1040211,1,within,0,0,1.0,0,0,,,,446,Okhaldhunga,Synoptic,9.1,1.0,0,Okhaldhunga_AWS,0.0
RAI_209,209,Jomsom,rain,28.784025,83.729894,Nayarani,,Rainfall station with CDCP,hydrology.gov.np,5309.0,,,2021-09-13T18:00:44.857568+05:45,2026-10-08T18:07:14+05:45,44424.11,0,2026-10-08T22:37:51+05:45,4.0,Mustang,42003.0,Gharapjhong,5071.0,5,403,Mustang,40302,Gharpajhong,5,4030205,1,within,0,0,1.0,0,0,,,,678,Jomsom,Climate,7.7,1.0,0,Jomsom TPB,0.0
RAI_210,210,Parasi,rain,27.51925,83.66218333,Narayani,112.0,Rainfall station with CDCP,hydrology.gov.np,10639.0,,,2026-10-08T18:00:17.046142+05:45,2026-10-08T18:07:14+05:45,0.12,1,2026-10-08T22:37:51+05:45,5.0,Nawalparasi West,48004.0,Ramgram,3548.0,4,507,Nawalparasi West,50703,Ramgram,4,5070304,1,within,0,0,1.0,0,0,,,,838,Parasi,Climate,0.0,1.0,0,Parasi,0.0
RAI_211,211,Shilinge,rain,27.6351,84.7415,Narayani,802.0,Rainfall Station with CDCP,hydrology.gov.np,5741.0,,,2026-10-08T18:00:18.409782+05:45,2026-10-08T18:07:14+05:45,0.12,1,2026-10-08T22:37:51+05:45,3.0,Makwanpur,31009.0,Raksirang,2346.0,8,312,Makwanpur,31204,Raksirang,8,3120408,1,within,0,0,1.0,0,0,,,,845,Shilinge,,0.0,1.0,0,Shilinge,0.0
RAI_212,212,Pansayakhola,rain,28.02851111,85.10623056,Narayani,1982.0,Rainfall Station with CDCP,hydrology.gov.np,5756.0,,,2026-10-08T18:00:17.018734+05:45,2026-10-08T18:07:14+05:45,0.12,1,2026-10-08T22:37:51+05:45,3.0,Nuwakot,28005.0,Kispang,3618.0,1,305,Nuwakot,30505,Kispang,1,3050501,1,within,0,0,1.0,0,0,,,,849,Pansayakhola,Climate,0.0,1.0,0,Pansayakhola,0.0
RAI_213,213,Sundarpur,rain,28.938294,80.223685,Mahakali,204.0,Tier 2 station Agromet,hydrology.gov.np,13006.0,,,2026-09-29T05:45:17.027555+05:45,2026-10-08T18:07:14+05:45,228.37,0,2026-10-08T22:37:51+05:45,7.0,Kanchanpur,72004.0,Bhimdatta,6225.0,2,709,Kanchanpur,70904,Bhimdatta,2,7090402,1,within,0,0,1.0,0,0,,,,912,Sundarpur,AWS,0.0,1.0,0,Sundarpur,0.0
RAI_214,214,Syangja,rain,28.098775,83.872177,Narayani,871.0,Tier 3 Station,hydrology.gov.np,13466.0,,,2026-10-08T18:00:19.202092+05:45,2026-10-08T18:07:14+05:45,0.12,1,2026-10-08T22:37:51+05:45,4.0,Syangja,39010.0,Putalibazar,3002.0,3,409,Syangja,40901,Putalibazar,3,4090103,1,within,0,0,1.0,0,0,,,,889,Syangja,Climate,0.0,1.0,0,Syangja,0.0
RAI_215,215,Dillichaur,rain,29.17,82.15,Karnali,2438.0,Rainfall station,hydrology.gov.np,3684.0,,,2020-10-04T23:50:20.579783+05:45,2026-10-08T18:07:14+05:45,52674.28,0,2026-10-08T22:37:51+05:45,6.0,Jumla,63007.0,Tatopani,748.0,4,604,Jumla,60406,Tatopani,4,6040604,1,within,0,0,1.0,0,0,,,,,,,,,,delete_Tatopani,10779.6
RAI_216,216,Ambapur,rain,28.00851,82.27189,Babai,586.0,Rainfall Station,hydrology.gov.np,1608.0,,,2021-09-19T06:15:47.227436+05:45,2026-10-08T18:07:14+05:45,44291.86,0,2026-10-08T22:37:51+05:45,5.0,Dang,56010.0,Tulsipur,3970.0,13,510,Dang,51003,Tulsipur,13,5100313,1,within,0,0,1.0,0,0,,,,121,Ambapur,Precipitation,383.3,1.0,0,Ambapur,383.3
RAI_217,217,Sankhu-DHM,rain,27.747,85.466,,1698.0,Sankhu-AWS,hydrology.gov.np,3442.0,,,2023-05-01T05:45:47.845410+05:45,2026-10-08T18:07:14+05:45,30156.36,0,2026-10-08T22:37:51+05:45,3.0,Kathmandu,27009.0,Shankharapur,3834.0,8,306,Kathmandu,30601,Shankharapur,8,3060108,1,within,0,0,1.0,0,0,,,,222,Sankhu-DHM ,,293.2,1.0,0,Sankhu-DHM ,293.2
RAI_218,218,Gharti Gaon,rain,28.9322,82.2994,,1914.0,Climate station installed by Nalsingad Hydropower,hydrology.gov.np,1997.0,,,2023-09-14T06:00:19.632477+05:45,2026-10-08T18:07:14+05:45,26892.12,0,2026-10-08T22:37:51+05:45,6.0,Jajarkot,61001.0,Barekot,707.0,6,607,Jajarkot,60701,Barekot,6,6070106,1,within,0,0,1.0,0,0,,,,139,Gharti Gaon,,0.0,1.0,0,Gharti Gaon,0.0
RAI_219,219,Bheri at Samaijighat,rain,28.5167,81.6667,Karnali,,Hydrological station at Samaijighat with RLS,hydrology.gov.np,659.0,,,2020-07-15T00:00:18.233341+05:45,2026-10-08T18:07:14+05:45,54642.12,0,2026-10-08T22:37:51+05:45,6.0,Surkhet,59002.0,Bheriganga,2685.0,13,610,Surkhet,61005,Bheriganga,13,6100513,1,within,0,0,1.0,0,0,,,,30,Bheri at Samaijighat,,0.0,1.0,0,Bheri at Samaijighat,0.0
RAI_220,220,Kanyam Tea State,rain,26.868,88.078,Kankai,1573.0,AWS at Kanyam Tea State,hydrology.gov.np,831.0,,,2021-09-17T06:15:49.484746+05:45,2026-10-08T18:07:14+05:45,44339.86,0,2026-10-08T22:37:51+05:45,1.0,Ilam,3010.0,Suryodaya,3310.0,7,110,Ilam,11009,Suryodaya,7,1100907,1,within,0,0,1.0,0,0,,,,43,Kanyam Tea State,,0.0,1.0,0,Kanyam Tea State,0.0
RAI_221,221,Govindabasti,rain,27.4174,84.4509,Narayani,227.0,Automatic Rainfall Station,hydrology.gov.np,1288.0,,,2021-09-18T11:00:46.030960+05:45,2026-10-08T18:07:14+05:45,44311.11,0,2026-10-08T22:37:51+05:45,3.0,Chitwan,35005.0,Madi,2219.0,9,313,Chitwan,31307,Madi,9,3130709,1,within,0,0,1.0,0,0,,,,82,Govindabasti,,0.0,1.0,0,Govindabasti,0.0
RAI_222,222,Lohare Khola at Tallo Dungeshwor,rain,28.784518,81.584198,Karnali,,Hydrological station with RLS,hydrology.gov.np,5471.0,,,2021-09-13T14:30:45.828446+05:45,2026-10-08T18:07:14+05:45,44427.61,0,2026-10-08T22:37:51+05:45,6.0,Dailekh,60005.0,Dullu,1911.0,6,606,Dailekh,60607,Dullu,6,6060706,1,within,0,0,1.0,0,0,,,,87,Lohare Khola at Tallo Dungeshwor,,0.0,1.0,0,Lohare Khola at Tallo Dungeshwor,0.0
RAI_223,223,Rami Danda,rain,28.935,82.24,,1880.0,Climate station with tipping bucket and temp/humidity sensor,hydrology.gov.np,2037.0,,,2023-10-28T05:45:35.228588+05:45,2026-10-08T18:07:14+05:45,25836.36,0,2026-10-08T22:37:51+05:45,6.0,Jajarkot,61001.0,Barekot,693.0,1,607,Jajarkot,60701,Barekot,1,6070101,1,within,0,0,1.0,0,0,,,,144,Rami Danda,,0.0,1.0,0,Rami Danda,0.0
RAI_224,224,"Rajuwara, Pyuthan",rain,28.264042,83.032528,,,Hydrological Station with CDCP,hydrology.gov.np,5584.0,,,2022-01-09T05:45:44.148188+05:45,2026-10-08T18:07:14+05:45,41604.36,0,2026-10-08T22:37:51+05:45,5.0,Pyuthan,52002.0,Gaumukhi,1388.0,3,503,Pyuthan,50301,Gaumukhi,3,5030103,1,within,0,0,1.0,0,0,,,,881,"Rajuwara, Pyuthan",,0.0,1.0,0,"Rajuwara, Pyuthan",0.0
RAI_225,225,West Seti at Dipayal,rain,29.246477,80.925143,Karnali,617.0,Hydrological Station with Bubbler,hydrology.gov.np,802.0,,,2026-10-01T05:45:23.388886+05:45,2026-10-08T18:07:14+05:45,180.36,0,2026-10-08T22:37:51+05:45,7.0,Doti,70004.0,Dipayal Silgadi,614.0,4,706,Doti,70605,Dipayal Silgadhi,4,7060504,1,within,0,0,1.0,0,0,,,,40,West Seti at Dipayal,,0.0,1.0,0,West Seti at Dipayal,0.0
RAI_226,226,Surkhet (Birendra Nagar),rain,28.58786944,81.63516111,,720.0,0406,hydrology.gov.np,13063.0,,,2020-08-29T23:50:14.158742+05:45,2026-10-08T18:07:14+05:45,53538.28,0,2026-10-08T22:37:51+05:45,6.0,Surkhet,59003.0,Birendranagar,2705.0,12,610,Surkhet,61006,Birendranagar,12,6100612,1,within,0,0,1.0,0,0,,,,604,Surkhet Airport (Birendranagar),Aero-synoptic,0.0,0.844,0,Surkhet Airport (Birendranagar),0.0
RAI_227,227,Arghakhanchi,rain,27.885,83.1397,,1575.0,"Arghakhanchi,Sitganga,Nipane,2",hydrology.gov.np,4850.0,,,2022-01-06T05:45:44.219845+05:45,2026-10-08T18:07:14+05:45,41676.36,0,2026-10-08T22:37:51+05:45,5.0,Arghakhanchi,51006.0,Sitganga,55.0,2,505,Arghakhanchi,50506,Shitaganga,2,5050602,1,within,0,0,1.0,0,0,,,,304, Arghakhanchi,,0.0,1.0,0, Arghakhanchi,0.0
RAI_228,228,Arun at Turkeghat,rain,27.311719,87.189561,Koshi,,Hydrological Station with Radar Level sensor,hydrology.gov.np,2120.0,,,2020-10-02T23:50:14.479352+05:45,2026-10-08T18:07:14+05:45,52722.28,0,2026-10-08T22:37:51+05:45,1.0,Sankhuwasabha,9005.0,Khandbari,1695.0,9,102,Sankhuwasabha,10206,Khandabari,9,1020609,1,within,0,0,1.0,0,0,,,,107,Arun at Turkeghat,,45.6,1.0,0,Arun at Turkeghat,45.6
RAI_229,229,Rake,rain,27.027,87.796,Kankai,2158.0,AWS at Rake,hydrology.gov.np,829.0,,,2021-06-18T17:45:43.991867+05:45,2026-10-08T18:07:14+05:45,46512.36,0,2026-10-08T22:37:51+05:45,1.0,Panchthar,2002.0,Falgunanda,1226.0,4,109,Panchthar,10905,Falgunanda,4,1090504,1,within,0,0,1.0,0,0,,,,42,Rake,टिपिंग बकेट,0.0,1.0,0,Rake,0.0
RAI_230,230,Bajura,rain,29.45611111,81.47944444,Karnali,1550.0,Tier 3 station,hydrology.gov.np,14460.0,,,2025-11-25T10:00:08.504782+05:45,2026-10-08T18:07:14+05:45,7616.12,0,2026-10-08T22:37:51+05:45,7.0,Bajura,67001.0,Badimalika,296.0,8,701,Bajura,70106,Badimalika,8,7010608,1,within,0,0,1.0,0,0,,,,927,Bajura,,0.0,1.0,0,Bajura,0.0
RAI_231,231,Machhi Khola,rain,28.23155,84.874304,Narayani,550.0,Rainfall Station with CDCP,hydrology.gov.np,5744.0,,,2023-04-07T05:45:44.520219+05:45,2026-10-08T18:07:14+05:45,30732.36,0,2026-10-08T22:37:51+05:45,4.0,Gorkha,36005.0,Dharche,3385.0,3,401,Gorkha,40104,Dharche,3,4010403,1,within,0,0,1.0,0,0,,,,850,Machhi Khola,Precipitation,0.0,1.0,0,Machhi Khola,0.0
RAI_232,232,Melung,rain,27.513304,86.058485,Koshi,1536.0,"AWS at Melung, Manual Melung Precipitation has been sifted in the site.",hydrology.gov.np,735.0,,,2022-02-23T16:00:48.426547+05:45,2026-10-08T18:07:14+05:45,40514.11,0,2026-10-08T22:37:51+05:45,3.0,Dolakha,22007.0,Melung,545.0,6,301,Dolakha,30107,Melung,6,3010706,1,within,0,0,1.0,0,0,,,,38,Melung,Precipitation,0.0,1.0,0,Melung,0.0
RAI_233,233,Pekarnas,rain,27.44321694,86.568568,Koshi,1945.0,Rainfall Station with CDCP,hydrology.gov.np,5755.0,,,2026-10-08T18:00:17.079290+05:45,2026-10-08T18:07:14+05:45,0.12,1,2026-10-08T22:37:51+05:45,1.0,Solukhumbu,11006.0,Nechasalyan,1729.0,6,103,Solukhumbu,10307,Solu Dhudhakunda,11,1030711,1,within,0,0,0.182,1,1,,,,854,Pekarnas,Precipitation,0.0,1.0,0,Pekarnas,0.0
RAI_234,234,Melamchi at Nakote,rain,28.010656,85.535703,Koshi,,"Hydrological Station with RLS, Tipping Bucket and Temp/Humidity",hydrology.gov.np,15158.0,,,2021-01-28T00:00:47.555638+05:45,2026-10-08T18:07:14+05:45,49914.11,0,2026-10-08T22:37:51+05:45,3.0,Sindhupalchok,23005.0,Helambu,2905.0,1,302,Sindhupalchok,30204,Helambu,1,3020401,1,within,0,0,1.0,0,0,,,,9,Melamchi at Nakote,,40.0,1.0,0,Melamchi at Nakote,40.0
RAI_235,235,"Achham, Kamalbazar",rain,29.052831,81.34188,Karnali,,Climate station with tipping bucket and temp/humidity sensor,hydrology.gov.np,2118.0,,,2021-02-05T00:00:57.819606+05:45,2026-10-08T18:07:14+05:45,49722.1,0,2026-10-08T22:37:51+05:45,7.0,Achham,69004.0,Kamalbazar,2543.0,2,707,Achham,70708,Kamal Bazar,2,7070802,1,within,0,0,1.0,0,0,,,,154,"Achham, Kamalbazar",,0.0,1.0,0,"Achham, Kamalbazar",0.0
RAI_236,236,Machhuwaghat,rain,26.93805556,87.15472222,Koshi,192.0,Rainfall station with CDCP,hydrology.gov.np,11341.0,,,2026-10-08T18:00:15.150525+05:45,2026-10-08T18:07:14+05:45,0.12,1,2026-10-08T22:37:51+05:45,1.0,Dhankuta,7004.0,Shahidbhumi,505.0,2,107,Dhankuta,10705,Khalsa Chhintang Sahidbhumi,2,1070502,1,within,0,0,1.0,0,0,,,,860,Machhuwaghat,Precipitation,0.0,1.0,0,Machhuwaghat,0.0
RAI_237,237,Sermathang,rain,27.944506,85.595156,,2528.0,AWS at Sermathang,hydrology.gov.np,766.0,,,2024-06-16T05:45:41.474993+05:45,2026-10-08T18:07:14+05:45,20268.36,0,2026-10-08T22:37:51+05:45,3.0,Sindhupalchok,23005.0,Helambu,2915.0,2,302,Sindhupalchok,30204,Helambu,2,3020402,1,within,0,0,1.0,0,0,,,,39,Sermathang,,0.0,1.0,0,Sermathang,0.0
RAI_238,238,Melamchi at Nakote,rain,28.010844,85.535356,Koshi,,"Hydrological Station with RLS, Tipping Bucket and Temp/Humidity",hydrology.gov.np,436.0,,,2023-06-08T06:01:00.657093+05:45,2026-10-08T18:07:14+05:45,29244.1,0,2026-10-08T22:37:51+05:45,3.0,Sindhupalchok,23005.0,Helambu,2905.0,1,302,Sindhupalchok,30204,Helambu,1,3020401,1,within,0,0,1.0,0,0,,,,9,Melamchi at Nakote,,0.0,1.0,0,Melamchi at Nakote,0.0
RAI_239,239,Danda Gaon,rain,28.8801,82.2934,,1646.0,Automatic Weather Station,hydrology.gov.np,1981.0,,,2023-10-12T05:45:19.746650+05:45,2026-10-08T18:07:14+05:45,26220.37,0,2026-10-08T22:37:51+05:45,6.0,Jajarkot,61001.0,Barekot,694.0,8,607,Jajarkot,60701,Barekot,8,6070108,1,within,0,0,1.0,0,0,,,,138,Danda Gaon,,0.0,1.0,0,Danda Gaon,0.0
RAI_240,240,Jajarkot,rain,28.69860389,82.200792,Karnali,1240.0,Climate Station,hydrology.gov.np,1964.0,,,2021-05-23T06:00:49.280604+05:45,2026-10-08T18:07:14+05:45,47148.11,0,2026-10-08T22:37:51+05:45,6.0,Jajarkot,61002.0,Bheri,716.0,4,607,Jajarkot,60706,Bheri Malika,4,6070604,1,within,0,0,1.0,0,0,,,,931,Jajarkot,Precipitation,77.4,1.0,0,Delete,0.0
RAI_241,241,Seulibang,rain,28.31149167,82.94999444,West Rapti,1685.0,"AWS, TPB with CDCP",hydrology.gov.np,10649.0,,,2026-10-08T18:00:18.293941+05:45,2026-10-08T18:07:14+05:45,0.12,1,2026-10-08T22:37:51+05:45,5.0,Pyuthan,52006.0,Naubahini,1392.0,1,503,Pyuthan,50302,Naubahini,1,5030201,1,within,0,0,1.0,0,0,,,,832,Seulibang,Precipitation,0.0,1.0,0,Seulibang,0.0
RAI_242,242,Jeetpur,rain,26.879517,87.820265,Kankai,1391.0,Rainfall Station,hydrology.gov.np,4942.0,,,2021-09-13T18:00:44.854166+05:45,2026-10-08T18:07:14+05:45,44424.11,0,2026-10-08T22:37:51+05:45,1.0,Ilam,3002.0,Deumai,3306.0,9,110,Ilam,11004,Deumai,9,1100409,1,within,0,0,1.0,0,0,,,,268,Jeetpur,TPB,0.0,1.0,0,Jeetpur,0.0
RAI_243,243,Ratmata,rain,27.96667,82.61667,Babai,457.0,Rainfall Station,hydrology.gov.np,1573.0,,,2021-09-18T11:00:46.193208+05:45,2026-10-08T18:07:14+05:45,44311.11,0,2026-10-08T22:37:51+05:45,5.0,Dang,56002.0,Banglachuli,3935.0,3,510,Dang,51001,Bangalachuli,3,5100103,1,within,0,0,1.0,0,0,,,,670,Ratamata,Precipitation,623.4,0.933,0,Ratamata,0.0
RAI_244,244,Rajapur,rain,28.43402778,81.09758333,Karnali,133.0,Rainfall Station,hydrology.gov.np,1359.0,,,2023-05-09T06:01:04.031301+05:45,2026-10-08T18:07:14+05:45,29964.1,0,2026-10-08T22:37:51+05:45,5.0,Bardiya,58007.0,Rajapur,4865.0,4,512,Bardiya,51205,Rajapur,4,5120504,1,within,0,0,1.0,0,0,,,,90,Rajapur,Precipitation,0.0,1.0,0,Rajapur,0.0
RAI_245,245,Thori,rain,27.36333333,84.57861111,,243.0,Automatic Weather Station,hydrology.gov.np,1298.0,,,2021-11-15T10:30:43.228091+05:45,2026-10-08T18:07:14+05:45,42919.61,0,2026-10-08T22:37:51+05:45,2.0,Parsa,34014.0,Thori,4956.0,2,208,Parsa,20801,Thori,2,2080102,1,within,0,0,1.0,0,0,,,,83,Thori,,0.0,1.0,0,Thori,0.0
RAI_246,246,Kumalgaon (rainfall),rain,27.903204,83.770637,Narayani,,Rainfall station with CDCP,hydrology.gov.np,5295.0,,,2021-09-16T13:15:48.939631+05:45,2026-10-08T18:07:14+05:45,44356.86,0,2026-10-08T22:37:51+05:45,5.0,Palpa,47007.0,Rampur,5753.0,10,506,Palpa,50601,Rampur,10,5060110,1,within,0,0,1.0,0,0,,,,870,Kumalgaon (rainfall),TPB,0.0,1.0,0,Kumalgaon (rainfall),0.0
RAI_247,247,Lamabagar,rain,27.905278,86.20528,Koshi,1987.0,Rainfall station,hydrology.gov.np,1561.0,,,2021-09-19T06:15:47.597339+05:45,2026-10-08T18:07:14+05:45,44291.86,0,2026-10-08T22:37:51+05:45,3.0,Dolakha,22003.0,Bigu,572.0,1,301,Dolakha,30102,Bigu,1,3010201,1,within,0,0,1.0,0,0,,,,116,Lamabagar,,0.0,1.0,0,Lamabagar,0.0
RAI_248,248,Riukhola (Bankatta),rain,27.503344,84.278768,Narayani,105.0,Hydrological station with RLS and Tipping bucket,hydrology.gov.np,1276.0,,,2021-04-26T11:00:42.813928+05:45,2026-10-08T18:07:14+05:45,47791.11,0,2026-10-08T22:37:51+05:45,3.0,Chitwan,35099.0,Chitwan National Park,2281.0,99,313,Chitwan,,,99,,0,within,0,0,,,,,,,5008,Riewkhola (Bankatta) Rainfall Station,,0.0,0.897,0,Riewkhola (Bankatta) Rainfall Station,0.0
RAI_249,249,Shyano Shree Chepang,rain,28.3500003,81.69999,Babai,291.0,Tier 3,hydrology.gov.np,19658.0,,,2026-10-08T18:00:18.487823+05:45,2026-10-08T18:07:14+05:45,0.12,1,2026-10-08T22:37:51+05:45,5.0,Bardiya,58099.0,Bardiya National Park,4869.0,99,512,Bardiya,,,99,,0,within,0,0,,,,,,,611,Shyano Shree (Chepang),Precipitation ,1915.9,1.0,1,Shyano Shree Chepang,0.0
RAI_250,250,Budiganga at Chitreghat,rain,29.15,81.208,Karnali,227.0,Hydrological station with RLS and Tipping Bucket,hydrology.gov.np,1247.0,,,2021-05-23T06:00:49.328501+05:45,2026-10-08T18:07:14+05:45,47148.11,0,2026-10-08T22:37:51+05:45,7.0,Achham,69005.0,Mangalsen,2575.0,3,707,Achham,70706,Mangalsen,3,7070603,1,within,0,0,1.0,0,0,,,,79,Budiganga at Chitreghat,,0.0,1.0,0,Budiganga at Chitreghat,0.0
RAI_251,251,Mari at Nayagaon,rain,28.076667,82.798889,West Rapti,,Hydrological Station with Chart Recorder,hydrology.gov.np,920.0,,,2022-01-11T05:45:44.797995+05:45,2026-10-08T18:07:14+05:45,41556.36,0,2026-10-08T22:37:51+05:45,5.0,Pyuthan,52005.0,Mandavi,1381.0,3,503,Pyuthan,50306,Mandavi,3,5030603,1,within,0,0,1.0,0,0,,,,4928,Mari at Nayagaun HS,,0.0,0.917,0,Mari,0.0
RAI_252,252,Salyan Bazar,rain,28.38210306,82.14225111,Babai,1557.0,Climate Station,hydrology.gov.np,1426.0,,,2021-05-17T05:42:43.919222+05:45,2026-10-08T18:07:14+05:45,47292.41,0,2026-10-08T22:37:51+05:45,6.0,Salyan,55009.0,Sharada,1600.0,4,609,Salyan,60907,Sharada,4,6090704,1,within,0,0,1.0,0,0,,,,99,Salyan Bazar,Climate,0.0,1.0,0,Salyan Bazaar_AWS,0.0
RAI_253,253,Bhorleni,rain,27.368,85.4753,Bagmati,,Rainfall Station with CDCP,hydrology.gov.np,5434.0,,,2022-01-02T05:45:46.804020+05:45,2026-10-08T18:07:14+05:45,41772.36,0,2026-10-08T22:37:51+05:45,3.0,Sindhuli,20004.0,Hariharpurgadhi,2796.0,1,311,Sindhuli,31109,Hariharpurgaghi,1,3110901,1,within,0,0,1.0,0,0,,,,878,Bhorleni,,0.0,1.0,0,Bhorleni,0.0
RAI_254,254,Rampur Kalimati,rain,28.28226694,82.05767389,Babai (Sarada),696.0,Rainfall Station,hydrology.gov.np,1051.0,,,2021-09-19T06:15:47.538907+05:45,2026-10-08T18:07:14+05:45,44291.86,0,2026-10-08T22:37:51+05:45,6.0,Salyan,55006.0,Kalimati,1579.0,3,609,Salyan,60908,Kalimati,3,6090803,1,within,0,0,1.0,0,0,,,,62,Rampur Kalimati,Precipitation,0.0,1.0,0,Rampur Kalimati,0.0
RAI_255,255,Chitti-Lamjung,rain,28.205577,84.43742,,1080.0,AWS at Chitti,hydrology.gov.np,19758.0,,,2022-09-22T08:00:28.635164+05:45,2026-10-08T18:07:14+05:45,35458.11,0,2026-10-08T22:37:51+05:45,4.0,Lamjung,37001.0,Besishahar,989.0,11,406,Lamjung,40605,Bensi Shahar,11,4060511,1,within,0,0,1.0,0,0,,,,25,Chitti-Lamjung,,0.0,1.0,0,Chitti-Lamjung,0.0
RAI_256,256,Riukhola (Bankatta),rain,27.503344,84.278768,Narayani,105.0,Hydrological station with RLS and Tipping bucket,hydrology.gov.np,19832.0,,,2021-09-15T06:15:44.711479+05:45,2026-10-08T18:07:14+05:45,44387.86,0,2026-10-08T22:37:51+05:45,3.0,Chitwan,35099.0,Chitwan National Park,2281.0,99,313,Chitwan,,,99,,0,within,0,0,,,,,,,5008,Riewkhola (Bankatta) Rainfall Station,,0.0,0.897,0,Riewkhola (Bankatta) Rainfall Station,0.0
RAI_257,257,Arung at Batasa (Rainfall),rain,27.693036,83.953015,Narayani,,Rainfall Station with CDCP,hydrology.gov.np,19211.0,,,2021-07-03T17:30:47.242617+05:45,2026-10-08T18:07:14+05:45,46152.61,0,2026-10-08T22:37:51+05:45,4.0,Nawalparasi East,76008.0,Madhyabindu,3506.0,11,408,Nawalparasi East,40807,Madhya Bindu,11,4080711,1,within,0,0,1.0,0,0,,,,4807,Arung at Batasa (Rainfall),,0.0,1.0,0,Arung at Batasa (Rainfall),0.0
RAI_258,258,Narayani Field Office,rain,27.677386,84.434556,Narayani ,,Rainfall station with CDCP,hydrology.gov.np,19217.0,,,2021-07-03T17:30:47.567602+05:45,2026-10-08T18:07:14+05:45,46152.61,0,2026-10-08T22:37:51+05:45,3.0,Chitwan,35001.0,Bharatpur,2229.0,10,313,Chitwan,31304,Bharatpur,10,3130410,1,within,0,0,1.0,0,0,,,,4808,Narayani Field Office,,0.0,1.0,0,Narayani Field Office,0.0
RAI_259,259,Shaktikhor(Rainfall),rain,27.721124,84.585119,Narayani,,Rainfall station with CDCP,hydrology.gov.np,19223.0,,,2021-07-03T17:30:47.683519+05:45,2026-10-08T18:07:14+05:45,46152.61,0,2026-10-08T22:37:51+05:45,3.0,Chitwan,35003.0,Kalika,2271.0,8,313,Chitwan,31302,Kalika,8,3130208,1,within,0,0,1.0,0,0,,,,331,Shaktikhor,Precipitation,13.5,1.0,0,Shaktikhor,13.5
RAI_260,260,Sunkoshi at Pachuwarghat,rain,27.5537,85.7487,Koshi,514.0,Hydrological station with Bubbler sensor,hydrology.gov.np,1452.0,,,2021-06-13T06:00:46.951399+05:45,2026-10-08T18:07:14+05:45,46644.11,0,2026-10-08T22:37:51+05:45,3.0,Kavrepalanchok,24013.0,Temal,6182.0,3,309,Kavrepalanchok,30907,Temal,3,3090703,1,within,0,0,1.0,0,0,,,,104,Sunkoshi at Pachuwarghat,,0.0,1.0,0,Sunkoshi at Pachuwarghat,0.0
RAI_261,261,Bhairahawa_AWOS_10,rain,27.505331,83.398854,Tinau,110.0,Bhairahawa_AWOS_10,hydrology.gov.np,14569.0,,,2026-10-08T18:00:08.960263+05:45,2026-10-08T18:07:14+05:45,0.12,1,2026-10-08T22:37:51+05:45,5.0,Rupandehi,49008.0,Mayadevi,4222.0,7,508,Rupandehi,50812,Mayadevi,7,5081207,1,within,0,0,1.0,0,0,,,,4670,Bhairahawa_AWOS_10,Aero-synoptic,0.0,1.0,0,Bhairahawa_AWOS_10,0.0
RAI_262,262,Bhairahawa_AWOS_28,rain,27.505331,83.398854,,109.0,Bhairahawa_AWOS_28,hydrology.gov.np,14661.0,,,2022-02-21T16:45:41.646842+05:45,2026-10-08T18:07:14+05:45,40561.36,0,2026-10-08T22:37:51+05:45,5.0,Rupandehi,49008.0,Mayadevi,4222.0,7,508,Rupandehi,50812,Mayadevi,7,5081207,1,within,0,0,1.0,0,0,,,,4670,Bhairahawa_AWOS_10,Aero-synoptic,0.0,1.0,0,Bhairahawa_AWOS_10,0.0
RAI_263,263,Humde Airport,rain,28.639877,84.0889,Narayani,3388.0,Tier 3,hydrology.gov.np,14701.0,,,2026-07-01T05:45:11.706404+05:45,2026-10-08T18:07:14+05:45,2388.37,0,2026-10-08T22:37:51+05:45,4.0,Manang,41004.0,Manang Ngisyang,1037.0,4,402,Manang,40202,Neshang,4,4020204,1,within,0,0,1.0,0,0,,,,4672,Humde Airport,,0.0,1.0,0,Humde Airport,0.0
RAI_264,264,Marin Khola at Kusuntar,rain,27.2695335,85.8733013,Bagmati,399.0,Hydrological Station with RLS,hydrology.gov.np,18967.0,,,2026-10-08T18:00:15.802620+05:45,2026-10-08T18:07:14+05:45,0.12,1,2026-10-08T22:37:51+05:45,3.0,Sindhuli,20005.0,Kamalamai,2817.0,1,311,Sindhuli,31105,Kamalamai,1,3110501,1,within,0,0,1.0,0,0,,,,206,Marin Khola at Kusuntar,,0.0,1.0,0,Marin Khola at Kusuntar,0.0
RAI_265,265,Syangboche Airport,rain,27.814942,86.713376,Koshi,3831.0,Tier 3 Station,hydrology.gov.np,16227.0,,,2026-10-08T18:00:19.167025+05:45,2026-10-08T18:07:14+05:45,0.12,1,2026-10-08T22:37:51+05:45,1.0,Solukhumbu,11003.0,Khumbu Pasanglhamu,1732.0,4,103,Solukhumbu,10301,Khumbu Pasanglhamu,4,1030104,1,within,0,0,1.0,0,0,,,,4690,Syangboche Airport,Climate,0.0,1.0,0,Syangboche Airport,0.0
RAI_266,266,Rake,rain,27.027,87.796,,2158.0,AWS at Rake,hydrology.gov.np,19996.0,,,2021-10-19T07:30:46.194990+05:45,2026-10-08T18:07:14+05:45,43570.61,0,2026-10-08T22:37:51+05:45,1.0,Panchthar,2002.0,Falgunanda,1226.0,4,109,Panchthar,10905,Falgunanda,4,1090504,1,within,0,0,1.0,0,0,,,,42,Rake,टिपिंग बकेट,0.0,1.0,0,Rake,0.0
RAI_267,267,Kirtipur,rain,27.681669,85.289743,Bagmati,1311.0,Automatic Weather Station,hydrology.gov.np,20271.0,,,2026-10-08T18:00:14.368261+05:45,2026-10-08T18:07:14+05:45,0.12,1,2026-10-08T22:37:51+05:45,3.0,Kathmandu,27007.0,Kirtipur,3803.0,10,306,Kathmandu,30609,Kirtipur,10,3060910,1,within,0,0,1.0,0,0,,,,280,Kirtipur,Climate,0.0,1.0,0,Kirtipur,0.0
RAI_268,268,Gausala,rain,26.916451,85.781769,Rato,200.0,1119,hydrology.gov.np,20009.0,,,2026-10-08T18:00:11.602094+05:45,2026-10-08T18:07:14+05:45,0.12,1,2026-10-08T22:37:51+05:45,2.0,Mahottari,18006.0,Gaushala,5929.0,5,204,Mahottari,20402,Gaushala,5,2040205,1,within,0,0,1.0,0,0,,,,437,Gausala,Precipitation,0.0,1.0,0,Gausala,0.0
RAI_269,269,Phattepur,rain,26.730538,86.934812,Koshi,101.0,"shited from 26.73666694, 86.93144806, 83m by Akhilesh, when?",hydrology.gov.np,19885.0,,,2024-08-18T06:00:36.034668+05:45,2026-10-08T18:07:14+05:45,18756.11,0,2026-10-08T22:37:51+05:45,2.0,Saptari,15014.0,Saptakoshi,4442.0,1,201,Saptari,20101,Saptakoshi,1,2010101,1,within,0,0,1.0,0,0,,,,450,Phattepur,Climate Station,0.0,1.0,0,Phattepur,0.0
RAI_270,270,Damak,rain,26.6944,87.6886,Kankai,163.0,1408,hydrology.gov.np,19867.0,,,2026-10-08T18:00:10.077918+05:45,2026-10-08T18:07:14+05:45,0.12,1,2026-10-08T22:37:51+05:45,1.0,Jhapa,4006.0,Damak,6319.0,2,111,Jhapa,11107,Damak,2,1110702,1,within,0,0,1.0,0,0,,,,485,Damak,Climate,0.0,1.0,0,Damak,0.0
RAI_271,271,Malangwa,rain,26.85282222,85.55730833,Lokhandeni,87.0,1120,hydrology.gov.np,19909.0,,,2025-11-20T06:00:20.104388+05:45,2026-10-08T18:07:14+05:45,7740.11,0,2026-10-08T22:37:51+05:45,2.0,Sarlahi,19018.0,Malangwa,5550.0,3,205,Sarlahi,20520,Malangawa,3,2052003,1,within,0,0,1.0,0,0,,,,438,Malangwa,Rainfall Station,0.0,1.0,0,Malangwa,0.0
RAI_272,272,Pattharkot (East),rain,27.09985278,85.65964167,Lokhandeni,189.0,1109,hydrology.gov.np,19903.0,,,2026-03-16T12:15:21.216751+05:45,2026-10-08T18:07:14+05:45,4949.86,0,2026-10-08T22:37:51+05:45,2.0,Sarlahi,19017.0,Lalbandi,5566.0,13,205,Sarlahi,20501,Lalbandi,13,2050113,1,within,0,0,1.0,0,0,,,,427,Pattharkot (East),PreCIPITATION,0.0,1.0,0,Pattharkot (East),0.0
RAI_273,273,Sakhar at Tanahun,rain,27.87916,84.53583,Narayani,,Rainfall Station with CDCP,hydrology.gov.np,20205.0,,,2021-06-25T14:30:44.705075+05:45,2026-10-08T18:07:14+05:45,46347.61,0,2026-10-08T22:37:51+05:45,4.0,Tanahu,38001.0,Aanbookhaireni,2452.0,4,407,Tanahu,40710,Aanbu Khaireni,4,4071004,1,within,0,0,1.0,0,0,,,,816,Sakhar at Tanahun,Precipitation,1865.0,1.0,1,Sakhar at Tanahun,1865.0
RAI_274,274,Gaur,rain,26.7671,85.31303333,Bagmati,77.0,0922,hydrology.gov.np,19861.0,,,2026-10-08T18:00:11.534893+05:45,2026-10-08T18:07:14+05:45,0.12,1,2026-10-08T22:37:51+05:45,2.0,Rautahat,32016.0,Rajdevi,4125.0,7,206,Rautahat,20616,Rajdevi,7,2061607,1,within,0,0,1.0,0,0,,,,325,Gaur,Climate,0.0,1.0,0,Gaur,0.0
RAI_275,275,Sakhar at Tanahun,rain,27.86741111,84.54938056,Narayani,288.0,0863,hydrology.gov.np,20292.0,,,2026-10-08T18:00:17.937392+05:45,2026-10-08T18:07:14+05:45,0.12,1,2026-10-08T22:37:51+05:45,4.0,Tanahu,38001.0,Aanbookhaireni,2452.0,4,407,Tanahu,40710,Aanbu Khaireni,4,4071004,1,within,0,0,1.0,0,0,,,,816,Sakhar at Tanahun,Precipitation,0.0,1.0,0,Sakhar at Tanahun,0.0
RAI_276,276,Rainastar,rain,28.076181,84.476667,Narayani,588.0,0856,hydrology.gov.np,20208.0,,,2026-10-08T18:00:17.271310+05:45,2026-10-08T18:07:14+05:45,0.12,1,2026-10-08T22:37:51+05:45,4.0,Lamjung,37007.0,Rainas,1019.0,7,406,Lamjung,40607,Rainas,7,4060707,1,within,0,0,1.0,0,0,,,,809,Rainastar,Precipitation,0.0,1.0,0,Rainastar,0.0
RAI_277,277,Kalaiya,rain,27.0354,85.0012,Narayani,100.0,0921,hydrology.gov.np,19855.0,,,2026-03-16T12:15:16.242172+05:45,2026-10-08T18:07:14+05:45,4949.87,0,2026-10-08T22:37:51+05:45,2.0,Bara,33006.0,Kalaiya,6697.0,1,207,Bara,20708,Kalaiya,1,2070801,1,within,0,0,1.0,0,0,,,,324,Kalaiya,Climate,0.0,1.0,0,Kalaiya,0.0
RAI_278,278,Lamapatan,rain,28.177433,84.003929,Narayani,,Rainfall Station with CDCP,hydrology.gov.np,19993.0,,,2026-10-08T18:00:14.822935+05:45,2026-10-08T18:07:14+05:45,0.12,1,2026-10-08T22:37:51+05:45,4.0,Kaski,40004.0,Pokhara,3884.0,14,405,Kaski,40504,Pokhara Lekhnath,14,4050414,1,within,0,0,1.0,0,0,,,,4820,Lamapatan,,0.0,1.0,0,Lamapatan,0.0
RAI_279,279,Arung at Batasa (Rainfall),rain,27.693036,83.953015,,,Rainfall Station with CDCP,hydrology.gov.np,20315.0,,,2022-10-08T05:45:19.047259+05:45,2026-10-08T18:07:14+05:45,35076.37,0,2026-10-08T22:37:51+05:45,4.0,Nawalparasi East,76008.0,Madhyabindu,3506.0,11,408,Nawalparasi East,40807,Madhya Bindu,11,4080711,1,within,0,0,1.0,0,0,,,,4807,Arung at Batasa (Rainfall),,0.0,1.0,0,Arung at Batasa (Rainfall),0.0
RAI_280,280,Narayani Field Office,rain,27.677386,84.434556,Narayani,216.0,Rainfall station with CDCP & Climate Station,hydrology.gov.np,20316.0,,,2026-10-08T18:00:16.306214+05:45,2026-10-08T18:07:14+05:45,0.12,1,2026-10-08T22:37:51+05:45,3.0,Chitwan,35001.0,Bharatpur,2229.0,10,313,Chitwan,31304,Bharatpur,10,3130410,1,within,0,0,1.0,0,0,,,,4808,Narayani Field Office,,0.0,1.0,0,Narayani Field Office,0.0
RAI_281,281,Nijgadh,rain,27.184582,85.18584,Narayani,244.0,Manual Rain Gauge & TPB,hydrology.gov.np,19891.0,,,2026-03-16T12:15:20.362868+05:45,2026-10-08T18:07:14+05:45,4949.86,0,2026-10-08T22:37:51+05:45,2.0,Bara,33010.0,Nijgadh,6725.0,8,207,Bara,20701,Nijagadh,8,2070108,1,within,0,0,1.0,0,0,,,,314,Nijgadh,Precipitation,0.0,1.0,0,Nijgadh,0.0
RAI_282,282,Shaktikhor,rain,27.72113611,84.58525556,Narayani,333.0,0928,hydrology.gov.np,20318.0,,,2026-10-08T18:00:18.333273+05:45,2026-10-08T18:07:14+05:45,0.12,1,2026-10-08T22:37:51+05:45,3.0,Chitwan,35003.0,Kalika,2271.0,8,313,Chitwan,31302,Kalika,8,3130208,1,within,0,0,1.0,0,0,,,,331,Shaktikhor,Precipitation,0.0,1.0,0,Shaktikhor,0.0
RAI_283,283,Panchamul,rain,28.13558056,83.77019722,Narayani,1575.0,0853,hydrology.gov.np,20207.0,,,2026-10-08T18:00:16.847958+05:45,2026-10-08T18:07:14+05:45,0.12,1,2026-10-08T22:37:51+05:45,4.0,Syangja,39001.0,Aandhikhola,2994.0,1,409,Syangja,40903,Aandhikhola,1,4090301,1,within,0,0,1.0,0,0,,,,806,Panchamul,Precipitation,0.0,1.0,0,Panchamul,0.0
RAI_284,284,Terhathum,rain,27.12304,87.53619,Koshi,1525.0,1314,hydrology.gov.np,19897.0,,,2026-10-08T05:45:18.236044+05:45,2026-10-08T18:07:14+05:45,12.37,1,2026-10-08T22:37:51+05:45,1.0,Terhathum,8005.0,Myanglung,1855.0,2,108,Tenhrathum,10804,Myanglung,2,1080402,1,within,0,0,1.0,0,0,,,,470,Terhathum,Climate,0.0,1.0,0,Terhathum,0.0
RAI_285,285,Dumkauli,rain,27.680534,84.22817,Narayani,199.0,0706,hydrology.gov.np,20206.0,,,2026-10-08T18:00:11.007658+05:45,2026-10-08T18:07:14+05:45,0.12,1,2026-10-08T22:37:51+05:45,4.0,Nawalparasi East,76004.0,Devchuli,3516.0,16,408,Nawalparasi East,40805,Devchuli,16,4080516,1,within,0,0,1.0,0,0,,,,713,Dumkauli,Climate,0.0,1.0,0,Dumkauli,0.0
RAI_286,286,Kechana,rain,26.39616667,88.00375,Mechi,71.0,1422,hydrology.gov.np,19873.0,,,2026-10-08T18:00:13.961754+05:45,2026-10-08T18:07:14+05:45,0.12,1,2026-10-08T22:37:51+05:45,1.0,Jhapa,4011.0,Kachankawal,6349.0,4,111,Jhapa,11115,Kachanakawal,4,1111504,1,within,0,0,1.0,0,0,,,,494,Kechana,Climate,0.0,1.0,0,Kechana,0.0
RAI_287,287,Dhap Dam AWS,rain,27.807245,85.455791,Bagmati,,"Installed by Project Implementation Irrigation Unit (PIIU), BRBIP",hydrology.gov.np,20531.0,,,2025-11-01T06:00:12.905787+05:45,2026-10-08T18:07:14+05:45,8196.12,0,2026-10-08T22:37:51+05:45,3.0,Kathmandu,27004.0,Gokarneshwor,3744.0,1,306,Kathmandu,30603,Gokarneshwor,1,3060301,1,within,0,0,1.0,0,0,,,,4869,Dhap Dam AWS,,0.0,1.0,0,Dhap Dam AWS,0.0
RAI_288,288,Gorkha Agromet,rain,27.971,84.5916,Narayani,720.0,Tier 2 Station,hydrology.gov.np,20604.0,,,2026-10-08T18:00:12.070833+05:45,2026-10-08T18:07:14+05:45,0.12,1,2026-10-08T22:37:51+05:45,4.0,Gorkha,36007.0,Gorkha,3399.0,10,401,Gorkha,40109,Gorkha,10,4010910,1,within,0,0,1.0,0,0,,,,1956,Gorkha Agromet,Agromet,0.0,1.0,0,Gorkha Agromet,0.0
RAI_289,289,Lohare Khola at Tallo Dungeshwor,rain,28.784518,81.584198,Karnali,,Hydrological station with RLS,hydrology.gov.np,1343.0,,,2021-10-20T07:30:46.537227+05:45,2026-10-08T18:07:14+05:45,43546.61,0,2026-10-08T22:37:51+05:45,6.0,Dailekh,60005.0,Dullu,1911.0,6,606,Dailekh,60607,Dullu,6,6060706,1,within,0,0,1.0,0,0,,,,87,Lohare Khola at Tallo Dungeshwor,,0.0,1.0,0,Lohare Khola at Tallo Dungeshwor,0.0
RAI_290,290,Chisapani Bazar,rain,26.93022222,86.14513889,Kamala,127.0,Rainfall Station,hydrology.gov.np,20625.0,,,2025-10-20T06:00:11.213980+05:45,2026-10-08T18:07:14+05:45,8484.12,0,2026-10-08T22:37:51+05:45,2.0,Dhanusa,17007.0,Ganeshman Charnath,6516.0,5,203,Dhanusa,20301,Ganeshman Charnath,5,2030105,1,within,0,0,1.0,0,0,,,,75,Chisapani Bazar,Rainfall Station (TPB),0.0,1.0,0,Chisapani Bazar,0.0
RAI_291,291,Gorkha (Birenchowk),rain,27.97138889,84.58944444,Narayani,724.0,"Agroment Station with Rainfall station with CDCP, previously it was recorded as Birenchowk.",hydrology.gov.np,20629.0,,,2025-05-28T05:45:12.864651+05:45,2026-10-08T18:07:14+05:45,11964.37,0,2026-10-08T22:37:51+05:45,4.0,Gorkha,36007.0,Gorkha,3399.0,10,401,Gorkha,40109,Gorkha,10,4010910,1,within,0,0,1.0,0,0,,,,874,Gorkha (Birenchowk),Agromet,0.0,1.0,0,Gorkha (Birenchowk),0.0
RAI_292,292,Jeetpur,rain,26.879517,87.820265,Kankai,1391.0,Rainfall Station,hydrology.gov.np,20632.0,,,2026-10-08T18:00:13.025321+05:45,2026-10-08T18:07:14+05:45,0.12,1,2026-10-08T22:37:51+05:45,1.0,Ilam,3002.0,Deumai,3306.0,9,110,Ilam,11004,Deumai,9,1100409,1,within,0,0,1.0,0,0,,,,268,Jeetpur,TPB,0.0,1.0,0,Jeetpur,0.0
RAI_293,293,Jomsom TPB,rain,28.784025,83.729894,Narayani,,Rainfall station with CDCP,hydrology.gov.np,20628.0,,,2026-10-08T18:00:13.175353+05:45,2026-10-08T18:07:14+05:45,0.12,1,2026-10-08T22:37:51+05:45,4.0,Mustang,42003.0,Gharapjhong,5071.0,5,403,Mustang,40302,Gharpajhong,5,4030205,1,within,0,0,1.0,0,0,,,,872,Jomsom TPB,,0.0,1.0,0,Jomsom TPB,0.0
RAI_294,294,Jogbudha,rain,29.12785778,80.34740778,Mahakali,379.0,Rainfall station,hydrology.gov.np,20630.0,,,2026-03-16T12:15:15.715198+05:45,2026-10-08T18:07:14+05:45,4949.87,0,2026-10-08T22:37:51+05:45,7.0,Dadeldhura,73007.0,Parashuram,6608.0,12,705,Dadeldhura,70505,Parashuram,12,7050512,1,within,0,0,1.0,0,0,,,,987,Jogbudha,Precipitation,0.0,1.0,0,delete_Jogbugha,0.0
RAI_295,295,"Kankai, Mainachuli",rain,26.686394,87.874507,Kankai,,Rainfall station with CDCP,hydrology.gov.np,20631.0,,,2026-06-20T05:45:10.344052+05:45,2026-10-08T18:07:14+05:45,2652.37,0,2026-10-08T22:37:51+05:45,1.0,Jhapa,4015.0,Shivasataxi,6411.0,10,111,Jhapa,11105,Shivasatakshi,10,1110510,1,within,0,0,1.0,0,0,,,,883,"Kankai, Mainachuli",TPB,0.0,1.0,0,"Kankai, Mainachuli",0.0
RAI_296,296,Trishuli at Betrawati,rain,27.97,85.18,Narayani,,Automatic Hydrological Station,hydrology.gov.np,20622.0,,,2026-08-28T05:45:17.393156+05:45,2026-10-08T18:07:14+05:45,996.37,0,2026-10-08T22:37:51+05:45,3.0,Nuwakot,28002.0,Bidur,3698.0,7,305,Nuwakot,30504,Bidur,7,3050407,1,within,0,0,1.0,0,0,,,,52,Trishuli at Betrawati,TPB,0.0,1.0,0,Trishuli at Betrawati,0.0
RAI_297,297,Kalyanpur,rain,27.4578,84.3431,Narayani,147.0,Automatic Weather Station,hydrology.gov.np,20623.0,,,2026-07-19T06:00:09.922769+05:45,2026-10-08T18:07:14+05:45,1956.12,0,2026-10-08T22:37:51+05:45,3.0,Chitwan,35005.0,Madi,2260.0,6,313,Chitwan,31307,Madi,6,3130706,1,within,0,0,1.0,0,0,,,,27,Kalyanpur,,0.0,1.0,0,Kalyanpur,0.0
RAI_298,298,Tumlingtar_Hydro,rain,27.31861,87.1972,Koshi,394.0,Rainfall Station,hydrology.gov.np,20634.0,,,2023-10-10T05:45:42.839053+05:45,2026-10-08T18:07:14+05:45,26268.36,0,2026-10-08T22:37:51+05:45,1.0,Sankhuwasabha,9005.0,Khandbari,1695.0,9,102,Sankhuwasabha,10206,Khandabari,9,1020609,1,within,0,0,1.0,0,0,,,,105,Tumlingtar_Hydro,,0.0,1.0,0,Tumlingtar_Hydro,0.0
RAI_299,299,Haraincha,rain,26.61000889,87.37074778,Keshaliya,93.0,Rainfall Station with CDCP,hydrology.gov.np,20656.0,,,2026-10-08T18:00:12.444083+05:45,2026-10-08T18:07:14+05:45,0.12,1,2026-10-08T22:37:51+05:45,1.0,Morang,5015.0,Sundarharaicha,5835.0,1,112,Morang,11204,Sundarharaicha,1,1120401,1,within,0,0,1.0,0,0,,,,884,Haraincha,Precipitation,0.0,1.0,0,Haraincha,0.0
RAI_300,300,Babarmahal (DHM Office),rain,27.693,85.326,Bagmati,,Rainfall Station,hydrology.gov.np,20670.0,,,2026-10-08T18:00:07.925366+05:45,2026-10-08T18:07:14+05:45,0.12,1,2026-10-08T22:37:51+05:45,3.0,Kathmandu,27006.0,Kathmandu,3715.0,11,306,Kathmandu,30608,Kathmandu,11,3060811,1,within,0,0,1.0,0,0,,,,63,Babarmahal (DHM Office),,0.0,1.0,0,Delete,0.0
RAI_301,301,BudhanilKantha,rain,27.764588,85.352159,Bagmati,,Climate station at Budhanilkantha,hydrology.gov.np,20671.0,,,2025-09-01T06:00:10.820367+05:45,2026-10-08T18:07:14+05:45,9660.12,0,2026-10-08T22:37:51+05:45,3.0,Kathmandu,27001.0,Budhanilkantha,3810.0,6,306,Kathmandu,30604,Budhanilkhantha,6,3060406,1,within,0,0,1.0,0,0,,,,58,BudhanilKantha,,0.0,1.0,0,BudhanilKantha,0.0
RAI_302,302,Chaurbandale,rain,29.157537,80.464178,Mahakali,1308.0,Rainfall Station; previous name - Rangoon Upstream at Chaudbandale,hydrology.gov.np,20633.0,,,2026-10-08T18:00:09.759983+05:45,2026-10-08T18:07:14+05:45,0.12,1,2026-10-08T22:37:51+05:45,7.0,Dadeldhura,73002.0,Alital,6587.0,3,705,Dadeldhura,70506,Aalital,3,7050603,1,within,0,0,1.0,0,0,,,,988,Chaurbandale,TPB,0.0,1.0,0,Chaurbandale,0.0
RAI_303,303,Ghalekharka,rain,28.34472778,83.99905556,Narayani,1665.0,Climate station,hydrology.gov.np,20669.0,,,2026-10-08T18:00:11.670389+05:45,2026-10-08T18:07:14+05:45,0.12,1,2026-10-08T22:37:51+05:45,4.0,Kaski,40002.0,Machhapuchchhre,3895.0,2,405,Kaski,40502,Machhapuchchhre,2,4050202,1,within,0,0,1.0,0,0,,,,127,Ghalekharka,Climate,0.0,1.0,0,delete_Ghalekharka,0.0
RAI_304,304,Kumalgaon (rainfall),rain,27.903204,83.770637,Narayani,,Rainfall station with CDCP,hydrology.gov.np,20667.0,,,2026-10-08T18:00:14.585697+05:45,2026-10-08T18:07:14+05:45,0.12,1,2026-10-08T22:37:51+05:45,5.0,Palpa,47007.0,Rampur,5753.0,10,506,Palpa,50601,Rampur,10,5060110,1,within,0,0,1.0,0,0,,,,870,Kumalgaon (rainfall),TPB,0.0,1.0,0,Kumalgaon (rainfall),0.0
RAI_305,305,Barphalyang,rain,26.76777778,87.98611111,Mechi,420.0,Rainfall station,hydrology.gov.np,20666.0,,,2026-10-08T18:00:08.600369+05:45,2026-10-08T18:07:14+05:45,0.12,1,2026-10-08T22:37:51+05:45,1.0,Ilam,3008.0,Rong,3337.0,2,110,Ilam,11010,Rong,2,1101002,1,within,0,0,1.0,0,0,,,,141,Barphalyang,Precipitation,0.0,1.0,0,Barphalyang,0.0
RAI_306,306,Danda,rain,27.625647,84.090786,Narayani,,Rainfall Station with CDCP,hydrology.gov.np,5724.0,,,2026-07-16T05:45:07.322916+05:45,2026-10-08T18:07:14+05:45,2028.37,0,2026-10-08T22:37:51+05:45,4.0,Nawalparasi East,76007.0,Kawasoti,3452.0,16,408,Nawalparasi East,40806,Kawasoti,16,4080616,1,within,0,0,1.0,0,0,,,,871,Danda,,0.0,1.0,0,Danda,0.0
RAI_307,307,Ilam Tea State_AWS,rain,26.9095,87.9231,Kankai,,Better to shift the system to some other climate station as PPCR AWS available.,hydrology.gov.np,20655.0,,,2026-10-08T18:00:12.670516+05:45,2026-10-08T18:07:14+05:45,0.12,1,2026-10-08T22:37:51+05:45,1.0,Ilam,3004.0,Ilam,3297.0,7,110,Ilam,11003,Ilam,7,1100307,1,within,0,0,1.0,0,0,,,,155,Ilam Tea State_AWS,,0.0,1.0,0,Ilam Tea State_AWS,0.0
RAI_308,308,Kanyam Tea State,rain,26.868,88.078,Mechi,1573.0,better to shift to some necessary station as PPCR AWS available,hydrology.gov.np,20658.0,,,2026-10-08T18:00:13.638568+05:45,2026-10-08T18:07:14+05:45,0.12,1,2026-10-08T22:37:51+05:45,1.0,Ilam,3010.0,Suryodaya,3310.0,7,110,Ilam,11009,Suryodaya,7,1100907,1,within,0,0,1.0,0,0,,,,43,Kanyam Tea State,,0.0,1.0,0,Kanyam Tea State,0.0
RAI_309,309,Mai Pokhari,rain,27.00523,87.92863,Kankai,2119.0,AWS at Mai Pokhari,hydrology.gov.np,20657.0,,,2026-10-08T18:00:15.214251+05:45,2026-10-08T18:07:14+05:45,0.12,1,2026-10-08T22:37:51+05:45,1.0,Ilam,3004.0,Ilam,3342.0,2,110,Ilam,11003,Ilam,2,1100302,1,within,0,0,1.0,0,0,,,,46,Mai Pokhari,,0.0,1.0,0,Mai Pokhari,0.0
RAI_310,310,Soktim Tea State,rain,26.8133,87.9025,Kankai,,Rainfall station,hydrology.gov.np,20639.0,,,2026-10-08T18:00:18.833357+05:45,2026-10-08T18:07:14+05:45,0.12,1,2026-10-08T22:37:51+05:45,1.0,Ilam,3005.0,Mai,3282.0,9,110,Ilam,11008,Mai,9,1100809,1,within,0,0,1.0,0,0,,,,267,Soktim Tea State,TPB,0.0,1.0,0,Soktim Tea State,0.0
RAI_311,311,Godavari_TPB,rain,27.593056,85.378889,Bagmati,,Better to shift tipping bucket in Godavari Climate Station,hydrology.gov.np,20678.0,,,2026-10-08T18:00:11.917644+05:45,2026-10-08T18:07:14+05:45,0.12,1,2026-10-08T22:37:51+05:45,3.0,Lalitpur,25002.0,Godawari,1972.0,3,308,Lalitpur,30803,Godawari,3,3080303,1,within,0,0,1.0,0,0,,,,59,Godavari_TPB,Climate,0.0,1.0,0,Godavari_TPB,0.0
RAI_312,312,Lele_Hydro,rain,27.575595,85.355124,Bagmati,,Rainfall Station,hydrology.gov.np,20673.0,,,2026-07-29T06:45:12.853589+05:45,2026-10-08T18:07:14+05:45,1715.37,0,2026-10-08T22:37:51+05:45,3.0,Lalitpur,25002.0,Godawari,2005.0,5,308,Lalitpur,30803,Godawari,5,3080305,1,within,0,0,1.0,0,0,,,,65,Lele_Hydro,TPB,0.0,1.0,0,Lele_Hydro,0.0
RAI_313,313,SindhuliGadi,rain,27.266667,85.946667,Bagmati,,Rainfall station,hydrology.gov.np,20674.0,,,2026-10-08T18:00:18.740487+05:45,2026-10-08T18:07:14+05:45,0.12,1,2026-10-08T22:37:51+05:45,3.0,Sindhuli,20005.0,Kamalamai,2813.0,2,311,Sindhuli,31105,Kamalamai,2,3110502,1,within,0,0,1.0,0,0,,,,56,SindhuliGadi,TPB,0.0,1.0,0,SindhuliGadi,0.0
RAI_314,314,Sundarijal,rain,27.750066,85.431115,Bagmati,,Rainfall Station,hydrology.gov.np,20676.0,,,2026-10-08T18:00:18.905315+05:45,2026-10-08T18:07:14+05:45,0.12,1,2026-10-08T22:37:51+05:45,3.0,Kathmandu,27005.0,Kageshwori Manahora,3841.0,2,306,Kathmandu,30602,Kageshwori Manahara,2,3060202,1,within,0,0,1.0,0,0,,,,400,Sundarijal,,218.8,1.0,0,Sundarijal,0.0
RAI_315,315,Aadhi Khola at Borlangpul (Rainfall),rain,28.072732,83.811066,Narayani,227.0,Hydrological station with Bubbler ,hydrology.gov.np,20668.0,,,2026-10-07T05:45:05.249577+05:45,2026-10-08T18:07:14+05:45,36.37,1,2026-10-08T22:37:51+05:45,4.0,Syangja,39010.0,Putalibazar,3003.0,13,409,Syangja,40901,Putalibazar,13,4090113,1,within,0,0,1.0,0,0,,,,41,Aadhi Khola at Borlangpul (Rainfall),,0.0,1.0,0,Aadhi Khola at Borlangpul (Rainfall),0.0
RAI_316,316,Besishahar (Khudi Bazar),rain,28.233056,84.383056,Narayani,720.0,AWS at Besishahar(Khudi),hydrology.gov.np,20661.0,,,2026-08-14T06:00:07.044608+05:45,2026-10-08T18:07:14+05:45,1332.12,0,2026-10-08T22:37:51+05:45,4.0,Lamjung,37001.0,Besishahar,978.0,10,406,Lamjung,40605,Bensi Shahar,10,4060510,1,within,0,0,1.0,0,0,,,,36,Besishahar (Khudi Bazar),,0.0,1.0,0,Besishahar (Khudi Bazar),0.0
RAI_317,317,Bimalnagar (Rainfall),rain,27.95,84.41,Narayani,,Hydrological station with bubbler sensor,hydrology.gov.np,20659.0,,,2026-10-08T18:00:09.250872+05:45,2026-10-08T18:07:14+05:45,0.12,1,2026-10-08T22:37:51+05:45,4.0,Tanahu,38002.0,Bandipur,2481.0,4,407,Tanahu,40709,Bandipur,4,4070904,1,within,0,0,1.0,0,0,,,,31,Bimalnagar (Rainfall),,0.0,1.0,0,Bimalnagar (Rainfall),0.0
RAI_318,318,Charchhare,rain,27.4232,84.3037,Narayani,171.0,"Observer house (27.424542, 84.305087)",hydrology.gov.np,20662.0,,,2026-10-08T11:30:11.926015+05:45,2026-10-08T18:07:14+05:45,6.62,1,2026-10-08T22:37:51+05:45,3.0,Chitwan,35005.0,Madi,2221.0,5,313,Chitwan,31307,Madi,5,3130705,1,within,0,0,1.0,0,0,,,,80,Charchhare,Precipitation,0.0,1.0,0,Charchhare,0.0
RAI_319,319,Govindabasti,rain,27.4174,84.4509,Narayani,227.0,Automatic Rainfall Station,hydrology.gov.np,20664.0,,,2026-10-08T18:00:12.157850+05:45,2026-10-08T18:07:14+05:45,0.12,1,2026-10-08T22:37:51+05:45,3.0,Chitwan,35005.0,Madi,2219.0,9,313,Chitwan,31307,Madi,9,3130709,1,within,0,0,1.0,0,0,,,,82,Govindabasti,,0.0,1.0,0,Govindabasti,0.0
RAI_320,320,MulGhat,rain,26.93175,87.31969,Koshi,286.0,Rainfall Station ,hydrology.gov.np,20692.0,,,2026-06-20T05:45:12.471430+05:45,2026-10-08T18:07:14+05:45,2652.37,0,2026-10-08T22:37:51+05:45,1.0,Dhankuta,7003.0,Dhankuta,461.0,9,107,Dhankuta,10704,Dhankuta,9,1070409,1,within,0,0,1.0,0,0,,,,102,MulGhat,Precipitation,0.0,1.0,0,MulGhat,0.0
RAI_321,321,Okhaldhunga,rain,27.3082,86.5042,,1725.0,Automatic Weather Station with WXT520,hydrology.gov.np,20694.0,,,2022-07-30T05:45:50.363043+05:45,2026-10-08T18:07:14+05:45,36756.36,0,2026-10-08T22:37:51+05:45,1.0,Okhaldhunga,12007.0,Siddhicharan,1183.0,11,104,Okhaldhunga,10402,Siddhicharan,11,1040211,1,within,0,0,1.0,0,0,,,,446,Okhaldhunga,Synoptic,9.1,1.0,0,Okhaldhunga_AWS,0.0
RAI_322,322,Rajaiya (rainfall station),rain,27.43276,84.99817,Narayani,,Rainfall station,hydrology.gov.np,20665.0,,,2026-10-08T18:00:17.309597+05:45,2026-10-08T18:07:14+05:45,0.12,1,2026-10-08T22:37:51+05:45,3.0,Makwanpur,31004.0,Hetauda,2333.0,11,312,Makwanpur,31206,Hetauda,11,3120611,1,within,0,0,1.0,0,0,,,,266,Rajaiya (rainfall station),TPB,0.0,1.0,0,Rajaiya (rainfall station),0.0
RAI_323,323,Trishuli at Kali Khola (Rainfall),rain,27.8333,84.55,Narayani,147.0,Hydrological Station with bubble sensor,hydrology.gov.np,20663.0,,,2026-10-08T18:00:20.174744+05:45,2026-10-08T18:07:14+05:45,0.11,1,2026-10-08T22:37:51+05:45,4.0,Tanahu,38001.0,Aanbookhaireni,2452.0,4,407,Tanahu,40710,Aanbu Khaireni,4,4071004,1,within,0,0,1.0,0,0,,,,4781,Trishuli River at Kali Khola,,395.6,1.0,0,Trishuli at Kali Khola (Rainfall),0.0
RAI_324,324,Ambapur,rain,28.0099833,82.275406,Babai,599.0,"Station shifted from 28.00851, 82.27189, 586 m on 2021-12-21",hydrology.gov.np,20695.0,,,2026-10-08T18:00:07.578444+05:45,2026-10-08T18:07:14+05:45,0.12,1,2026-10-08T22:37:51+05:45,5.0,Dang,56010.0,Tulsipur,3970.0,13,510,Dang,51003,Tulsipur,13,5100313,1,within,0,0,1.0,0,0,,,,121,Ambapur,Precipitation,0.0,1.0,0,Ambapur,0.0
RAI_325,325,Bagasoti,rain,27.876389,82.803056,West Rapti,,"Rainfall station, station managed by Flood",hydrology.gov.np,20689.0,,,2026-10-08T18:00:07.984982+05:45,2026-10-08T18:07:14+05:45,0.12,1,2026-10-08T22:37:51+05:45,5.0,Dang,56008.0,Rapti,4013.0,1,510,Dang,51008,Rapti,1,5100801,1,within,0,0,1.0,0,0,,,,45,Bagasoti,Precipitation,0.0,1.0,0,Bagasoti,0.0
RAI_326,326,Chaurjhari Tar,rain,28.65399306,82.21030694,Karnali,863.0,Automatic Weather Station(0513),hydrology.gov.np,20700.0,,,2025-06-21T06:00:10.902746+05:45,2026-10-08T18:07:14+05:45,11388.12,0,2026-10-08T22:37:51+05:45,6.0,Rukum West,54003.0,Chaurjahari,1480.0,3,608,Rukum West,60806,Chaurjahari,3,6080603,1,within,0,0,1.0,0,0,,,,877,Chaurjhari Tar,Climate,0.0,1.0,0,Chaurjhari Tar,0.0
RAI_327,327,Chisapani(Karnali),rain,28.64721944,81.28542778,Karnali,201.0,Automatic Rainfall Station at Karnali at Chisapani ,hydrology.gov.np,20699.0,,,2026-03-16T12:15:11.007485+05:45,2026-10-08T18:07:14+05:45,4949.87,0,2026-10-08T22:37:51+05:45,7.0,Kailali,71011.0,Lamkichuha,5378.0,3,708,Kailali,70807,Lamki Chuha,3,7080703,1,within,0,0,1.0,0,0,,,,34,Chisapani(Karnali),Climate,0.0,1.0,0,delete_Chisapani(Karnali),0.0
RAI_328,328,Chisapanigadi,rain,27.55,85.133333,Narayani,,Rainfall Station,hydrology.gov.np,20677.0,,,2026-10-08T18:00:09.893594+05:45,2026-10-08T18:07:14+05:45,0.12,1,2026-10-08T22:37:51+05:45,3.0,Makwanpur,31003.0,Bhimphedi,2320.0,6,312,Makwanpur,31207,Bhimphedi,6,3120706,1,within,0,0,1.0,0,0,,,,309,Chisapani Gadhi,Precipitation ,1197.4,1.0,1,Chisapanigadi,0.0
RAI_329,329,Dhakeri,rain,28.15715389,81.76614389,West Rapti,153.0,rainfall station,hydrology.gov.np,20690.0,,,2026-10-08T18:00:10.476140+05:45,2026-10-08T18:07:14+05:45,0.12,1,2026-10-08T22:37:51+05:45,5.0,Banke,57008.0,Rapti Sonari,2176.0,9,511,Banke,51101,Rapti Sonari,9,5110109,1,within,0,0,1.0,0,0,,,,269,Dhakeri,Precipitation,0.0,1.0,0,Dhakeri,0.0
RAI_330,330,Jyamirebari,rain,28.40266667,83.98291389,Narayani,1525.0,Climate Station,hydrology.gov.np,20672.0,,,2026-08-22T08:15:10.232125+05:45,2026-10-08T18:07:14+05:45,1137.87,0,2026-10-08T22:37:51+05:45,4.0,Kaski,40002.0,Machhapuchchhre,3914.0,1,405,Kaski,40502,Machhapuchchhre,1,4050201,1,within,0,0,1.0,0,0,,,,128,Jyamirebari,Climate,0.0,1.0,0,delete_Jyamirebari,0.0
RAI_331,331,Lamabagar,rain,27.905278,86.20528,Koshi,1987.0,Rainfall station,hydrology.gov.np,20696.0,,,2026-10-08T18:00:14.757048+05:45,2026-10-08T18:07:14+05:45,0.12,1,2026-10-08T22:37:51+05:45,3.0,Dolakha,22003.0,Bigu,572.0,1,301,Dolakha,30102,Bigu,1,3010201,1,within,0,0,1.0,0,0,,,,116,Lamabagar,,0.0,1.0,0,Lamabagar,0.0
RAI_332,332,Lamahi,rain,27.87055556,82.53666667,West Rapti,243.0,Rainfall station,hydrology.gov.np,20691.0,,,2026-10-08T18:00:14.786723+05:45,2026-10-08T18:07:14+05:45,0.12,1,2026-10-08T22:37:51+05:45,5.0,Dang,56006.0,Lamahi,3999.0,4,510,Dang,51007,Lamahi,4,5100704,1,within,0,0,1.0,0,0,,,,89,Lamahi,Precipitation,0.0,1.0,0,Lamahi,0.0
RAI_333,333,Padhampur,rain,28.188545,82.135467,Babai,656.0,Rainfall Station,hydrology.gov.np,20680.0,,,2026-10-08T18:00:16.812427+05:45,2026-10-08T18:07:14+05:45,0.12,1,2026-10-08T22:37:51+05:45,5.0,Dang,56001.0,Babai,3972.0,5,510,Dang,51005,Babai,5,5100505,1,within,0,0,1.0,0,0,,,,122,Padhampur,Precipitation,0.0,1.0,0,Padhampur,0.0
RAI_334,334,Rampur Kalimati,rain,28.28226694,82.05767389,Karnali,696.0,Rainfall Station(0525),hydrology.gov.np,20697.0,,,2026-08-18T05:45:14.518387+05:45,2026-10-08T18:07:14+05:45,1236.37,0,2026-10-08T22:37:51+05:45,6.0,Salyan,55006.0,Kalimati,1579.0,3,609,Salyan,60908,Kalimati,3,6090803,1,within,0,0,1.0,0,0,,,,62,Rampur Kalimati,Precipitation,0.0,1.0,0,Rampur Kalimati,0.0
RAI_335,335,Ratamata,rain,27.96667,82.61667,Babai,457.0,Rainfall Station,hydrology.gov.np,20679.0,,,2025-09-04T05:45:24.851564+05:45,2026-10-08T18:07:14+05:45,9588.36,0,2026-10-08T22:37:51+05:45,5.0,Dang,56002.0,Banglachuli,3935.0,3,510,Dang,51001,Bangalachuli,3,5100103,1,within,0,0,1.0,0,0,,,,670,Ratamata,Precipitation,623.4,1.0,0,Ratamata,0.0
RAI_336,336,Rikhu,rain,27.884167,86.234444,Koshi,2088.0,Rainfall Station,hydrology.gov.np,20698.0,,,2024-07-22T05:45:43.920206+05:45,2026-10-08T18:07:14+05:45,19404.36,0,2026-10-08T22:37:51+05:45,3.0,Dolakha,22003.0,Bigu,572.0,1,301,Dolakha,30102,Bigu,1,3010201,1,within,0,0,1.0,0,0,,,,130,Rikhu,,0.0,1.0,0,Rikhu,0.0
RAI_337,337,"Jumleti, Pokhara",rain,28.284297943,83.9853439,,,Rainfall Station installed by WRDDC,hydrology.gov.np,5569.0,,,2021-10-03T06:00:46.893139+05:45,2026-10-08T18:07:14+05:45,43956.11,0,2026-10-08T22:37:51+05:45,4.0,Kaski,40004.0,Pokhara,3872.0,16,405,Kaski,40504,Pokhara Lekhnath,16,4050416,1,within,0,0,1.0,0,0,,,,885,"Jumleti, Pokhara",,0.0,1.0,0,"Jumleti, Pokhara",0.0
RAI_338,338,"Jumleti, Pokhara",rain,28.284297943,83.9853439,,,Rainfall Station installed by WRDDC,hydrology.gov.np,20726.0,,,2024-02-19T05:45:24.695471+05:45,2026-10-08T18:07:14+05:45,23100.36,0,2026-10-08T22:37:51+05:45,4.0,Kaski,40004.0,Pokhara,3872.0,16,405,Kaski,40504,Pokhara Lekhnath,16,4050416,1,within,0,0,1.0,0,0,,,,885,"Jumleti, Pokhara",,0.0,1.0,0,"Jumleti, Pokhara",0.0
RAI_339,339,Arughat (rainfall),rain,28.043503,84.812925,Narayani,518.0,Rainfall station with CDCP,hydrology.gov.np,20735.0,,,2026-10-08T18:00:07.687030+05:45,2026-10-08T18:07:14+05:45,0.12,1,2026-10-08T22:37:51+05:45,3.0,Dhading,30013.0,Tripurasundari,3103.0,1,304,Dhading,30404,Tripurasundari,1,3040401,1,within,0,0,1.0,0,0,,,,875,Arughat (rainfall),Precipitation,0.0,1.0,0,Arughat (rainfall),0.0
RAI_340,340,Thori,rain,27.36333333,84.57861111,Narayani,243.0,Automatic Weather Station,hydrology.gov.np,20626.0,,,2026-10-08T18:00:19.947601+05:45,2026-10-08T18:07:14+05:45,0.12,1,2026-10-08T22:37:51+05:45,2.0,Parsa,34014.0,Thori,4956.0,2,208,Parsa,20801,Thori,2,2080102,1,within,0,0,1.0,0,0,,,,83,Thori,,0.0,1.0,0,Thori,0.0
RAI_341,341,Rake,rain,27.027,87.796,Kankai,2158.0,AWS at Rake,hydrology.gov.np,20624.0,,,2026-10-08T18:00:17.410885+05:45,2026-10-08T18:07:14+05:45,0.12,1,2026-10-08T22:37:51+05:45,1.0,Panchthar,2002.0,Falgunanda,1226.0,4,109,Panchthar,10905,Falgunanda,4,1090504,1,within,0,0,1.0,0,0,,,,42,Rake,टिपिंग बकेट,0.0,1.0,0,Rake,0.0
RAI_342,342,Riewkhola (Bankatta),rain,27.503344,84.278768,Narayani,105.0,Hydrological station with RLS and Tipping bucket,hydrology.gov.np,20985.0,,,2023-07-06T05:45:39.401572+05:45,2026-10-08T18:07:14+05:45,28572.36,0,2026-10-08T22:37:51+05:45,3.0,Chitwan,35099.0,Chitwan National Park,2281.0,99,313,Chitwan,,,99,,0,within,0,0,,,,,,,5008,Riewkhola (Bankatta) Rainfall Station,,0.0,1.0,0,Riewkhola (Bankatta) Rainfall Station,0.0
RAI_343,343,Thakmarpha,rain,28.740909,83.7,Narayani,2655.0,0604,hydrology.gov.np,20992.0,,,2026-10-08T18:00:19.735645+05:45,2026-10-08T18:07:14+05:45,0.12,1,2026-10-08T22:37:51+05:45,4.0,Mustang,42003.0,Gharapjhong,5072.0,1,403,Mustang,40302,Gharpajhong,1,4030201,1,within,0,0,1.0,0,0,,,,681,Thakmarpha,Climate,0.0,1.0,0,Thakmarpha,0.0
RAI_344,344,Babai at Chepang,rain,28.3565601,81.7135456,Babai,308.0,"Old Station at 28.353056, 81.719444, 265 m (Elevation might be error) ).Site changed due to Flood of 2071 BS.",hydrology.gov.np,650.0,,,2022-12-08T05:45:18.789742+05:45,2026-10-08T18:07:14+05:45,33612.37,0,2026-10-08T22:37:51+05:45,5.0,Bardiya,58002.0,Bansagadhi,4870.0,1,512,Bardiya,51201,Bansgadhi,1,5120101,1,within,0,0,1.0,0,0,,,,29,Babai at Chepang,,0.0,1.0,0,Babai at Chepang,0.0
RAI_345,345,Singati,rain,27.756831,86.193569,Koshi,,Rainfall station,hydrology.gov.np,21067.0,,,2026-10-08T18:00:18.774297+05:45,2026-10-08T18:07:14+05:45,0.12,1,2026-10-08T22:37:51+05:45,3.0,Dolakha,22004.0,Gaurishankar,524.0,5,301,Dolakha,30101,Gaurishankar,5,3010105,1,within,0,0,1.0,0,0,,,,114,Singati,,0.0,1.0,0,Singati,0.0
RAI_346,346,Bhorleni,rain,27.368,85.4753,Bagmati,,Rainfall Station with CDCP,hydrology.gov.np,20998.0,,,2026-10-08T18:00:09.103415+05:45,2026-10-08T18:07:14+05:45,0.12,1,2026-10-08T22:37:51+05:45,3.0,Sindhuli,20004.0,Hariharpurgadhi,2796.0,1,311,Sindhuli,31109,Hariharpurgaghi,1,3110901,1,within,0,0,1.0,0,0,,,,878,Bhorleni,,0.0,1.0,0,Bhorleni,0.0
RAI_347,347,Bijuwar Tar,rain,28.10354722,82.85201667,West Rapti,835.0,Climate station with Tipping Bucket and Temp/Humidity Sensor,hydrology.gov.np,21019.0,,,2026-10-08T18:00:09.212355+05:45,2026-10-08T18:07:14+05:45,0.12,1,2026-10-08T22:37:51+05:45,5.0,Pyuthan,52007.0,Pyuthan,1355.0,4,503,Pyuthan,50304,Pyuthan,4,5030404,1,within,0,0,1.0,0,0,,,,47,Bijuwar Tar,Climate,0.0,1.0,0,Bijuwar Tar,0.0
RAI_348,348,Gaibande,rain,29.086833,80.341074,Mahakali (Rangoon-Puntura),529.0,Rainfall_station; previous name - Gaibade Puntura,hydrology.gov.np,21003.0,,,2026-10-08T18:00:11.244069+05:45,2026-10-08T18:07:14+05:45,0.12,1,2026-10-08T22:37:51+05:45,7.0,Dadeldhura,73007.0,Parashuram,6612.0,9,705,Dadeldhura,70505,Parashuram,9,7050509,1,within,0,0,1.0,0,0,,,,989,Gaibande,TPB,0.0,1.0,0,Gaibande,0.0
RAI_349,349,Melung,rain,27.513304,86.058485,Koshi,1536.0,"AWS at Melung, Manual Melung Precipitation has been sifted in the site.",hydrology.gov.np,21084.0,,,2026-10-08T18:00:15.898376+05:45,2026-10-08T18:07:14+05:45,0.12,1,2026-10-08T22:37:51+05:45,3.0,Dolakha,22007.0,Melung,545.0,6,301,Dolakha,30107,Melung,6,3010706,1,within,0,0,1.0,0,0,,,,38,Melung,Precipitation,0.0,1.0,0,Melung,0.0
RAI_350,350,"Rajuwara, Pyuthan",rain,28.264042,83.032528,West Rapti,,Hydrological Station with CDCP,hydrology.gov.np,21016.0,,,2026-10-08T18:00:17.375607+05:45,2026-10-08T18:07:14+05:45,0.12,1,2026-10-08T22:37:51+05:45,5.0,Pyuthan,52002.0,Gaumukhi,1388.0,3,503,Pyuthan,50301,Gaumukhi,3,5030103,1,within,0,0,1.0,0,0,,,,881,"Rajuwara, Pyuthan",,0.0,1.0,0,"Rajuwara, Pyuthan",0.0
RAI_351,351,Siraha_Hydro,rain,26.65,86.21,Kamala,102.0,Rainfall station; need to merged,hydrology.gov.np,21024.0,,,2026-10-08T18:00:18.803599+05:45,2026-10-08T18:07:14+05:45,0.12,1,2026-10-08T22:37:51+05:45,2.0,Siraha,16016.0,Siraha,4558.0,1,202,Siraha,20217,Siraha,1,2021701,1,within,0,0,1.0,0,0,,,,73,Siraha_Hydro,Climate,0.0,1.0,0,Siraha_Hydro,0.0
RAI_352,352,Sulichour (Sarichour),rain,28.24721944,82.72918611,West Rapti,845.0,Rainfall Station,hydrology.gov.np,21000.0,,,2026-10-08T05:45:17.381336+05:45,2026-10-08T18:07:14+05:45,12.37,1,2026-10-08T22:37:51+05:45,5.0,Rolpa,53008.0,Sunil Smriti,5226.0,4,502,Rolpa,50209,Subarnabati,4,5020904,1,within,0,0,1.0,0,0,,,,124,Sulichour (Sarichour),Precipitation,0.0,1.0,0,Sulichour (Sarichour),0.0
RAI_353,353,Swargdwari,rain,28.12844194,82.70130306,West Rapti,1232.0,Rainfall Station,hydrology.gov.np,21017.0,,,2026-10-08T18:00:19.083991+05:45,2026-10-08T18:07:14+05:45,0.12,1,2026-10-08T22:37:51+05:45,5.0,Pyuthan,52009.0,Sworgadwary,1350.0,4,503,Pyuthan,50305,Sworgadwari,4,5030504,1,within,0,0,1.0,0,0,,,,125,Swargdwari,Precipitation,0.0,1.0,0,Swargdwari,0.0
RAI_354,354,Tharmare,rain,28.452255,82.27985306,Karnali,1338.0,Rainfall Station,hydrology.gov.np,20999.0,,,2026-10-08T18:00:19.879364+05:45,2026-10-08T18:07:14+05:45,0.12,1,2026-10-08T22:37:51+05:45,6.0,Salyan,55001.0,Bagchaur,1612.0,2,609,Salyan,60905,Bagachour,2,6090502,1,within,0,0,1.0,0,0,,,,98,Tharmare,Precipitation,0.0,1.0,0,delete_Tharmare,0.0
RAI_355,355,Tulsi,rain,27.01295556,85.92089722,Rato,271.0,Rainfall station with TPB,hydrology.gov.np,21023.0,,,2026-10-08T18:00:20.219253+05:45,2026-10-08T18:07:14+05:45,0.11,1,2026-10-08T22:37:51+05:45,2.0,Dhanusa,17013.0,Mithila,6521.0,11,203,Dhanusa,20303,Mithila,11,2030311,1,within,0,0,1.0,0,0,,,,71,Tulsi,Precipitation,0.0,1.0,0,Tulsi,0.0
RAI_356,356,Lete,rain,28.636261,83.605801,,2617.0,Automatic Weather station at Lete,hydrology.gov.np,20821.0,,,2025-06-10T21:00:17.088412+05:45,2026-10-08T18:07:14+05:45,11637.12,0,2026-10-08T22:37:51+05:45,4.0,Mustang,42005.0,Thasang,5085.0,3,403,Mustang,40305,Thasang,3,4030503,1,within,0,0,1.0,0,0,,,,684,Lete,Climate,515.0,1.0,0,Lete (FNEP),0.0
RAI_357,357,Kolagaun at Jorayal,rain,29.120099,80.709455,Karnali (Thuligad),1368.0,Rainfall_Station,hydrology.gov.np,20997.0,,,2026-10-08T18:00:14.433096+05:45,2026-10-08T18:07:14+05:45,0.12,1,2026-10-08T22:37:51+05:45,7.0,Doti,70005.0,Jorayal,642.0,3,706,Doti,70609,Jorayal,3,7060903,1,within,0,0,1.0,0,0,,,,990,Kolagaun at Jorayal,,0.0,1.0,0,Kolagaun at Jorayal,0.0
RAI_358,358,Arghakhanchi,rain,27.885,83.1397,West Rapti,1575.0,"Arghakhanchi,Sitganga,Nipane,2",hydrology.gov.np,21004.0,,,2026-10-08T18:00:07.471590+05:45,2026-10-08T18:07:14+05:45,0.12,1,2026-10-08T22:37:51+05:45,5.0,Arghakhanchi,51006.0,Sitganga,55.0,2,505,Arghakhanchi,50506,Shitaganga,2,5050602,1,within,0,0,1.0,0,0,,,,304, Arghakhanchi,,0.0,1.0,0, Arghakhanchi,0.0
RAI_359,359,Gularia,rain,28.203333,81.350556,,,"Climate Station; need to merge with Gulariya under OHM, Bhairahawa as same location station",hydrology.gov.np,21001.0,,,2022-08-12T06:00:42.457443+05:45,2026-10-08T18:07:14+05:45,36444.11,0,2026-10-08T22:37:51+05:45,5.0,Bardiya,58005.0,Gulariya,4813.0,6,512,Bardiya,51207,Gulariya,6,5120706,1,within,0,0,1.0,0,0,,,,606,Gulariya,Climate,1175.7,1.0,1,Gularia,0.0
RAI_360,360,Dingboche,rain,27.888693,86.824134,,4339.0,AWS @ Dingboche (Solukhumbhu),hydrology.gov.np,18422.0,,,2024-04-17T05:45:24.566426+05:45,2026-10-08T18:07:14+05:45,21708.36,0,2026-10-08T22:37:51+05:45,1.0,Solukhumbu,11003.0,Khumbu Pasanglhamu,1732.0,4,103,Solukhumbu,10301,Khumbu Pasanglhamu,4,1030104,1,within,0,0,1.0,0,0,,,,4799,Dingboche_Snow,,0.0,0.8,0,Dingboche_Snow,0.0
RAI_361,361,"Gaduwa (Gadhawa), Dang",rain,27.8153817,82.5388583,,,Rainfall Station with CDCP,hydrology.gov.np,21328.0,,,2026-10-08T18:00:11.207311+05:45,2026-10-08T18:07:14+05:45,0.12,1,2026-10-08T22:37:51+05:45,5.0,Dang,56004.0,Gadhawa,4003.0,6,510,Dang,51009,Gadhawa,6,5100906,1,within,0,0,1.0,0,0,,,,951,"Gaduwa (Gadhawa), Dang",TPB,0.0,1.0,0,"Gaduwa (Gadhawa), Dang",0.0
RAI_362,362,Kapilvastu,rain,27.75636,83.0484679,,174.0,Kapilvastu,hydrology.gov.np,21085.0,,,2024-04-01T06:00:26.919333+05:45,2026-10-08T18:07:14+05:45,22092.11,0,2026-10-08T22:37:51+05:45,5.0,Kapilbastu,50003.0,Buddhabhumi,2084.0,1,509,Kapilbastu,50902,Buddhabhumi,1,5090201,1,within,0,0,1.0,0,0,,,,305,Kapilvastu,,0.0,1.0,0,Kapilvastu,0.0
RAI_363,363,Amlekhganj,rain,27.282872,84.991582,Narayani,310.0,Manual  Rain gauge  & Tipping Bucket,hydrology.gov.np,21121.0,,,2025-08-11T06:00:07.793417+05:45,2026-10-08T18:07:14+05:45,10164.12,0,2026-10-08T22:37:51+05:45,2.0,Bara,33005.0,Jitpur Simara,6651.0,21,207,Bara,20703,Jitpur Simara,21,2070321,1,within,0,0,1.0,0,0,,,,312,Amlekhganj,वर्षामापन केन्द्र,0.0,1.0,0,Amlekhganj,0.0
RAI_364,364,Siruwa,rain,27.55564194,86.37232778,Koshi,1614.0,1224,hydrology.gov.np,21133.0,,,2026-10-07T05:45:16.490642+05:45,2026-10-08T18:07:14+05:45,36.37,1,2026-10-08T22:37:51+05:45,1.0,Solukhumbu,11004.0,Likhu Pike,1706.0,3,103,Solukhumbu,10308,Likhu Pike,3,1030803,1,within,0,0,1.0,0,0,,,,457,Siruwa,Precipitation,0.0,1.0,0,Siruwa,0.0
RAI_365,365,Baldyanggadi,rain,27.8075,83.31313889,Tinau,1640.0,0738,hydrology.gov.np,21244.0,,,2026-10-08T18:00:08.245409+05:45,2026-10-08T18:07:14+05:45,0.12,1,2026-10-08T22:37:51+05:45,5.0,Palpa,47005.0,Rainadevi Chhahara,5682.0,7,506,Palpa,50607,Rainadevi Chhahara,7,5060707,1,within,0,0,1.0,0,0,,,,742,Baldyanggadi,Precipitation,0.0,1.0,0,Baldyanggadi,0.0
RAI_366,366,Koilabas,rain,27.69233306,82.52512694,West Rapti,200.0,0510,hydrology.gov.np,21196.0,,,2026-10-08T18:00:14.396900+05:45,2026-10-08T18:07:14+05:45,0.12,1,2026-10-08T22:37:51+05:45,5.0,Dang,56004.0,Gadhawa,4010.0,8,510,Dang,51009,Gadhawa,8,5100908,1,within,0,0,1.0,0,0,,,,647,Koilabas,Precipitation,0.0,1.0,0,Koilabas,0.0
RAI_367,367,Gangadi,rain,27.885477,82.334604,West Rapti,216.0,0536,hydrology.gov.np,21220.0,,,2026-10-08T18:00:11.466943+05:45,2026-10-08T18:07:14+05:45,0.12,1,2026-10-08T22:37:51+05:45,5.0,Dang,56007.0,Rajpur,4018.0,6,510,Dang,51010,Rajpur,6,5101006,1,within,0,0,1.0,0,0,,,,673,Gangadi,Precipitation,0.0,1.0,0,Gangadi,0.0
RAI_368,368,Sukhabare,rain,28.015945,82.390795,Babai,586.0,0532,hydrology.gov.np,21212.0,,,2026-10-08T18:00:18.868398+05:45,2026-10-08T18:07:14+05:45,0.12,1,2026-10-08T22:37:51+05:45,5.0,Dang,56005.0,Ghorahi,3978.0,7,510,Dang,51002,Ghorahi,7,5100207,1,within,0,0,1.0,0,0,,,,669,Sukhabare,Precipitation,0.0,1.0,0,Sukhabare,0.0
RAI_369,369,Musikot,rain,28.16998056,83.26802778,Karnali,1353.0,0722,hydrology.gov.np,21228.0,,,2026-08-21T07:15:12.780731+05:45,2026-10-08T18:07:14+05:45,1162.87,0,2026-10-08T22:37:51+05:45,5.0,Gulmi,46009.0,Musikot,3185.0,2,504,Gulmi,50404,Musikot,2,5040402,1,within,0,0,1.0,0,0,,,,727,Musikot,Precipitation,0.0,1.0,0,Musikot,0.0
RAI_370,370,Rukumkot,rain,28.61280306,82.62066389,,1568.0,0501,hydrology.gov.np,21188.0,,,2026-07-13T05:45:13.412569+05:45,2026-10-08T18:07:14+05:45,2100.37,0,2026-10-08T22:37:51+05:45,5.0,Rukum East,77003.0,Sisne,1455.0,5,501,Rukum East,50102,Sisne,5,5010205,1,within,0,0,1.0,0,0,,,,640,Rukumkot,Precipitation,0.0,1.0,0,Rukumkot,0.0
RAI_371,371,Aurahikhola at Godana,rain,28.4485859,81.280054,Karnali,,HS with rainfall & RLS,hydrology.gov.np,21075.0,,,2026-10-08T18:00:07.829127+05:45,2026-10-08T18:07:14+05:45,0.12,1,2026-10-08T22:37:51+05:45,5.0,Bardiya,58008.0,Thakurbaba,4821.0,3,512,Bardiya,51203,Thakurbaba,3,5120303,1,within,0,0,1.0,0,0,,,,4874,Aurahikhola at Godana,,0.0,1.0,0,Aurahikhola at Godana,0.0
RAI_372,372,Keur Gaun,rain,28.4229,82.36280556,Babai,2145.0,0520,hydrology.gov.np,21204.0,,,2026-10-08T18:00:14.000949+05:45,2026-10-08T18:07:14+05:45,0.12,1,2026-10-08T22:37:51+05:45,5.0,Rolpa,53006.0,Sukidaha,5270.0,3,502,Rolpa,50204,Sukidaha,3,5020403,1,within,0,0,1.0,0,0,,,,657,Keur Gaun,Precipitation,0.0,1.0,0,Keur Gaun,0.0
RAI_373,373,Bharse,rain,28.07040278,83.43769722,Narayani,1626.0,0733,hydrology.gov.np,21236.0,,,2026-10-08T18:00:09.025587+05:45,2026-10-08T18:07:14+05:45,0.12,1,2026-10-08T22:37:51+05:45,5.0,Gulmi,46012.0,Satyawati,3204.0,8,504,Gulmi,50402,Satyawoti,8,5040208,1,within,0,0,1.0,0,0,,,,737,Bharse,Precipitation,0.0,1.0,0,Bharse,0.0
RAI_374,374,Kabreneta,rain,28.528895,82.28757889,Karnali,1143.0,0518,hydrology.gov.np,21422.0,,,2026-10-08T18:00:13.416980+05:45,2026-10-08T18:07:14+05:45,0.12,1,2026-10-08T22:37:51+05:45,6.0,Salyan,55004.0,Darma,1548.0,4,609,Salyan,60901,Darma,4,6090104,1,within,0,0,1.0,0,0,,,,655,Kabreneta,Precipitation,0.0,1.0,0,Kabreneta,0.0
RAI_375,375,Khotang Bazar,rain,27.029247,86.843298,Koshi,1305.0,1211,hydrology.gov.np,21103.0,,,2026-10-08T18:00:14.272008+05:45,2026-10-08T18:07:14+05:45,0.12,1,2026-10-08T22:37:51+05:45,1.0,Khotang,13007.0,Khotehang,921.0,7,105,Khotang,10508,Khotehang,7,1050807,1,within,0,0,1.0,0,0,,,,449,Khotang Bazar,Precipitation,0.0,1.0,0,Khotang Bazar,0.0
RAI_376,376,Jalpa,rain,27.80605556,83.72636111,Narayani,1512.0,0739,hydrology.gov.np,21252.0,,,2026-06-20T05:45:09.637928+05:45,2026-10-08T18:07:14+05:45,2652.37,0,2026-10-08T22:37:51+05:45,5.0,Palpa,47004.0,Purbakhola,5705.0,2,506,Palpa,50602,Purbakhola,2,5060202,1,within,0,0,1.0,0,0,,,,743,Jalpa,Precipitation,0.0,1.0,0,Jalpa,0.0
RAI_377,377,Arun at Turkeghat,rain,27.311975,87.1892,Koshi,,Hydrological Station with Radar Level sensor,hydrology.gov.np,21485.0,,,2025-07-03T05:45:08.485814+05:45,2026-10-08T18:07:14+05:45,11100.37,0,2026-10-08T22:37:51+05:45,1.0,Sankhuwasabha,9005.0,Khandbari,1695.0,9,102,Sankhuwasabha,10206,Khandabari,9,1020609,1,within,0,0,1.0,0,0,,,,107,Arun at Turkeghat,,0.0,1.0,0,Arun at Turkeghat,0.0
RAI_378,378,Sanischare,rain,26.684103,87.986409,Mechi,168.0,1415,hydrology.gov.np,21127.0,,,2026-10-08T18:00:18.132668+05:45,2026-10-08T18:07:14+05:45,0.12,1,2026-10-08T22:37:51+05:45,1.0,Jhapa,4001.0,Arjundhara,6303.0,7,111,Jhapa,11103,Arjundhara,7,1110307,1,within,0,0,1.0,0,0,,,,489,Sanischare,Precipitation,0.0,1.0,0,Sanischare,0.0
RAI_379,379,Dovan,rain,27.36369,87.619915,Koshi,700.0,1420,hydrology.gov.np,21115.0,,,2026-10-08T18:00:10.884055+05:45,2026-10-08T18:07:14+05:45,0.12,1,2026-10-08T22:37:51+05:45,1.0,Taplejung,1001.0,Aathrai Tribeni,1761.0,5,101,Taplejung,10105,Aatharai Tribeni,5,1010505,1,within,0,0,1.0,0,0,,,,492,Dovan,Precipitation,0.0,1.0,0,Dovan,0.0
RAI_380,380,Tribeni (Dhankuta),rain,26.91424278,87.15986,Koshi,146.0,1309,hydrology.gov.np,21109.0,,,2026-10-08T18:00:20.058507+05:45,2026-10-08T18:07:14+05:45,0.11,1,2026-10-08T22:37:51+05:45,1.0,Dhankuta,7004.0,Shahidbhumi,506.0,1,107,Dhankuta,10705,Khalsa Chhintang Sahidbhumi,1,1070501,1,within,0,0,1.0,0,0,,,,467,Tribeni (Dhankuta),Precipitation,0.0,1.0,0,Tribeni (Dhankuta),0.0
RAI_381,381,Dhandbas,rain,28.565278,81.4025,,,Rainfall station,hydrology.gov.np,21083.0,,,2026-06-26T06:00:07.682320+05:45,2026-10-08T18:07:14+05:45,2508.12,0,2026-10-08T22:37:51+05:45,5.0,Bardiya,58099.0,Bardiya National Park,4869.0,99,512,Bardiya,,,99,,0,within,0,0,,,,,,,4875,Dhandbas,,0.0,1.0,0,Dhandbas,0.0
RAI_382,382,Bobang,rain,28.397338,83.084485,Narayani,1722.0,0615,hydrology.gov.np,21430.0,,,2026-10-08T18:00:09.327496+05:45,2026-10-08T18:07:14+05:45,0.12,1,2026-10-08T22:37:51+05:45,4.0,Baglung,45004.0,Dhorpatan,5069.0,7,411,Baglung,41105,Dhorpatan,7,4110507,1,within,0,0,1.0,0,0,,,,691,Bobang,Precipitation,0.0,1.0,0,Bobang,0.0
RAI_383,383,Muna,rain,28.504058,83.319387,Narayani,1970.0,0628,hydrology.gov.np,21466.0,,,2026-10-08T18:00:15.989792+05:45,2026-10-08T18:07:14+05:45,0.12,1,2026-10-08T22:37:51+05:45,4.0,Myagdi,43003.0,Dhaulagiri,1118.0,3,404,Myagdi,40403,Dhawalagiri,3,4040303,1,within,0,0,1.0,0,0,,,,702,Muna,Precipitation,0.0,1.0,0,Muna,0.0
RAI_384,384,Pipalchaur,rain,28.73006611,82.2864,Karnali,783.0,0427,hydrology.gov.np,21416.0,,,2026-08-14T06:00:15.271075+05:45,2026-10-08T18:07:14+05:45,1332.12,0,2026-10-08T22:37:51+05:45,6.0,Rukum West,54001.0,Aathbiskot,1492.0,14,608,Rukum West,60801,Aathabisakot,14,6080114,1,within,0,0,1.0,0,0,,,,625,Pipalchaur,,0.0,1.0,0,Pipalchaur,0.0
RAI_385,385,Katti,rain,28.78022222,81.82144444,Karnali,1224.0,0425 Rainfall Station,hydrology.gov.np,21403.0,,,2026-10-08T18:00:13.921578+05:45,2026-10-08T18:07:14+05:45,0.12,1,2026-10-08T22:37:51+05:45,6.0,Dailekh,60002.0,Bhagawatimai,1896.0,6,606,Dailekh,60609,Bhagawatimai,6,6060906,1,within,0,0,1.0,0,0,,,,623,Katti,Precipitation,0.0,1.0,0,Katti,0.0
RAI_386,386,Gwati,rain,28.90711111,81.75019167,Karnali,1472.0,0422,hydrology.gov.np,21397.0,,,2026-10-08T18:00:12.342510+05:45,2026-10-08T18:07:14+05:45,0.12,1,2026-10-08T22:37:51+05:45,6.0,Dailekh,60009.0,Narayan,1899.0,4,606,Dailekh,60608,Narayan,4,6060804,1,within,0,0,1.0,0,0,,,,620,Gwati,Precipitation,0.0,1.0,0,Gwati,0.0
RAI_387,387,Rani Jaruwa Nursery,rain,28.33735833,81.33784167,Babai,145.0,Climate,hydrology.gov.np,21610.0,,,2026-10-08T18:00:17.617015+05:45,2026-10-08T18:07:14+05:45,0.12,1,2026-10-08T22:37:51+05:45,5.0,Bardiya,58003.0,Barbardiya,4824.0,3,512,Bardiya,51202,Barbardiya,3,5120203,1,within,0,0,1.0,0,0,,,,84,Rani Jaruwa Nursery,Climate,0.0,1.0,0,Rani Jaruwa Nursery,0.0
RAI_388,388,Malunga,rain,27.930261,83.650153,Narayani,764.0,0861,hydrology.gov.np,21478.0,,,2026-10-08T18:00:15.397188+05:45,2026-10-08T18:07:14+05:45,0.12,1,2026-10-08T22:37:51+05:45,4.0,Syangja,39006.0,Galyang,3020.0,2,409,Syangja,40910,Galyang,2,4091002,1,within,0,0,1.0,0,0,,,,814,Malunga,Precipitation,0.0,1.0,0,Malunga,0.0
RAI_389,389,Archale,rain,27.78261111,83.85761111,Narayani,1005.0,0740,hydrology.gov.np,21260.0,,,2026-10-08T18:00:07.718471+05:45,2026-10-08T18:07:14+05:45,0.12,1,2026-10-08T22:37:51+05:45,5.0,Palpa,47003.0,Nisdi,5678.0,6,506,Palpa,50610,Nisdi,6,5061006,1,within,0,0,1.0,0,0,,,,744,Archale,Precipitation,0.0,1.0,0,Archale,0.0
RAI_390,390,Atraulitar,rain,27.87053778,83.983424,,349.0,0862,hydrology.gov.np,21484.0,,,2026-10-08T18:00:07.788878+05:45,2026-10-08T18:07:14+05:45,0.12,1,2026-10-08T22:37:51+05:45,4.0,Tanahu,38007.0,Ghiring,2503.0,1,407,Tanahu,40706,Ghiring,1,4070601,1,within,0,0,1.0,0,0,,,,815,Atraulitar,Precipitation,0.0,1.0,0,Atraulitar,0.0
RAI_391,391,Karkineta,rain,28.17726667,83.74819722,Narayani,1642.0,0613,hydrology.gov.np,21472.0,,,2026-10-08T18:00:13.744042+05:45,2026-10-08T18:07:14+05:45,0.12,1,2026-10-08T22:37:51+05:45,4.0,Parbat,44007.0,Phalewas,1307.0,1,410,Parwat,41004,Phalebas,1,4100401,1,within,0,0,0.857,0,0,,,,689,Karkineta,Precipitation,0.0,1.0,0,Karkineta,0.0
RAI_392,392,Kunchha,rain,28.12677778,84.34494167,Narayani,820.0,0807,hydrology.gov.np,21454.0,,,2026-10-08T18:00:14.657856+05:45,2026-10-08T18:07:14+05:45,0.12,1,2026-10-08T22:37:51+05:45,4.0,Lamjung,37008.0,Sundarbazar,957.0,1,406,Lamjung,40606,Sundarbazar,1,4060601,1,within,0,0,1.0,0,0,,,,761,Kunchha,Precipitation,0.0,1.0,0,Kunchha,0.0
RAI_393,393,Lalmatiya,rain,27.84243056,82.72612222,West Rapti,287.0,Rainfall station with CDCP,hydrology.gov.np,21327.0,,,2026-08-19T06:00:11.772257+05:45,2026-10-08T18:07:14+05:45,1212.12,0,2026-10-08T22:37:51+05:45,5.0,Dang,56008.0,Rapti,4014.0,2,510,Dang,51008,Rapti,2,5100802,1,within,0,0,1.0,0,0,,,,952,Lalmatiya,Precipitation,0.0,1.0,0,Lalmatiya,0.0
RAI_394,394,Lohare Khola at Tallo Dungeshwor,rain,28.784518,81.584198,Karnali,,Hydrological station with RLS,hydrology.gov.np,20627.0,,,2026-08-21T07:15:11.833128+05:45,2026-10-08T18:07:14+05:45,1162.87,0,2026-10-08T22:37:51+05:45,6.0,Dailekh,60005.0,Dullu,1911.0,6,606,Dailekh,60607,Dullu,6,6060706,1,within,0,0,1.0,0,0,,,,87,Lohare Khola at Tallo Dungeshwor,,0.0,1.0,0,Lohare Khola at Tallo Dungeshwor,0.0
RAI_395,395,Budiganga at Chitreghat,rain,29.15,81.208,Karnali,227.0,Hydrological station with RLS and Tipping Bucket,hydrology.gov.np,20563.0,,,2026-10-01T06:00:07.826873+05:45,2026-10-08T18:07:14+05:45,180.12,0,2026-10-08T22:37:51+05:45,7.0,Achham,69005.0,Mangalsen,2575.0,3,707,Achham,70706,Mangalsen,3,7070603,1,within,0,0,1.0,0,0,,,,79,Budiganga at Chitreghat,,0.0,1.0,0,Budiganga at Chitreghat,0.0
RAI_396,396,Bijaypur (Raskot),rain,29.2495,81.63913889,Karnali,1822.0,0309,hydrology.gov.np,21385.0,,,2026-10-08T18:00:09.173622+05:45,2026-10-08T18:07:14+05:45,0.12,1,2026-10-08T22:37:51+05:45,6.0,Kalikot,64007.0,Raskot,863.0,5,605,Kalikot,60503,Raskot,5,6050305,1,within,0,0,1.0,0,0,,,,573,Bijaypur (Raskot),Precipitation,0.0,1.0,0,Bijaypur (Raskot),0.0
RAI_397,397,Chautha,rain,29.43111111,82.10744444,Karnali,2785.0,0322,hydrology.gov.np,21391.0,,,2026-10-08T18:00:09.818373+05:45,2026-10-08T18:07:14+05:45,0.12,1,2026-10-08T22:37:51+05:45,6.0,Jumla,63004.0,Kanakasundari,770.0,2,604,Jumla,60402,Kanaka Sundari,2,6040202,1,within,0,0,1.0,0,0,,,,586,Chautha,Precipitation,0.0,1.0,0,Chautha,0.0
RAI_398,398,Deurali Nawalpur,rain,27.679912,83.778701,Narayani,238.0,0744,hydrology.gov.np,21616.0,,,2026-10-08T18:00:10.431267+05:45,2026-10-08T18:07:14+05:45,0.12,1,2026-10-08T22:37:51+05:45,4.0,Nawalparasi East,76001.0,Binayee Tribeni,3471.0,5,408,Nawalparasi East,40808,Binayi Tribeni,5,4080805,1,within,0,0,1.0,0,0,,,,748,Deurali Nawalpur,,0.0,1.0,0,Deurali Nawalpur,0.0
RAI_399,399,MachhapuchhreBaseCamp_Snow,rain,28.523915,83.909121,Narayani,3700.0,Snow Station Machhapuchhre Base Camp,hydrology.gov.np,18578.0,,,2025-04-28T05:45:16.204139+05:45,2026-10-08T18:07:14+05:45,12684.37,0,2026-10-08T22:37:51+05:45,4.0,Kaski,40001.0,Annapurna,3867.0,11,405,Kaski,40503,Annapurna,11,4050311,1,within,0,0,1.0,0,0,,,,4802,MachhapuchhreBaseCamp_Snow,Snow Station,0.0,1.0,0,MachhapuchhreBaseCamp_Snow,0.0
RAI_400,400,Jinakhu,rain,27.07,86.25,,794.0,Automatic Weather Station,hydrology.gov.np,1097.0,,,2023-10-04T05:45:28.138718+05:45,2026-10-08T18:07:14+05:45,26412.36,0,2026-10-08T22:37:51+05:45,3.0,Sindhuli,20001.0,Dudhouli,2804.0,12,311,Sindhuli,31101,Dudhouli,12,3110112,1,within,0,0,1.0,0,0,,,,68,Jinakhu,,0.0,1.0,0,Jinakhu,0.0
RAI_401,401,Pokhara_AWOS_22,rain,28.204141,83.986244,,812.0,AWOS Station - Secondary,hydrology.gov.np,13042.0,,,2026-10-08T18:00:17.195018+05:45,2026-10-08T18:07:14+05:45,0.12,1,2026-10-08T22:37:51+05:45,4.0,Kaski,40004.0,Pokhara,3880.0,7,405,Kaski,40504,Pokhara Lekhnath,7,4050407,1,within,0,0,1.0,0,0,,,,281,Pokhara_AWOS_04,Agromet,1246.4,1.0,1,Pokhara_AWOS_22,0.0
RAI_402,402,Badigad at Rudrabeni,rain,27.972,83.4669,Narayani,511.0,Hydrological station with RLS & Tipping Bucket,hydrology.gov.np,22590.0,,,2026-06-06T06:15:05.360620+05:45,2026-10-08T18:07:14+05:45,2987.87,0,2026-10-08T22:37:51+05:45,5.0,Gulmi,46011.0,Rurukshetra,3262.0,2,504,Gulmi,50412,Ruru,2,5041202,1,within,0,0,1.0,0,0,,,,282,Badigad at Rudrabeni,,0.0,1.0,0,Badigad at Rudrabeni,0.0
RAI_403,403,Mari River (330),rain,28.076667,82.798889,West Rapti,,Hydrological Station with Chart Recorder,hydrology.gov.np,21018.0,,,2024-10-01T05:45:39.480438+05:45,2026-10-08T18:07:14+05:45,17700.36,0,2026-10-08T22:37:51+05:45,5.0,Pyuthan,52005.0,Mandavi,1381.0,3,503,Pyuthan,50306,Mandavi,3,5030603,1,within,0,0,1.0,0,0,,,,4810,Mari,,0.0,1.0,0,Mari,0.0
RAI_404,404,Garuda,rain,26.952526,85.315795,Bagmati,,"Rainfall station (26.968056, 85.44)",hydrology.gov.np,23622.0,,,2026-03-16T12:15:13.424921+05:45,2026-10-08T18:07:14+05:45,4949.87,0,2026-10-08T22:37:51+05:45,2.0,Rautahat,32007.0,Garuda,4043.0,4,206,Rautahat,20608,Garuda,4,2060804,1,within,0,0,1.0,0,0,,,,61,Garuda,,0.0,1.0,0,Garuda,0.0
RAI_405,405,Rajapur,rain,28.43402778,81.09758333,Karnali,133.0,Rainfall Station,hydrology.gov.np,24887.0,,,2026-10-08T18:00:17.342425+05:45,2026-10-08T18:07:14+05:45,0.12,1,2026-10-08T22:37:51+05:45,5.0,Bardiya,58007.0,Rajapur,4865.0,4,512,Bardiya,51205,Rajapur,4,5120504,1,within,0,0,1.0,0,0,,,,90,Rajapur,Precipitation,0.0,1.0,0,Rajapur,0.0
RAI_406,406,Gajuri,rain,27.803136,84.878054,Narayani,430.0,Tipping bucket shifted from Machhikhola due to solar backup problem,hydrology.gov.np,20741.0,,,2026-08-21T07:15:08.355429+05:45,2026-10-08T18:07:14+05:45,1162.87,0,2026-10-08T22:37:51+05:45,3.0,Dhading,30003.0,Gajuri,3086.0,1,304,Dhading,30410,Gajuri,1,3041001,1,within,0,0,1.0,0,0,,,,337,Gajuri,Precipitation,0.0,1.0,0,Gajuri,0.0
RAI_407,407,Goga (Tilche),rain,28.543058,84.3791286,Narayani,2264.0,0836,hydrology.gov.np,21460.0,,,2026-10-08T18:00:11.946035+05:45,2026-10-08T18:07:14+05:45,0.12,1,2026-10-08T22:37:51+05:45,4.0,Manang,41003.0,Nashong,1046.0,6,402,Manang,40204,Nashong,6,4020406,1,within,0,0,1.0,0,0,,,,789,Goga (Tilche),Precipitation,0.0,1.0,0,Goga (Tilche),0.0
RAI_408,408,Jagat (Setibas),rain,28.36666667,84.9,Narayani,1334.0,0801,hydrology.gov.np,21436.0,,,2026-10-08T18:00:12.783826+05:45,2026-10-08T18:07:14+05:45,0.12,1,2026-10-08T22:37:51+05:45,4.0,Gorkha,36004.0,Chum Nubri,3407.0,3,401,Gorkha,40101,Chumanubri,3,4010103,1,within,0,0,1.0,0,0,,,,755,Jagat (Setibas),Precipitation,0.0,1.0,0,Jagat (Setibas),0.0
RAI_409,409,Chomrong,rain,28.417167,83.816487,Narayani,2326.0,AWS @ Chomrong installed by MFD,hydrology.gov.np,21640.0,,,2026-10-08T18:00:09.928272+05:45,2026-10-08T18:07:14+05:45,0.12,1,2026-10-08T22:37:51+05:45,4.0,Kaski,40001.0,Annapurna,3867.0,11,405,Kaski,40503,Annapurna,11,4050311,1,within,0,0,1.0,0,0,,,,4879,Chomrong,,0.0,1.0,0,Chomrong,0.0
RAI_410,410,Jiri_TPB,rain,27.63044722,86.23211389,Koshi,1950.0,Precipitation Station,hydrology.gov.np,20693.0,,,2026-09-09T05:45:10.527784+05:45,2026-10-08T18:07:14+05:45,708.37,0,2026-10-08T22:37:51+05:45,3.0,Dolakha,22005.0,Jiri,558.0,5,301,Dolakha,30105,Jiri,5,3010505,1,within,0,0,1.0,0,0,,,,109,Jiri_TPB,,0.0,1.0,0,Jiri,0.0
RAI_411,411,Jomsom Airport,rain,28.779846,83.72083,Narayani,2722.0,Tier 1 Station,hydrology.gov.np,14783.0,,,2026-10-08T18:00:13.121427+05:45,2026-10-08T18:07:14+05:45,0.12,1,2026-10-08T22:37:51+05:45,4.0,Mustang,42003.0,Gharapjhong,5075.0,4,403,Mustang,40302,Gharpajhong,4,4030204,1,within,0,0,1.0,0,0,,,,4674,Jomsom Airport,,0.0,1.0,0,Jomsom Airport,0.0
RAI_412,412,Khadbari,rain,27.3868,87.2064,Koshi,1080.0,1327,hydrology.gov.np,23458.0,,,2026-10-08T18:00:14.038619+05:45,2026-10-08T18:07:14+05:45,0.12,1,2026-10-08T22:37:51+05:45,1.0,Sankhuwasabha,9005.0,Khandbari,1660.0,7,102,Sankhuwasabha,10206,Khandabari,7,1020607,1,within,0,0,1.0,0,0,,,,479,Khadbari,Climate,0.0,1.0,0,Khadbari,0.0
RAI_413,413,Leguwa Ghat,rain,27.15338889,87.28919444,Koshi,446.0,1305,hydrology.gov.np,23468.0,,,2026-10-08T18:00:14.895061+05:45,2026-10-08T18:07:14+05:45,0.12,1,2026-10-08T22:37:51+05:45,1.0,Dhankuta,7005.0,Mahalaxmi,504.0,4,107,Dhankuta,10701,Mahalaxmi,4,1070104,1,within,0,0,1.0,0,0,,,,463,Leguwa Ghat,Precipitation,0.0,1.0,0,Leguwa Ghat,0.0
RAI_414,414,Lukla Airport,rain,27.68639,86.72817,Koshi,2786.0,Tier 1,hydrology.gov.np,14591.0,,,2026-10-08T18:00:14.999349+05:45,2026-10-08T18:07:14+05:45,0.12,1,2026-10-08T22:37:51+05:45,1.0,Solukhumbu,11003.0,Khumbu Pasanglhamu,1707.0,2,103,Solukhumbu,10301,Khumbu Pasanglhamu,2,1030102,1,within,0,0,1.0,0,0,,,,4669,Lukla Airport,Aero-synoptic,0.0,1.0,0,Lukla Airport,0.0
RAI_415,415,Olangchunggola,rain,27.683751,87.775466,,3217.0,Tier 3,hydrology.gov.np,14740.0,,,2026-10-08T18:00:16.744761+05:45,2026-10-08T18:07:14+05:45,0.12,1,2026-10-08T22:37:51+05:45,1.0,Taplejung,1005.0,Phaktanglung,1818.0,7,101,Taplejung,10101,Phaktanlung,7,1010107,1,within,0,0,1.0,0,0,,,,4673,Olangchunggola,Climate,0.0,1.0,0,Olangchunggola,0.0
RAI_416,416,Juphal Airport,rain,28.986586,82.818543,Karnali,2475.0,0332,hydrology.gov.np,16712.0,,,2026-10-08T18:00:13.306950+05:45,2026-10-08T18:07:14+05:45,0.12,1,2026-10-08T22:37:51+05:45,6.0,Dolpa,62007.0,Thuli Bheri,5454.0,7,601,Dolpa,60106,Thulibheri,7,6010607,1,within,0,0,1.0,0,0,,,,596,Juphal Airport,Precipitation,0.0,1.0,0,Juphal Airport,0.0
RAI_417,417,Sikles,rain,28.355852,84.102068,Narayani,1967.0,0824,hydrology.gov.np,21448.0,,,2026-10-08T18:00:18.568148+05:45,2026-10-08T18:07:14+05:45,0.12,1,2026-10-08T22:37:51+05:45,4.0,Kaski,40003.0,Madi,3869.0,1,405,Kaski,40501,Madi,1,4050101,1,within,0,0,1.0,0,0,,,,777,Sikles,Precipitation,0.0,1.0,0,Sikles,0.0
RAI_418,418,Bhotang,rain,27.965573,85.6468599,Koshi,1872.0,AWS installed by RIMES with coordination with Melamchi Municipality,hydrology.gov.np,24332.0,,,2026-10-08T18:00:20.497742+05:45,2026-10-08T18:07:14+05:45,0.11,1,2026-10-08T22:37:51+05:45,3.0,Sindhupalchok,23010.0,Panchpokhari Thangpal,2884.0,3,302,Sindhupalchok,30203,Panchpokhari Thangpal,3,3020303,1,within,0,0,1.0,0,0,,,,4926,Bhotang,,0.0,1.0,0,Bhotang,0.0
RAI_419,419,Tilottama,rain,27.6528538,83.4833441,Tinau,146.0,Climate Station,hydrology.gov.np,24173.0,,,2026-10-08T18:00:20.023952+05:45,2026-10-08T18:07:14+05:45,0.11,1,2026-10-08T22:37:51+05:45,5.0,Rupandehi,49016.0,Tilottama,4324.0,1,508,Rupandehi,50808,Tilottama,1,5080801,1,within,0,0,1.0,0,0,,,,4727,Tilottama,Climate,0.0,1.0,0,Tilottama,0.0
RAI_420,420,Duwachaur,rain,27.857188,85.566385,Koshi,1481.0,"shifted from 27.85776111, 85.56695, 1483m around 80 m SW, on 2077/12/30",hydrology.gov.np,24413.0,,,2026-10-08T18:00:11.139973+05:45,2026-10-08T18:07:14+05:45,0.12,1,2026-10-08T22:37:51+05:45,3.0,Sindhupalchok,23009.0,Melamchi,2893.0,7,302,Sindhupalchok,30205,Melanchi,7,3020507,1,within,0,0,1.0,0,0,,,,355,Duwachaur,,0.0,1.0,0,Duwachaur,0.0
RAI_421,421,Semari,rain,27.468507,83.786475,Narayani,110.0,0728,hydrology.gov.np,24153.0,,,2026-10-08T18:00:18.229990+05:45,2026-10-08T18:07:14+05:45,0.12,1,2026-10-08T22:37:51+05:45,5.0,Nawalparasi West,48003.0,Pratappur,3616.0,2,507,Nawalparasi West,50706,Pratapapur,2,5070602,1,within,0,0,1.0,0,0,,,,733,Semari,Climate,0.0,1.0,0,Semari,0.0
RAI_422,422,Melamchi at Nakote,rain,28.010844,85.535356,Koshi,,"Hydrological Station with RLS, Tipping Bucket and Temp/Humidity",hydrology.gov.np,25025.0,,,2024-06-15T06:00:29.395196+05:45,2026-10-08T18:07:14+05:45,20292.11,0,2026-10-08T22:37:51+05:45,3.0,Sindhupalchok,23005.0,Helambu,2905.0,1,302,Sindhupalchok,30204,Helambu,1,3020401,1,within,0,0,1.0,0,0,,,,9,Melamchi at Nakote,,0.0,1.0,0,Melamchi at Nakote,0.0
RAI_423,423,Bedding Rainfall,rain,27.9031714,86.372887,Koshi,3709.0,Bedding Rainfall,hydrology.gov.np,24869.0,,,2025-10-21T06:00:09.155223+05:45,2026-10-08T18:07:14+05:45,8460.12,0,2026-10-08T22:37:51+05:45,3.0,Dolakha,22004.0,Gaurishankar,549.0,9,301,Dolakha,30101,Gaurishankar,9,3010109,1,within,0,0,1.0,0,0,,,,5602,Beding,,68.2,1.0,0,Bedding Rainfall,0.0
RAI_424,424,Chandarku,rain,27.861439,85.95972,Koshi,2303.0,AWS installed by Bhotekoshi Rural Municipality,hydrology.gov.np,25073.0,,,2026-10-08T18:00:09.535191+05:45,2026-10-08T18:07:14+05:45,0.12,1,2026-10-08T22:37:51+05:45,3.0,Sindhupalchok,23003.0,Bhotekoshi,2928.0,5,302,Sindhupalchok,30201,Bhotekoshi,5,3020105,1,within,0,0,1.0,0,0,,,,4938,Chandarku,AWS station ,0.0,1.0,0,Chandarku,0.0
RAI_425,425,Luwamjula Bazar,rain,28.29675889,82.25800611,Babai,895.0,Rainfall Station(0512),hydrology.gov.np,25091.0,,,2026-09-27T05:45:14.227107+05:45,2026-10-08T18:07:14+05:45,276.37,0,2026-10-08T22:37:51+05:45,6.0,Salyan,55010.0,Triveni,1615.0,6,609,Salyan,60909,Tribeni,6,6090906,1,within,0,0,0.857,0,0,,,,100,Luwamjula Bazar,,0.0,1.0,0,delete_Luwamjula Bazar,0.0
RAI_426,426,Sunkoshi at Pachuwarghat,rain,27.5537,85.7487,Koshi,514.0,Hydrological station with Bubbler sensor,hydrology.gov.np,25109.0,,,2024-05-08T06:00:37.302990+05:45,2026-10-08T18:07:14+05:45,21204.11,0,2026-10-08T22:37:51+05:45,3.0,Kavrepalanchok,24013.0,Temal,6182.0,3,309,Kavrepalanchok,30907,Temal,3,3090703,1,within,0,0,1.0,0,0,,,,104,Sunkoshi at Pachuwarghat,,0.0,1.0,0,Sunkoshi at Pachuwarghat,0.0
RAI_427,427,Chankhu,rain,27.7728,86.2619,Koshi,1397.0,Rainfall station,hydrology.gov.np,22367.0,,,2023-07-02T05:45:20.766413+05:45,2026-10-08T18:07:14+05:45,28668.36,0,2026-10-08T22:37:51+05:45,3.0,Dolakha,22004.0,Gaurishankar,581.0,7,301,Dolakha,30101,Gaurishankar,7,3010107,1,within,0,0,1.0,0,0,,,,115,Chankhu,,0.0,1.0,0,Chankhu,0.0
RAI_428,428,Dainsili (Sidhhapur),rain,29.41647389,80.656015,,2083.0,0115,hydrology.gov.np,25182.0,,,2026-03-16T12:15:11.413269+05:45,2026-10-08T18:07:14+05:45,4949.87,0,2026-10-08T22:37:51+05:45,7.0,Baitadi,74006.0,Patan,127.0,10,704,Baitadi,70409,Patam,10,7040910,1,within,0,0,1.0,0,0,,,,509,Dainsili (Sidhhapur),Climate,0.0,1.0,0,Dainsili (Sidhhapur),0.0
RAI_429,429,Karnali Chisapani_ AWS DoED,rain,28.647092,81.28483,,220.0,Karnali Chisapani_ AWS installed by  DoED,hydrology.gov.np,23254.0,,,2024-08-15T19:15:28.247052+05:45,2026-10-08T18:07:14+05:45,18814.86,0,2026-10-08T22:37:51+05:45,7.0,Kailali,71011.0,Lamkichuha,5378.0,3,708,Kailali,70807,Lamki Chuha,3,7080703,1,within,0,0,1.0,0,0,,,,4914,Karnali Chisapani_ AWS DoED,,0.0,1.0,0,Karnali Chisapani_ AWS DoED,0.0
RAI_430,430,Baunepati,rain,27.7922,85.5715,Koshi,774.0,1018,hydrology.gov.np,25700.0,,,2026-10-08T18:00:08.636871+05:45,2026-10-08T18:07:14+05:45,0.12,1,2026-10-08T22:37:51+05:45,3.0,Sindhupalchok,23009.0,Melamchi,2875.0,12,302,Sindhupalchok,30205,Melanchi,12,3020512,1,within,0,0,1.0,0,0,,,,356,Baunepati,Precipitation,0.0,1.0,0,Baunepati,0.0
RAI_431,431,Dhap (Tarnamlang),rain,27.901559,85.632553,Koshi,1362.0,1078,hydrology.gov.np,25714.0,,,2026-10-08T18:00:10.575360+05:45,2026-10-08T18:07:14+05:45,0.12,1,2026-10-08T22:37:51+05:45,3.0,Sindhupalchok,23010.0,Panchpokhari Thangpal,2960.0,6,302,Sindhupalchok,30203,Panchpokhari Thangpal,6,3020306,1,within,0,0,1.0,0,0,,,,413,Dhap (Tarnamlang),Precipitation,0.0,1.0,0,Dhap (Tarnamlang),0.0
RAI_432,432,Nawalpur,rain,27.8127,85.6242,Koshi,1653.0,Station PTO changed from Chandraman Talchabhadel after his demise in 2079-11-08. Son to Chandraman Talchabhadel - David (9841257630),hydrology.gov.np,25748.0,,,2026-10-08T18:00:16.416741+05:45,2026-10-08T18:07:14+05:45,0.12,1,2026-10-08T22:37:51+05:45,3.0,Sindhupalchok,23006.0,Indrawati,2930.0,4,302,Sindhupalchok,30206,Indrawoti,4,3020604,1,within,0,0,1.0,0,0,,,,346,Nawalpur,Precipitation,0.0,1.0,0,Nawalpur,0.0
RAI_433,433,Tarke Ghyang,rain,27.999318,85.554444,Koshi,2596.0,1058,hydrology.gov.np,25762.0,,,2026-10-08T18:00:19.610952+05:45,2026-10-08T18:07:14+05:45,0.12,1,2026-10-08T22:37:51+05:45,3.0,Sindhupalchok,23005.0,Helambu,2905.0,1,302,Sindhupalchok,30204,Helambu,1,3020401,1,within,0,0,1.0,0,0,,,,394,Tarke Ghyang,Precipitation,0.0,1.0,0,Tarke Ghyang,0.0
RAI_434,434,Mandan,rain,27.6939,85.6358,Koshi,1358.0,1020,hydrology.gov.np,25726.0,,,2026-10-08T18:00:15.441072+05:45,2026-10-08T18:07:14+05:45,0.12,1,2026-10-08T22:37:51+05:45,3.0,Kavrepalanchok,24008.0,Mandandeupur,6057.0,10,309,Kavrepalanchok,30903,Mandan Deupur,10,3090310,1,within,0,0,1.0,0,0,,,,358,Mandan,,0.0,1.0,0,Mandan,0.0
RAI_435,435,Dhunge,rain,27.9493782,85.5056545,Koshi,2500.0,Rainfall station with CDCP,hydrology.gov.np,25804.0,,,2026-10-08T18:00:10.723130+05:45,2026-10-08T18:07:14+05:45,0.12,1,2026-10-08T22:37:51+05:45,3.0,Sindhupalchok,23005.0,Helambu,2906.0,6,302,Sindhupalchok,30204,Helambu,6,3020406,1,within,0,0,1.0,0,0,,,,5044,Dhunge,,0.0,1.0,0,Dhunge,0.0
RAI_436,436,Nepaltar,rain,26.912817,86.540004,,1175.0,Rainfall Station,hydrology.gov.np,1190.0,,,2024-03-07T06:00:28.593318+05:45,2026-10-08T18:07:14+05:45,22692.11,0,2026-10-08T22:37:51+05:45,1.0,Udayapur,14008.0,Udayapurgadhi,2756.0,6,114,Udaya Pur,11408,Udayapurgadhi,6,1140806,1,within,0,0,1.0,0,0,,,,76,Nepaltar,,0.0,1.0,0,Nepaltar,0.0
RAI_437,437,Chandrapur.,rain,27.15852,85.408021,Bagmati,178.0,"Chandrapur Municipality-02, Rautahat",hydrology.gov.np,26262.0,,,2026-10-08T18:00:09.627539+05:45,2026-10-08T18:07:14+05:45,0.12,1,2026-10-08T22:37:51+05:45,2.0,Rautahat,32003.0,Chandrapur,4047.0,2,206,Rautahat,20601,Chandrapur,2,2060102,1,within,0,0,1.0,0,0,,,,5298,Chandrapur.,TPB,0.0,1.0,0,Chandrapur.,0.0
RAI_438,438,Chure Mai,rain,26.802167,86.583547,Balan-Khado,188.0,"TPB installed under the project ""Estd of Flood Forecasting Stations in Province 2""",hydrology.gov.np,26667.0,,,2026-03-16T12:15:11.197489+05:45,2026-10-08T18:07:14+05:45,4949.87,0,2026-10-08T22:37:51+05:45,1.0,Udayapur,14007.0,Triyuga,2778.0,6,114,Udaya Pur,11403,Triyuga,6,1140306,1,within,0,0,1.0,0,0,,,,5479,Chure Mai,Automatic Rainfall Station,0.0,1.0,0,Chure Mai,0.0
RAI_439,439,Dudhauli,rain,26.987184,86.267263,Kamala,203.0,"Dudhauli Municipality-10, Sindhuli",hydrology.gov.np,26377.0,,,2026-10-08T18:00:10.945807+05:45,2026-10-08T18:07:14+05:45,0.12,1,2026-10-08T22:37:51+05:45,3.0,Sindhuli,20001.0,Dudhouli,2793.0,10,311,Sindhuli,31101,Dudhouli,10,3110110,1,within,0,0,1.0,0,0,,,,5397,Dudhauli ,TPB,0.0,1.0,0,Dudhauli ,0.0
RAI_440,440,Golbazar,rain,26.835899,86.347441,Kamala,176.0,"Golbazar Municipality-03, Siraha",hydrology.gov.np,26420.0,,,2026-03-16T12:15:14.137868+05:45,2026-10-08T18:07:14+05:45,4949.87,0,2026-10-08T22:37:51+05:45,2.0,Siraha,16007.0,Golbazar,4594.0,3,202,Siraha,20203,Golbazar,3,2020303,1,within,0,0,1.0,0,0,,,,5430,Golbazar,Automatic Rainfall Station,0.0,1.0,0,Golbazar,0.0
RAI_441,441,Hattisude,rain,27.333088,85.203011,Lalbakaiya,302.0,"Hattisude, Makwanpur",hydrology.gov.np,26199.0,,,2025-04-28T11:45:12.663604+05:45,2026-10-08T18:07:14+05:45,12678.37,0,2026-10-08T22:37:51+05:45,3.0,Makwanpur,31002.0,Bakaiya,2384.0,4,312,Makwanpur,31209,Bakaiya,4,3120904,1,within,0,0,1.0,0,0,,,,,,,,,,Lal Bakiya Khola at Jureli Bazar ,955.8
RAI_442,442,Kalapani,rain,27.070204,85.937818,Rato,392.0,"Bardibas-03, Mahottari",hydrology.gov.np,26387.0,,,2025-04-28T11:45:13.813097+05:45,2026-10-08T18:07:14+05:45,12678.37,0,2026-10-08T22:37:51+05:45,2.0,Mahottari,18003.0,Bardibas,5928.0,3,204,Mahottari,20401,Bardibas,3,2040103,1,within,0,0,1.0,0,0,,,,,,,,,,Ratu River at BP Highway,28.9
RAI_443,443,"Kalyanpur, Saptari",rain,26.6538749,86.6153207,Balan-Khado,147.0,"Shree Jan Jagriti Pra.Vi., Khadak Municipality-08, Saptari",hydrology.gov.np,26440.0,,,2026-03-16T12:15:16.391952+05:45,2026-10-08T18:07:14+05:45,4949.87,0,2026-10-08T22:37:51+05:45,2.0,Saptari,15010.0,Khadak,4379.0,8,201,Saptari,20106,Khadak,8,2010608,1,within,0,0,1.0,0,0,,,,5432,"Kalyanpur, Saptari",Automatic Rainfall Station,0.0,1.0,0,"Kalyanpur, Saptari",0.0
RAI_444,444,Kapan,rain,27.7405709,85.363756,Bagmati,1385.0,"Kapan, Budalinakantha",hydrology.gov.np,26219.0,,,2026-10-08T18:00:13.674299+05:45,2026-10-08T18:07:14+05:45,0.12,1,2026-10-08T22:37:51+05:45,3.0,Kathmandu,27001.0,Budhanilkantha,3817.0,11,306,Kathmandu,30604,Budhanilkhantha,11,3060411,1,within,0,0,1.0,0,0,,,,5264,Kapan,Automatic Rainfall Station,0.0,1.0,0,Kapan,0.0
RAI_445,445,Mudali Parsa,rain,27.075939,84.712588,Basin From Siwalik Zone,112.0,"Mudali Health Post, Kalikamai Rural Mun-1, Parsa",hydrology.gov.np,26252.0,,,2026-03-16T12:15:19.535867+05:45,2026-10-08T18:07:14+05:45,4949.87,0,2026-10-08T22:37:51+05:45,2.0,Parsa,34008.0,Kalikamai,4932.0,1,208,Parsa,20810,Kalikamai,1,2081001,1,within,0,0,1.0,0,0,,,,5297,Mudali Parsa,Automatic Rainfall Station,0.0,1.0,0,Mudali Parsa,0.0
RAI_446,446,"Parwanipur, Sarlahi",rain,27.087594,85.721265,Lokhandeni,260.0,"Parwanipur, Sarlahi",hydrology.gov.np,26328.0,,,2026-03-16T12:15:21.178027+05:45,2026-10-08T18:07:14+05:45,4949.86,0,2026-10-08T22:37:51+05:45,2.0,Sarlahi,19017.0,Lalbandi,5564.0,16,205,Sarlahi,20501,Lalbandi,16,2050116,1,within,0,0,1.0,0,0,,,,5364,"Parwanipur, Sarlahi",Automatic Rainfall Station,0.0,1.0,0,"Parwanipur, Sarlahi",0.0
RAI_447,447,Ratanpuri,rain,27.279978,85.078061,Lalbakaiya,282.0,"Ratanpuri, Bara",hydrology.gov.np,26209.0,,,2026-03-16T12:15:22.060559+05:45,2026-10-08T18:07:14+05:45,4949.86,0,2026-10-08T22:37:51+05:45,2.0,Bara,33010.0,Nijgadh,6752.0,11,207,Bara,20701,Nijagadh,11,2070111,1,within,0,0,1.0,0,0,,,,5263,Ratanpuri,Automatic Rainfall Station,0.0,1.0,0,Ratanpuri,0.0
RAI_448,448,Sundarpur,rain,26.764039,86.878376,Koshi,121.0,"Chaudandigadhi Municipality-05, Udayapur",hydrology.gov.np,26430.0,,,2025-04-28T11:45:20.063220+05:45,2026-10-08T18:07:14+05:45,12678.36,0,2026-10-08T22:37:51+05:45,1.0,Udayapur,14002.0,Chaudandigadhi,2766.0,5,114,Udaya Pur,11402,Chaudandigadhi,5,1140205,1,within,0,0,1.0,0,0,,,,5431,Sundarpur,Automatic Rainfall Station,0.0,1.0,0,Sundarpur,0.0
RAI_449,449,Tathali,rain,27.670843,85.48107,Bagmati,1364.0,"Ward no. 09 office, Taathali-09, Changunarayan, Bhaktapur",hydrology.gov.np,26473.0,,,2026-10-08T18:00:19.673940+05:45,2026-10-08T18:07:14+05:45,0.12,1,2026-10-08T22:37:51+05:45,3.0,Bhaktapur,26002.0,Changunarayan,2435.0,9,307,Bhaktapur,30701,Changunarayan,9,3070109,1,within,0,0,1.0,0,0,,,,5433,Tathali,TPB,0.0,1.0,0,Tathali,0.0
RAI_450,450,Bachila,rain,28.6807977,81.1027322,Mohana,,TPB installed by Practical Action for EWS in 2024,hydrology.gov.np,26779.0,,,2026-03-16T12:15:07.949146+05:45,2026-10-08T18:07:14+05:45,4949.87,0,2026-10-08T22:37:51+05:45,7.0,Kailali,71011.0,Lamkichuha,5396.0,8,708,Kailali,70807,Lamki Chuha,8,7080708,1,within,0,0,1.0,0,0,,,,5480,Bachila,,0.0,1.0,0,Bachila,0.0
RAI_451,451,Daulatpur,rain,28.4719979,81.1472843,Karnali,,TPB installed by Practical Action for EWS in 2024,hydrology.gov.np,26809.0,,,2026-10-08T18:00:10.395917+05:45,2026-10-08T18:07:14+05:45,0.12,1,2026-10-08T22:37:51+05:45,5.0,Bardiya,58007.0,Rajapur,4828.0,1,512,Bardiya,51205,Rajapur,1,5120501,1,within,0,0,1.0,0,0,,,,5481,Daulatpur,,0.0,1.0,0,Daulatpur,0.0
RAI_452,452,Dodhara,rain,28.88823778,80.08828278,Mahakali,175.0,0121,hydrology.gov.np,26718.0,,,2026-10-08T18:00:10.828659+05:45,2026-10-08T18:07:14+05:45,0.12,1,2026-10-08T22:37:51+05:45,7.0,Kanchanpur,72007.0,Dodhara Chandani,6207.0,6,709,Kanchanpur,70905,Mahakali,6,7090506,1,within,0,0,1.0,0,0,,,,515,Dodhara,Precipitation,0.0,1.0,0,Dodhara,0.0
RAI_453,453,Baliya,rain,28.62827889,81.14278111,Mohana,167.0,T&RH TPB installed by Practical Action for EWS in 2024,hydrology.gov.np,26794.0,,,2026-10-08T18:00:08.282562+05:45,2026-10-08T18:07:14+05:45,0.12,1,2026-10-08T22:37:51+05:45,7.0,Kailali,71011.0,Lamkichuha,5285.0,2,708,Kailali,70807,Lamki Chuha,2,7080702,1,within,0,0,1.0,0,0,,,,562,Baliya,Precipitation,0.0,1.0,0,Baliya,0.0
RAI_454,454,Sandhikharka,rain,27.96402222,83.12056944,Narayani,1030.0,0750,hydrology.gov.np,26878.0,,,2026-10-08T18:00:18.068424+05:45,2026-10-08T18:07:14+05:45,0.12,1,2026-10-08T22:37:51+05:45,5.0,Arghakhanchi,51005.0,Sandhikharka,49.0,2,505,Arghakhanchi,50504,Sandhikharka,2,5050402,1,within,0,0,1.0,0,0,,,,754,Sandhikharka,Climate,0.0,1.0,0,Sandhikharka,0.0
RAI_455,455,Katari,rain,26.948151,86.3035108,Kamala,195.0,"Precipitation station estd by Bikash Nepal, DHM in 2020 Feb",hydrology.gov.np,27082.0,,,2026-10-08T18:00:13.816271+05:45,2026-10-08T18:07:14+05:45,0.12,1,2026-10-08T22:37:51+05:45,1.0,Udayapur,14003.0,Katari,2775.0,2,114,Udaya Pur,11407,Katari,2,1140702,1,within,0,0,1.0,0,0,,,,4821,Katari,Precipitation,0.0,1.0,0,Katari,0.0
RAI_456,456,Manusmara,rain,26.92800556,85.44511389,Lokhandeni,90.0,1118,hydrology.gov.np,27196.0,,,2026-10-08T18:00:15.705057+05:45,2026-10-08T18:07:14+05:45,0.12,1,2026-10-08T22:37:51+05:45,2.0,Sarlahi,19003.0,Barahathawa,5604.0,13,205,Sarlahi,20504,Barahathawa,13,2050413,1,within,0,0,1.0,0,0,,,,436,Manusmara,Climate,0.0,1.0,0,Manusmara,0.0
RAI_457,457,Udayapur Gadhi,rain,26.91295278,86.53967778,Kamala,469.0,1213,hydrology.gov.np,27130.0,,,2026-10-08T18:00:20.331304+05:45,2026-10-08T18:07:14+05:45,0.11,1,2026-10-08T22:37:51+05:45,1.0,Udayapur,14008.0,Udayapurgadhi,2756.0,6,114,Udaya Pur,11408,Udayapurgadhi,6,1140806,1,within,0,0,1.0,0,0,,,,451,Udayapur Gadhi,Climate,0.0,1.0,0,Udayapur Gadhi,0.0
RAI_458,458,Anp Chour,rain,28.12424389,83.32046694,Narayani,738.0,0732,hydrology.gov.np,27244.0,,,2026-10-08T18:00:07.652209+05:45,2026-10-08T18:07:14+05:45,0.12,1,2026-10-08T22:37:51+05:45,5.0,Gulmi,46009.0,Musikot,3189.0,5,504,Gulmi,50404,Musikot,5,5040405,1,within,0,0,1.0,0,0,,,,736,Anp Chour,Climate,0.0,1.0,0,Anp Chour,0.0
RAI_459,459,Bhagwanpur,rain,27.66993611,82.79119167,Banganga,148.0,0723,hydrology.gov.np,26955.0,,,2026-10-08T18:00:08.887746+05:45,2026-10-08T18:07:14+05:45,0.12,1,2026-10-08T22:37:51+05:45,5.0,Kapilbastu,50002.0,Bijayanagar,2058.0,2,509,Kapilbastu,50904,Bijayanagar,2,5090402,1,within,0,0,1.0,0,0,,,,728,Bhagwanpur,Precipitation,0.0,1.0,0,Bhagwanpur,0.0
RAI_460,460,Birgunj,rain,27.0232,84.8782,Narayani,67.0,0918,hydrology.gov.np,27310.0,,,2026-10-08T18:00:09.292873+05:45,2026-10-08T18:07:14+05:45,0.12,1,2026-10-08T22:37:51+05:45,2.0,Parsa,34003.0,Birgunj,4896.0,11,208,Parsa,20807,Birgunj,11,2080711,1,within,0,0,1.0,0,0,,,,321,Birgunj,Climate,0.0,1.0,0,Birgunj,0.0
RAI_461,461,Hanman Nagar (Bhamka),rain,28.96643389,80.28619194,Mahakali,213.0,0119,hydrology.gov.np,26517.0,,,2026-10-08T18:00:12.381065+05:45,2026-10-08T18:07:14+05:45,0.12,1,2026-10-08T22:37:51+05:45,7.0,Kanchanpur,72001.0,Bedkot,6202.0,3,709,Kanchanpur,70903,Bedkot,3,7090303,1,within,0,0,1.0,0,0,,,,513,Hanman Nagar (Bhamka),Precipitation,0.0,1.0,0,Hanman Nagar (Bhamka),0.0
RAI_462,462,Libang Gaun,rain,28.30619722,82.63231389,West Rapti,1314.0,Climate Station,hydrology.gov.np,21020.0,,,2026-10-08T18:00:14.959845+05:45,2026-10-08T18:07:14+05:45,0.12,1,2026-10-08T22:37:51+05:45,5.0,Rolpa,53004.0,Rolpa,5274.0,2,502,Rolpa,50207,Rolpa,2,5020702,1,within,0,0,1.0,0,0,,,,123,Libang Gaun,Climate,0.0,1.0,0,Libang Gaun,0.0
RAI_463,463,Dhodhana,rain,26.787155,86.481108,Balan-Khado,158.0,"TPB installed under the project ""Estd of Flood Forecasting Stations in Province 2""",hydrology.gov.np,26659.0,,,2025-04-28T11:45:10.802285+05:45,2026-10-08T18:07:14+05:45,12678.37,0,2026-10-08T22:37:51+05:45,2.0,Siraha,16010.0,Lahan,4632.0,15,202,Siraha,20201,Lahan,15,2020115,1,within,0,0,1.0,0,0,,,,,,,,,,Lahan,6041.0
RAI_464,464,Bahrabise,rain,27.78868083,85.89998583,Koshi,884.0,1027,hydrology.gov.np,28817.0,,,2026-10-08T18:00:08.058052+05:45,2026-10-08T18:07:14+05:45,0.12,1,2026-10-08T22:37:51+05:45,3.0,Sindhupalchok,23002.0,Barhabise,2879.0,4,302,Sindhupalchok,30209,Bahrabise,4,3020904,1,within,0,0,1.0,0,0,,,,365,Bahrabise,Climate,0.0,1.0,0,Bahrabise,0.0
RAI_465,465,Banskharka,rain,27.895454,85.598545,Koshi,,AWS installed by PA for landslide early warning,hydrology.gov.np,29027.0,,,2026-10-08T18:00:08.460546+05:45,2026-10-08T18:07:14+05:45,0.12,1,2026-10-08T22:37:51+05:45,3.0,Sindhupalchok,23010.0,Panchpokhari Thangpal,2876.0,1,302,Sindhupalchok,30203,Panchpokhari Thangpal,1,3020301,1,within,0,0,1.0,0,0,,,,5549,Banskharka,,0.0,1.0,0,Banskharka,0.0
RAI_466,466,Bolde,rain,27.924032,85.524275,Koshi,,AWS installed by PA for landslide early warning,hydrology.gov.np,28995.0,,,2026-10-08T18:00:09.367096+05:45,2026-10-08T18:07:14+05:45,0.12,1,2026-10-08T22:37:51+05:45,3.0,Sindhupalchok,23005.0,Helambu,2906.0,6,302,Sindhupalchok,30204,Helambu,6,3020406,1,within,0,0,1.0,0,0,,,,5547,Bolde,,0.0,1.0,0,Bolde,0.0
RAI_467,467,Garbha Durbar,rain,28.890679,80.761787,Karnali,,Red Cross Kohalpur,hydrology.gov.np,27989.0,,,2026-10-08T18:00:11.504299+05:45,2026-10-08T18:07:14+05:45,0.12,1,2026-10-08T22:37:51+05:45,7.0,Kailali,71003.0,Chure,5281.0,4,708,Kailali,70802,Chure,4,7080204,1,within,0,0,1.0,0,0,,,,5536,Garbha Durbar,Climate,0.0,1.0,0,Garbha Durbar,0.0
RAI_468,468,Gobre,rain,27.861111,85.671111,Koshi,,AWS installed by PA for landslide early warning,hydrology.gov.np,28954.0,,,2026-10-08T18:00:11.835580+05:45,2026-10-08T18:07:14+05:45,0.12,1,2026-10-08T22:37:51+05:45,3.0,Sindhupalchok,23010.0,Panchpokhari Thangpal,2886.0,7,302,Sindhupalchok,30203,Panchpokhari Thangpal,7,3020307,1,within,0,0,1.0,0,0,,,,5548,Gobre,,0.0,1.0,0,Gobre,0.0
RAI_469,469,Manekharka,rain,27.934514,85.652091,Koshi,,AWS installed by PA for landslide early warning,hydrology.gov.np,29065.0,,,2026-10-08T18:00:15.499332+05:45,2026-10-08T18:07:14+05:45,0.12,1,2026-10-08T22:37:51+05:45,3.0,Sindhupalchok,23010.0,Panchpokhari Thangpal,2961.0,4,302,Sindhupalchok,30203,Panchpokhari Thangpal,4,3020304,1,within,0,0,1.0,0,0,,,,5550,Manekharka,,0.0,1.0,0,Manekharka,0.0
RAI_470,470,Melamchi-Ghyang,rain,28.019277,85.525195,Koshi,,AWS shifted from Nakote,hydrology.gov.np,28916.0,,,2026-10-08T18:00:15.871174+05:45,2026-10-08T18:07:14+05:45,0.12,1,2026-10-08T22:37:51+05:45,3.0,Sindhupalchok,23005.0,Helambu,2905.0,1,302,Sindhupalchok,30204,Helambu,1,3020401,1,within,0,0,1.0,0,0,,,,5551,Melamchi-Ghyang,Climate,0.0,1.0,0,Melamchi-Ghyang,0.0
RAI_471,471,Dhulikhel,rain,27.6159205,85.5654519,Koshi,1552.0,"Shifted from 27.6153584, 85.5667541, 1571m on 2023-04-26",hydrology.gov.np,28021.0,,,2026-10-08T18:00:10.666580+05:45,2026-10-08T18:07:14+05:45,0.12,1,2026-10-08T22:37:51+05:45,3.0,Kavrepalanchok,24005.0,Dhulikhel,6080.0,8,309,Kavrepalanchok,30905,Dhulikhel,8,3090508,1,within,0,0,1.0,0,0,,,,362,Dhulikhel,Climate,0.0,1.0,0,Dhulikhel,0.0
RAI_472,472,Jhuwani,rain,27.5909,84.5223,Narayani,177.0,0903,hydrology.gov.np,28873.0,,,2026-10-08T18:00:13.059965+05:45,2026-10-08T18:07:14+05:45,0.12,1,2026-10-08T22:37:51+05:45,3.0,Chitwan,35007.0,Ratnanagar,2224.0,5,313,Chitwan,31305,Ratnanagar,5,3130505,1,within,0,0,1.0,0,0,,,,308,Jhuwani,Precipitation,0.0,1.0,0,Jhuwani,0.0
RAI_473,473,Markhu Gaun,rain,27.619,85.1496,Narayani,1535.0,0915,hydrology.gov.np,28842.0,,,2026-08-24T10:45:13.858059+05:45,2026-10-08T18:07:14+05:45,1087.37,0,2026-10-08T22:37:51+05:45,3.0,Makwanpur,31005.0,Indrasarowar,2357.0,1,312,Makwanpur,31201,Indrasarowar,1,3120101,1,within,0,0,1.0,0,0,,,,318,Markhu Gaun,Precipitation,0.0,1.0,0,Markhu Gaun,0.0
RAI_474,474,Naikap,rain,27.70094167,85.255475,Bagmati,1477.0,1076,hydrology.gov.np,28863.0,,,2026-10-08T18:00:16.198039+05:45,2026-10-08T18:07:14+05:45,0.12,1,2026-10-08T22:37:51+05:45,3.0,Kathmandu,27002.0,Chandragiri,3772.0,13,306,Kathmandu,30610,Chandragiri,13,3061013,1,within,0,0,1.0,0,0,,,,411,Naikap,,0.0,1.0,0,Naikap,0.0
RAI_475,475,Nala,rain,27.6609,85.5162,Koshi,1506.0,"TPB at Nala, station revived for Budal",hydrology.gov.np,28033.0,,,2026-10-08T18:00:16.226968+05:45,2026-10-08T18:07:14+05:45,0.12,1,2026-10-08T22:37:51+05:45,3.0,Kavrepalanchok,24001.0,Banepa,6139.0,2,309,Kavrepalanchok,30904,Banepa,2,3090402,1,within,0,0,1.0,0,0,,,,5519,Nala,TPB,0.0,1.0,0,Nala,0.0
RAI_476,476,Panipokhari,rain,27.72863611,85.32415,Bagmati,1329.0,1039,hydrology.gov.np,28781.0,,,2026-10-08T18:00:16.991149+05:45,2026-10-08T18:07:14+05:45,0.12,1,2026-10-08T22:37:51+05:45,3.0,Kathmandu,27006.0,Kathmandu,3731.0,3,306,Kathmandu,30608,Kathmandu,3,3060803,1,within,0,0,1.0,0,0,,,,376,Panipokhari,Precipitation,0.0,1.0,0,Panipokhari,0.0
RAI_477,477,Tikathali,rain,27.659325,85.36970833,Bagmati,1305.0,1080,hydrology.gov.np,28853.0,,,2026-10-05T05:45:30.496777+05:45,2026-10-08T18:07:14+05:45,84.36,0,2026-10-08T22:37:51+05:45,3.0,Lalitpur,25005.0,Mahalaxmi,2022.0,7,308,Lalitpur,30801,Mahalaxmi,7,3080107,1,within,0,0,1.0,0,0,,,,415,Tikathali,Precipitation,0.0,1.0,0,Tikathali,0.0
RAI_478,478,Bahundangi,rain,26.789121,88.155149,Mechi,474.0,"Bahundangi, Mechinagar Municipality-01, Jhapa",hydrology.gov.np,29565.0,,,2026-09-22T05:45:05.238797+05:45,2026-10-08T18:07:14+05:45,396.37,0,2026-10-08T22:37:51+05:45,1.0,Jhapa,4014.0,Mechinagar,6308.0,1,111,Jhapa,11101,Mechinagar,1,1110101,1,within,0,0,1.0,0,0,,,,5570,Bahundangi,TPB,0.0,1.0,0,Bahundangi,0.0
RAI_479,479,Bahuni,rain,26.590157,87.447708,Keshaliya,121.0,"Bahuni, Belbari Municipality-09, Morang",hydrology.gov.np,29414.0,,,2026-10-08T18:00:08.084688+05:45,2026-10-08T18:07:14+05:45,0.12,1,2026-10-08T22:37:51+05:45,1.0,Morang,5001.0,Belbari,5779.0,9,112,Morang,11205,Belbari,9,1120509,1,within,0,0,1.0,0,0,,,,5561,Bahuni,TPB,0.0,1.0,0,Bahuni,0.0
RAI_480,480,Maheshpur,rain,26.832106,85.273992,Lalbakaiya,102.0,"Fatuwa, Mahespur , Rautahat",hydrology.gov.np,29545.0,,,2025-11-11T06:00:20.384954+05:45,2026-10-08T18:07:14+05:45,7956.11,0,2026-10-08T22:37:51+05:45,2.0,Rautahat,32017.0,Rajpur,4056.0,2,206,Rautahat,20613,Rajpur,2,2061302,1,within,0,0,1.0,0,0,,,,5568,Maheshpur,Rainfall ,0.0,1.0,0,Maheshpur,0.0
RAI_481,481,Gauradaha,rain,26.570813,87.715333,Kankai,,"Gauradaha, Gauradaha-01, Jhapa",hydrology.gov.np,29434.0,,,2026-10-08T18:00:11.562315+05:45,2026-10-08T18:07:14+05:45,0.12,1,2026-10-08T22:37:51+05:45,1.0,Jhapa,4007.0,Gauradhaha,6331.0,1,111,Jhapa,11108,Gauradaha,1,1110801,1,within,0,0,1.0,0,0,,,,5563,Gauradaha ,TPB,0.0,1.0,0,Gauradaha ,0.0
RAI_482,482,Kerabari,rain,26.761609,87.412499,Keshaliya,299.0,"Kerabari Rural Municipality-08 Kerabari, Morang",hydrology.gov.np,29404.0,,,2025-06-02T14:15:15.045012+05:45,2026-10-08T18:07:14+05:45,11835.87,0,2026-10-08T22:37:51+05:45,1.0,Morang,5009.0,Kerabari,5799.0,3,112,Morang,11203,Kerabari,3,1120303,1,within,0,0,1.0,0,0,,,,5560,Kerabari ,Precipitation,0.0,1.0,0,Kerabari ,0.0
RAI_483,483,Murkuchi Bazar,rain,26.896269,86.61385,Koshi,414.0,"Rautamai Rural Municipality-07, Rajabas, Murkuchi Bazar, Udaypaur",hydrology.gov.np,29521.0,,,2026-10-08T18:00:16.033207+05:45,2026-10-08T18:07:14+05:45,0.12,1,2026-10-08T22:37:51+05:45,1.0,Udayapur,14004.0,Rautamai,2759.0,7,114,Udaya Pur,11404,Rautamai,7,1140407,1,within,0,0,1.0,0,0,,,,5566,Murkuchi Bazar,TPB,0.0,1.0,0,Murkuchi Bazar,0.0
RAI_484,484,Rajuwa,rain,27.215511,85.260076,Lalbakaiya,232.0,"Pipaltar, Nijgadh-03, Bara",hydrology.gov.np,29535.0,,,2025-07-09T20:45:23.244013+05:45,2026-10-08T18:07:14+05:45,10941.36,0,2026-10-08T22:37:51+05:45,2.0,Bara,33010.0,Nijgadh,6640.0,1,207,Bara,20701,Nijagadh,1,2070101,1,within,0,0,1.0,0,0,,,,5567,Rajuwa,Automatic Rainfall Station,0.0,1.0,0,Rajuwa,0.0
RAI_485,485,"Rangapur, Tandi Bazar",rain,27.196176,84.815472,,131.0,"Rangapur, Tandi Bazar, Parsa",hydrology.gov.np,29555.0,,,2026-03-10T06:00:18.088579+05:45,2026-10-08T18:07:14+05:45,5100.12,0,2026-10-08T22:37:51+05:45,2.0,Parsa,34011.0,Paterwa Sugauli,4912.0,2,208,Parsa,20804,Paterwa Sugauli,2,2080402,1,within,0,0,1.0,0,0,,,,5569,"Rangapur, Tandi Bazar",Precipitation,0.0,1.0,0,"Rangapur, Tandi Bazar",0.0
RAI_486,486,RaniChuri,rain,27.189199,86.015065,Kamala,648.0,"RaniChuri, Kamalamai Municipality, Sindhuli ",hydrology.gov.np,29424.0,,,2026-10-08T18:00:17.652922+05:45,2026-10-08T18:07:14+05:45,0.12,1,2026-10-08T22:37:51+05:45,3.0,Sindhuli,20005.0,Kamalamai,2852.0,12,311,Sindhuli,31105,Kamalamai,12,3110512,1,within,0,0,1.0,0,0,,,,5562,RaniChuri,TPB,0.0,1.0,0,RaniChuri,0.0
RAI_487,487,Rupani Bazar,rain,26.649884,86.711885,Balan-Khado,159.0,"Rupani Bazar,Sambhunath Municipality, Saptari ",hydrology.gov.np,29394.0,,,2026-09-25T14:15:15.780406+05:45,2026-10-08T18:07:14+05:45,315.87,0,2026-10-08T22:37:51+05:45,2.0,Saptari,15015.0,Shambhunath,4412.0,2,201,Saptari,20105,Shambhunath,2,2010502,1,within,0,0,1.0,0,0,,,,5559,Rupani Bazar,TPB,0.0,1.0,0,Rupani Bazar,0.0
RAI_488,488,Sermathang,rain,27.944506,85.595156,Koshi,2528.0,AWS at Sermathang,hydrology.gov.np,29384.0,,,2026-10-08T18:00:18.262814+05:45,2026-10-08T18:07:14+05:45,0.12,1,2026-10-08T22:37:51+05:45,3.0,Sindhupalchok,23005.0,Helambu,2915.0,2,302,Sindhupalchok,30204,Helambu,2,3020402,1,within,0,0,1.0,0,0,,,,39,Sermathang,,0.0,1.0,0,Sermathang,0.0
RAI_489,489,Sisne (Arjundhara),rain,26.731641,88.001003,Mechi,205.0,"Sisne, Arjundhara-01, Jhapa",hydrology.gov.np,29444.0,,,2026-08-19T15:00:25.081992+05:45,2026-10-08T18:07:14+05:45,1203.11,0,2026-10-08T22:37:51+05:45,1.0,Jhapa,4001.0,Arjundhara,6352.0,1,111,Jhapa,11103,Arjundhara,1,1110301,1,within,0,0,1.0,0,0,,,,5564,Sisne (Arjundhara),TPB,0.0,1.0,0,Sisne (Arjundhara),0.0
RAI_490,490,Panchase,rain,28.22896944,83.79723333,,2492.0,0868,hydrology.gov.np,21442.0,,,2026-10-08T18:00:16.887149+05:45,2026-10-08T18:07:14+05:45,0.12,1,2026-10-08T22:37:51+05:45,4.0,Parbat,44003.0,Kushma,1285.0,14,410,Parwat,41001,Modi,8,4100108,1,within,0,0,0.25,1,1,,,,821,Panchase,Climate,0.0,1.0,0,Panchase,0.0
RAI_491,491,DanpheLek,rain,29.35813611,82.15957222,Karnali,3522.0,Automatic Weather Station at Danphe Lek (Jumla),hydrology.gov.np,29477.0,,,2026-10-08T18:00:10.275175+05:45,2026-10-08T18:07:14+05:45,0.12,1,2026-10-08T22:37:51+05:45,6.0,Jumla,63004.0,Kanakasundari,736.0,1,604,Jumla,60402,Kanaka Sundari,1,6040201,1,within,0,0,1.0,0,0,,,,5565,DanpheLek,Snow Station,0.0,1.0,0,DanpheLek,0.0
RAI_492,492,Hurikot,rain,29.115955,82.601823,Karnali,2684.0,Automatic Weather Station at Hurikot (Dolpa),hydrology.gov.np,29358.0,,,2026-10-04T05:45:10.460665+05:45,2026-10-08T18:07:14+05:45,108.37,0,2026-10-08T22:37:51+05:45,6.0,Dolpa,62003.0,Jagadulla,5412.0,1,601,Dolpa,60103,Jagadulla,1,6010301,1,within,0,0,1.0,0,0,,,,5557,Hurikot,Snow Station,0.0,1.0,0,Hurikot,0.0
RAI_493,493,Kyangjing,rain,28.2109776,85.5671679,Narayani,3850.0,AWS station at Kyangjing,hydrology.gov.np,29308.0,,,2026-10-08T18:00:14.728197+05:45,2026-10-08T18:07:14+05:45,0.12,1,2026-10-08T22:37:51+05:45,3.0,Rasuwa,29001.0,Gosaikunda,1428.0,4,303,Rasuwa,30301,Gosaikunda,4,3030104,1,within,0,0,1.0,0,0,,,,5556,Kyangjing,Snow Station,0.0,1.0,0,Kyangjing,0.0
RAI_494,494,Sankhu,rain,27.7413055,85.4741733,,1411.0,"Station shifted from 27.74436667, 85.4769, 1436m on 2023-05-15",hydrology.gov.np,28210.0,,,2026-10-08T18:00:18.170616+05:45,2026-10-08T18:07:14+05:45,0.12,1,2026-10-08T22:37:51+05:45,3.0,Kathmandu,27009.0,Shankharapur,3830.0,4,306,Kathmandu,30601,Shankharapur,4,3060104,1,within,0,0,1.0,0,0,,,,372,Sankhu,Precipitation,0.0,1.0,0,Sankhu,0.0
RAI_495,495,Dhangadhi(Attariya),rain,28.81272889,80.55995111,,184.0,0209,hydrology.gov.np,25650.0,,,2026-03-16T12:15:12.148677+05:45,2026-10-08T18:07:14+05:45,4949.87,0,2026-10-08T22:37:51+05:45,7.0,Kailali,71007.0,Godawari_Kailali,5325.0,1,708,Kailali,70803,Godawari,1,7080301,1,within,0,0,1.0,0,0,,,,530,Dhangadhi(Attariya),AWS/Synoptic Station,0.0,1.0,0,Dhangadhi(Attariya),0.0
RAI_496,496,Gamadi Shree Nagar,rain,29.55030556,82.15427778,Karnali,2113.0,0306,hydrology.gov.np,29870.0,,,2026-10-08T18:00:11.385165+05:45,2026-10-08T18:07:14+05:45,0.12,1,2026-10-08T22:37:51+05:45,6.0,Mugu,65001.0,Chhayanath Rara,1091.0,1,602,Mugu,60202,Chhayanath Rara,1,6020201,1,within,0,0,1.0,0,0,,,,570,Gamadi Shree Nagar,Climate,0.0,1.0,0,Gamadi Shree Nagar,0.0
RAI_497,497,Nagma,rain,29.20060556,81.91056944,Karnali,2050.0,0308,hydrology.gov.np,29974.0,,,2026-10-08T18:00:16.161790+05:45,2026-10-08T18:07:14+05:45,0.12,1,2026-10-08T22:37:51+05:45,6.0,Kalikot,64009.0,Tilagufa,855.0,1,605,Kalikot,60507,Tilagupha,1,6050701,1,within,0,0,1.0,0,0,,,,572,Nagma,Climate,0.0,1.0,0,Nagma,0.0
RAI_498,498,Oli Gaun (Patkani),rain,29.155945,81.28313389,Seti/Karnali,989.0,0220,hydrology.gov.np,29897.0,,,2026-10-08T18:00:16.782520+05:45,2026-10-08T18:07:14+05:45,0.12,1,2026-10-08T22:37:51+05:45,7.0,Achham,69005.0,Mangalsen,2585.0,9,707,Achham,70706,Mangalsen,9,7070609,1,within,0,0,1.0,0,0,,,,539,Oli Gaun (Patkani),Climate,0.0,1.0,0,Oli Gaun (Patkani),0.0
RAI_499,499,Taal,rain,28.468728,84.377768,,2246.0,0841,hydrology.gov.np,29924.0,,,2026-10-08T18:00:19.274141+05:45,2026-10-08T18:07:14+05:45,0.12,1,2026-10-08T22:37:51+05:45,4.0,Manang,41003.0,Nashong,1031.0,1,402,Manang,40204,Nashong,1,4020401,1,within,0,0,1.0,0,0,,,,794,Taal,Precipitation,0.0,1.0,0,Taal,0.0
RAI_500,500,Godavari,rain,27.59291667,85.37883333,Bagmati,1527.0,1022,hydrology.gov.np,28761.0,,,2026-10-08T18:00:11.864698+05:45,2026-10-08T18:07:14+05:45,0.12,1,2026-10-08T22:37:51+05:45,3.0,Lalitpur,25002.0,Godawari,1972.0,3,308,Lalitpur,30803,Godawari,3,3080303,1,within,0,0,1.0,0,0,,,,360,Godavari,Climate,0.0,1.0,0,Godavari,0.0
RAI_501,501,Baitadi (Gothalapani),rain,29.55743694,80.41317389,Mahakali,1352.0,0102,hydrology.gov.np,30122.0,,,2026-10-08T18:00:08.187297+05:45,2026-10-08T18:07:14+05:45,0.12,1,2026-10-08T22:37:51+05:45,7.0,Baitadi,74001.0,Dasharathchanda,81.0,5,704,Baitadi,70405,Dasharathchand,5,7040505,1,within,0,0,1.0,0,0,,,,496,Baitadi (Gothalapani),Climate,0.0,1.0,0,Baitadi (Gothalapani),0.0
RAI_502,502,Jamu (Tikuwa Kuna),rain,28.78096944,81.33074444,Karnali,243.0,0403,hydrology.gov.np,29662.0,,,2026-10-08T18:00:12.949505+05:45,2026-10-08T18:07:14+05:45,0.12,1,2026-10-08T22:37:51+05:45,6.0,Surkhet,59008.0,Panchapuri,2631.0,9,610,Surkhet,61008,Panchapuri,9,6100809,1,within,0,0,1.0,0,0,,,,601,Jamu (Tikuwa Kuna),Precipitation,0.0,1.0,0,Jamu (Tikuwa Kuna),0.0
RAI_503,503,Ranimatta,rain,28.690605,81.629503,Karnali,2157.0,(0423)Rainfall Station,hydrology.gov.np,29635.0,,,2026-10-08T18:00:17.687478+05:45,2026-10-08T18:07:14+05:45,0.12,1,2026-10-08T22:37:51+05:45,6.0,Surkhet,59003.0,Birendranagar,2645.0,14,610,Surkhet,61006,Birendranagar,14,6100614,1,within,0,0,1.0,0,0,,,,621,Ranimatta,,0.0,1.0,0,Ranimatta,0.0
RAI_504,504,AWS at Dalli,rain,28.788655,82.298604,,882.0,Automatic Weather Station Trivenighat,hydrology.gov.np,29848.0,,,2026-10-08T18:00:07.409778+05:45,2026-10-08T18:07:14+05:45,0.12,1,2026-10-08T22:37:51+05:45,6.0,Jajarkot,61007.0,Nalgaad,676.0,7,607,Jajarkot,60707,Tribeni Nalagad,7,6070707,1,within,0,0,0.923,0,0,,,,5573,AWS at Dalli,,0.0,1.0,0,AWS at Dalli,0.0
RAI_505,505,Takukot,rain,28.0823248,84.7042663,Narayani,1268.0,AWS installed by FAO in Oct 2024,hydrology.gov.np,30263.0,,,2026-10-08T18:00:19.314643+05:45,2026-10-08T18:07:14+05:45,0.12,1,2026-10-08T22:37:51+05:45,4.0,Gorkha,36011.0,Barpak Sulikot,3383.0,6,401,Gorkha,40103,Sulikot,6,4010306,1,within,0,0,1.0,0,0,,,,5580,Takukot,Climate,0.0,1.0,0,Takukot,0.0
RAI_506,506,Phatepur,rain,26.73666694,86.93144806,Koshi,83.0,1212,hydrology.gov.np,25062.0,,,2025-04-30T11:00:15.433282+05:45,2026-10-08T18:07:14+05:45,12631.12,0,2026-10-08T22:37:51+05:45,2.0,Saptari,15014.0,Saptakoshi,4442.0,1,201,Saptari,20101,Saptakoshi,1,2010101,1,within,0,0,1.0,0,0,,,,450,Phattepur,Climate Station,756.8,1.0,0,Phattepur,756.8
RAI_507,507,BHAGAWANPUR,rain,27.94748333,81.78569444,Rapti,137.0,"Installed by local government with support of SDF project, in technical support from RTS",hydrology.gov.np,26541.0,,,2026-10-08T18:00:07.862881+05:45,2026-10-08T18:07:14+05:45,0.12,1,2026-10-08T22:37:51+05:45,5.0,Banke,57006.0,Narainapur,2145.0,6,511,Banke,51108,Narainapur,6,5110806,1,within,0,0,1.0,0,0,,,,638,BHAGAWANPUR,Precipitation,0.0,1.0,0,BHAGAWANPUR,0.0
RAI_508,508,Baijapur,rain,28.01836389,81.89851944,Rapti,150.0,"Installed by local government with support from SDF project, technical support from RTS",hydrology.gov.np,26493.0,,,2026-10-08T18:00:08.149566+05:45,2026-10-08T18:07:14+05:45,0.12,1,2026-10-08T22:37:51+05:45,5.0,Banke,57008.0,Rapti Sonari,2128.0,4,511,Banke,51101,Rapti Sonari,4,5110104,1,within,0,0,1.0,0,0,,,,612,Baijapur,Precipitation,0.0,1.0,0,Baijapur,0.0
RAI_509,509,Beding,rain,27.903076,86.372202,,3704.0,AWS at Beding ,hydrology.gov.np,31219.0,,,2026-10-08T18:00:08.665416+05:45,2026-10-08T18:07:14+05:45,0.12,1,2026-10-08T22:37:51+05:45,3.0,Dolakha,22004.0,Gaurishankar,549.0,9,301,Dolakha,30101,Gaurishankar,9,3010109,1,within,0,0,1.0,0,0,,,,5602,Beding,,0.0,1.0,0,Beding,0.0
RAI_510,510,Baksila,rain,27.325593,86.822868,,1710.0,AWS installed by the project - Developing Climate Resilient Livelihoods and to be O&M by local govt.,hydrology.gov.np,29198.0,,,2026-10-08T18:00:08.215430+05:45,2026-10-08T18:07:14+05:45,0.12,1,2026-10-08T22:37:51+05:45,1.0,Khotang,13006.0,Kepilasagadhi,891.0,4,105,Khotang,10501,Kepilasgadhi,4,1050104,1,within,0,0,1.0,0,0,,,,5524,Baksila,AWS,0.0,1.0,0,Baksila,0.0
RAI_511,511,Beni Bazar,rain,28.34222222,83.56277778,,837.0,Dead climate station revived with automatic T&RH and TPB.,hydrology.gov.np,27599.0,,,2026-10-08T18:00:08.770448+05:45,2026-10-08T18:07:14+05:45,0.12,1,2026-10-08T22:37:51+05:45,4.0,Myagdi,43002.0,Beni,1101.0,7,404,Myagdi,40406,Beni,7,4040607,1,within,0,0,1.0,0,0,,,,686,Beni Bazar,Climate,0.0,1.0,0,Beni Bazar,0.0
RAI_512,512,Bhaise,rain,27.294968,86.730952,,770.0,TPB installed by the project - Developing Climate Resilient Livelihoods and to be O&M by local govt.,hydrology.gov.np,26595.0,,,2026-10-08T18:00:08.994841+05:45,2026-10-08T18:07:14+05:45,0.12,1,2026-10-08T22:37:51+05:45,1.0,Khotang,13008.0,Rawa Besi,911.0,6,105,Khotang,10503,Lamidanda,6,1050306,1,within,0,0,1.0,0,0,,,,5476,Bhaise,TPB,0.0,1.0,0,Bhaise,0.0
RAI_513,513,Damauli,rain,27.973675,84.26509167,,347.0,0817,hydrology.gov.np,23399.0,,,2025-05-04T10:45:10.228514+05:45,2026-10-08T18:07:14+05:45,12535.37,0,2026-10-08T22:37:51+05:45,4.0,Tanahu,38005.0,Vyas,2457.0,3,407,Tanahu,40702,Byas,3,4070203,1,within,0,0,0.75,1,1,,,,770,Damauli,Precipitation,0.0,1.0,0,Damauli,0.0
RAI_514,514,Jayaramghat,rain,27.174318,86.475623,,455.0,TPB installed by the project - Developing Climate Resilient Livelihoods and to be O&M by local govt.,hydrology.gov.np,26648.0,,,2026-10-08T18:00:12.992418+05:45,2026-10-08T18:07:14+05:45,0.12,1,2026-10-08T22:37:51+05:45,1.0,Khotang,13004.0,Halesi Tuwachung,889.0,1,105,Khotang,10504,Halesi Tuwachung,1,1050401,1,within,0,0,1.0,0,0,,,,5477,Jayaramghat,,0.0,1.0,0,Jayaramghat,0.0
RAI_515,515,Kallagoth (Krishnapur),rain,28.861957,80.4404371,,189.0,0120,hydrology.gov.np,24479.0,,,2025-05-04T10:45:13.239200+05:45,2026-10-08T18:07:14+05:45,12535.37,0,2026-10-08T22:37:51+05:45,7.0,Kanchanpur,72005.0,Krishnapur,6218.0,2,709,Kanchanpur,70901,Krishnapur,2,7090102,1,within,0,0,1.0,0,0,,,,514,Kallagoth (Krishnapur),Precipitation,0.0,1.0,0,Kallagoth (Krishnapur),0.0
RAI_516,516,Khairini Tar,rain,28.02695833,84.08660278,,515.0,0815,hydrology.gov.np,23442.0,,,2025-05-04T10:45:13.947556+05:45,2026-10-08T18:07:14+05:45,12535.37,0,2026-10-08T22:37:51+05:45,4.0,Tanahu,38010.0,Shuklagandaki,2494.0,7,407,Tanahu,40704,Shuklagandaki,7,4070407,1,within,0,0,1.0,0,0,,,,768,Khairini Tar,Agromet,0.0,1.0,0,Khairini Tar,0.0
RAI_517,517,Lamidanda,rain,27.252839,86.668792,,1214.0,AWS installed by the project - Developing Climate Resilient Livelihoods and to be O&M by local govt.,hydrology.gov.np,29205.0,,,2026-10-08T18:00:14.864907+05:45,2026-10-08T18:07:14+05:45,0.12,1,2026-10-08T22:37:51+05:45,1.0,Khotang,13008.0,Rawa Besi,923.0,3,105,Khotang,10503,Lamidanda,3,1050303,1,within,0,0,1.0,0,0,,,,5523,Lamidanda,,0.0,1.0,0,Lamidanda,0.0
RAI_518,518,Mari,rain,28.076667,82.798889,,545.0,"Precipitation station under Flood, created for manual rainfall data",hydrology.gov.np,31016.0,,,2026-10-08T18:00:15.765620+05:45,2026-10-08T18:07:14+05:45,0.12,1,2026-10-08T22:37:51+05:45,5.0,Pyuthan,52005.0,Mandavi,1381.0,3,503,Pyuthan,50306,Mandavi,3,5030603,1,within,0,0,1.0,0,0,,,,4810,Mari,,0.0,1.0,0,Mari,0.0
RAI_519,519,Noshyampati,rain,28.0098886,85.7292141,Koshi,3660.0,AWS installed by Practical Action with Panchpokhari Thangpal RM in 2025,hydrology.gov.np,31276.0,,,2026-10-08T18:00:16.618481+05:45,2026-10-08T18:07:14+05:45,0.12,1,2026-10-08T22:37:51+05:45,3.0,Sindhupalchok,23007.0,Jugal,2974.0,99,302,Sindhupalchok,30202,Jugal,99,,0,within,0,0,1.0,0,0,,,,5603,Noshyampati,Climate,0.0,1.0,0,Noshyampati,0.0
RAI_520,520,Nurpugaun,rain,27.9550949,85.5591195,Koshi,1728.0,AWS installed by Practical Action with Helambu RM in 2025,hydrology.gov.np,31303.0,,,2026-10-08T18:00:16.646413+05:45,2026-10-08T18:07:14+05:45,0.12,1,2026-10-08T22:37:51+05:45,3.0,Sindhupalchok,23005.0,Helambu,2905.0,1,302,Sindhupalchok,30204,Helambu,1,3020401,1,within,0,0,1.0,0,0,,,,5604,Nurpugaun,,0.0,1.0,0,Nurpugaun,0.0
RAI_521,521,Tallo Khokseli,rain,27.20793,86.55991,,917.0,AWS installed by the project - Developing Climate Resilient Livelihoods and to be O&M by local govt.,hydrology.gov.np,29202.0,,,2026-10-08T18:00:19.404908+05:45,2026-10-08T18:07:14+05:45,0.12,1,2026-10-08T22:37:51+05:45,1.0,Khotang,13004.0,Halesi Tuwachung,887.0,4,105,Khotang,10504,Halesi Tuwachung,4,1050404,1,within,0,0,1.0,0,0,,,,5525,Tallo Khokseli,,0.0,1.0,0,Tallo Khokseli,0.0
RAI_522,522,Agimir,rain,28.164155,83.113275,,1493.0,0731,hydrology.gov.np,30924.0,,,2026-10-08T18:00:07.510793+05:45,2026-10-08T18:07:14+05:45,0.12,1,2026-10-08T22:37:51+05:45,5.0,Gulmi,46003.0,Dhurkot,3255.0,7,504,Gulmi,50408,Dhurkot,7,5040807,1,within,0,0,1.0,0,0,,,,735,Agimir,Precipitation,0.0,1.0,0,Agimir,0.0
RAI_523,523,Bangga Camp,rain,28.96464889,81.14979306,Seti/Karnali,1180.0,0210,hydrology.gov.np,30831.0,,,2026-10-08T18:00:08.430279+05:45,2026-10-08T18:07:14+05:45,0.12,1,2026-10-08T22:37:51+05:45,7.0,Achham,69003.0,Dhakari,2526.0,4,707,Achham,70709,Dhakari,4,7070904,1,within,0,0,1.0,0,0,,,,531,Bangga Camp,Precipitation,0.0,1.0,0,Bangga Camp,0.0
RAI_524,524,Bargadaha,rain,28.42588611,81.33803611,,166.0,0415,hydrology.gov.np,30939.0,,,2026-10-08T18:00:08.487669+05:45,2026-10-08T18:07:14+05:45,0.12,1,2026-10-08T22:37:51+05:45,5.0,Bardiya,58008.0,Thakurbaba,4822.0,4,512,Bardiya,51203,Thakurbaba,4,5120304,1,within,0,0,1.0,0,0,,,,613,Bargadaha,Precipitation,0.0,1.0,0,Bargadaha,0.0
RAI_525,525,Belbhar,rain,28.067825,81.58405556,Rapti,134.0,0439,hydrology.gov.np,30954.0,,,2026-10-08T18:00:08.737866+05:45,2026-10-08T18:07:14+05:45,0.12,1,2026-10-08T22:37:51+05:45,5.0,Banke,57003.0,Janki,2157.0,2,511,Banke,51105,Janaki,2,5110502,1,within,0,0,1.0,0,0,,,,637,Belbhar,Precipitation,0.0,1.0,0,Belbhar,0.0
RAI_526,526,Besishahar,rain,28.22,84.38333,Narayani,775.0,Dead climate station revived with automatic T&RH and TPB.,hydrology.gov.np,27572.0,,,2026-10-08T18:00:08.849097+05:45,2026-10-08T18:07:14+05:45,0.12,1,2026-10-08T22:37:51+05:45,4.0,Lamjung,37001.0,Besishahar,1017.0,3,406,Lamjung,40605,Bensi Shahar,3,4060503,1,within,0,0,1.0,0,0,,,,800,Besishahar,,0.0,1.0,0,Besishahar,0.0
RAI_527,527,Chame,rain,28.54986,84.237088,Narayani,2755.0,Dead climate station revived with automatic T&RH and TPB,hydrology.gov.np,27626.0,,,2026-10-08T18:00:09.491426+05:45,2026-10-08T18:07:14+05:45,0.12,1,2026-10-08T22:37:51+05:45,4.0,Manang,41001.0,Chame,1030.0,4,402,Manang,40203,Chame,4,4020304,1,within,0,0,1.0,0,0,,,,769,Chame,,0.0,1.0,0,Chame,0.0
RAI_528,528,Damauli,rain,27.973675,84.26509167,,347.0,0817,hydrology.gov.np,26919.0,,,2026-10-08T18:00:10.147421+05:45,2026-10-08T18:07:14+05:45,0.12,1,2026-10-08T22:37:51+05:45,4.0,Tanahu,38005.0,Vyas,2457.0,3,407,Tanahu,40702,Byas,3,4070203,1,within,0,0,0.75,1,1,,,,770,Damauli,Precipitation,0.0,1.0,0,Damauli,0.0
RAI_529,529,Dharmpani,rain,29.74093194,80.38900389,Mahakali,1167.0,0111,hydrology.gov.np,30874.0,,,2026-10-08T18:00:10.633953+05:45,2026-10-08T18:07:14+05:45,0.12,1,2026-10-08T22:37:51+05:45,7.0,Darchula,75006.0,Malikaarjun,443.0,7,703,Darchula,70308,Malikarjun,7,7030807,1,within,0,0,1.0,0,0,,,,505,Dharmpani,Precipitation,0.0,1.0,0,Dharmpani,0.0
RAI_530,530,Dipal Gaun,rain,29.26385556,82.22301111,Karnali,2422.0,0310,hydrology.gov.np,26764.0,,,2026-06-28T10:30:08.452002+05:45,2026-10-08T18:07:14+05:45,2455.62,0,2026-10-08T22:37:51+05:45,6.0,Jumla,63002.0,Guthichaur,743.0,5,604,Jumla,60405,Guthichaur,5,6040505,1,within,0,0,1.0,0,0,,,,574,Dipal Gaun,Climate,0.0,1.0,0,Dipal Gaun,0.0
RAI_531,531,Dunai,rain,28.95065,82.89604722,Bheri/Karnali,2098.0,0312,hydrology.gov.np,30676.0,,,2026-10-08T18:00:11.088630+05:45,2026-10-08T18:07:14+05:45,0.12,1,2026-10-08T22:37:51+05:45,6.0,Dolpa,62007.0,Thuli Bheri,5406.0,3,601,Dolpa,60106,Thulibheri,3,6010603,1,within,0,0,1.0,0,0,,,,576,Dunai,,0.0,1.0,0,Dunai,0.0
RAI_532,532,GOPGHAT (Golabhat),rain,29.28495694,81.27481306,Karnali,1548.0,0230,hydrology.gov.np,26734.0,,,2026-01-21T06:00:13.661131+05:45,2026-10-08T18:07:14+05:45,6252.12,0,2026-10-08T22:37:51+05:45,7.0,Achham,69006.0,Mellekh,2571.0,4,707,Achham,70703,Mellekh,4,7070304,1,within,0,0,1.0,0,0,,,,549,GOPGHAT (Golabhat),Precipitation,0.0,1.0,0,GOPGHAT (Golabhat),0.0
RAI_533,533,Gokuleshwar,rain,29.67805556,80.56194444,Seti,761.0,0197,hydrology.gov.np,30649.0,,,2026-10-08T18:00:11.987792+05:45,2026-10-08T18:07:14+05:45,0.12,1,2026-10-08T22:37:51+05:45,7.0,Darchula,75009.0,Shailyashikhar,409.0,9,703,Darchula,70307,Shailyashikhar,9,7030709,1,within,0,0,1.0,0,0,,,,519,Gokuleshwar,Precipitation,0.0,1.0,0,Gokuleshwar,0.0
RAI_534,534,Guthi Chaur,rain,29.23088056,82.33041944,Karnali,2727.0,0304,hydrology.gov.np,30905.0,,,2026-10-08T18:00:12.298940+05:45,2026-10-08T18:07:14+05:45,0.12,1,2026-10-08T22:37:51+05:45,6.0,Jumla,63002.0,Guthichaur,747.0,2,604,Jumla,60405,Guthichaur,2,6040502,1,within,0,0,1.0,0,0,,,,568,Guthi Chaur,Precipitation,0.0,1.0,0,Guthi Chaur,0.0
RAI_535,535,Hardinath,rain,26.8,85.98333333,Kamla,93.0,Manual Climate ,hydrology.gov.np,27157.0,,,2026-10-08T18:00:12.476794+05:45,2026-10-08T18:07:14+05:45,0.12,1,2026-10-08T22:37:51+05:45,2.0,Dhanusa,17014.0,Mithila Bihari,6518.0,6,203,Dhanusa,20307,Mithila Bihari,6,2030706,1,within,0,0,1.0,0,0,,,,432,Hardinath,Climate,0.0,1.0,0,Hardinath,0.0
RAI_536,536,JHINGRANA,rain,29.34106083,81.045105,Seti,2249.0,0229,hydrology.gov.np,30692.0,,,2026-10-08T18:00:12.749307+05:45,2026-10-08T18:07:14+05:45,0.12,1,2026-10-08T22:37:51+05:45,7.0,Doti,70007.0,Purbichauki,623.0,2,706,Doti,70601,Purbichouki,2,7060102,1,within,0,0,1.0,0,0,,,,548,JHINGRANA,Precipitation,0.0,1.0,0,JHINGRANA,0.0
RAI_537,537,Jalkundi,rain,27.96101611,82.22837306,Rapti ,204.0,0540,hydrology.gov.np,30984.0,,,2026-10-08T18:00:12.912425+05:45,2026-10-08T18:07:14+05:45,0.12,1,2026-10-08T22:37:51+05:45,5.0,Dang,56006.0,Lamahi,4023.0,9,510,Dang,51007,Lamahi,9,5100709,1,within,0,0,1.0,0,0,,,,677,Jalkundi,Precipitation,0.0,1.0,0,Jalkundi,0.0
RAI_538,538,KALUKHETI,rain,29.44736,81.16838,Seti,1447.0,0231,hydrology.gov.np,26749.0,,,2026-03-16T12:15:16.106889+05:45,2026-10-08T18:07:14+05:45,4949.87,0,2026-10-08T22:37:51+05:45,7.0,Bajhang,68008.0,Khaptadchhanna,184.0,5,702,Bajhang,70212,Khaptad Chhanna,5,7021205,1,within,0,0,1.0,0,0,,,,550,KALUKHETI,Precipitation,0.0,1.0,0,KALUKHETI,0.0
RAI_539,539,Kallagoth (Krishnapur),rain,28.861957,80.4404371,Mahakali,189.0,0120,hydrology.gov.np,29689.0,,,2026-10-08T18:00:13.541757+05:45,2026-10-08T18:07:14+05:45,0.12,1,2026-10-08T22:37:51+05:45,7.0,Kanchanpur,72005.0,Krishnapur,6218.0,2,709,Kanchanpur,70901,Krishnapur,2,7090102,1,within,0,0,1.0,0,0,,,,514,Kallagoth (Krishnapur),Precipitation,0.0,1.0,0,Kallagoth (Krishnapur),0.0
RAI_540,540,Kotjhari,rain,28.65843,82.23406,Bheri,1142.0,0517,hydrology.gov.np,26695.0,,,2026-08-29T06:00:12.462284+05:45,2026-10-08T18:07:14+05:45,972.12,0,2026-10-08T22:37:51+05:45,6.0,Rukum West,54003.0,Chaurjahari,1506.0,7,608,Rukum West,60806,Chaurjahari,7,6080607,1,within,0,0,1.0,0,0,,,,654,Kotjhari,Precipitation,0.0,1.0,0,Kotjhari,0.0
RAI_541,541,Kumra Gaun,rain,28.349545,81.31208111,,144.0,0434,hydrology.gov.np,31250.0,,,2026-10-08T18:00:14.624021+05:45,2026-10-08T18:07:14+05:45,0.12,1,2026-10-08T22:37:51+05:45,5.0,Bardiya,58003.0,Barbardiya,4823.0,2,512,Bardiya,51202,Barbardiya,2,5120202,1,within,0,0,1.0,0,0,,,,632,Kumra Gaun,Precipitation,0.0,1.0,0,Kumra Gaun,0.0
RAI_542,542,Kushma,rain,28.22493611,83.67691889,Narayani,900.0,0614,hydrology.gov.np,27020.0,,,2026-10-08T11:30:16.938825+05:45,2026-10-08T18:07:14+05:45,6.62,1,2026-10-08T22:37:51+05:45,4.0,Parbat,44003.0,Kushma,1333.0,4,410,Parwat,41003,Kushma,4,4100304,1,within,0,0,1.0,0,0,,,,690,Kushma,Climate,0.0,1.0,0,Kushma,0.0
RAI_543,543,Manpur,rain,28.18556111,81.48008889,Rapti,132.0,0437,hydrology.gov.np,30999.0,,,2026-10-08T18:00:15.641342+05:45,2026-10-08T18:07:14+05:45,0.12,1,2026-10-08T22:37:51+05:45,5.0,Bardiya,58001.0,Badhaiyatal,4849.0,6,512,Bardiya,51208,Badhaiyatal,6,5120806,1,within,0,0,1.0,0,0,,,,635,Manpur,Precipitation,0.0,1.0,0,Manpur,0.0
RAI_544,544,Naubasta,rain,28.2287043,81.6528283,Rapti ,161.0,"Station shifted from 28.230225, 81.65270278, 161 m on 2021-12-19",hydrology.gov.np,31038.0,,,2026-10-08T18:00:16.381070+05:45,2026-10-08T18:07:14+05:45,0.12,1,2026-10-08T22:37:51+05:45,5.0,Banke,57001.0,Baijanath,2180.0,3,511,Banke,51103,Baijanath,3,5110303,1,within,0,0,1.0,0,0,,,,610,Naubasta,Precipitation,0.0,1.0,0,Naubasta,0.0
RAI_545,545,Phopli,rain,28.18596111,82.87462222,Jhimruk,1641.0,0528,hydrology.gov.np,31077.0,,,2026-08-18T05:45:14.172756+05:45,2026-10-08T18:07:14+05:45,1236.37,0,2026-10-08T22:37:51+05:45,5.0,Pyuthan,52006.0,Naubahini,1385.0,8,503,Pyuthan,50302,Naubahini,8,5030208,1,within,0,0,1.0,0,0,,,,665,Phopli,Precipitation,0.0,1.0,0,Phopli,0.0
RAI_546,546,Ramoli Bairiya,rain,27.01584722,85.38070833,Bagmati,152.0,0912,hydrology.gov.np,27271.0,,,2026-03-16T12:15:21.801479+05:45,2026-10-08T18:07:14+05:45,4949.86,0,2026-10-08T22:37:51+05:45,2.0,Rautahat,32002.0,Brindaban,4033.0,1,206,Rautahat,20605,Brindaban,1,2060501,1,within,0,0,1.0,0,0,,,,316,Ramoli Bairiya,Precipitation,0.0,1.0,0,Ramoli Bairiya,0.0
RAI_547,547,Rangsing,rain,27.8032059,82.7839589,,,0737,hydrology.gov.np,31092.0,,,2026-10-08T18:00:17.578582+05:45,2026-10-08T18:07:14+05:45,0.12,1,2026-10-08T22:37:51+05:45,5.0,Arghakhanchi,51006.0,Sitganga,32.0,8,505,Arghakhanchi,50506,Shitaganga,8,5050608,1,within,0,0,1.0,0,0,,,,741,Rangsing,Precipitation,0.0,1.0,0,Rangsing,0.0
RAI_548,548,Rulbang (Juwang),rain,28.30602222,82.76488889,,1046.0,0522,hydrology.gov.np,31122.0,,,2026-10-08T18:00:17.835137+05:45,2026-10-08T18:07:14+05:45,0.12,1,2026-10-08T22:37:51+05:45,5.0,Rolpa,53007.0,Sunchhahari,5233.0,5,502,Rolpa,50201,Sunchhahari,5,5020105,1,within,0,0,1.0,0,0,,,,659,Rulbang (Juwang),Precipitation,0.0,1.0,0,Rulbang (Juwang),0.0
RAI_549,549,SUGALI (SUTAR),rain,29.17980694,81.37293889,Seti,1668.0,0235,hydrology.gov.np,30801.0,,,2026-10-08T18:00:17.870882+05:45,2026-10-08T18:07:14+05:45,0.12,1,2026-10-08T22:37:51+05:45,7.0,Achham,69008.0,Ramaroshan,2603.0,7,707,Achham,70702,Ramaroshan,7,7070207,1,within,0,0,1.0,0,0,,,,554,SUGALI (SUTAR),Precipitation,0.0,1.0,0,SUGALI (SUTAR),0.0
RAI_550,550,Shreekang,rain,28.12732222,83.63470833,Narayani,731.0,0630,hydrology.gov.np,27052.0,,,2026-10-08T18:00:18.444951+05:45,2026-10-08T18:07:14+05:45,0.12,1,2026-10-08T22:37:51+05:45,4.0,Parbat,44007.0,Phalewas,1319.0,11,410,Parwat,41004,Phalebas,11,4100411,1,within,0,0,0.857,0,0,,,,704,Shreekang,Precipitation,0.0,1.0,0,Shreekang,0.0
RAI_551,551,THALARA,rain,29.56154,81.07092,Mahakali,2360.0,0223,hydrology.gov.np,30816.0,,,2026-10-08T18:00:19.242435+05:45,2026-10-08T18:07:14+05:45,0.12,1,2026-10-08T22:37:51+05:45,7.0,Bajhang,68003.0,Chabispathivera,147.0,5,702,Bajhang,70207,Chhabis Pathibhara,5,7020705,1,within,0,0,1.0,0,0,,,,542,THALARA,Precipitation,0.0,1.0,0,THALARA,0.0
RAI_552,552,Chandragiri,rain,27.674997,85.227859,,1565.0,AWS at Chandragiri,hydrology.gov.np,27816.0,,,2026-10-08T18:00:09.599587+05:45,2026-10-08T18:07:14+05:45,0.12,1,2026-10-08T22:37:51+05:45,3.0,Kathmandu,27002.0,Chandragiri,3765.0,8,306,Kathmandu,30610,Chandragiri,8,3061008,1,within,0,0,1.0,0,0,,,,5518,Chandragiri,,0.0,1.0,0,Chandragiri,0.0
RAI_553,553,Himali Gaun,rain,26.88652778,88.02738889,Koshi,1654.0,1410,hydrology.gov.np,23437.0,,,2026-10-08T18:00:12.599739+05:45,2026-10-08T18:07:14+05:45,0.12,1,2026-10-08T22:37:51+05:45,1.0,Ilam,3010.0,Suryodaya,3323.0,11,110,Ilam,11009,Suryodaya,11,1100911,1,within,0,0,1.0,0,0,,,,487,Himali Gaun,Precipitation,0.0,1.0,0,Himali Gaun,0.0
RAI_554,554,AWS at Parsia,rain,28.7737055,80.3880847,Mahakali,170.0,0122,hydrology.gov.np,29608.0,,,2026-03-16T12:15:06.990143+05:45,2026-10-08T18:07:14+05:45,4949.87,0,2026-10-08T22:37:51+05:45,7.0,Kanchanpur,72006.0,Laljhadi,6280.0,4,709,Kanchanpur,70906,Laljhadi,4,7090604,1,within,0,0,1.0,0,0,,,,516,Parsia,Rainfall station,0.0,0.8,0,Parsia,0.0
RAI_555,555,Jyamirkhali,rain,29.02033,80.47443,,,Jyamirkhali,hydrology.gov.np,29785.0,,,2026-10-08T18:00:13.359537+05:45,2026-10-08T18:07:14+05:45,0.12,1,2026-10-08T22:37:51+05:45,7.0,Dadeldhura,73007.0,Parashuram,6613.0,11,705,Dadeldhura,70505,Parashuram,11,7050511,1,within,0,0,1.0,0,0,,,,5571,Jyamirkhali,,0.0,1.0,0,Jyamirkhali,0.0
RAI_556,556,Pangboche,rain,27.858237,86.798397,,4002.0,AWS at Pangboche,hydrology.gov.np,31894.0,,,2026-10-08T18:00:16.956907+05:45,2026-10-08T18:07:14+05:45,0.12,1,2026-10-08T22:37:51+05:45,1.0,Solukhumbu,11003.0,Khumbu Pasanglhamu,1732.0,4,103,Solukhumbu,10301,Khumbu Pasanglhamu,4,1030104,1,within,0,0,1.0,0,0,,,,5606,Pangboche,,0.0,1.0,0,Pangboche,0.0
RAI_557,557,Budianp,rain,28.751555,81.101385,,616.0,Automatic Weather Station @ Budiaam (बुढीआँप),hydrology.gov.np,32086.0,,,2026-10-08T18:00:09.423290+05:45,2026-10-08T18:07:14+05:45,0.12,1,2026-10-08T22:37:51+05:45,7.0,Kailali,71012.0,Mohanyal,5366.0,3,708,Kailali,70801,Mohanyal,3,7080103,1,within,0,0,1.0,0,0,,,,5614,Budianp ,,0.0,1.0,0,Budianp ,0.0
RAI_558,558,Dingla,rain,27.35279,87.14629,,1169.0,1325,hydrology.gov.np,27067.0,,,2026-10-08T18:00:10.796784+05:45,2026-10-08T18:07:14+05:45,0.12,1,2026-10-08T22:37:51+05:45,1.0,Bhojpur,10008.0,Shadananda,390.0,7,106,Bhojpur,10601,Shadananda,7,1060107,1,within,0,0,1.0,0,0,,,,477,Dingla,Precipitation,0.0,1.0,0,Dingla,0.0
RAI_559,559,Arun at Turkeghat,rain,27.311975,87.1892,Koshi,,Hydrological Station with Radar Level sensor,hydrology.gov.np,32329.0,,,2026-10-08T18:00:07.754700+05:45,2026-10-08T18:07:14+05:45,0.12,1,2026-10-08T22:37:51+05:45,1.0,Sankhuwasabha,9005.0,Khandbari,1695.0,9,102,Sankhuwasabha,10206,Khandabari,9,1020609,1,within,0,0,1.0,0,0,,,,107,Arun at Turkeghat,,0.0,1.0,0,Arun at Turkeghat,0.0
RAI_560,560,Banfikot,rain,28.707587,82.499599,,1868.0,AWS at BEE_2025_6,hydrology.gov.np,32298.0,,,2026-10-08T18:00:08.352276+05:45,2026-10-08T18:07:14+05:45,0.12,1,2026-10-08T22:37:51+05:45,6.0,Rukum West,54002.0,Banphikot,1474.0,3,608,Rukum West,60803,Banphikot,3,6080303,1,within,0,0,1.0,0,0,,,,5612,Banfikot,,0.0,1.0,0,Banfikot,0.0
RAI_561,561,Bhujung,rain,28.30964722,84.26600278,Narayani,1690.0,0844,hydrology.gov.np,31591.0,,,2026-10-08T18:00:09.136839+05:45,2026-10-08T18:07:14+05:45,0.12,1,2026-10-08T22:37:51+05:45,4.0,Lamjung,37004.0,Kwholasothar,1015.0,4,406,Lamjung,40603,Kwhola Sothar,4,4060304,1,within,0,0,1.0,0,0,,,,797,Bhujung,Precipitation,0.0,1.0,0,Bhujung,0.0
RAI_562,562,Chainpur (East),rain,27.2988207,87.3205755,Koshi,1223.0,1303,hydrology.gov.np,31376.0,,,2026-10-08T18:00:09.456015+05:45,2026-10-08T18:07:14+05:45,0.12,1,2026-10-08T22:37:51+05:45,1.0,Sankhuwasabha,9002.0,Chainpur,1621.0,6,102,Sankhuwasabha,10208,Chainapur,6,1020806,1,within,0,0,1.0,0,0,,,,461,Chainpur (East),Climate,0.0,1.0,0,Chainpur (East),0.0
RAI_563,563,Chapakot,rain,27.89994444,83.84586111,,617.0,0810,hydrology.gov.np,31558.0,,,2026-10-08T18:00:09.686748+05:45,2026-10-08T18:07:14+05:45,0.12,1,2026-10-08T22:37:51+05:45,4.0,Syangja,39005.0,Chapakot,3042.0,8,409,Syangja,40908,Chapakot,8,4090808,1,within,0,0,1.0,0,0,,,,764,Chapakot,Climate,0.0,1.0,0,Chapakot,0.0
RAI_564,564,Chatara,rain,26.8204205,87.1592174,KOSHI,134.0,1316,hydrology.gov.np,31459.0,,,2026-10-08T18:00:09.726350+05:45,2026-10-08T18:07:14+05:45,0.12,1,2026-10-08T22:37:51+05:45,1.0,Sunsari,6001.0,Barah,4690.0,2,113,Sunsari,11302,Baraha,2,1130202,1,within,0,0,1.0,0,0,,,,471,Chatara,Climate,0.0,1.0,0,Chatara,0.0
RAI_565,565,Daugha,rain,27.9365,83.33811667,Kaligandaki,960.0,0734,hydrology.gov.np,30969.0,,,2026-10-08T18:00:10.359758+05:45,2026-10-08T18:07:14+05:45,0.12,1,2026-10-08T22:37:51+05:45,5.0,Gulmi,46002.0,Chatrakot,3260.0,6,504,Gulmi,50411,Chhatrakot,6,5041106,1,within,0,0,1.0,0,0,,,,738,Daugha,Precipitation,0.0,1.0,0,Daugha,0.0
RAI_566,566,Faleni,rain,28.25596667,84.47929722,,1278.0,0845,hydrology.gov.np,31609.0,,,2026-10-08T18:00:11.168549+05:45,2026-10-08T18:07:14+05:45,0.12,1,2026-10-08T22:37:51+05:45,4.0,Lamjung,37002.0,Dordi,998.0,7,406,Lamjung,40601,Dordi,7,4060107,1,within,0,0,1.0,0,0,,,,798,Faleni,Precipitation,0.0,1.0,0,Faleni,0.0
RAI_567,567,Gilung,rain,28.21813889,84.24153889,,1430.0,0848,hydrology.gov.np,31624.0,,,2026-10-08T18:00:11.797192+05:45,2026-10-08T18:07:14+05:45,0.12,1,2026-10-08T22:37:51+05:45,4.0,Lamjung,37004.0,Kwholasothar,996.0,9,406,Lamjung,40603,Kwhola Sothar,9,4060309,1,within,0,0,1.0,0,0,,,,801,Gilung,Precipitation,0.0,1.0,0,Gilung,0.0
RAI_568,568,Gothi,rain,29.77827806,81.952645,Karnali,1680.0,0317,hydrology.gov.np,30857.0,,,2026-10-08T18:00:12.021946+05:45,2026-10-08T18:07:14+05:45,0.12,1,2026-10-08T22:37:51+05:45,6.0,Humla,66005.0,Sarkegad,5123.0,4,603,Humla,60305,Sarkegad,4,6030504,1,within,0,0,1.0,0,0,,,,581,Gothi ,Precipitation,0.0,1.0,0,Gothi ,0.0
RAI_569,569,Hattilung,rain,27.72169444,83.62022222,Jhumsa,1127.0,0742,hydrology.gov.np,24205.0,,,2026-09-25T06:00:11.722812+05:45,2026-10-08T18:07:14+05:45,324.12,0,2026-10-08T22:37:51+05:45,5.0,Palpa,47002.0,Mathagadhi,5701.0,5,506,Palpa,50609,Mathagadhi,5,5060905,1,within,0,0,1.0,0,0,,,,746,Hattilung,Precipitation,0.0,1.0,0,Hattilung,0.0
RAI_570,570,Kamala river at Portaha,rain,26.875,86.12,,,HS_manual,hydrology.gov.np,30051.0,,,2026-10-08T18:00:13.571472+05:45,2026-10-08T18:07:14+05:45,0.12,1,2026-10-08T22:37:51+05:45,2.0,Dhanusa,17007.0,Ganeshman Charnath,6480.0,7,203,Dhanusa,20301,Ganeshman Charnath,7,2030107,1,within,0,0,1.0,0,0,,,,4695,Kamala river at Portaha,,0.0,1.0,0,Kamala river at Portaha,0.0
RAI_571,571,Khairini Tar,rain,28.02695833,84.08660278,,515.0,0815,hydrology.gov.np,27037.0,,,2026-10-08T18:00:14.072445+05:45,2026-10-08T18:07:14+05:45,0.12,1,2026-10-08T22:37:51+05:45,4.0,Tanahu,38010.0,Shuklagandaki,2494.0,7,407,Tanahu,40704,Shuklagandaki,7,4070407,1,within,0,0,1.0,0,0,,,,768,Khairini Tar,Agromet,0.0,1.0,0,Khairini Tar,0.0
RAI_572,572,Kotagaun,rain,27.75816667,84.33299167,,355.0,0864,hydrology.gov.np,31984.0,,,2026-10-08T18:00:14.504439+05:45,2026-10-08T18:07:14+05:45,0.12,1,2026-10-08T22:37:51+05:45,4.0,Tanahu,38006.0,Devghat,2476.0,1,407,Tanahu,40708,Devghat,1,4070801,1,within,0,0,1.0,0,0,,,,817,Kotagaun,Precipitation,0.0,1.0,0,Kotagaun,0.0
RAI_573,573,Lungthung,rain,27.5473119,87.79385889,Koshi,1410.0,1403,hydrology.gov.np,31492.0,,,2026-10-08T18:00:15.111628+05:45,2026-10-08T18:07:14+05:45,0.12,1,2026-10-08T22:37:51+05:45,1.0,Taplejung,1005.0,Phaktanglung,1817.0,6,101,Taplejung,10101,Phaktanlung,6,1010106,1,within,0,0,1.0,0,0,,,,480,Lungthung,Precipitation,0.0,1.0,0,Lungthung,0.0
RAI_574,574,Namrung,rain,28.546893,84.765275,,2609.0,0839,hydrology.gov.np,31712.0,,,2026-10-08T18:00:16.259158+05:45,2026-10-08T18:07:14+05:45,0.12,1,2026-10-08T22:37:51+05:45,4.0,Gorkha,36004.0,Chum Nubri,3405.0,4,401,Gorkha,40101,Chumanubri,4,4010104,1,within,0,0,1.0,0,0,,,,792,Namrung,,0.0,1.0,0,Namrung,0.0
RAI_575,575,Rivan,rain,28.32501667,83.91145,,1506.0,0843,hydrology.gov.np,31672.0,,,2026-10-08T18:00:17.763569+05:45,2026-10-08T18:07:14+05:45,0.12,1,2026-10-08T22:37:51+05:45,4.0,Kaski,40002.0,Machhapuchchhre,3894.0,5,405,Kaski,40502,Machhapuchchhre,5,4050205,1,within,0,0,1.0,0,0,,,,796,Rivan,Precipitation,0.0,1.0,0,Rivan,0.0
RAI_576,576,Sandhepani,rain,28.66417611,80.97850889,Seti,159.0,0208,hydrology.gov.np,22289.0,,,2026-03-16T12:15:22.655301+05:45,2026-10-08T18:07:14+05:45,4949.86,0,2026-10-08T22:37:51+05:45,7.0,Kailali,71006.0,Ghodaghodi,5359.0,2,708,Kailali,70805,Ghodaghodi,2,7080502,1,within,0,0,1.0,0,0,,,,528,Sandhepani,Precipitation,0.0,1.0,0,Sandhepani,0.0
RAI_577,577,Sidhara,rain,27.7945,82.82838333,,371.0,0735,hydrology.gov.np,24225.0,,,2026-10-08T18:00:18.528718+05:45,2026-10-08T18:07:14+05:45,0.12,1,2026-10-08T22:37:51+05:45,5.0,Arghakhanchi,51006.0,Sitganga,50.0,9,505,Arghakhanchi,50506,Shitaganga,9,5050609,1,within,0,0,1.0,0,0,,,,739,Sidhara,Precipitation,0.0,1.0,0,Sidhara,0.0
RAI_578,578,Kurle Ghat,rain,27.1363889,86.4294444,,362.0,1210,hydrology.gov.np,31426.0,,,2026-10-08T18:00:14.695467+05:45,2026-10-08T18:07:14+05:45,0.12,1,2026-10-08T22:37:51+05:45,1.0,Khotang,13004.0,Halesi Tuwachung,889.0,1,105,Khotang,10504,Halesi Tuwachung,1,1050401,1,within,0,0,1.0,0,0,,,,448,Kurle Ghat,Precipitation,0.0,1.0,0,Kurle Ghat,0.0
RAI_579,579,Tapethok,rain,27.4897222,87.7747222,,1423.0,1404,hydrology.gov.np,31525.0,,,2026-10-08T18:00:19.507922+05:45,2026-10-08T18:07:14+05:45,0.12,1,2026-10-08T22:37:51+05:45,1.0,Taplejung,1005.0,Phaktanglung,1809.0,5,101,Taplejung,10101,Phaktanlung,5,1010105,1,within,0,0,1.0,0,0,,,,481,Tapethok ,Precipitation,0.0,1.0,0,Tapethok ,0.0
RAI_580,580,Taratal,rain,28.307825,81.27586389,Rapti,141.0,0435,hydrology.gov.np,31137.0,,,2026-10-08T18:00:19.577451+05:45,2026-10-08T18:07:14+05:45,0.12,1,2026-10-08T22:37:51+05:45,5.0,Bardiya,58006.0,Madhuwan,4797.0,6,512,Bardiya,51206,Madhuwan,6,5120606,1,within,0,0,1.0,0,0,,,,633,Taratal,Precipitation,0.0,1.0,0,Taratal,0.0
RAI_581,581,Tulsipur,rain,28.072547,82.278636,,607.0,0508,hydrology.gov.np,31815.0,,,2026-10-08T18:00:20.256059+05:45,2026-10-08T18:07:14+05:45,0.11,1,2026-10-08T22:37:51+05:45,5.0,Dang,56010.0,Tulsipur,3993.0,12,510,Dang,51003,Tulsipur,12,5100312,1,within,0,0,1.0,0,0,,,,645,Tulsipur,Climate,0.0,1.0,0,Tulsipur,0.0
RAI_582,582,Yangjakot,rain,28.25591111,84.09998056,,1478.0,0846,hydrology.gov.np,31687.0,,,2026-10-08T18:00:20.415845+05:45,2026-10-08T18:07:14+05:45,0.11,1,2026-10-08T22:37:51+05:45,4.0,Kaski,40003.0,Madi,3904.0,3,405,Kaski,40501,Madi,3,4050103,1,within,0,0,1.0,0,0,,,,799,Yangjakot,Precipitation,0.0,1.0,0,Yangjakot,0.0
RAI_583,583,Hanspur,rain,27.95425389,82.87882194,West Rapti,742.0,Rainfall station with CDCP,hydrology.gov.np,32479.0,,,2026-10-08T18:00:12.409498+05:45,2026-10-08T18:07:14+05:45,0.12,1,2026-10-08T22:37:51+05:45,5.0,Pyuthan,52008.0,Sarumarani,1403.0,3,503,Pyuthan,50309,Sarumarani,3,5030903,1,within,0,0,1.0,0,0,,,,950,Hanspur,Precipitation,0.0,1.0,0,Hanspur,0.0
RAI_584,584,Tamor River at Majhitar,rain,27.1586,87.7116,Koshi,436.0,Hydrological Station with RLS,hydrology.gov.np,30060.0,,,2026-10-08T18:00:19.473606+05:45,2026-10-08T18:07:14+05:45,0.12,1,2026-10-08T22:37:51+05:45,1.0,Panchthar,2003.0,Hilihang,1225.0,7,109,Panchthar,10902,Hilihan,7,1090207,1,within,0,0,1.0,0,0,,,,212,Tamor River at Majhitar,Automatic Hydrological Station,0.0,1.0,0,Tamor River at Majhitar,0.0
RAI_585,585,Dillichaur,rain,29.305833,82.276314,Karnali,2438.0,Rainfall station,hydrology.gov.np,32677.0,,,2026-10-08T18:00:10.752726+05:45,2026-10-08T18:07:14+05:45,0.12,1,2026-10-08T22:37:51+05:45,6.0,Jumla,63005.0,Patrasi,782.0,5,604,Jumla,60401,Patarasi,5,6040105,1,within,0,0,1.0,0,0,,,,239,Dillichaur,,0.0,1.0,0,Dillichaur,0.0
RAI_586,586,Ghap AWS,rain,28.529,84.831,,2160.0,Ghap AWS,hydrology.gov.np,30365.0,,,2026-10-08T18:00:11.714413+05:45,2026-10-08T18:07:14+05:45,0.12,1,2026-10-08T22:37:51+05:45,4.0,Gorkha,36004.0,Chum Nubri,3405.0,4,401,Gorkha,40101,Chumanubri,4,4010104,1,within,0,0,1.0,0,0,,,,5592,Ghap AWS,,0.0,1.0,0,Ghap AWS,0.0
RAI_587,587,Nyak/Ekle Bhatti,rain,28.409,84.895,,1600.0,Nyak/Ekle Bhatti ,hydrology.gov.np,30309.0,,,2026-06-25T05:45:13.249683+05:45,2026-10-08T18:07:14+05:45,2532.37,0,2026-10-08T22:37:51+05:45,4.0,Gorkha,36004.0,Chum Nubri,3407.0,3,401,Gorkha,40101,Chumanubri,3,4010103,1,within,0,0,1.0,0,0,,,,5590,Nyak/Ekle Bhatti ,,0.0,1.0,0,Nyak/Ekle Bhatti ,0.0
RAI_588,588,Samagaon,rain,28.586041,84.640817,,3530.0,AWS at Samagoan,hydrology.gov.np,30783.0,,,2026-10-08T18:00:18.022766+05:45,2026-10-08T18:07:14+05:45,0.12,1,2026-10-08T22:37:51+05:45,4.0,Gorkha,36004.0,Chum Nubri,3406.0,1,401,Gorkha,40101,Chumanubri,1,4010101,1,within,0,0,1.0,0,0,,,,5600,Samagaon,,0.0,1.0,0,Samagaon,0.0
RAI_589,589,Dadimadi,rain,29.085353187994567,81.53230531688304,Karnali,1250.0,Rainfall station(0424),hydrology.gov.np,32640.0,,,2026-10-08T18:00:10.001845+05:45,2026-10-08T18:07:14+05:45,0.12,1,2026-10-08T22:37:51+05:45,6.0,Dailekh,60001.0,Aathabis,1928.0,5,606,Dailekh,60605,Aathbis,5,6060505,1,within,0,0,1.0,0,0,,,,298,Dadimadi,Precipitation,0.0,1.0,0,Dadimadi,0.0
RAI_590,590,Gela,rain,29.09644444,81.70052778,Karnali,1732.0,Rainfall Station,hydrology.gov.np,32648.0,,,2026-10-08T18:00:11.632541+05:45,2026-10-08T18:07:14+05:45,0.12,1,2026-10-08T22:37:51+05:45,6.0,Kalikot,64003.0,Mahawai,847.0,5,605,Kalikot,60508,Mahawai,5,6050805,1,within,0,0,1.0,0,0,,,,299,Gela,Precipitation,0.0,1.0,0,delete_Gela,0.0
RAI_591,591,Kalidamar,rain,28.42094722,81.72940833,Karnali,635.0,climate station insalled by Sundar Nepal,hydrology.gov.np,32538.0,,,2026-09-17T05:45:11.325971+05:45,2026-10-08T18:07:14+05:45,516.37,0,2026-10-08T22:37:51+05:45,6.0,Surkhet,59002.0,Bheriganga,2636.0,5,610,Surkhet,61005,Bheriganga,5,6100505,1,within,0,0,1.0,0,0,,,,248,Kalidamar,Precipitation,0.0,1.0,0,delete_Kalidamar,0.0
RAI_592,592,Pusma Camp,rain,28.875515,81.23272611,Karnali,953.0,0401,hydrology.gov.np,32606.0,,,2026-10-08T05:45:15.715477+05:45,2026-10-08T18:07:14+05:45,12.37,1,2026-10-08T22:37:51+05:45,6.0,Surkhet,59004.0,Chaukune,2633.0,4,610,Surkhet,61009,Chaukune,4,6100904,1,within,0,0,1.0,0,0,,,,599,Pusma Camp,Climate,0.0,1.0,0,Pusma Camp,0.0
RAI_593,593,Tashi Gaun,rain,27.62667,87.230404,,2100.0,AWS at Tashi Gaun,hydrology.gov.np,30203.0,,,2026-10-08T18:00:19.640228+05:45,2026-10-08T18:07:14+05:45,0.12,1,2026-10-08T22:37:51+05:45,1.0,Sankhuwasabha,9007.0,Makalu,1685.0,2,102,Sankhuwasabha,10202,Makalu,2,1020202,1,within,0,0,1.0,0,0,,,,5579,Tashi Gaun,,0.0,1.0,0,Tashi Gaun,0.0
RAI_594,594,Nile / Tsum Valley,rain,28.53,85.0955,,3100.0,Nile / Tsum Valley,hydrology.gov.np,30339.0,,,2026-05-13T06:00:11.544697+05:45,2026-10-08T18:07:14+05:45,3564.12,0,2026-10-08T22:37:51+05:45,4.0,Gorkha,36004.0,Chum Nubri,3402.0,7,401,Gorkha,40101,Chumanubri,7,4010107,1,within,0,0,1.0,0,0,,,,5591,Nile / Tsum Valley,,0.0,1.0,0,Nile / Tsum Valley,0.0
RAI_595,595,West Rapti at Kusum Rainfall,rain,28.0075,82.093889,West Rapti,199.0,Hydrological station with Bubbler,hydrology.gov.np,34342.0,,,2026-10-08T18:00:20.373227+05:45,2026-10-08T18:07:14+05:45,0.11,1,2026-10-08T22:37:51+05:45,5.0,Banke,57008.0,Rapti Sonari,2121.0,1,511,Banke,51101,Rapti Sonari,1,5110101,1,within,0,0,1.0,0,0,,,,960,West Rapti at Kusum RLS,,0.0,1.0,0,West Rapti at Kusum RLS,0.0
RAI_596,596,RF at Tusarepani (Sainamaina),rain,27.7551468,83.3160475,,689.0,"Rainfall stations with CDCP, Warranty - 5 Years from 2026/03/30",hydrology.gov.np,34383.0,,,2026-10-08T18:00:17.235695+05:45,2026-10-08T18:07:14+05:45,0.12,1,2026-10-08T22:37:51+05:45,5.0,Rupandehi,49011.0,Sainamaina,4291.0,6,508,Rupandehi,50803,Sainamaina,6,5080306,1,within,0,0,1.0,0,0,,,,5676,RF at Tusarepani (Sainamaina),,0.0,1.0,0,RF at Tusarepani (Sainamaina),0.0
RAI_597,597,Sakfara,rain,26.7850195,87.4542283,,860.0,AWS installed by RCS Morang with collabration with Letang Municipality and OHM-Dharan. PTO managed from Letang Municipality.,hydrology.gov.np,34757.0,,,2026-10-08T18:00:17.901757+05:45,2026-10-08T18:07:14+05:45,0.12,1,2026-10-08T22:37:51+05:45,1.0,Morang,5010.0,Letang,5800.0,1,112,Morang,11202,Letang,1,1120201,1,within,0,0,1.0,0,0,,,,5683,Sakfara,,0.0,1.0,0,Sakfara,0.0
RAI_598,598,Katarniya - Dhakaila,rain,28.346629,81.474895,,175.0,AWS at Katarniya - Dhakaila,hydrology.gov.np,33507.0,,,2026-10-08T18:00:13.856421+05:45,2026-10-08T18:07:14+05:45,0.12,1,2026-10-08T22:37:51+05:45,5.0,Bardiya,58003.0,Barbardiya,4835.0,9,512,Bardiya,51202,Barbardiya,9,5120209,1,within,0,0,1.0,0,0,,,,5639,Katarniya - Dhakaila,,0.0,1.0,0,Katarniya - Dhakaila,0.0
RAI_599,599,Buddhanilakantha,rain,27.7646552,85.3522048,Bagmati,1378.0,1071,hydrology.gov.np,33265.0,,,2026-10-08T18:00:09.394545+05:45,2026-10-08T18:07:14+05:45,0.12,1,2026-10-08T22:37:51+05:45,3.0,Kathmandu,27001.0,Budhanilkantha,3810.0,6,306,Kathmandu,30604,Budhanilkhantha,6,3060406,1,within,0,0,1.0,0,0,,,,406,Buddhanilakantha,Climate,0.0,1.0,0,Buddhanilakantha,0.0
RAI_600,600,Dolal Ghat,rain,27.63882194,85.70498083,Koshi,659.0,1023,hydrology.gov.np,34555.0,,,2026-10-08T18:00:10.856011+05:45,2026-10-08T18:07:14+05:45,0.12,1,2026-10-08T22:37:51+05:45,3.0,Kavrepalanchok,24003.0,Bhumlu,6155.0,10,309,Kavrepalanchok,30902,Bhumlu,10,3090210,1,within,0,0,1.0,0,0,,,,361,Dolal Ghat,Precipitation,0.0,1.0,0,Dolal Ghat,0.0
RAI_601,601,Nagarjun,rain,27.75787778,85.27715833,Bagmati,1393.0,1079,hydrology.gov.np,34525.0,,,2026-10-08T18:00:16.107476+05:45,2026-10-08T18:07:14+05:45,0.12,1,2026-10-08T22:37:51+05:45,3.0,Kathmandu,27010.0,Tarakeshwor,3785.0,5,306,Kathmandu,30606,Tarakeshwor,5,3060605,1,within,0,0,1.0,0,0,,,,414,Nagarjun,Precipitation,0.0,1.0,0,Nagarjun,0.0
RAI_602,602,Nayabasti (Dang),rain,28.201323,82.13939389,Babai,685.0,Rainfall station with CDCP,hydrology.gov.np,34341.0,,,2026-10-08T18:00:16.477640+05:45,2026-10-08T18:07:14+05:45,0.12,1,2026-10-08T22:37:51+05:45,5.0,Dang,56001.0,Babai,3971.0,4,510,Dang,51005,Babai,4,5100504,1,within,0,0,1.0,0,0,,,,953,Nayabasti (Dang),Precipitation,0.0,1.0,0,Nayabasti (Dang),0.0
RAI_603,603,Nepalgunj(Reg.Off.),rain,28.05199444,81.62283889,Rapti,141.0,0416,hydrology.gov.np,34508.0,,,2026-10-08T18:00:16.549804+05:45,2026-10-08T18:07:14+05:45,0.12,1,2026-10-08T22:37:51+05:45,5.0,Banke,57007.0,Nepalgunj,2188.0,13,511,Banke,51106,Nepalganj,13,5110613,1,within,0,0,1.0,0,0,,,,614,Nepalgunj(Reg.Off.),Climate,0.0,1.0,0,Nepalgunj(Reg.Off.),0.0
RAI_604,604,Sangachok,rain,27.6838541,85.7065205,Koshi,1195.0,1062,hydrology.gov.np,34540.0,,,2026-10-08T18:00:18.104781+05:45,2026-10-08T18:07:14+05:45,0.12,1,2026-10-08T22:37:51+05:45,3.0,Sindhupalchok,23004.0,Chautara Sangachokgadhi,2944.0,11,302,Sindhupalchok,30207,Choutara Sangachowkgadhi,11,3020711,1,within,0,0,1.0,0,0,,,,398,Sangachok,Precipitation,0.0,1.0,0,Sangachok,0.0
RAI_605,605,Sundarijal (Mulkharka),rain,27.77261944,85.42778611,"sundarijal, mulkharka",1658.0,1074,hydrology.gov.np,32701.0,,,2026-10-08T18:00:18.933635+05:45,2026-10-08T18:07:14+05:45,0.12,1,2026-10-08T22:37:51+05:45,3.0,Kathmandu,27004.0,Gokarneshwor,3744.0,1,306,Kathmandu,30603,Gokarneshwor,1,3060301,1,within,0,0,1.0,0,0,,,,409,Sundarijal (Mulkharka),Precipitation,0.0,1.0,0,Sundarijal (Mulkharka),0.0
RAI_606,606,Badigad at Rudrabeni,rain,27.972,83.4669,Narayani,511.0,Hydrological station with RLS & Tipping Bucket,hydrology.gov.np,35193.0,,,2026-10-08T18:00:07.951562+05:45,2026-10-08T18:07:14+05:45,0.12,1,2026-10-08T22:37:51+05:45,5.0,Gulmi,46011.0,Rurukshetra,3262.0,2,504,Gulmi,50412,Ruru,2,5041202,1,within,0,0,1.0,0,0,,,,282,Badigad at Rudrabeni,,0.0,1.0,0,Badigad at Rudrabeni,0.0
RAI_607,607,Itram (Surkhet Regional Office),rain,28.60223611,81.62429167,Karnali,720.0,Precipitation station,hydrology.gov.np,34949.0,,,2026-10-08T18:00:12.707589+05:45,2026-10-08T18:07:14+05:45,0.12,1,2026-10-08T22:37:51+05:45,6.0,Surkhet,59003.0,Birendranagar,2709.0,7,610,Surkhet,61006,Birendranagar,7,6100607,1,within,0,0,1.0,0,0,,,,247,Itram (Surkhet Regional Office),Precipitation,0.0,1.0,0,delete_Surkhet Regional Office,0.0
RAI_608,608,Kolhuwa (Sitapur),rain,27.5577,84.032497,Narayani,156.0,0719,hydrology.gov.np,34192.0,,,2026-10-08T18:00:14.464911+05:45,2026-10-08T18:07:14+05:45,0.12,1,2026-10-08T22:37:51+05:45,4.0,Nawalparasi East,76008.0,Madhyabindu,3496.0,2,408,Nawalparasi East,40807,Madhya Bindu,2,4080702,1,within,0,0,1.0,0,0,,,,724,Kolhuwa (Sitapur),,0.0,1.0,0,Kolhuwa (Sitapur),0.0
RAI_609,609,BHAJANI,rain,28.48984389,80.96954306,Mahakali,132.0,0244,hydrology.gov.np,35099.0,,,2026-10-08T18:00:07.895811+05:45,2026-10-08T18:07:14+05:45,0.12,1,2026-10-08T22:37:51+05:45,7.0,Kailali,71002.0,Bhajani,5391.0,3,708,Kailali,70811,Bhajani,3,7081103,1,within,0,0,1.0,0,0,,,,563,BHAJANI,Precipitation,0.0,1.0,0,BHAJANI,0.0
RAI_610,610,Bhaktapur,rain,27.67668056,85.42396944,Bagmati,1315.0,1052,hydrology.gov.np,35585.0,,,2026-07-11T05:45:06.079846+05:45,2026-10-08T18:07:14+05:45,2148.37,0,2026-10-08T22:37:51+05:45,3.0,Bhaktapur,26001.0,Bhaktapur,2407.0,2,307,Bhaktapur,30702,Bhaktapur,2,3070202,1,within,0,0,1.0,0,0,,,,389,Bhaktapur,Climate,0.0,1.0,0,Bhaktapur,0.0
RAI_611,611,Bhimgithhe,rain,28.27652778,83.17863889,Narayani,1008.0,0631,hydrology.gov.np,34573.0,,,2026-10-08T18:00:09.062165+05:45,2026-10-08T18:07:14+05:45,0.12,1,2026-10-08T22:37:51+05:45,4.0,Baglung,45001.0,Badigad,5061.0,7,411,Baglung,41107,Badigad,7,4110707,1,within,0,0,1.0,0,0,,,,705,Bhimgithhe,Climate,0.0,1.0,0,Bhimgithhe,0.0
RAI_612,612,Bhorletar,rain,28.14305278,84.23061944,Narayani,469.0,0852,hydrology.gov.np,34590.0,,,2026-10-08T18:00:20.458296+05:45,2026-10-08T18:07:14+05:45,0.11,1,2026-10-08T22:37:51+05:45,4.0,Lamjung,37005.0,MadhyaNepal,969.0,6,406,Lamjung,40604,Madhya Nepal,6,4060406,1,within,0,0,1.0,0,0,,,,805,Bhorletar,Climate,0.0,1.0,0,Bhorletar,0.0
RAI_613,613,Bhume East Rukum,rain,28.53199,82.727065,,2608.0,Station by BhumeRural Municipality,hydrology.gov.np,34240.0,,,2026-08-24T05:45:06.345256+05:45,2026-10-08T18:07:14+05:45,1092.37,0,2026-10-08T22:37:51+05:45,5.0,Rukum East,77001.0,Bhume,1438.0,2,501,Rukum East,50103,Bhoome,2,5010302,1,within,0,0,1.0,0,0,,,,5672,Bhume East Rukum,,0.0,1.0,0,Bhume East Rukum,0.0
RAI_614,614,Changu Narayan,rain,27.71605833,85.42675556,Bagmati,1502.0,1059,hydrology.gov.np,34863.0,,,2026-10-08T18:00:09.659925+05:45,2026-10-08T18:07:14+05:45,0.12,1,2026-10-08T22:37:51+05:45,3.0,Bhaktapur,26002.0,Changunarayan,2436.0,4,307,Bhaktapur,30701,Changunarayan,4,3070104,1,within,0,0,1.0,0,0,,,,395,Changu Narayan,Climate,0.0,1.0,0,Changu Narayan,0.0
RAI_615,615,Chepuwa,rain,27.75331194,87.41234,,2039.0,1317,hydrology.gov.np,35162.0,,,2026-10-08T18:00:09.859080+05:45,2026-10-08T18:07:14+05:45,0.12,1,2026-10-08T22:37:51+05:45,1.0,Sankhuwasabha,9001.0,Bhotkhola,1630.0,2,102,Sankhuwasabha,10201,Bhotkhola,2,1020102,1,within,0,0,1.0,0,0,,,,472,Chepuwa,Precipitation,0.0,1.0,0,Chepuwa,0.0
RAI_616,616,Dandaswara,rain,28.08492222,83.92200833,,1316.0,0832,hydrology.gov.np,34607.0,,,2026-10-08T18:00:10.227990+05:45,2026-10-08T18:07:14+05:45,0.12,1,2026-10-08T22:37:51+05:45,4.0,Syangja,39010.0,Putalibazar,2983.0,8,409,Syangja,40901,Putalibazar,8,4090108,1,within,0,0,1.0,0,0,,,,785,Dandaswara,Climate,0.0,1.0,0,Dandaswara,0.0
RAI_617,617,"Jungar,Rolpa",rain,28.3303113,82.4461913,,1994.0,0526,hydrology.gov.np,35219.0,,,2026-10-08T18:00:13.267917+05:45,2026-10-08T18:07:14+05:45,0.12,1,2026-10-08T22:37:51+05:45,5.0,Rolpa,53010.0,Tribeni,5222.0,5,502,Rolpa,50206,Tribeni,5,5020605,1,within,0,0,1.0,0,0,,,,663,"Jungar,Rolpa ",,0.0,1.0,0,"Jungar,Rolpa ",0.0
RAI_618,618,Kabre,rain,27.639322,86.142067,Koshi,1755.0,1124,hydrology.gov.np,35519.0,,,2026-10-08T18:00:13.390262+05:45,2026-10-08T18:07:14+05:45,0.12,1,2026-10-08T22:37:51+05:45,3.0,Dolakha,22001.0,Baiteshwor,565.0,4,301,Dolakha,30104,Baitedhar,4,3010404,1,within,0,0,1.0,0,0,,,,442,Kabre,Agromet,0.0,1.0,0,Kabre,0.0
RAI_619,619,Khokana,rain,27.64377222,85.29671667,Bagmati,1309.0,1073,hydrology.gov.np,34878.0,,,2026-10-08T18:00:14.216504+05:45,2026-10-08T18:07:14+05:45,0.12,1,2026-10-08T22:37:51+05:45,3.0,Lalitpur,25004.0,Lalitpur,1983.0,21,308,Lalitpur,30802,Lalitpur,21,3080221,1,within,0,0,1.0,0,0,,,,408,Khokana,Climate,0.0,1.0,0,Khokana,0.0
RAI_620,620,Malepatan (Pokhara),rain,28.21849444,83.9742,Narayani,859.0,0811,hydrology.gov.np,34830.0,,,2026-10-08T18:00:15.358006+05:45,2026-10-08T18:07:14+05:45,0.12,1,2026-10-08T22:37:51+05:45,4.0,Kaski,40004.0,Pokhara,3878.0,5,405,Kaski,40504,Pokhara Lekhnath,5,4050405,1,within,0,0,1.0,0,0,,,,765,Malepatan (Pokhara),Agromet,0.0,1.0,0,Malepatan (Pokhara),0.0
RAI_621,621,Marchabar,rain,27.46761111,83.382775,,104.0,0749,hydrology.gov.np,34976.0,,,2026-10-08T18:00:15.733147+05:45,2026-10-08T18:07:14+05:45,0.12,1,2026-10-08T22:37:51+05:45,5.0,Rupandehi,49005.0,Kotahimai,4246.0,3,508,Rupandehi,50814,Kotahimai,3,5081403,1,within,0,0,1.0,0,0,,,,753,Marchabar,,0.0,1.0,0,Marchabar,0.0
RAI_622,622,Meghauli,rain,27.58048333,84.22422222,Narayani,157.0,0931,hydrology.gov.np,34893.0,,,2026-10-08T18:00:15.838466+05:45,2026-10-08T18:07:14+05:45,0.12,1,2026-10-08T22:37:51+05:45,3.0,Chitwan,35001.0,Bharatpur,2269.0,27,313,Chitwan,31304,Bharatpur,27,3130427,1,within,0,0,1.0,0,0,,,,334,Meghauli,Precipitation,0.0,1.0,0,Meghauli,0.0
RAI_623,623,Muga,rain,27.0500025,87.24444444,,1457.0,1306,hydrology.gov.np,22359.0,,,2026-10-08T18:00:15.957302+05:45,2026-10-08T18:07:14+05:45,0.12,1,2026-10-08T22:37:51+05:45,1.0,Dhankuta,7006.0,Pakhribas,499.0,7,107,Dhankuta,10702,Pakhribas,7,1070207,1,within,0,0,1.0,0,0,,,,464,Muga,Precipitation,0.0,1.0,0,Muga,0.0
RAI_624,624,OHM-Kohalpur,rain,28.203502,81.684343,Kirin Nala,184.0,"Tipping bucket station at Kohalpur Office (equipment of Jajarkot replace at Kohalpur, cdcp of sikta is used from 2025/12/31)",hydrology.gov.np,21061.0,,,2026-10-08T18:00:16.675282+05:45,2026-10-08T18:07:14+05:45,0.12,1,2026-10-08T22:37:51+05:45,5.0,Banke,57005.0,Kohalpur,2149.0,2,511,Banke,51102,Kohalpur,2,5110202,1,within,0,0,1.0,0,0,,,,4873,OHM-Kohalpur,Climate,0.0,1.0,0,OHM-Kohalpur,0.0
RAI_625,625,Thamachit,rain,28.18352222,85.30183889,Narayani,1770.0,1054,hydrology.gov.np,35113.0,,,2026-10-08T18:00:19.785213+05:45,2026-10-08T18:07:14+05:45,0.12,1,2026-10-08T22:37:51+05:45,3.0,Rasuwa,29004.0,Aamachhodingmo,1405.0,5,303,Rasuwa,30302,Parbatikunda,5,3030205,1,within,0,0,0.957,0,0,,,,390,Thamachit,Precipitation,0.0,1.0,0,Thamachit,0.0
RAI_626,626,Thokarpa,rain,27.68766278,85.77861194,Koshi,1565.0,1063,hydrology.gov.np,35486.0,,,2026-10-08T18:00:19.920454+05:45,2026-10-08T18:07:14+05:45,0.12,1,2026-10-08T22:37:51+05:45,3.0,Sindhupalchok,23011.0,Sunkoshi,2962.0,1,302,Sindhupalchok,30212,Sunkoshi,1,3021201,1,within,0,0,1.0,0,0,,,,399,Thokarpa,Precipitation,0.0,1.0,0,Thokarpa,0.0
RAI_627,627,Mangri,rain,29.58904306,82.30580306,Karnali,2257.0,0319,hydrology.gov.np,34933.0,,,2026-10-08T18:00:15.558601+05:45,2026-10-08T18:07:14+05:45,0.12,1,2026-10-08T22:37:51+05:45,6.0,Mugu,65003.0,Mugum Karmarong,1071.0,8,602,Mugu,60201,Mugumakarmarog,8,6020108,1,within,0,0,1.0,0,0,,,,583,Mangri,Precipitation,0.0,1.0,0,Mangri,0.0
RAI_628,628,Kaigaun,rain,29.11607222,82.60156667,Karnali,2683.0,0330,hydrology.gov.np,34916.0,,,2026-10-08T18:00:13.458653+05:45,2026-10-08T18:07:14+05:45,0.12,1,2026-10-08T22:37:51+05:45,6.0,Dolpa,62003.0,Jagadulla,5412.0,1,601,Dolpa,60103,Jagadulla,1,6010301,1,within,0,0,1.0,0,0,,,,594,Kaigaun,Climate,0.0,1.0,0,Kaigaun,0.0
RAI_629,629,Hilsa (Yari),rain,30.1108142,81.4328589,Karnali,3726.0,Estd under Kailash Project,hydrology.gov.np,34704.0,,,2026-10-08T18:00:12.544704+05:45,2026-10-08T18:07:14+05:45,0.12,1,2026-10-08T22:37:51+05:45,6.0,Humla,66004.0,Namkha,5118.0,5,603,Humla,60304,Namkha,5,6030405,1,within,0,0,1.0,0,0,,,,4822,Hilsa (Yari),,0.0,1.0,0,Hilsa (Yari),0.0
RAI_630,630,Roshi,rain,27.50615278,85.60069167,,1138.0,New AWS installed under the project  DHM/CD/G/NCB/03-2082/83 ,hydrology.gov.np,35552.0,,,2026-10-08T18:00:17.804681+05:45,2026-10-08T18:07:14+05:45,0.12,1,2026-10-08T22:37:51+05:45,3.0,Kavrepalanchok,24012.0,Roshi,6129.0,2,309,Kavrepalanchok,30911,Roshi,2,3091102,1,within,0,0,1.0,0,0,,,,5684,Roshi,,0.0,1.0,0,Roshi,0.0
RAI_631,631,Sankhu-DHM,rain,27.749462,85.4649086,,1805.0,Sankhu-AWS,hydrology.gov.np,36232.0,,,2026-10-08T18:00:18.200505+05:45,2026-10-08T18:07:14+05:45,0.12,1,2026-10-08T22:37:51+05:45,3.0,Kathmandu,27009.0,Shankharapur,3834.0,8,306,Kathmandu,30601,Shankharapur,8,3060108,1,within,0,0,1.0,0,0,,,,222,Sankhu-DHM ,,0.0,1.0,0,Sankhu-DHM ,0.0
RAI_632,632,Mainar,rain,27.6973602,82.8788215,,150.0,"AWS installed by RAIN/PIN at Shree Bewar Bhawani Primary School, Shivraj Municipality",hydrology.gov.np,36276.0,,,2026-10-08T18:00:15.288788+05:45,2026-10-08T18:07:14+05:45,0.12,1,2026-10-08T22:37:51+05:45,5.0,Kapilbastu,50008.0,Shivraj,2046.0,3,509,Kapilbastu,50903,Shivaraj,3,5090303,1,within,0,0,0.923,0,0,,,,5699,Mainar,AWS,0.0,1.0,0,Mainar,0.0
RAI_633,633,Rangai,rain,27.709565,82.99595,,146.0,"AWS installed by RAIN/PIN at Shree Nepal Rastriya Secondary School, Buddhabhumi Municipality",hydrology.gov.np,36327.0,,,2026-10-08T18:00:17.542217+05:45,2026-10-08T18:07:14+05:45,0.12,1,2026-10-08T22:37:51+05:45,5.0,Kapilbastu,50003.0,Buddhabhumi,2050.0,3,509,Kapilbastu,50902,Buddhabhumi,3,5090203,1,within,0,0,1.0,0,0,,,,5700,Rangai,AWS,0.0,1.0,0,Rangai,0.0
RAI_634,634,Simalpani,rain,27.8101433,83.15425,,1258.0,"AWS installed by RAIN/PIN at Ward No. 4 Office, Sitganga Municipality",hydrology.gov.np,36293.0,,,2026-10-08T18:00:18.611541+05:45,2026-10-08T18:07:14+05:45,0.12,1,2026-10-08T22:37:51+05:45,5.0,Arghakhanchi,51006.0,Sitganga,54.0,13,505,Arghakhanchi,50506,Shitaganga,13,5050613,1,within,0,0,1.0,0,0,,,,5702,Simalpani,AWS,0.0,1.0,0,Simalpani,0.0
RAI_635,635,Baidauli,rain,27.47552,83.003225,,112.0,AWS installed by RAIN/PIN at Yashodhara Rural Municipality Office,hydrology.gov.np,36310.0,,,2026-10-08T18:00:08.115067+05:45,2026-10-08T18:07:14+05:45,0.12,1,2026-10-08T22:37:51+05:45,5.0,Kapilbastu,50010.0,Yasodhara,2035.0,5,509,Kapilbastu,50908,Yasodhara,5,5090805,1,within,0,0,1.0,0,0,,,,5701,Baidauli,AWS,0.0,1.0,0,Baidauli,0.0
RAI_636,636,Karnali at Asaraghat,rain,28.9528,81.4417,Karnali,629.0,Hydrological Station with RLS,hydrology.gov.np,36484.0,,,2026-10-08T18:00:13.782990+05:45,2026-10-08T18:07:14+05:45,0.12,1,2026-10-08T22:37:51+05:45,7.0,Achham,69010.0,Turmakhad,2545.0,3,707,Achham,70710,Turmakhand,3,7071003,1,within,0,0,1.0,0,0,,,,86,Karnali at Asaraghat,,0.0,1.0,0,Karnali at Asaraghat,0.0
RAI_637,637,Dumariya,rain,27.059262,85.33885,,125.0,AWS installed by Chandrapur Municipality with the support of RDC Nepal,hydrology.gov.np,36543.0,,,2026-10-08T18:00:10.979132+05:45,2026-10-08T18:07:14+05:45,0.12,1,2026-10-08T22:37:51+05:45,2.0,Rautahat,32003.0,Chandrapur,4040.0,9,206,Rautahat,20601,Chandrapur,9,2060109,1,within,0,0,1.0,0,0,,,,5704,Dumariya,,0.0,1.0,0,Dumariya,0.0
RAI_638,638,Bega,rain,28.44271389,83.576185,Narayani,1682.0,0626,hydrology.gov.np,34614.0,,,2026-10-08T18:00:08.695887+05:45,2026-10-08T18:07:14+05:45,0.12,1,2026-10-08T22:37:51+05:45,4.0,Myagdi,43006.0,Raghuganga,1103.0,1,404,Myagdi,40402,Raghuganga,1,4040201,1,within,0,0,1.0,0,0,,,,700,Bega,Precipitation,0.0,1.0,0,Bega,0.0
RAI_639,639,Chautara,rain,27.75378333,85.73207778,Koshi,1552.0,Climatology Station with AWS under UNDP,hydrology.gov.np,36256.0,,,2026-10-08T18:00:09.791127+05:45,2026-10-08T18:07:14+05:45,0.12,1,2026-10-08T22:37:51+05:45,3.0,Sindhupalchok,23004.0,Chautara Sangachokgadhi,2908.0,8,302,Sindhupalchok,30207,Choutara Sangachowkgadhi,8,3020708,1,within,0,0,1.0,0,0,,,,3,Chautara,Precipitation,0.0,1.0,0,Chautara,0.0
RAI_640,640,Chumchet,rain,28.477088,84.970015,Narayani,2468.0,0869,hydrology.gov.np,34619.0,,,2026-09-29T06:00:10.900372+05:45,2026-10-08T18:07:14+05:45,228.12,0,2026-10-08T22:37:51+05:45,4.0,Gorkha,36004.0,Chum Nubri,3403.0,6,401,Gorkha,40101,Chumanubri,6,4010106,1,within,0,0,1.0,0,0,,,,822,Chumchet,Precipitation,0.0,1.0,0,Chumchet,0.0
RAI_641,641,Dumkibas,rain,27.59102222,83.86770278,,167.0,0710,hydrology.gov.np,34639.0,,,2026-10-08T18:00:11.046717+05:45,2026-10-08T18:07:14+05:45,0.12,1,2026-10-08T22:37:51+05:45,4.0,Nawalparasi East,76001.0,Binayee Tribeni,3477.0,1,408,Nawalparasi East,40808,Binayi Tribeni,1,4080801,1,within,0,0,1.0,0,0,,,,717,Dumkibas,Precipitation,0.0,1.0,0,Dumkibas,0.0
RAI_642,642,Khaptad,rain,29.38804889,81.14630111,Seti,3068.0,"AWS under DHM/MFD/G/NCB/01-2082/83 at 29.388889, 81.146389",hydrology.gov.np,34664.0,,,2026-10-08T18:00:14.185635+05:45,2026-10-08T18:07:14+05:45,0.12,1,2026-10-08T22:37:51+05:45,7.0,Doti,70099.0,Khaptad National Park,650.0,99,706,Doti,,,99,,0,within,0,0,,,,,,,532,Khaptad,Precipitation,0.0,1.0,0,Khaptad,0.0
RAI_643,643,Kuhun,rain,28.397641,83.482435,,1864.0,0627,hydrology.gov.np,34649.0,,,2026-10-08T18:00:14.544195+05:45,2026-10-08T18:07:14+05:45,0.12,1,2026-10-08T22:37:51+05:45,4.0,Myagdi,43005.0,Mangala,1134.0,1,404,Myagdi,40405,Mangala,1,4040501,1,within,0,0,1.0,0,0,,,,701,Kuhun,,0.0,1.0,0,Kuhun,0.0
RAI_644,644,Madi Kalyanpur,rain,27.4589827,84.3431641,Narayani,202.0,0932,hydrology.gov.np,35696.0,,,2026-10-08T18:00:15.181474+05:45,2026-10-08T18:07:14+05:45,0.12,1,2026-10-08T22:37:51+05:45,3.0,Chitwan,35005.0,Madi,2260.0,6,313,Chitwan,31307,Madi,6,3130706,1,within,0,0,1.0,0,0,,,,335,Madi Kalyanpur,,0.0,1.0,0,Madi Kalyanpur,0.0
RAI_645,645,Tarakhola,rain,28.329027,83.383159,,1934.0,AWS installed by Tarakhola Rural Municipality,hydrology.gov.np,36573.0,,,2026-10-02T12:30:17.988881+05:45,2026-10-08T18:07:14+05:45,149.62,0,2026-10-08T22:37:51+05:45,4.0,Baglung,45010.0,Tara Khola,5055.0,5,411,Baglung,41103,Tarakhola,5,4110305,1,within,0,0,1.0,0,0,,,,5703,Tarakhola,,0.0,1.0,0,Tarakhola,0.0
RAI_646,646,Tatopani,rain,29.23346389,82.06635833,Karnali,2288.0,Rainfall station at Tatopani,hydrology.gov.np,36163.0,,,2026-08-28T05:45:16.852454+05:45,2026-10-08T18:07:14+05:45,996.37,0,2026-10-08T22:37:51+05:45,6.0,Jumla,63007.0,Tatopani,766.0,2,604,Jumla,60406,Tatopani,2,6040602,1,within,0,0,1.0,0,0,,,,240,Tatopani,Precipitation,0.0,1.0,0,delete_Tatopani,0.0
RAI_647,647,Thankot AWS,rain,27.703954,85.204249,,1552.0,Thankot AWS,hydrology.gov.np,35804.0,,,2026-10-08T18:00:19.811454+05:45,2026-10-08T18:07:14+05:45,0.12,1,2026-10-08T22:37:51+05:45,3.0,Kathmandu,27002.0,Chandragiri,3758.0,2,306,Kathmandu,30610,Chandragiri,2,3061002,1,within,0,0,1.0,0,0,,,,295,Thankot AWS,,0.0,1.0,0,Thankot AWS,0.0
RAI_648,648,Thaprek,rain,28.09111667,84.17326111,,1131.0,0855,hydrology.gov.np,34624.0,,,2026-10-08T18:00:19.839386+05:45,2026-10-08T18:07:14+05:45,0.12,1,2026-10-08T22:37:51+05:45,4.0,Tanahu,38010.0,Shuklagandaki,2497.0,1,407,Tanahu,40704,Shuklagandaki,1,4070401,1,within,0,0,1.0,0,0,,,,808,Thaprek,Precipitation,0.0,1.0,0,Thaprek,0.0
RAI_649,649,Tribeni (Nawalpur),rain,27.45344167,83.93234444,,118.0,0748,hydrology.gov.np,34644.0,,,2026-10-08T18:00:20.092140+05:45,2026-10-08T18:07:14+05:45,0.11,1,2026-10-08T22:37:51+05:45,4.0,Nawalparasi East,76001.0,Binayee Tribeni,3538.0,6,408,Nawalparasi East,40808,Binayi Tribeni,6,4080806,1,within,0,0,1.0,0,0,,,,752,Tribeni (Nawalpur),Precipitation,0.0,1.0,0,Tribeni (Nawalpur),0.0
RAI_650,650,Tribeni (Parbat),rain,28.036457,83.654817,Narayani,713.0,0620,hydrology.gov.np,34629.0,,,2026-10-08T18:00:20.135552+05:45,2026-10-08T18:07:14+05:45,0.11,1,2026-10-08T22:37:51+05:45,4.0,Parbat,44006.0,Painyu,1339.0,2,410,Parwat,41007,Paiyu,2,4100702,1,within,0,0,1.0,0,0,,,,694,Tribeni (Parbat),Precipitation,0.0,1.0,0,Tribeni (Parbat),0.0
RAI_651,651,Dhaulatiya (Dallekhdhar),rain,29.79923194,80.624715,Mahakali,2071.0,0110,hydrology.gov.np,35047.0,,,2026-10-05T05:45:21.381242+05:45,2026-10-08T18:07:14+05:45,84.36,0,2026-10-08T22:37:51+05:45,7.0,Darchula,75008.0,Naugad,416.0,2,703,Darchula,70304,Naugad,2,7030402,1,within,0,0,1.0,0,0,,,,504,Dhaulatiya (Dallekhdhar),Precipitation,0.0,1.0,0,Dhaulatiya (Dallekhdhar),0.0
RAI_652,652,Tilicho,rain,28.678896,83.865968,,4919.0,Tilicho_AWS,hydrology.gov.np,33382.0,,,2026-10-08T18:00:19.981335+05:45,2026-10-08T18:07:14+05:45,0.12,1,2026-10-08T22:37:51+05:45,4.0,Manang,41004.0,Manang Ngisyang,1035.0,9,402,Manang,40202,Neshang,9,4020209,1,within,0,0,1.0,0,0,,,,5638,Tilicho,Snow Station,0.0,1.0,0,Tilicho,0.0
RAI_653,653,Binayak,rain,29.45006111,80.29327806,Mahakali,465.0,0114,hydrology.gov.np,35052.0,,,2026-10-08T11:30:11.468124+05:45,2026-10-08T18:07:14+05:45,6.62,1,2026-10-08T22:37:51+05:45,7.0,Baitadi,74005.0,Pancheshwar,109.0,1,704,Baitadi,70406,Pancheshwor,1,7040601,1,within,0,0,1.0,0,0,,,,508,Binayak,Precipitation,0.0,1.0,0,Binayak,0.0
RAI_654,654,Sapta,rain,29.40330694,81.71892611,Seti,1099.0,0236,hydrology.gov.np,35062.0,,,2026-09-13T05:45:15.519126+05:45,2026-10-08T18:07:14+05:45,612.37,0,2026-10-08T22:37:51+05:45,7.0,Bajura,67008.0,Swami Kartik,303.0,1,701,Bajura,70104,Swami Kartik,1,7010401,1,within,0,0,1.0,0,0,,,,555,Sapta,Precipitation,0.0,1.0,0,Sapta,0.0
RAI_655,655,Lumpthi,rain,29.78255194,80.82215806,Mahakali,1653.0,0109,hydrology.gov.np,35042.0,,,2026-10-04T05:45:12.876331+05:45,2026-10-08T18:07:14+05:45,108.37,0,2026-10-08T22:37:51+05:45,7.0,Darchula,75001.0,Apihimal,446.0,5,703,Darchula,70305,Apihimal,5,7030505,1,within,0,0,1.0,0,0,,,,503,Lumpthi,Precipitation,0.0,1.0,0,Lumpthi,0.0
RAI_656,656,DUMRAKOT,rain,29.16335194,81.0118,Seti,1042.0,0234,hydrology.gov.np,35057.0,,,2026-10-05T05:45:20.712500+05:45,2026-10-08T18:07:14+05:45,84.36,0,2026-10-08T22:37:51+05:45,7.0,Doti,70006.0,K I Singh,647.0,2,706,Doti,70606,K.I. Singh,2,7060602,1,within,0,0,1.0,0,0,,,,553,DUMRAKOT,Precipitation,0.0,1.0,0,DUMRAKOT,0.0
RAI_657,657,Kakerpakha,rain,29.65825694,80.53816111,Mahakali,783.0,0101,hydrology.gov.np,35037.0,,,2026-10-08T11:30:15.686140+05:45,2026-10-08T18:07:14+05:45,6.62,1,2026-10-08T22:37:51+05:45,7.0,Baitadi,74002.0,Dilasaini,84.0,5,704,Baitadi,70401,Dilasaini,5,7040105,1,within,0,0,1.0,0,0,,,,495,Kakerpakha,Precipitation,0.0,1.0,0,Kakerpakha,0.0
RAI_658,658,Bahun Tiplung,rain,27.18,86.16,Kamala,1417.0,Rainfall station,hydrology.gov.np,36505.0,,,2026-10-08T11:30:10.188055+05:45,2026-10-08T18:07:14+05:45,6.62,1,2026-10-08T22:37:51+05:45,3.0,Sindhuli,20009.0,Tinpatan,2849.0,7,311,Sindhuli,31103,Tinpatan,7,3110307,1,within,0,0,1.0,0,0,,,,74,Bahun Tiplung,,0.0,1.0,0,Bahun Tiplung,0.0
RAI_659,659,Ramaroshan,rain,29.225442,81.459547,,2323.0,AWS installed under DHM/MFD/G/NCB/01-2082/83 (Tourism Weather Forecast),hydrology.gov.np,34684.0,,,2026-10-08T18:00:17.442834+05:45,2026-10-08T18:07:14+05:45,0.12,1,2026-10-08T22:37:51+05:45,7.0,Achham,69008.0,Ramaroshan,2592.0,5,707,Achham,70702,Ramaroshan,5,7070205,1,within,0,0,1.0,0,0,,,,5679,Ramaroshan,,0.0,1.0,0,Ramaroshan,0.0
RAI_660,660,Dhunche_JICS_AWS,rain,28.110661,85.305032,,1858.0,Dhunche_JICS_AWS,hydrology.gov.np,33182.0,,,2026-10-08T18:00:10.696487+05:45,2026-10-08T18:07:14+05:45,0.12,1,2026-10-08T22:37:51+05:45,3.0,Rasuwa,29001.0,Gosaikunda,1427.0,6,303,Rasuwa,30301,Gosaikunda,6,3030106,1,within,0,0,1.0,0,0,,,,5634,Dhunche_JICS_AWS,,0.0,1.0,0,Dhunche_JICS_AWS,0.0
RAI_661,661,Godavari_JICS_AWS,rain,27.59179,85.37996,,1634.0,Godavari_JICS_AWS,hydrology.gov.np,33003.0,,,2026-10-08T18:00:11.891822+05:45,2026-10-08T18:07:14+05:45,0.12,1,2026-10-08T22:37:51+05:45,3.0,Lalitpur,25002.0,Godawari,1972.0,3,308,Lalitpur,30803,Godawari,3,3080303,1,within,0,0,1.0,0,0,,,,5628,Godavari_JICS_AWS,,0.0,1.0,0,Godavari_JICS_AWS,0.0
RAI_662,662,Kapurkot_JICS_AWS,rain,28.22738889,82.35377778,,1550.0,Kapurkot_JICS_AWS,hydrology.gov.np,32933.0,,,2026-10-08T18:00:13.702311+05:45,2026-10-08T18:07:14+05:45,0.12,1,2026-10-08T22:37:51+05:45,6.0,Salyan,55007.0,Kapurkot,1563.0,3,609,Salyan,60910,Kapurkot,3,6091003,1,within,0,0,1.0,0,0,,,,5626,Kapurkot_JICS_AWS,,0.0,1.0,0,Kapurkot_JICS_AWS,0.0
RAI_663,663,Nawalpur_JICS_AWS,rain,27.062012,85.594406,,157.0,Nawalpur_JICS_AWS,hydrology.gov.np,33143.0,,,2026-10-08T18:00:16.445680+05:45,2026-10-08T18:07:14+05:45,0.12,1,2026-10-08T22:37:51+05:45,2.0,Sarlahi,19017.0,Lalbandi,5647.0,1,205,Sarlahi,20501,Lalbandi,1,2050101,1,within,0,0,1.0,0,0,,,,5630,Nawalpur_JICS_AWS,,0.0,1.0,0,Nawalpur_JICS_AWS,0.0
RAI_664,664,Pokhara Airport,rain,28.20018333,83.97952222,,804.0,"Shifted on 1st March 2023 from 28.20018333, 83.97952222, 827m to 28.188621, 84.0169252, 804 ",hydrology.gov.np,31654.0,,,2026-10-08T18:00:17.111229+05:45,2026-10-08T18:07:14+05:45,0.12,1,2026-10-08T22:37:51+05:45,4.0,Kaski,40004.0,Pokhara,3880.0,7,405,Kaski,40504,Pokhara Lekhnath,7,4050407,1,within,0,0,1.0,0,0,,,,758,Pokhara Airport,Aero-synoptic,0.0,1.0,0,Pokhara Airport,0.0
