market_id,osm_type,osm_id,name,name_ne,lat,lon,category,tags_matched,place,amenity,shop,landuse,district_code,district_name,muni_code,muni_name,ward_no,ward_code,is_ward,pip_method
MKT_00001,way,867652168,Tundikhel,,27.375364,87.2084481,marketplace,marketplace,,marketplace,,,102,Sankhuwasabha,10206,Khandabari,1,1020601,1,within
MKT_00002,way,772840642,Bihibare Bazzar,बिहिबारे बजार,27.2569693,87.3560282,marketplace,marketplace,,marketplace,,,102,Sankhuwasabha,10209,Madi,4,1020904,1,within
MKT_00003,node,5633815096,दोर्पु बजार,,27.4859342,86.5781872,marketplace,marketplace;named_bazar,,marketplace,,,103,Solukhumbu,10307,Solu Dhudhakunda,6,1030706,1,within
MKT_00004,node,2867872442,hatdanda bazar,,27.2086542,86.7933183,marketplace,marketplace;named_bazar,,marketplace,,,105,Khotang,10505,Rupakot Majhuwagadhi,5,1050505,1,within
MKT_00005,way,1380063763,Hatiya Bazar,,27.1714009,87.047744,marketplace,marketplace;named_bazar,,marketplace,,,106,Bhojpur,10604,Bhojpur,7,1060407,1,within
MKT_00006,node,10570054129,Bihibare Hatiya,,26.981829,87.3459167,marketplace,marketplace,,marketplace,,,107,Dhankuta,10704,Dhankuta,4,1070404,1,within
MKT_00007,node,5482872958,Dhankuta Bazar,,26.9771472,87.3427188,marketplace,marketplace;named_bazar,,marketplace,,,107,Dhankuta,10704,Dhankuta,5,1070405,1,within
MKT_00008,way,517269659,Surunga market,,26.6458966,87.8896689,marketplace,marketplace,,marketplace,,,111,Jhapa,11104,Kankai,3,1110403,1,within
MKT_00009,way,303738126,Sukrabare Bazar,,26.6291639,87.7854626,marketplace,marketplace;named_bazar,,marketplace,,,111,Jhapa,11105,Shivasatakshi,1,1110501,1,within
MKT_00010,way,519876663,Namaste MArket,,26.6655453,87.7037514,marketplace,marketplace,,marketplace,,,111,Jhapa,11107,Damak,6,1110706,1,within
MKT_00011,node,10221477352,"Pashu hatt, animal market",,26.6575485,87.7031189,marketplace,marketplace,,marketplace,,,111,Jhapa,11107,Damak,7,1110707,1,within
MKT_00012,way,519608303,Sanjay And Bijaya Store,,26.6595213,87.6962,marketplace,marketplace,,marketplace,,,111,Jhapa,11107,Damak,8,1110708,1,within
MKT_00013,way,309006496,pokharel market,,26.6422832,87.9913607,marketplace,marketplace,,marketplace,,,111,Jhapa,11112,Birtamod,3,1111203,1,within
MKT_00014,node,12887888701,"City center, Birtamode",,26.6446937,88.000184,marketplace,marketplace,,marketplace,,,111,Jhapa,11112,Birtamod,5,1111205,1,within
MKT_00015,way,856436758,Krishithok Haat Bazaar,कृषि थोक हाट बजार,26.6453295,87.9947944,marketplace,marketplace;named_bazar,,marketplace,,,111,Jhapa,11112,Birtamod,5,1111205,1,within
MKT_00016,node,3316604940,,,26.6620005,87.4076438,marketplace,marketplace,,marketplace,,,112,Morang,11205,Belbari,2,1120502,1,within
MKT_00017,way,726625731,Kushal Chok Bazaar,,26.585284,87.545407,marketplace,marketplace;named_bazar,,marketplace,,,112,Morang,11207,Pathari Shanishchare,6,1120706,1,within
MKT_00018,node,4394793601,Tankisinwari Chowk,,26.5202552,87.2793974,marketplace,marketplace,,marketplace,,,112,Morang,11213,Budhiganga,2,1121302,1,within
MKT_00019,node,6517465185,Roadcess Chowk,,26.4456918,87.2774886,marketplace,marketplace,,marketplace,,,112,Morang,11214,Biratnagar,9,1121409,1,within
MKT_00020,node,12766165487,New Gudari Bazar,,26.4512266,87.273423,marketplace,marketplace;named_bazar,,marketplace,,,112,Morang,11214,Biratnagar,11,1121411,1,within
MKT_00021,way,1564653799,New Gudari Bazaar,,26.4511319,87.2733786,marketplace,marketplace;named_bazar,,marketplace,,,112,Morang,11214,Biratnagar,11,1121411,1,within
MKT_00022,way,1091777835,,,26.5154093,87.2150181,marketplace,marketplace,,marketplace,,,113,Sunsari,11307,Duhabi,12,1130712,1,within
MKT_00023,way,1091787337,,,26.511701,87.2243531,marketplace,marketplace,,marketplace,,,113,Sunsari,11307,Duhabi,12,1130712,1,within
MKT_00024,way,776147733,खसी बजार,,26.8069023,86.6998243,marketplace,marketplace;named_bazar,,marketplace,,,114,Udaya Pur,11403,Triyuga,10,1140310,1,within
MKT_00025,way,367936917,Tarkari Bazzar,,26.7902913,86.7014941,marketplace,marketplace,,marketplace,,,114,Udaya Pur,11403,Triyuga,11,1140311,1,within
MKT_00026,way,785478525,Tarkari bazaar,,26.7880924,86.7075011,marketplace,marketplace;named_bazar,,marketplace,,,114,Udaya Pur,11403,Triyuga,11,1140311,1,within
MKT_00027,way,1071563324,chok haatya,,26.6476065,86.893735,marketplace,marketplace;named_bazar,,marketplace,,,201,Saptari,20102,Kanchanrup,12,2010212,1,within
MKT_00028,way,1090263742,market,,26.6476575,86.8976685,marketplace,marketplace,,marketplace,,,201,Saptari,20102,Kanchanrup,12,2010212,1,within
MKT_00029,way,330237608,Jandoul Market Area,,26.6232581,86.8102737,marketplace,marketplace,,marketplace,,,201,Saptari,20103,Agnisair Krishna Sabaran,5,2010305,1,within
MKT_00030,way,1543193083,Karmaniya Hatiya,कर्मनिया हटिया,26.667629,86.5630706,marketplace,marketplace,,marketplace,,,201,Saptari,20106,Khadak,4,2010604,1,within
MKT_00031,node,4812523222,,,26.6415956,86.6229025,marketplace,marketplace,,marketplace,,,201,Saptari,20106,Khadak,7,2010607,1,within
MKT_00032,way,253436726,Hatiya Bazaar,,26.5386924,86.7472454,marketplace,marketplace;commercial_landuse;named_bazar,,marketplace,,commercial,201,Saptari,20113,Rajbiraj,7,2011307,1,within
MKT_00033,way,933313170,Godar Bazar,,26.8880563,86.1166089,marketplace,marketplace;named_bazar,,marketplace,,,203,Dhanusa,20301,Ganeshman Charnath,6,2030106,1,within
MKT_00034,way,673355512,,,26.8638034,85.9647365,marketplace,marketplace,,marketplace,,,203,Dhanusa,20305,Chhireshwornath,5,2030505,1,within
MKT_00035,way,673355514,,,26.8560076,85.9717869,marketplace,marketplace,,marketplace,,,203,Dhanusa,20305,Chhireshwornath,6,2030506,1,within
MKT_00036,way,673355519,Sakhuwa Pasu Haat,,26.8578084,85.969521,marketplace,marketplace;named_bazar,,marketplace,,,203,Dhanusa,20305,Chhireshwornath,6,2030506,1,within
MKT_00037,node,1497391482,,,26.7607742,85.996451,marketplace,marketplace,,marketplace,,,203,Dhanusa,20308,Hansapur,2,2030802,1,within
MKT_00038,node,5698876672,sabaila bazaar,,26.7991987,86.0902704,marketplace,marketplace;named_bazar,,marketplace,,,203,Dhanusa,20309,Sabaila,3,2030903,1,within
MKT_00039,node,5185945122,Barahathawa Tarkari Bazar,,26.997586,85.4663165,marketplace,marketplace;named_bazar,,marketplace,,,205,Sarlahi,20504,Barahathawa,6,2050406,1,within
MKT_00040,node,9937377499,Haripur Haatbazar,,27.016254,85.5705598,marketplace,marketplace;named_bazar,,marketplace,,,205,Sarlahi,20505,Haripur,2,2050502,1,within
MKT_00041,node,13168949140,हात बजार,हात बजार,26.9844614,85.5269397,marketplace,marketplace;named_bazar,,marketplace,,,205,Sarlahi,20511,Kabilashi,1,2051101,1,within
MKT_00042,way,562217054,Gaur Haat,,26.7632751,85.2783134,marketplace,marketplace;named_bazar,,marketplace,,,206,Rautahat,20617,Gaur,1,2061701,1,within
MKT_00043,node,3506430312,Pheta Bazar,,27.0018566,84.9506114,marketplace,marketplace;named_bazar,,marketplace,,,207,Bara,20707,Pheta,3,2070703,1,within
MKT_00044,way,209785366,Kalaiya Bazaar,,27.0335925,85.0036315,marketplace,marketplace;named_bazar,,marketplace,,,207,Bara,20708,Kalaiya,1,2070801,1,within
MKT_00045,node,7927202409,Birta Bazar,,27.0057361,84.8753044,marketplace,marketplace;named_bazar,,marketplace,,,208,Parsa,20807,Birgunj,4,2080704,1,within
MKT_00046,way,1079817033,,,27.016536,84.8794404,marketplace,marketplace,,marketplace,,,208,Parsa,20807,Birgunj,9,2080709,1,within
MKT_00047,node,5154803856,Fruit Shop,फलफुल पसल,27.9083537,84.9018381,marketplace,marketplace,,marketplace,greengrocer,,304,Dhading,30406,Nilkhantha,3,3040603,1,within
MKT_00048,node,5477181594,Market,,27.8874629,84.8990066,marketplace,marketplace,,marketplace,,,304,Dhading,30406,Nilkhantha,4,3040604,1,within
MKT_00049,node,5477181590,Pokharel Kirana Pasal,,27.8977809,84.8797033,marketplace,marketplace,,marketplace,,,304,Dhading,30406,Nilkhantha,7,3040607,1,within
MKT_00050,node,5477181592,Market,,27.8936196,84.8885539,marketplace,marketplace,,marketplace,,,304,Dhading,30406,Nilkhantha,7,3040607,1,within
MKT_00051,node,5477181593,Market,,27.8929775,84.8866655,marketplace,marketplace,,marketplace,,,304,Dhading,30406,Nilkhantha,7,3040607,1,within
MKT_00052,node,5477181595,Market,,27.8863303,84.8992365,marketplace,marketplace,,marketplace,,,304,Dhading,30406,Nilkhantha,7,3040607,1,within
MKT_00053,node,5477181596,Market,,27.8867962,84.8917286,marketplace,marketplace,,marketplace,,,304,Dhading,30406,Nilkhantha,7,3040607,1,within
MKT_00054,node,5477181597,Market,,27.8865057,84.8910677,marketplace,marketplace,,marketplace,,,304,Dhading,30406,Nilkhantha,7,3040607,1,within
MKT_00055,node,5477181598,Market,,27.8838094,84.893535,marketplace,marketplace,,marketplace,,,304,Dhading,30406,Nilkhantha,7,3040607,1,within
MKT_00056,node,5477181601,Market,,27.8779713,84.8896763,marketplace,marketplace,,marketplace,,,304,Dhading,30406,Nilkhantha,7,3040607,1,within
MKT_00057,node,5477181602,Market,,27.8775161,84.8851842,marketplace,marketplace,,marketplace,,,304,Dhading,30406,Nilkhantha,7,3040607,1,within
MKT_00058,node,5477181603,Market,,27.8733504,84.8916431,marketplace,marketplace,,marketplace,,,304,Dhading,30406,Nilkhantha,7,3040607,1,within
MKT_00059,node,5477181604,Market,,27.8732302,84.8941636,marketplace,marketplace,,marketplace,,,304,Dhading,30406,Nilkhantha,7,3040607,1,within
MKT_00060,node,5477181605,Market,,27.8791397,84.8971481,marketplace,marketplace,,marketplace,,,304,Dhading,30406,Nilkhantha,7,3040607,1,within
MKT_00061,node,5477181606,Market,,27.8791036,84.9050403,marketplace,marketplace,,marketplace,,,304,Dhading,30406,Nilkhantha,7,3040607,1,within
MKT_00062,node,5158782642,DS Kirana Store,,27.9061384,84.8700318,marketplace,marketplace,,marketplace,,,304,Dhading,30406,Nilkhantha,8,3040608,1,within
MKT_00063,node,5477181599,Kali daha Bazar,,27.8648928,84.8647141,marketplace,marketplace;named_bazar,,marketplace,,,304,Dhading,30408,Siddhalek,1,3040801,1,within
MKT_00064,node,2138705488,Nau Kila Bazzar,,27.7473132,85.0821798,marketplace,marketplace,,marketplace,,,304,Dhading,30412,Thakre,6,3041206,1,within
MKT_00065,way,342132784,Bagua Bazar,,27.9254651,85.1369703,marketplace,marketplace;named_bazar,,marketplace,,,305,Nuwakot,30504,Bidur,8,3050408,1,within
MKT_00066,node,11884080349,Vegetable market,,27.6984593,85.3685718,marketplace,marketplace,,marketplace,,,306,Kathmandu,30602,Kageshwori Manahara,9,3060209,1,within
MKT_00067,node,11884080350,Fruit market,,27.6983669,85.368345,marketplace,marketplace,,marketplace,,,306,Kathmandu,30602,Kageshwori Manahara,9,3060209,1,within
MKT_00068,way,1033377240,,,27.6978827,85.374599,marketplace,marketplace,,marketplace,,,306,Kathmandu,30602,Kageshwori Manahara,9,3060209,1,within
MKT_00069,way,377738178,Vegetable Market,,27.7217504,85.3806249,marketplace,marketplace,,marketplace,,,306,Kathmandu,30603,Gokarneshwor,6,3060306,1,within
MKT_00070,node,10017309961,Dhaneshwor Mini Market and Tarkari Bazar,,27.7445902,85.3159644,marketplace,marketplace;named_bazar,,marketplace,,,306,Kathmandu,30605,Tokha,11,3060511,1,within
MKT_00071,way,208034114,Rumba Departmental Store,,27.7239843,85.2834515,marketplace,marketplace,,marketplace,,,306,Kathmandu,30607,Nagarjun,2,3060702,1,within
MKT_00072,node,3325195708,,,27.7088778,85.3151627,marketplace,marketplace,,marketplace,,,306,Kathmandu,30608,Kathmandu,1,3060801,1,within
MKT_00073,way,198635909,,,27.7183368,85.3346648,marketplace,marketplace,,marketplace,,,306,Kathmandu,30608,Kathmandu,5,3060805,1,within
MKT_00074,way,501580553,Big Mart,,27.7155557,85.3379929,marketplace,marketplace,,marketplace,,,306,Kathmandu,30608,Kathmandu,5,3060805,1,within
MKT_00075,node,5981623809,Miracle Mini Market,,27.7291865,85.3604986,marketplace,marketplace,,marketplace,,,306,Kathmandu,30608,Kathmandu,6,3060806,1,within
MKT_00076,node,6067946177,KK Mart,,27.7222311,85.3473945,marketplace,marketplace,,marketplace,,,306,Kathmandu,30608,Kathmandu,7,3060807,1,within
MKT_00077,way,190889377,Vegetable Market,,27.7212616,85.3451111,marketplace,marketplace;retail_landuse,,marketplace,,retail,306,Kathmandu,30608,Kathmandu,7,3060807,1,within
MKT_00078,way,194286943,तरकारी बजार,,27.7219814,85.3460928,marketplace,marketplace;named_bazar,,marketplace,,,306,Kathmandu,30608,Kathmandu,7,3060807,1,within
MKT_00079,way,303567488,चाहबिल तरकारी बजार,,27.717172,85.3449564,marketplace,marketplace;named_bazar,,marketplace,,,306,Kathmandu,30608,Kathmandu,7,3060807,1,within
MKT_00080,way,303138971,Vegetable Market,,27.710512,85.3437686,marketplace,marketplace,,marketplace,,,306,Kathmandu,30608,Kathmandu,8,3060808,1,within
MKT_00081,node,6046114549,एक्सप्रेस मार्ट,एक्सप्रेस मार्ट,27.701207,85.3398294,marketplace,marketplace,,marketplace,,,306,Kathmandu,30608,Kathmandu,10,3060810,1,within
MKT_00082,way,84035029,Kalimati Vegetable Market,,27.6993308,85.300263,marketplace,marketplace;retail_landuse,,marketplace,,retail,306,Kathmandu,30608,Kathmandu,13,3060813,1,within
MKT_00083,way,232500615,BS Marketing,,27.6986528,85.2905598,marketplace,marketplace,,marketplace,,,306,Kathmandu,30608,Kathmandu,13,3060813,1,within
MKT_00084,node,2052955408,Balkhu Vegetable and Fruits Market,,27.6843192,85.2988173,marketplace,marketplace,,marketplace,,,306,Kathmandu,30608,Kathmandu,14,3060814,1,within
MKT_00085,node,6066074362,TM Market,,27.6934145,85.2813573,marketplace,marketplace,,marketplace,,,306,Kathmandu,30608,Kathmandu,14,3060814,1,within
MKT_00086,way,628991666,Rudra Market,,27.6939103,85.2811892,marketplace,marketplace,,marketplace,,,306,Kathmandu,30608,Kathmandu,14,3060814,1,within
MKT_00087,way,628992415,,,27.6937376,85.2811539,marketplace,marketplace,,marketplace,yes,,306,Kathmandu,30608,Kathmandu,14,3060814,1,within
MKT_00088,way,177086221,Macha Pokhari Vegetable Market,,27.7358463,85.3041894,marketplace,marketplace,,marketplace,,,306,Kathmandu,30608,Kathmandu,16,3060816,1,within
MKT_00089,way,187347500,Naya Bazar Multi Venue,,27.723352,85.3062232,marketplace,marketplace;named_bazar,,marketplace,,,306,Kathmandu,30608,Kathmandu,16,3060816,1,within
MKT_00090,way,218440319,,,27.703629,85.307044,marketplace,marketplace,,marketplace,,,306,Kathmandu,30608,Kathmandu,24,3060824,1,within
MKT_00091,way,246827162,Pote Bazar (Beads Market),,27.7059334,85.3096652,marketplace,marketplace;named_bazar,,marketplace,,,306,Kathmandu,30608,Kathmandu,24,3060824,1,within
MKT_00092,way,326105495,असं,असन,27.7074492,85.3122193,marketplace,marketplace,,marketplace,,,306,Kathmandu,30608,Kathmandu,25,3060825,1,within
MKT_00093,node,1991205175,सुभ लक्ष्मी फर्निचर शोरुम,सुभ लक्ष्मी फर्निचर शोरुम,27.7297962,85.3147092,marketplace,marketplace,,marketplace,,,306,Kathmandu,30608,Kathmandu,26,3060826,1,within
MKT_00094,way,186148741,Jame Market,,27.7064232,85.3168166,marketplace,marketplace,,marketplace,,,306,Kathmandu,30608,Kathmandu,28,3060828,1,within
MKT_00095,way,643299149,Tukucha Tarkari Bajar,,27.7024761,85.3210518,marketplace,marketplace,,marketplace,,,306,Kathmandu,30608,Kathmandu,28,3060828,1,within
MKT_00096,way,733883031,,,27.6780025,85.3464288,marketplace,marketplace,,marketplace,,,306,Kathmandu,30608,Kathmandu,32,3060832,1,within
MKT_00097,way,244348546,Shulav Market,,27.6894895,85.2813618,marketplace,marketplace,,marketplace,,,306,Kathmandu,30609,Kirtipur,1,3060901,1,within
MKT_00098,node,9642624881,Tarkari bajar,,27.6543037,85.2865089,marketplace,marketplace,,marketplace,,,306,Kathmandu,30609,Kirtipur,6,3060906,1,within
MKT_00099,node,9724478399,N.B store,,27.6588206,85.271923,marketplace,marketplace,,marketplace,,,306,Kathmandu,30609,Kirtipur,6,3060906,1,within
MKT_00100,node,9580004384,Fruits and vegetable market,,27.6703282,85.2793927,marketplace,marketplace,,marketplace,,,306,Kathmandu,30609,Kirtipur,8,3060908,1,within
MKT_00101,node,9351690852,क्रितिपुर तरकारी बजार,क्रितिपुर तरकारी बजार,27.672895,85.2805,marketplace,marketplace;named_bazar,,marketplace,,,306,Kathmandu,30609,Kirtipur,9,3060909,1,within
MKT_00102,node,9722281845,Subha laxmi store,,27.6669067,85.2664488,marketplace,marketplace,,marketplace,,,306,Kathmandu,30609,Kirtipur,9,3060909,1,within
MKT_00103,node,11974987152,MINI SHOP,,27.6672759,85.4270412,marketplace,marketplace,,marketplace,,,307,Bhaktapur,30702,Bhaktapur,4,3070204,1,within
MKT_00104,way,239979629,Ajima Open Market,,27.6697435,85.4317426,marketplace,marketplace,,marketplace,,,307,Bhaktapur,30702,Bhaktapur,5,3070205,1,within
MKT_00105,node,3499401856,,,27.6755671,85.3656946,marketplace,marketplace,,marketplace,convenience,,307,Bhaktapur,30703,Madhyapur Thimi,2,3070302,1,within
MKT_00106,node,10026724992,,,27.6752107,85.3666295,marketplace,marketplace,,marketplace,,,307,Bhaktapur,30703,Madhyapur Thimi,2,3070302,1,within
MKT_00107,node,10026724993,,,27.675179,85.3668004,marketplace,marketplace,,marketplace,,,307,Bhaktapur,30703,Madhyapur Thimi,2,3070302,1,within
MKT_00108,way,1472572635,Salt Trading Corporation,,27.6765207,85.3657183,marketplace,marketplace,,marketplace,country_store,,307,Bhaktapur,30703,Madhyapur Thimi,2,3070302,1,within
MKT_00109,node,360715528,bahakha bazaar,,27.6830882,85.3873129,marketplace,marketplace;named_bazar,,marketplace,,,307,Bhaktapur,30703,Madhyapur Thimi,7,3070307,1,within
MKT_00110,node,10081035121,Dodal Bazaar,,27.6805757,85.3860211,marketplace,marketplace;named_bazar,,marketplace,,,307,Bhaktapur,30703,Madhyapur Thimi,7,3070307,1,within
MKT_00111,node,3666690125,किसान बजार,किसान बजार,27.682463,85.3057433,marketplace,marketplace;named_bazar,,marketplace,,,308,Lalitpur,30802,Lalitpur,3,3080203,1,within
MKT_00112,node,1783294001,miraze enterprises,,27.6754572,85.3156473,marketplace,marketplace,,marketplace,,,308,Lalitpur,30802,Lalitpur,4,3080204,1,within
MKT_00113,relation,2261086,Sasto Bazaar,,27.6748237,85.3234046,marketplace,marketplace;named_bazar,,marketplace,,,308,Lalitpur,30802,Lalitpur,16,3080216,1,within
MKT_00114,node,11932962184,,,27.6683509,85.3229363,marketplace,marketplace,,marketplace,ABC Market,,308,Lalitpur,30802,Lalitpur,19,3080219,1,within
MKT_00115,way,183394265,,,27.6617056,85.3059676,marketplace,marketplace,,marketplace,,,308,Lalitpur,30802,Lalitpur,25,3080225,1,within
MKT_00116,way,310238099,Kabhre Krishi Bazaar,,27.6289288,85.5301003,marketplace,marketplace;named_bazar,,marketplace,,,309,Kavrepalanchok,30904,Banepa,7,3090407,1,within
MKT_00117,way,1042982090,Purano Tarkari Bajar,,27.6291161,85.5298791,marketplace,marketplace,,marketplace,,,309,Kavrepalanchok,30904,Banepa,7,3090407,1,within
MKT_00118,way,1097062448,Kabhre Krishi Bazaar,,27.6289506,85.5299362,marketplace,marketplace;named_bazar,,marketplace,,,309,Kavrepalanchok,30904,Banepa,7,3090407,1,within
MKT_00119,node,9692969817,,,27.6213998,85.541313,marketplace,marketplace,,marketplace,,,309,Kavrepalanchok,30905,Dhulikhel,4,3090504,1,within
MKT_00120,node,9692969821,,,27.6235754,85.5414632,marketplace,marketplace,,marketplace,,,309,Kavrepalanchok,30905,Dhulikhel,4,3090504,1,within
MKT_00121,node,9692969832,,,27.6247363,85.5409858,marketplace,marketplace,,marketplace,,,309,Kavrepalanchok,30905,Dhulikhel,4,3090504,1,within
MKT_00122,node,9692969834,,,27.6247791,85.5411319,marketplace,marketplace,,marketplace,,,309,Kavrepalanchok,30905,Dhulikhel,4,3090504,1,within
MKT_00123,node,1417956631,,,27.5862977,85.5138418,marketplace,marketplace,,marketplace,,,309,Kavrepalanchok,30909,Panauti,6,3090906,1,within
MKT_00124,way,705028372,Saturday Market,,27.2054696,85.9108094,marketplace,marketplace,,marketplace,,,311,Sindhuli,31105,Kamalamai,6,3110506,1,within
MKT_00125,node,3392408780,indari bajar,,27.6948262,84.4241542,marketplace,marketplace,,marketplace,,,313,Chitwan,31304,Bharatpur,1,3130401,1,within
MKT_00126,node,3392408781,shree pasupsti patja,,27.6947165,84.4247916,marketplace,marketplace,,marketplace,,,313,Chitwan,31304,Bharatpur,1,3130401,1,within
MKT_00127,node,3392408846,safal mane,,27.6953224,84.4235315,marketplace,marketplace,,marketplace,,,313,Chitwan,31304,Bharatpur,1,3130401,1,within
MKT_00128,node,3392408847,seti,,27.6957765,84.4234466,marketplace,marketplace,,marketplace,,,313,Chitwan,31304,Bharatpur,1,3130401,1,within
MKT_00129,node,3392408849,chamale big,,27.6958147,84.4235073,marketplace,marketplace,,marketplace,,,313,Chitwan,31304,Bharatpur,1,3130401,1,within
MKT_00130,way,327318725,Chameli Big Bazar,,27.6951364,84.4249247,marketplace,marketplace;named_bazar,,marketplace,,,313,Chitwan,31304,Bharatpur,1,3130401,1,within
MKT_00131,node,3392094496,baseni hatbazaar,,27.7009781,84.4409166,marketplace,marketplace;named_bazar,,marketplace,,,313,Chitwan,31304,Bharatpur,2,3130402,1,within
MKT_00132,way,185245169,Vegetable Market,,27.691179,84.4248715,marketplace,marketplace,,marketplace,,,313,Chitwan,31304,Bharatpur,3,3130403,1,within
MKT_00133,way,957453546,Hatbazzar Area,,27.6581499,84.4086279,marketplace,marketplace,,marketplace,,,313,Chitwan,31304,Bharatpur,7,3130407,1,within
MKT_00134,node,3392361334,Bharatpur mini market,,27.6703618,84.4363969,marketplace,marketplace,,marketplace,,,313,Chitwan,31304,Bharatpur,9,3130409,1,within
MKT_00135,node,9320975917,Goma Ganesh Suppliers,,27.6310856,84.5857699,marketplace,marketplace,,marketplace,,,313,Chitwan,31306,Khairahani,3,3130603,1,within
MKT_00136,node,5620568903,Pouwatar Bazar,,27.9992833,84.4682222,marketplace,marketplace;named_bazar,,marketplace,,,401,Gorkha,40108,Palungtar,6,4010806,1,within
MKT_00137,node,6968656141,,,28.2996575,83.7687628,marketplace,marketplace,,marketplace,,,405,Kaski,40503,Annapurna,5,4050305,1,within
MKT_00138,way,438388962,Pushpa Ratna Bhawan,पुष्पा रत्न भवन,28.2245472,83.9848883,marketplace,marketplace,,marketplace,,,405,Kaski,40504,Pokhara Lekhnath,4,4050404,1,within
MKT_00139,way,438388963,RK Building,आर.के भवन,28.2243401,83.986169,marketplace,marketplace,,marketplace,,,405,Kaski,40504,Pokhara Lekhnath,4,4050404,1,within
MKT_00140,way,450936500,Barahi Mini Market Pvt Ltd,,28.2122931,83.9600809,marketplace,marketplace,,marketplace,,,405,Kaski,40504,Pokhara Lekhnath,6,4050406,1,within
MKT_00141,node,5575064536,Pokhara Mini Market,,28.2121778,83.9811955,marketplace,marketplace,,marketplace,,,405,Kaski,40504,Pokhara Lekhnath,8,4050408,1,within
MKT_00142,way,271795743,Shri Complex,मन्डी,28.2239617,83.9851364,marketplace,marketplace,,marketplace,,,405,Kaski,40504,Pokhara Lekhnath,8,4050408,1,within
MKT_00143,way,364261112,Srijana Mini Market,सिर्जना मिनी मार्केट,28.2122326,83.9809671,marketplace,marketplace,,marketplace,,,405,Kaski,40504,Pokhara Lekhnath,8,4050408,1,within
MKT_00144,way,409728900,Pokhara Mall,पोखरा मल,28.2097241,83.986071,marketplace,marketplace,,marketplace,mall,,405,Kaski,40504,Pokhara Lekhnath,9,4050409,1,within
MKT_00145,way,414375478,Gandaki Mini Market,गण्डकी मिनी मार्केट,28.2190997,83.9912289,marketplace,marketplace,,marketplace,,,405,Kaski,40504,Pokhara Lekhnath,9,4050409,1,within
MKT_00146,way,415468030,Agricultural Produce Market Center,,28.2110956,83.9908768,marketplace,marketplace,,marketplace,,,405,Kaski,40504,Pokhara Lekhnath,9,4050409,1,within
MKT_00147,way,417803666,B n B market,बि एण्ड बि मार्केट,28.2189316,83.98702,marketplace,marketplace,,marketplace,,,405,Kaski,40504,Pokhara Lekhnath,9,4050409,1,within
MKT_00148,way,424035021,Hongkong Bazar,,28.2101117,83.9872472,marketplace,marketplace;named_bazar,,marketplace,,,405,Kaski,40504,Pokhara Lekhnath,9,4050409,1,within
MKT_00149,node,1366440547,Fruit Junktion,फ्रुट जंक्सन,28.201468,83.9697154,marketplace,marketplace,,marketplace,,,405,Kaski,40504,Pokhara Lekhnath,17,4050417,1,within
MKT_00150,node,5490759378,Shree Silinge Organic Mal,,28.1857926,84.0349636,marketplace,marketplace,,marketplace,,,405,Kaski,40504,Pokhara Lekhnath,26,4050426,1,within
MKT_00151,way,515135713,Bhola Devaka Mall,,28.1429479,84.0876013,marketplace,marketplace,,marketplace,,,405,Kaski,40504,Pokhara Lekhnath,30,4050430,1,within
MKT_00152,way,1132725523,Haatbazaar,,27.6474746,84.1312516,marketplace,marketplace;named_bazar,,marketplace,,,408,Nawalparasi East,40806,Kawasoti,2,4080602,1,within
MKT_00153,node,10554057058,Ranabhat chowk,,28.1684187,83.7971908,marketplace,marketplace,,marketplace,,,409,Syangja,40903,Aandhikhola,4,4090304,1,within
MKT_00154,node,10553925960,JUGLE BAZAR,,28.1643582,83.8047208,marketplace,marketplace;named_bazar,,marketplace,,,409,Syangja,40903,Aandhikhola,5,4090305,1,within
MKT_00155,node,3661102996,Koila,,28.302704,82.3796102,marketplace,marketplace,,marketplace,,,502,Rolpa,50206,Tribeni,3,5020603,1,within
MKT_00156,way,340619618,Ruinibang,,28.2510252,82.7322453,marketplace,marketplace,,marketplace,,,502,Rolpa,50209,Subarnabati,3,5020903,1,within
MKT_00157,node,12848361886,माण्डवी कोशेली घर,,28.0514604,82.7857825,marketplace,marketplace,,marketplace,,,503,Pyuthan,50306,Mandavi,3,5030603,1,within
MKT_00158,way,344879301,Baletaksar Bazaar,,27.9898592,83.3928019,marketplace,marketplace;named_bazar,,marketplace,,,504,Gulmi,50412,Ruru,4,5041204,1,within
MKT_00159,way,1324045936,Belbot Hatbazar,,27.9867044,83.0235709,marketplace,marketplace;named_bazar,,marketplace,,,505,Arghakhanchi,50503,Bhumikasthan,6,5050306,1,within
MKT_00160,way,1292328145,Davali Park,,27.8718645,83.5357294,marketplace,marketplace,,marketplace,,,506,Palpa,50605,Tansen,5,5060505,1,within
MKT_00161,way,1288620467,Sunwal hatbazar and khelkud maidan,,27.6064291,83.6572154,marketplace,marketplace;named_bazar,,marketplace,,,507,Nawalparasi West,50702,Sunawal,1,5070201,1,within
MKT_00162,way,1288620464,Bairagnath hatbazar,,27.5855096,83.5865526,marketplace,marketplace;named_bazar,,marketplace,,,507,Nawalparasi West,50702,Sunawal,8,5070208,1,within
MKT_00163,way,1288620472,Bhumahi haat bajar,,27.5778307,83.7006195,marketplace,marketplace;named_bazar,,marketplace,,,507,Nawalparasi West,50702,Sunawal,12,5070212,1,within
MKT_00164,node,9709483402,Butwal Fruits And Vegetable Market बुटवल फलफूल तथा तरकारी बजार,,27.701575,83.4630965,marketplace,marketplace;named_bazar,,marketplace,,,508,Rupandehi,50802,Butwal,6,5080206,1,within
MKT_00165,node,12839295674,hill park street food vendor,,27.694157,83.4712496,marketplace,marketplace,,marketplace,,,508,Rupandehi,50802,Butwal,7,5080207,1,within
MKT_00166,way,1456622511,Yogikuti Hatbazar,,27.6684605,83.4694852,marketplace,marketplace;named_bazar,,marketplace,,,508,Rupandehi,50802,Butwal,10,5080210,1,within
MKT_00167,way,1458937243,,,27.6675794,83.4461673,marketplace,marketplace,,marketplace,,,508,Rupandehi,50802,Butwal,17,5080217,1,within
MKT_00168,node,9527250398,,,27.6725945,83.3660925,marketplace,marketplace,,marketplace,,,508,Rupandehi,50803,Sainamaina,1,5080301,1,within
MKT_00169,node,9529321368,Haat Bajar Sheed,,27.69024,83.341424,marketplace,marketplace;named_bazar,,marketplace,,,508,Rupandehi,50803,Sainamaina,3,5080303,1,within
MKT_00170,node,9529321370,Haat Bazaar,,27.688057,83.341556,marketplace,marketplace;named_bazar,,marketplace,,,508,Rupandehi,50803,Sainamaina,3,5080303,1,within
MKT_00171,node,9529321383,Market Shed,,27.6864761,83.3117326,marketplace,marketplace,,marketplace,,,508,Rupandehi,50803,Sainamaina,6,5080306,1,within
MKT_00172,node,9527851341,,,27.6939193,83.3053595,marketplace,marketplace,,marketplace,,,508,Rupandehi,50803,Sainamaina,8,5080308,1,within
MKT_00173,node,9527851348,,,27.6830019,83.2918463,marketplace,marketplace,,marketplace,,,508,Rupandehi,50803,Sainamaina,8,5080308,1,within
MKT_00174,way,1451012392,हाटबजार,,27.6601375,83.4521837,marketplace,marketplace;named_bazar,,marketplace,,,508,Rupandehi,50808,Tilottama,4,5080804,1,within
MKT_00175,node,9691960624,,,27.6297458,83.4697357,marketplace,marketplace,,marketplace,,,508,Rupandehi,50808,Tilottama,5,5080805,1,within
MKT_00176,node,9691960639,,,27.6290626,83.4734264,marketplace,marketplace,,marketplace,,,508,Rupandehi,50808,Tilottama,5,5080805,1,within
MKT_00177,node,9685408116,,,27.6008824,83.4735699,marketplace,marketplace,,marketplace,,,508,Rupandehi,50808,Tilottama,7,5080807,1,within
MKT_00178,node,9685433197,,,27.6008392,83.4749304,marketplace,marketplace,,marketplace,,,508,Rupandehi,50808,Tilottama,7,5080807,1,within
MKT_00179,node,9685433200,,,27.6009004,83.4748037,marketplace,marketplace,,marketplace,,,508,Rupandehi,50808,Tilottama,7,5080807,1,within
MKT_00180,node,9687215778,kandel general store,,27.601163,83.4729972,marketplace,marketplace,,marketplace,,,508,Rupandehi,50808,Tilottama,7,5080807,1,within
MKT_00181,node,9687215802,,,27.6006977,83.4732977,marketplace,marketplace,,marketplace,,,508,Rupandehi,50808,Tilottama,7,5080807,1,within
MKT_00182,node,9687215805,,,27.6002253,83.4744738,marketplace,marketplace,,marketplace,,,508,Rupandehi,50808,Tilottama,7,5080807,1,within
MKT_00183,node,9687215807,Patanjali Store,,27.6002794,83.4742391,marketplace,marketplace,,marketplace,,,508,Rupandehi,50808,Tilottama,7,5080807,1,within
MKT_00184,node,9688357637,,,27.602216,83.474683,marketplace,marketplace,,marketplace,,,508,Rupandehi,50808,Tilottama,7,5080807,1,within
MKT_00185,node,9688357638,,,27.6019189,83.4739575,marketplace,marketplace,,marketplace,,,508,Rupandehi,50808,Tilottama,7,5080807,1,within
MKT_00186,node,9688966387,,,27.6009158,83.4745972,marketplace,marketplace,,marketplace,,,508,Rupandehi,50808,Tilottama,7,5080807,1,within
MKT_00187,node,9688966395,,,27.5995693,83.4769428,marketplace,marketplace,,marketplace,,,508,Rupandehi,50808,Tilottama,7,5080807,1,within
MKT_00188,node,9688966407,,,27.6016313,83.4769401,marketplace,marketplace,,marketplace,,,508,Rupandehi,50808,Tilottama,7,5080807,1,within
MKT_00189,node,9688971822,,,27.6005046,83.473869,marketplace,marketplace,,marketplace,,,508,Rupandehi,50808,Tilottama,7,5080807,1,within
MKT_00190,node,9689624968,,,27.6015184,83.4693025,marketplace,marketplace,,marketplace,,,508,Rupandehi,50808,Tilottama,7,5080807,1,within
MKT_00191,node,9689624972,,,27.6084173,83.4648373,marketplace,marketplace,,marketplace,,,508,Rupandehi,50808,Tilottama,7,5080807,1,within
MKT_00192,node,9689624978,,,27.6046999,83.4714516,marketplace,marketplace,,marketplace,,,508,Rupandehi,50808,Tilottama,7,5080807,1,within
MKT_00193,way,807030886,,,27.6295622,83.495905,marketplace,marketplace,,marketplace,,,508,Rupandehi,50808,Tilottama,8,5080808,1,within
MKT_00194,node,9692022095,,,27.6127358,83.4735095,marketplace,marketplace,,marketplace,,,508,Rupandehi,50808,Tilottama,9,5080809,1,within
MKT_00195,node,9692029557,,,27.6158231,83.4744658,marketplace,marketplace,,marketplace,,,508,Rupandehi,50808,Tilottama,9,5080809,1,within
MKT_00196,node,11021812577,Shivapur Haatbazaar,,27.6235571,83.5128755,marketplace,marketplace;named_bazar,,marketplace,,,508,Rupandehi,50808,Tilottama,11,5080811,1,within
MKT_00197,node,9814989638,Laxmi Market,,27.4770288,83.4704315,marketplace,marketplace,,marketplace,,,508,Rupandehi,50811,Siddharthanagar,1,5081101,1,within
MKT_00198,node,9815083062,Laxmi Market,,27.4769378,83.4706565,marketplace,marketplace,,marketplace,,,508,Rupandehi,50811,Siddharthanagar,1,5081101,1,within
MKT_00199,node,9831404357,Khan Market,,27.490398,83.4488936,marketplace,marketplace,,marketplace,,,508,Rupandehi,50811,Siddharthanagar,3,5081103,1,within
MKT_00200,node,9809299243,Gopal MIni Market,,27.5062892,83.4528733,marketplace,marketplace,,marketplace,,,508,Rupandehi,50811,Siddharthanagar,5,5081105,1,within
MKT_00201,node,9809306252,Gopal Mini Market,,27.5062623,83.4528724,marketplace,marketplace,,marketplace,,,508,Rupandehi,50811,Siddharthanagar,5,5081105,1,within
MKT_00202,node,9809877888,Serchan New Market,,27.5064994,83.4514534,marketplace,marketplace,,marketplace,,,508,Rupandehi,50811,Siddharthanagar,5,5081105,1,within
MKT_00203,node,5493384070,New Sundar Stores,,27.5184631,83.4504336,marketplace,marketplace,,marketplace,,,508,Rupandehi,50811,Siddharthanagar,8,5081108,1,within
MKT_00204,node,5620003996,Gyawali Stores,,27.5184748,83.4502373,marketplace,marketplace,,marketplace,,,508,Rupandehi,50811,Siddharthanagar,8,5081108,1,within
MKT_00205,node,5985305376,New Annapurna Stores,,27.5183334,83.4509478,marketplace,marketplace,,marketplace,,,508,Rupandehi,50811,Siddharthanagar,8,5081108,1,within
MKT_00206,node,5985305382,Aazam Meat Shop,,27.5186419,83.4503471,marketplace,marketplace,,marketplace,,,508,Rupandehi,50811,Siddharthanagar,8,5081108,1,within
MKT_00207,node,5985305383,Taslim Meat Shop,,27.5185325,83.4502733,marketplace,marketplace,,marketplace,,,508,Rupandehi,50811,Siddharthanagar,8,5081108,1,within
MKT_00208,node,9805555326,Sabita Mini Market,,27.5156093,83.452964,marketplace,marketplace,,marketplace,,,508,Rupandehi,50811,Siddharthanagar,8,5081108,1,within
MKT_00209,node,9805555350,Bhawani Mini-market,,27.5163685,83.4530065,marketplace,marketplace,,marketplace,,,508,Rupandehi,50811,Siddharthanagar,8,5081108,1,within
MKT_00210,node,9805555358,A Four Mini Stop,,27.5168065,83.4531042,marketplace,marketplace,,marketplace,,,508,Rupandehi,50811,Siddharthanagar,8,5081108,1,within
MKT_00211,node,9808568271,Hamro New Mini-Mart,,27.5199138,83.4538343,marketplace,marketplace,,marketplace,,,508,Rupandehi,50811,Siddharthanagar,8,5081108,1,within
MKT_00212,node,9801431340,Suryayinayak Market,,27.5083722,83.4511757,marketplace,marketplace,,marketplace,,,508,Rupandehi,50811,Siddharthanagar,12,5081112,1,within
MKT_00213,node,9806629761,Sasto Bazar,,27.507523,83.450998,marketplace,marketplace;named_bazar,,marketplace,,,508,Rupandehi,50811,Siddharthanagar,12,5081112,1,within
MKT_00214,node,9809924344,New Readymade Sasto Bazar,,27.5075573,83.453085,marketplace,marketplace;named_bazar,,marketplace,,,508,Rupandehi,50811,Siddharthanagar,12,5081112,1,within
MKT_00215,node,9808552864,RK Market,,27.5060466,83.4553656,marketplace,marketplace,,marketplace,,,508,Rupandehi,50811,Siddharthanagar,13,5081113,1,within
MKT_00216,node,9808552868,Prasanti Minimarket,,27.5060506,83.455294,marketplace,marketplace,,marketplace,,,508,Rupandehi,50811,Siddharthanagar,13,5081113,1,within
MKT_00217,node,13368934601,,,27.5019289,83.342647,marketplace,marketplace,,marketplace,,,508,Rupandehi,50812,Mayadevi,5,5081205,1,within
MKT_00218,node,5730639642,Khan Market,,27.6619734,83.0407635,marketplace,marketplace,,marketplace,,,509,Kapilbastu,50902,Buddhabhumi,2,5090202,1,within
MKT_00219,node,4426056114,Imiliya bazzar,,27.6607492,82.9873199,marketplace,marketplace,,marketplace,,,509,Kapilbastu,50902,Buddhabhumi,9,5090209,1,within
MKT_00220,way,1463607433,,,27.6517912,82.8154295,marketplace,marketplace,,marketplace,,,509,Kapilbastu,50903,Shivaraj,2,5090302,1,within
MKT_00221,way,1063785251,चन्द्रौटा हाट बजार,चन्द्रौटा हाट बजार,27.6490932,82.8709303,marketplace,marketplace;commercial_landuse;named_bazar,,marketplace,,commercial,509,Kapilbastu,50903,Shivaraj,5,5090305,1,within
MKT_00222,node,10308628917,नेवलागंज हाटबजार,नेवलागंज हाटबजार,27.6639225,82.7555281,marketplace,marketplace;named_bazar,,marketplace,,,509,Kapilbastu,50904,Bijayanagar,1,5090401,1,within
MKT_00223,way,968341087,Hat BAzar,,27.5464645,83.0516919,marketplace,marketplace;named_bazar,,marketplace,,,509,Kapilbastu,50907,Kapilbastu,1,5090701,1,within
MKT_00224,node,13545210132,तरकारी संकलन केन्द्र,तरकारी संकलन केन्द्र,27.4967977,82.9758857,marketplace,marketplace,,marketplace,,,509,Kapilbastu,50908,Yasodhara,8,5090808,1,within
MKT_00225,node,5823501047,तुलसीपुर मासु बजार,तुलसीपुर मासु बजार,28.1338798,82.2935754,marketplace,marketplace;named_bazar,,marketplace,,,510,Dang,51003,Tulsipur,5,5100305,1,within
MKT_00226,node,6520189319,भुसाल स्टोर,भुसाल स्टोर,28.1333245,82.2958636,marketplace,marketplace,,marketplace,,,510,Dang,51003,Tulsipur,5,5100305,1,within
MKT_00227,node,5919809847,Narti bajar,,27.8561705,82.6062816,marketplace,marketplace,,marketplace,,,510,Dang,51007,Lamahi,1,5100701,1,within
MKT_00228,way,372781290,tarkari bazaar,,27.8716215,82.5230467,marketplace,marketplace;named_bazar,,marketplace,,,510,Dang,51007,Lamahi,5,5100705,1,within
MKT_00229,node,9289531377,पथ्थरगढवा  बजार,,27.8367248,82.6337685,marketplace,marketplace;named_bazar,,marketplace,,,510,Dang,51008,Rapti,6,5100806,1,within
MKT_00230,way,559809621,Krishi Upath Thok Bajar Sthal,,28.2002443,81.6807734,marketplace,marketplace,,marketplace,,,511,Banke,51102,Kohalpur,5,5110205,1,within
MKT_00231,way,985702866,local market,,28.1501433,81.5175496,marketplace,marketplace,,marketplace,,,511,Banke,51104,Khajura,6,5110406,1,within
MKT_00232,node,5392206385,Best Bazar,,28.0652081,81.6247031,marketplace,marketplace;named_bazar,,marketplace,,,511,Banke,51106,Nepalganj,2,5110602,1,within
MKT_00233,node,1913978110,Newroad Market Place,,28.0636518,81.6281567,marketplace,marketplace,,marketplace,,,511,Banke,51106,Nepalganj,4,5110604,1,within
MKT_00234,node,5370336365,Patanjali Store,,28.0649842,81.6311565,marketplace,marketplace,,marketplace,,,511,Banke,51106,Nepalganj,4,5110604,1,within
MKT_00235,node,5413843070,Agricultural Product Market Committe,,28.0556607,81.625769,marketplace,marketplace,,marketplace,,,511,Banke,51106,Nepalganj,8,5110608,1,within
MKT_00236,node,5479810755,Agricultural Produce Market Committee,,28.055728,81.6258373,marketplace,marketplace,,marketplace,,,511,Banke,51106,Nepalganj,8,5110608,1,within
MKT_00237,node,4004211748,New Rai Traders and Suppliers,,28.0600989,81.6198699,marketplace,marketplace,,marketplace,,,511,Banke,51106,Nepalganj,11,5110611,1,within
MKT_00238,node,5375578755,Sanu Kinara Pasal,,28.1011041,81.6542429,marketplace,marketplace,,marketplace,,,511,Banke,51106,Nepalganj,20,5110620,1,within
MKT_00239,node,5377607597,Anjali General Stores,,28.1005286,81.6552168,marketplace,marketplace,,marketplace,,,511,Banke,51106,Nepalganj,20,5110620,1,within
MKT_00240,node,5377652119,Dajubhai Kirana Pasal,,28.0993783,81.6576857,marketplace,marketplace,,marketplace,,,511,Banke,51106,Nepalganj,20,5110620,1,within
MKT_00241,node,5377707244,Chaudary Interprise,,28.099898,81.6565491,marketplace,marketplace,,marketplace,,,511,Banke,51106,Nepalganj,20,5110620,1,within
MKT_00242,node,5380433805,Prwajol Kirana Pasal,,28.0970247,81.6633558,marketplace,marketplace,,marketplace,,,511,Banke,51106,Nepalganj,20,5110620,1,within
MKT_00243,way,1073886854,Betahani Market,,28.0129407,81.7074801,marketplace,marketplace,,marketplace,,,511,Banke,51107,Duduwa,2,5110702,1,within
MKT_00244,node,7296507099,,,28.3168119,81.3868677,marketplace,marketplace,,marketplace,,,512,Bardiya,51202,Barbardiya,6,5120206,1,within
MKT_00245,node,4418478541,Manpurtapara Bazaar,,28.4001599,81.156386,marketplace,marketplace;named_bazar,,marketplace,,,512,Bardiya,51205,Rajapur,6,5120506,1,within
MKT_00246,way,481779143,vegetable market,,28.2050713,81.3392228,marketplace,marketplace,,marketplace,,,512,Bardiya,51207,Gulariya,7,5120707,1,within
MKT_00247,node,8286080869,Khadang Bajar,,28.9907664,82.6670954,marketplace,marketplace,,marketplace,,,601,Dolpa,60105,Tripurasundari,6,6010506,1,within
MKT_00248,node,8261682720,Kanchhi Bajar,,29.0244366,82.7817108,marketplace,marketplace,,marketplace,,,601,Dolpa,60105,Tripurasundari,7,6010507,1,within
MKT_00249,node,8261648550,Chun bajar,,29.0284231,82.7741081,marketplace,marketplace,,marketplace,,,601,Dolpa,60105,Tripurasundari,9,6010509,1,within
MKT_00250,node,4067938993,Welcome shop,,28.9519422,82.8947978,marketplace,marketplace,,marketplace,,,601,Dolpa,60106,Thulibheri,3,6010603,1,within
MKT_00251,node,4067939703,Raja jishop,,28.952032,82.8947532,marketplace,marketplace,,marketplace,,,601,Dolpa,60106,Thulibheri,3,6010603,1,within
MKT_00252,node,8254127741,Cheda bazar,,28.9410184,82.8181487,marketplace,marketplace;named_bazar,,marketplace,,,601,Dolpa,60106,Thulibheri,5,6010605,1,within
MKT_00253,node,8255220389,Furilo Bajar,,28.9315683,82.8050655,marketplace,marketplace,,marketplace,,,601,Dolpa,60106,Thulibheri,5,6010605,1,within
MKT_00254,node,8257970839,Lasicap,,28.894438,83.0351146,marketplace,marketplace,,marketplace,,,601,Dolpa,60107,Kaike,1,6010701,1,within
MKT_00255,node,7244711797,Pulu Bazar,,29.5784433,82.3958383,marketplace,marketplace;named_bazar,,marketplace,,,602,Mugu,60201,Mugumakarmarog,5,6020105,1,within
MKT_00256,node,7153132234,Gamgadi Bazar,,29.5475532,82.1565474,marketplace,marketplace;named_bazar,,marketplace,,,602,Mugu,60202,Chhayanath Rara,1,6020201,1,within
MKT_00257,node,7249174561,Gamghadi Bajar,,29.5504581,82.1527952,marketplace,marketplace,,marketplace,,,602,Mugu,60202,Chhayanath Rara,1,6020201,1,within
MKT_00258,node,7249174565,Gamgadi Bazaar,,29.5478099,82.1557957,marketplace,marketplace;named_bazar,,marketplace,,,602,Mugu,60202,Chhayanath Rara,1,6020201,1,within
MKT_00259,node,7249174566,Kampha Besi Bazar,,29.5553833,82.2319433,marketplace,marketplace;named_bazar,,marketplace,,,602,Mugu,60202,Chhayanath Rara,12,6020212,1,within
MKT_00260,node,7249174559,Badiya Mela,,29.5708434,82.0300443,marketplace,marketplace,,marketplace,,,602,Mugu,60203,Soru,8,6020308,1,within
MKT_00261,node,7249174560,Tarapani Bajar,,29.5923088,82.0207505,marketplace,marketplace,,marketplace,,,602,Mugu,60203,Soru,8,6020308,1,within
MKT_00262,node,7249174562,Gumtha Bazar,,29.5104764,81.8951523,marketplace,marketplace;named_bazar,,marketplace,,,602,Mugu,60204,Khatyad,4,6020404,1,within
MKT_00263,node,7249174564,Chintu Bazar,,29.488632,81.9347636,marketplace,marketplace;named_bazar,,marketplace,,,602,Mugu,60204,Khatyad,5,6020405,1,within
MKT_00264,node,7249174563,Gumtha Bazar,,29.5093039,81.8924657,marketplace,marketplace;named_bazar,,marketplace,,,602,Mugu,60204,Khatyad,7,6020407,1,within
MKT_00265,node,6927196989,Loti Local Market,,29.7482897,82.0700214,marketplace,marketplace,,marketplace,,,603,Humla,60301,Chankheli,3,6030103,1,within
MKT_00266,node,7057501379,Sunakhada,,29.8430007,81.8888323,marketplace,marketplace,,marketplace,,,603,Humla,60302,Kharpunath,1,6030201,1,within
MKT_00267,node,6782687592,"Yanchu Bazaar, Kharpunath",,29.9174387,81.8764774,marketplace,marketplace;named_bazar,,marketplace,,,603,Humla,60302,Kharpunath,5,6030205,1,within
MKT_00268,node,7057501376,Kharpunath Bazar,,29.9424485,81.8564916,marketplace,marketplace;named_bazar,,marketplace,,,603,Humla,60302,Kharpunath,5,6030205,1,within
MKT_00269,node,7057501377,Yanchu bazar,,29.9174544,81.8757914,marketplace,marketplace;named_bazar,,marketplace,,,603,Humla,60302,Kharpunath,5,6030205,1,within
MKT_00270,node,7057501378,Bokchegauda,,29.8963709,81.8673304,marketplace,marketplace,,marketplace,,,603,Humla,60302,Kharpunath,5,6030205,1,within
MKT_00271,node,7057501380,kumlik bazar,,29.9584831,81.891827,marketplace,marketplace;named_bazar,,marketplace,,,603,Humla,60303,Simkot,1,6030301,1,within
MKT_00272,node,7057501374,Simikot Tallo Bazar,,29.9689514,81.8215907,marketplace,marketplace;named_bazar,,marketplace,,,603,Humla,60303,Simkot,5,6030305,1,within
MKT_00273,node,7057501373,Simikot Mathlo Bazar,,29.9717176,81.8208879,marketplace,marketplace;named_bazar,,marketplace,,,603,Humla,60303,Simkot,6,6030306,1,within
MKT_00274,node,6907681036,Patelna,,30.0397599,81.7359635,marketplace,marketplace,,marketplace,,,603,Humla,60304,Namkha,2,6030402,1,within
MKT_00275,node,7057414378,Salli Bazar,,30.0441073,81.6537005,marketplace,marketplace;named_bazar,Salli,marketplace,,,603,Humla,60304,Namkha,2,6030402,1,within
MKT_00276,node,7057414379,Dhatkermi,,30.0448561,81.7250486,marketplace,marketplace,Kermi,marketplace,,,603,Humla,60304,Namkha,2,6030402,1,within
MKT_00277,node,7024865055,Tumkot,,30.0805799,81.524017,marketplace,marketplace,,marketplace,,,603,Humla,60304,Namkha,4,6030404,1,within
MKT_00278,node,7057414376,Tumkot Bazar,,30.0789588,81.5249055,marketplace,marketplace;named_bazar,Muchu,marketplace,,,603,Humla,60304,Namkha,4,6030404,1,within
MKT_00279,node,7057414375,Hilsa Market,,30.1517142,81.3343892,marketplace,marketplace,Hilsa,marketplace,,,603,Humla,60304,Namkha,5,6030405,1,within
MKT_00280,node,7057414374,Tumling Bazar,,30.2554437,81.6536683,marketplace,marketplace;named_bazar,Limi,marketplace,,,603,Humla,60304,Namkha,6,6030406,1,within
MKT_00281,node,7056664385,Balukuna,,29.679079,81.9510233,marketplace,marketplace,Balukuna,marketplace,,,603,Humla,60305,Sarkegad,1,6030501,1,within
MKT_00282,node,7056723161,Kolte,,29.7942003,81.8589337,marketplace,marketplace,Shreenagar,marketplace,,,603,Humla,60305,Sarkegad,3,6030503,1,within
MKT_00283,node,7056723162,Jilu,,29.7832912,81.8445584,marketplace,marketplace,Jilu,marketplace,,,603,Humla,60305,Sarkegad,3,6030503,1,within
MKT_00284,node,7057456846,Sarkegaad bazar,,29.7802375,81.9489057,marketplace,marketplace;named_bazar,,marketplace,,,603,Humla,60305,Sarkegad,4,6030504,1,within
MKT_00285,node,7056723168,Gulfagaad,,29.6535435,81.8785849,marketplace,marketplace,,marketplace,,,603,Humla,60306,Adanchuli,2,6030602,1,within
MKT_00286,node,7056627684,Local Hotel,,29.6655546,81.9179665,marketplace,marketplace,Balukuna,marketplace,,,603,Humla,60306,Adanchuli,3,6030603,1,within
MKT_00287,node,7056723164,Shreenagar,,29.6604136,81.863181,marketplace,marketplace,,marketplace,,,603,Humla,60306,Adanchuli,3,6030603,1,within
MKT_00288,node,7056723163,Thandeu,,29.7541589,81.8303253,marketplace,marketplace,Thandeu,marketplace,,,603,Humla,60306,Adanchuli,5,6030605,1,within
MKT_00289,node,7056735614,Thadakatna Hotel,,29.7362958,81.8224382,marketplace,marketplace,,marketplace,,,603,Humla,60306,Adanchuli,5,6030605,1,within
MKT_00290,node,7056723160,Kuwadi,,29.6069036,81.7708164,marketplace,marketplace,Kuwadi,marketplace,,,603,Humla,60307,Tanjakot,2,6030702,1,within
MKT_00291,node,7056723165,Puima,,29.6226178,81.7811483,marketplace,marketplace,Puima,marketplace,,,603,Humla,60307,Tanjakot,2,6030702,1,within
MKT_00292,node,7056723166,Maila,,29.6393471,81.7595364,marketplace,marketplace,Gulfagad,marketplace,,,603,Humla,60307,Tanjakot,3,6030703,1,within
MKT_00293,node,7056640659,Tirthasain,,29.6220978,81.8214928,marketplace,marketplace,Balukuna,marketplace,,,603,Humla,60307,Tanjakot,4,6030704,1,within
MKT_00294,node,7056723167,Kirthasain,,29.6238372,81.8173259,marketplace,marketplace,Kirthasain,marketplace,,,603,Humla,60307,Tanjakot,4,6030704,1,within
MKT_00295,node,8158060088,Seribazar,,29.2258145,81.9501138,marketplace,marketplace;named_bazar,,marketplace,,,604,Jumla,60407,Tila,2,6040702,1,within
MKT_00296,node,8313734606,Bhitta Chowk,,29.2866738,81.7138859,marketplace,marketplace,,marketplace,,,605,Kalikot,60502,Pachal Jharana,8,6050208,1,within
MKT_00297,node,8314206510,Jarkot Market,,29.2754523,81.7270052,marketplace,marketplace,,marketplace,,,605,Kalikot,60502,Pachal Jharana,8,6050208,1,within
MKT_00298,node,8314251153,Lafa Market,,29.2713722,81.7136425,marketplace,marketplace,,marketplace,,,605,Kalikot,60502,Pachal Jharana,8,6050208,1,within
MKT_00299,node,8314259227,Udgad Market,,29.2473366,81.6833121,marketplace,marketplace,,marketplace,,,605,Kalikot,60502,Pachal Jharana,9,6050209,1,within
MKT_00300,node,8308141292,RCP Bajar,,29.2391901,81.6380028,marketplace,marketplace,hamlet,marketplace,,,605,Kalikot,60503,Raskot,5,6050305,1,within
MKT_00301,node,8301983334,Shantighat New Market,,29.2237936,81.6274296,marketplace,marketplace,,marketplace,,,605,Kalikot,60503,Raskot,6,6050306,1,within
MKT_00302,node,8302637078,Shantighat Old Market,,29.2207095,81.6310787,marketplace,marketplace,,marketplace,,,605,Kalikot,60503,Raskot,6,6050306,1,within
MKT_00303,node,8301942355,"Manebazar, Shantighat",,29.2171133,81.6324832,marketplace,marketplace;named_bazar,,marketplace,,,605,Kalikot,60504,Sanni Tribeni,4,6050404,1,within
MKT_00304,node,4955895224,Lalighat Bazar,,29.1427436,81.5797977,marketplace,marketplace;named_bazar,,marketplace,,,605,Kalikot,60505,Naraharinath,1,6050501,1,within
MKT_00305,node,8314393664,Ratimata Bazar,,29.1880566,81.5433571,marketplace,marketplace;named_bazar,,marketplace,,,605,Kalikot,60505,Naraharinath,6,6050506,1,within
MKT_00306,node,8314393768,Ragad Bazar,,29.170761,81.5550233,marketplace,marketplace;named_bazar,,marketplace,,,605,Kalikot,60505,Naraharinath,6,6050506,1,within
MKT_00307,node,8310951481,Khulalu Bazar,,29.1296057,81.5642059,marketplace,marketplace;named_bazar,,marketplace,,,605,Kalikot,60505,Naraharinath,8,6050508,1,within
MKT_00308,node,8336660940,Serabada Bazar,,29.1165733,81.7499656,marketplace,marketplace;named_bazar,,marketplace,,,605,Kalikot,60506,Khandachakra,8,6050608,1,within
MKT_00309,node,8301844232,Jitte Market,,29.1343589,81.5786127,marketplace,marketplace,,marketplace,,,606,Dailekh,60605,Aathbis,5,6060505,1,within
MKT_00310,node,8310951516,Kale Khola Bazar,,29.1252172,81.5664603,marketplace,marketplace;named_bazar,,marketplace,,,606,Dailekh,60605,Aathbis,5,6060505,1,within
MKT_00311,node,12330005113,"Jite Bazar, Kalikot",,29.1237363,81.5621463,marketplace,marketplace;named_bazar,,marketplace,,,606,Dailekh,60605,Aathbis,5,6060505,1,within
MKT_00312,way,1004985912,BurbeRambe Bazar,,28.6754591,81.6855581,marketplace,marketplace;named_bazar,,marketplace,,,606,Dailekh,60611,Gurans,5,6061105,1,within
MKT_00313,node,7077860655,Jhulneta Rukumwest,,28.5503612,82.3873604,marketplace,marketplace,,marketplace,,,608,Rukum West,60805,Tribeni,6,6080506,1,within
MKT_00314,node,3661102997,Nigalpani,,28.2949215,82.3822879,marketplace,marketplace,,marketplace,,,609,Salyan,60910,Kapurkot,6,6091006,1,within
MKT_00315,node,9248417058,Siddarth Chowk Market Place,,28.4741909,81.8133878,marketplace,marketplace,,marketplace,,,610,Surkhet,61003,Lekabeshi,1,6100301,1,within
MKT_00316,way,1002457204,Butawalazar marketplace,,28.4619761,81.8071217,marketplace,marketplace,,marketplace,,,610,Surkhet,61003,Lekabeshi,2,6100302,1,within
MKT_00317,way,1002457205,Market Area -Chhote,,28.4607627,81.7799812,marketplace,marketplace,,marketplace,,,610,Surkhet,61003,Lekabeshi,2,6100302,1,within
MKT_00318,way,1002490689,Mildada market place,,28.4687344,81.8075818,marketplace,marketplace,,marketplace,,,610,Surkhet,61003,Lekabeshi,2,6100302,1,within
MKT_00319,node,9249684051,sayauli bajar,,28.4811319,81.7741061,marketplace,marketplace,,marketplace,,,610,Surkhet,61003,Lekabeshi,3,6100303,1,within
MKT_00320,way,1002483729,Sayauli Bajar Kalyan,,28.5173485,81.7311969,marketplace,marketplace,,marketplace,,,610,Surkhet,61003,Lekabeshi,6,6100306,1,within
MKT_00321,way,1002187882,Gangate market area,,28.5532163,81.7059756,marketplace,marketplace,,marketplace,,,610,Surkhet,61003,Lekabeshi,8,6100308,1,within
MKT_00322,way,1006002292,Narajale Market Area,,28.5607373,81.7150503,marketplace,marketplace,,marketplace,,,610,Surkhet,61003,Lekabeshi,10,6100310,1,within
MKT_00323,way,1004600290,Shahakari Chowk Bazar,,28.5963736,81.639887,marketplace,marketplace;named_bazar,,marketplace,,,610,Surkhet,61006,Birendranagar,12,6100612,1,within
MKT_00324,node,8333116218,Kuwadi Bazar,,29.6055464,81.7688236,marketplace,marketplace;named_bazar,,marketplace,,,701,Bajura,70101,Himali,5,7010105,1,within
MKT_00325,node,8333116223,Dhim Bazar,,29.533834,81.7434995,marketplace,marketplace;named_bazar,,marketplace,,,701,Bajura,70101,Himali,6,7010106,1,within
MKT_00326,node,8333116225,Badhu Bazar,,29.4888619,81.7198169,marketplace,marketplace;named_bazar,,marketplace,,,701,Bajura,70101,Himali,7,7010107,1,within
MKT_00327,node,8332913700,Kirtichaur bazar,,29.4783737,81.4131868,marketplace,marketplace;named_bazar,,marketplace,,,701,Bajura,70102,Gaumul,4,7010204,1,within
MKT_00328,node,8772013061,Nilasen Bazar,,29.4781948,81.3995544,marketplace,marketplace;named_bazar,,marketplace,,,701,Bajura,70102,Gaumul,5,7010205,1,within
MKT_00329,node,8332913701,Business center,,29.4840814,81.4372475,marketplace,marketplace,,marketplace,,,701,Bajura,70102,Gaumul,6,7010206,1,within
MKT_00330,node,8333116224,Kolti Bazar,,29.504822,81.6663565,marketplace,marketplace;named_bazar,,marketplace,,,701,Bajura,70103,Budhinanda,2,7010302,1,within
MKT_00331,way,719253833,Apple Cold Store,,29.4398813,81.7363117,marketplace,marketplace,,marketplace,,,701,Bajura,70104,Swami Kartik,3,7010403,1,within
MKT_00332,node,8333116226,Piluchaur bazar,,29.4710335,81.7100202,marketplace,marketplace;named_bazar,,marketplace,,,701,Bajura,70105,Pandab Gufa,1,7010501,1,within
MKT_00333,node,8332913702,Bhaunera Bazar,,29.46061,81.4532751,marketplace,marketplace;named_bazar,,marketplace,,,701,Bajura,70106,Badimalika,2,7010602,1,within
MKT_00334,node,8332913707,Martadi Bazar,,29.4582524,81.4766479,marketplace,marketplace;named_bazar,,marketplace,,,701,Bajura,70106,Badimalika,8,7010608,1,within
MKT_00335,node,8332942621,Dungrisain bazar,,29.3701285,81.24888,marketplace,marketplace;named_bazar,,marketplace,,,701,Bajura,70107,Chhededaha,2,7010702,1,within
MKT_00336,node,10589436781,,,29.4010088,81.3089259,marketplace,marketplace,,marketplace,,,701,Bajura,70107,Chhededaha,4,7010704,1,within
MKT_00337,node,7018599200,,,29.3672924,81.3298291,marketplace,marketplace,,marketplace,,,701,Bajura,70108,Budhiganga,4,7010804,1,within
MKT_00338,node,7018606701,Meat shop,,29.3681626,81.3298311,marketplace,marketplace,,marketplace,,,701,Bajura,70108,Budhiganga,4,7010804,1,within
MKT_00339,node,7027697402,,,29.375491,81.3284571,marketplace,marketplace,,marketplace,,,701,Bajura,70108,Budhiganga,4,7010804,1,within
MKT_00340,way,750396509,Bamka Bazar,,29.3554559,81.3327513,marketplace,marketplace;named_bazar,,marketplace,,,701,Bajura,70108,Budhiganga,6,7010806,1,within
MKT_00341,node,8332913712,Paima Bazar,,29.3813604,81.3865773,marketplace,marketplace;named_bazar,,marketplace,,,701,Bajura,70109,Tribeni,9,7010909,1,within
MKT_00342,node,3740891551,Deulekh Bazzar,,29.5226977,80.8198151,marketplace,marketplace,,marketplace,,,702,Bajhang,70210,Bitthadchir,5,7021005,1,within
MKT_00343,way,750024846,Kirana Shop,,29.5280577,80.8159163,marketplace,marketplace,,marketplace,,,702,Bajhang,70210,Bitthadchir,5,7021005,1,within
MKT_00344,node,12511880643,थलारा कलेक्सन सेन्टर,थलारा कलेक्सन सेन्टर,29.477846,81.0332509,marketplace,marketplace,,marketplace,,,702,Bajhang,70211,Thalara,6,7021106,1,within
MKT_00345,node,13357552236,mini gokule setigaun,,29.6595843,80.5456152,marketplace,marketplace,,marketplace,,,704,Baitadi,70401,Dilasaini,5,7040105,1,within
MKT_00346,node,14136428090,Dewal bajar,,29.3520341,80.4614304,marketplace,marketplace,,marketplace,,,705,Dadeldhura,70503,Ajayameru,5,7050305,1,within
MKT_00347,node,2406229086,Gaira Bazaar,,29.1611007,80.5988157,marketplace,marketplace;named_bazar,,marketplace,,,706,Doti,70609,Jorayal,1,7060901,1,within
MKT_00348,node,2406177573,Budar Bazaar,,29.0846859,80.5590678,marketplace,marketplace;named_bazar,,marketplace,,,706,Doti,70609,Jorayal,2,7060902,1,within
MKT_00349,node,3740900052,"Budar, Doti",,29.0833645,80.559763,marketplace,marketplace,,marketplace,,,706,Doti,70609,Jorayal,2,7060902,1,within
MKT_00350,node,4952428941,Katase Bazar,,28.59188,81.1993514,marketplace,marketplace;named_bazar,,marketplace,,,708,Kailali,70808,Janaki,9,7080809,1,within
MKT_00351,node,6612810773,"Kada bazar, bhajani",,28.5064335,80.9935844,marketplace,marketplace;named_bazar,,marketplace,,,708,Kailali,70811,Bhajani,3,7081103,1,within
MKT_00352,node,6618605657,Ganeshman Bazar,,28.4814322,80.9312626,marketplace,marketplace;named_bazar,,marketplace,,,708,Kailali,70811,Bhajani,7,7081107,1,within
MKT_00353,node,6616141827,Janakpur Chowk,,28.4877271,81.039311,marketplace,marketplace,village,marketplace,,,708,Kailali,70811,Bhajani,8,7081108,1,within
MKT_00354,node,6615775615,Dhirsarka  Bazar,,28.5851494,80.9182857,marketplace,marketplace;named_bazar,,marketplace,,,708,Kailali,70811,Bhajani,9,7081109,1,within
MKT_00355,node,6618468273,Himmatpur Bazar,,28.4989669,80.9110563,marketplace,marketplace;named_bazar,,marketplace,,,708,Kailali,70811,Bhajani,9,7081109,1,within
MKT_00356,way,1293034625,Shree Trinagar agriculture Haatbazar,,28.7061698,80.5845079,marketplace,marketplace;named_bazar,,marketplace,,,708,Kailali,70813,Dhangadhi,1,7081301,1,within
MKT_00357,node,8464069528,Dhurjanna Bazar,,28.7462168,80.6694304,marketplace,marketplace;named_bazar,,marketplace,,,708,Kailali,70813,Dhangadhi,17,7081317,1,within
MKT_00358,node,7839034487,Putalibazar,,28.9861252,80.2255776,marketplace,marketplace;named_bazar,,marketplace,,,709,Kanchanpur,70903,Bedkot,7,7090307,1,within
MKT_00359,way,996974318,Dollar Store,,27.0447341,87.9001167,retail_landuse,retail_landuse,,,,retail,110,Ilam,11002,Sandakpur,1,1100201,1,within
MKT_00360,way,543891242,,,26.6228117,87.7094422,retail_landuse,retail_landuse,,,,retail,111,Jhapa,11106,Kamal,6,1110606,1,within
MKT_00361,way,324984395,,,26.5444621,88.0962237,retail_landuse,retail_landuse,,,,retail,111,Jhapa,11114,Bhadrapur,5,1111405,1,within
MKT_00362,way,663902662,,,26.4858967,87.5860562,retail_landuse,retail_landuse,,,,retail,112,Morang,11209,Ratuwamai,5,1120905,1,within
MKT_00363,way,650752384,,,26.5784334,87.6177618,retail_landuse,retail_landuse,,,,retail,112,Morang,11209,Ratuwamai,10,1120910,1,within
MKT_00364,way,516544514,,,26.5201641,87.2797437,retail_landuse,retail_landuse,,,,retail,112,Morang,11213,Budhiganga,2,1121302,1,within
MKT_00365,way,733343171,,,26.5116104,87.266452,retail_landuse,retail_landuse,,,,retail,112,Morang,11213,Budhiganga,2,1121302,1,within
MKT_00366,way,732614753,,,26.5257515,87.2737305,retail_landuse,retail_landuse,,,,retail,112,Morang,11213,Budhiganga,3,1121303,1,within
MKT_00367,way,714443769,,,26.5541971,87.2807774,retail_landuse,retail_landuse,,,,retail,112,Morang,11213,Budhiganga,4,1121304,1,within
MKT_00368,way,518702597,,,26.5089539,87.2819375,retail_landuse,retail_landuse,,,,retail,112,Morang,11214,Biratnagar,4,1121404,1,within
MKT_00369,way,616545778,,,26.480676,87.2605615,retail_landuse,retail_landuse,,,,retail,112,Morang,11214,Biratnagar,4,1121404,1,within
MKT_00370,way,518078588,,,26.4602663,87.2781585,retail_landuse,retail_landuse,,,,retail,112,Morang,11214,Biratnagar,6,1121406,1,within
MKT_00371,way,517089319,,,26.5045029,87.3021513,retail_landuse,retail_landuse,,,,retail,112,Morang,11214,Biratnagar,19,1121419,1,within
MKT_00372,way,1540947245,Hatiya Bazaar,,26.6460146,86.62428,retail_landuse,retail_landuse;named_bazar,,,,retail,201,Saptari,20106,Khadak,7,2010607,1,within
MKT_00373,way,1542833110,Hatiya bazar,,26.6468266,86.6091906,retail_landuse,retail_landuse;named_bazar,,,,retail,201,Saptari,20106,Khadak,8,2010608,1,within
MKT_00374,way,1032068575,,,27.0504789,85.6217504,retail_landuse,retail_landuse,,,,retail,205,Sarlahi,20501,Lalbandi,9,2050109,1,within
MKT_00375,way,1051878728,,,26.9837114,85.4862907,retail_landuse,retail_landuse,,,,retail,205,Sarlahi,20504,Barahathawa,10,2050410,1,within
MKT_00376,way,1046906930,,,27.0173583,85.7357668,retail_landuse,retail_landuse,,,,retail,205,Sarlahi,20506,Ishworpur,13,2050613,1,within
MKT_00377,way,1046906933,,,27.0185598,85.7356663,retail_landuse,retail_landuse,,,,retail,205,Sarlahi,20506,Ishworpur,13,2050613,1,within
MKT_00378,way,879248220,,,27.1780919,85.34038,retail_landuse,retail_landuse,,,,retail,206,Rautahat,20601,Chandrapur,3,2060103,1,within
MKT_00379,way,766230410,,,26.8054209,85.1969303,retail_landuse,retail_landuse,,,,retail,206,Rautahat,20618,Ishanath,7,2061807,1,within
MKT_00380,way,913880118,,,27.1522129,84.9707049,retail_landuse,retail_landuse,,,,retail,207,Bara,20703,Jitpur Simara,3,2070303,1,within
MKT_00381,way,900877366,,,27.1490726,84.9575943,retail_landuse,retail_landuse,,,,retail,207,Bara,20703,Jitpur Simara,6,2070306,1,within
MKT_00382,way,887830657,,,27.1584152,85.0055833,retail_landuse,retail_landuse,,,,retail,207,Bara,20703,Jitpur Simara,14,2070314,1,within
MKT_00383,way,1212446470,TVS Showroom,,27.7271406,85.4598016,retail_landuse,retail_landuse,,,,retail,306,Kathmandu,30601,Shankharapur,6,3060106,1,within
MKT_00384,way,211091946,Lamichhane Khadyanna Store,,27.7340061,85.3514146,retail_landuse,retail_landuse,,,,retail,306,Kathmandu,30604,Budhanilkhantha,9,3060409,1,within
MKT_00385,way,1536082900,,,27.7682414,85.3303652,retail_landuse,retail_landuse,,,,retail,306,Kathmandu,30605,Tokha,2,3060502,1,within
MKT_00386,way,342414576,Tarkari bazar,,27.7174185,85.3258053,retail_landuse,retail_landuse;named_bazar,,,,retail,306,Kathmandu,30608,Kathmandu,2,3060802,1,within
MKT_00387,way,908589792,,,27.7327857,85.3383244,retail_landuse,retail_landuse,,,,retail,306,Kathmandu,30608,Kathmandu,4,3060804,1,within
MKT_00388,way,913806025,Shree Agrawal Rudraksha Bhandar,,27.7068609,85.3477961,retail_landuse,retail_landuse,,,,retail,306,Kathmandu,30608,Kathmandu,8,3060808,1,within
MKT_00389,way,916734525,Mini Market,,27.6917616,85.3358964,retail_landuse,retail_landuse,,,,retail,306,Kathmandu,30608,Kathmandu,10,3060810,1,within
MKT_00390,way,179097755,Bluebird Department Store,,27.6921065,85.3172055,retail_landuse,retail_landuse,,,,retail,306,Kathmandu,30608,Kathmandu,11,3060811,1,within
MKT_00391,way,184884986,Khulla Bazar,,27.70014,85.3186575,retail_landuse,retail_landuse;named_bazar,,,,retail,306,Kathmandu,30608,Kathmandu,28,3060828,1,within
MKT_00392,way,916520569,InfoTechs Nepal,,27.6864069,85.342246,retail_landuse,retail_landuse,,,,retail,306,Kathmandu,30608,Kathmandu,31,3060831,1,within
MKT_00393,way,302984660,Pick And Save Store,,27.6899194,85.3632034,retail_landuse,retail_landuse,,,,retail,306,Kathmandu,30608,Kathmandu,32,3060832,1,within
MKT_00394,way,343325959,Frooti Factory,,27.6859035,85.2559642,retail_landuse,retail_landuse,,,,retail,306,Kathmandu,30610,Chandragiri,11,3061011,1,within
MKT_00395,way,397747620,Shrestha Nirman Sewa,,27.6737116,85.3804123,retail_landuse,retail_landuse,,,,retail,307,Bhaktapur,30703,Madhyapur Thimi,3,3070303,1,within
MKT_00396,way,550794312,Big Mart,,27.6889715,85.3793239,retail_landuse,retail_landuse,,,,retail,307,Bhaktapur,30703,Madhyapur Thimi,7,3070307,1,within
MKT_00397,way,326685203,Ara Apparels,,27.6738318,85.3095392,retail_landuse,retail_landuse,,,,retail,308,Lalitpur,30802,Lalitpur,4,3080204,1,within
MKT_00398,way,179100272,Balkumari Banquet,,27.6722546,85.3379267,retail_landuse,retail_landuse,,,,retail,308,Lalitpur,30802,Lalitpur,9,3080209,1,within
MKT_00399,way,206802899,RB Genreral Store,,27.6492886,85.2999784,retail_landuse,retail_landuse,,,,retail,308,Lalitpur,30802,Lalitpur,18,3080218,1,within
MKT_00400,way,365276245,,,27.6286157,85.3037228,retail_landuse,retail_landuse,,,,retail,308,Lalitpur,30802,Lalitpur,22,3080222,1,within
MKT_00401,way,209211712,small street market,,27.66209,85.3060664,retail_landuse,retail_landuse,,,,retail,308,Lalitpur,30802,Lalitpur,25,3080225,1,within
MKT_00402,way,340377274,Ta Chapa,,27.6370864,85.3405356,retail_landuse,retail_landuse,,,,retail,308,Lalitpur,30802,Lalitpur,28,3080228,1,within
MKT_00403,way,899450731,Plotting,,27.600586,85.3226492,retail_landuse,retail_landuse,,,,retail,308,Lalitpur,30803,Godawari,11,3080311,1,within
MKT_00404,way,705357341,,,27.209247,85.9107957,retail_landuse,retail_landuse,,,,retail,311,Sindhuli,31105,Kamalamai,5,3110505,1,within
MKT_00405,way,705357483,Sindhuli Bazar 2,,27.2059646,85.9118897,retail_landuse,retail_landuse;named_bazar,,,,retail,311,Sindhuli,31105,Kamalamai,6,3110506,1,within
MKT_00406,way,705359825,,,27.2100265,85.9127412,retail_landuse,retail_landuse,,,,retail,311,Sindhuli,31105,Kamalamai,6,3110506,1,within
MKT_00407,way,782341496,Wednesday Market,,27.219716,85.9093711,retail_landuse,retail_landuse,,,,retail,311,Sindhuli,31105,Kamalamai,6,3110506,1,within
MKT_00408,way,970341954,,,27.4152453,85.0204638,retail_landuse,retail_landuse,,,,retail,312,Makwanpur,31206,Hetauda,9,3120609,1,within
MKT_00409,relation,4822182,Kathar School Ground,,27.587291,84.6029482,retail_landuse,retail_landuse,,,,retail,313,Chitwan,31306,Khairahani,10,3130610,1,within
MKT_00410,way,240404776,Bhatbhateni Super Store,भाटभटेनी सुपर मार्केट,28.2205289,83.986487,retail_landuse,retail_landuse,,,mall,retail,405,Kaski,40504,Pokhara Lekhnath,9,4050409,1,within
MKT_00411,way,919682236,,,27.9828402,84.0803423,retail_landuse,retail_landuse,,,,retail,407,Tanahu,40705,Bhimad,7,4070507,1,within
MKT_00412,way,399038385,Haat Bazzar Area,,27.7043621,84.4066098,retail_landuse,retail_landuse;named_bazar,,,,retail,408,Nawalparasi East,40801,Gaidakot,5,4080105,1,within
MKT_00413,way,961249352,,,27.6775979,84.2148287,retail_landuse,retail_landuse,,,,retail,408,Nawalparasi East,40805,Devchuli,2,4080502,1,within
MKT_00414,way,961249354,,,27.6777357,84.2151775,retail_landuse,retail_landuse,,,,retail,408,Nawalparasi East,40805,Devchuli,2,4080502,1,within
MKT_00415,way,137918435,,,28.037568,83.770867,retail_landuse,retail_landuse,,,,retail,409,Syangja,40905,Bhirkot,6,4090506,1,within
MKT_00416,way,1141876864,Manakaman Photo And Stationary Center,,28.2203843,83.677774,retail_landuse,retail_landuse,,,,retail,410,Parwat,41003,Kushma,5,4100305,1,within
MKT_00417,way,1008021727,,,27.7009714,83.2784633,retail_landuse,retail_landuse,,,,retail,508,Rupandehi,50803,Sainamaina,9,5080309,1,within
MKT_00418,way,587840912,,,27.4895485,83.2752132,retail_landuse,retail_landuse,,,,retail,508,Rupandehi,,,99,,0,within
MKT_00419,way,678674545,,,27.4900842,83.2749365,retail_landuse,retail_landuse,,,,retail,508,Rupandehi,,,99,,0,within
MKT_00420,way,901237265,New Life Store an Electronic Pvt. Ltd.,,28.019829,82.317379,retail_landuse,retail_landuse,,,,retail,510,Dang,51003,Tulsipur,14,5100314,1,within
MKT_00421,way,719261326,,,29.6392026,81.7476153,retail_landuse,retail_landuse,,,,retail,603,Humla,60307,Tanjakot,1,6030701,1,within
MKT_00422,way,778684060,,,28.4866805,80.9237686,retail_landuse,retail_landuse,,,,retail,708,Kailali,70811,Bhajani,7,7081107,1,within
MKT_00423,way,926868386,,,28.690575,80.6194251,retail_landuse,retail_landuse,,,,retail,708,Kailali,70813,Dhangadhi,7,7081307,1,within
MKT_00424,way,513977920,जिल्ला समन्वय समितिको कार्यालय ताप्लेजुङ,,27.353487,87.666231,commercial_landuse,commercial_landuse,,,,commercial,101,Taplejung,10106,Phungling,4,1010604,1,within
MKT_00425,way,300651648,,,27.8040711,86.7116223,commercial_landuse,commercial_landuse,,,,commercial,103,Solukhumbu,10301,Khumbu Pasanglhamu,5,1030105,1,within
MKT_00426,way,548949034,Kosh Haat Bazar,,27.3080184,86.3784926,commercial_landuse,commercial_landuse;named_bazar,,,,commercial,104,Okhaldhunga,10407,Sunkoshi,9,1040709,1,within
MKT_00427,way,707144478,Helicopter Landing Pad,,27.3568357,86.7480806,commercial_landuse,commercial_landuse,,,,commercial,105,Khotang,10502,Aiselukharka,7,1050207,1,within
MKT_00428,way,546134567,Sangranti Bazar,,27.2200175,87.6520352,commercial_landuse,commercial_landuse;named_bazar,,,,commercial,108,Tenhrathum,10801,Aatharai,1,1080101,1,within
MKT_00429,way,518554721,,,26.7978849,88.0957604,commercial_landuse,commercial_landuse,,,,commercial,110,Ilam,11010,Rong,5,1101005,1,within
MKT_00430,way,518904092,,,26.7276505,88.0459044,commercial_landuse,commercial_landuse,,,,commercial,111,Jhapa,11102,Buddhashanti,1,1110201,1,within
MKT_00431,way,1319603111,,,26.6495567,88.0046933,commercial_landuse,commercial_landuse,,,,commercial,111,Jhapa,11103,Arjundhara,11,1110311,1,within
MKT_00432,way,543891198,,,26.6192557,87.7088678,commercial_landuse,commercial_landuse,,,,commercial,111,Jhapa,11106,Kamal,7,1110607,1,within
MKT_00433,way,543891218,,,26.6205932,87.7100298,commercial_landuse,commercial_landuse,,,,commercial,111,Jhapa,11106,Kamal,7,1110607,1,within
MKT_00434,way,664489156,,,26.4740208,87.668959,commercial_landuse,commercial_landuse,,,,commercial,111,Jhapa,11109,Gauriganj,6,1110906,1,within
MKT_00435,way,665130460,,,26.472049,87.6659149,commercial_landuse,commercial_landuse,,,,commercial,111,Jhapa,11109,Gauriganj,6,1110906,1,within
MKT_00436,way,1075667210,,,26.6395592,87.9778264,commercial_landuse,commercial_landuse,,,,commercial,111,Jhapa,11112,Birtamod,2,1111202,1,within
MKT_00437,way,541746544,,,26.7388652,87.5074652,commercial_landuse,commercial_landuse,,,,commercial,112,Morang,11202,Letang,5,1120205,1,within
MKT_00438,way,541887588,,,26.7388738,87.5054408,commercial_landuse,commercial_landuse,,,,commercial,112,Morang,11202,Letang,5,1120205,1,within
MKT_00439,way,602703568,Schoolterrein,,26.6550986,87.3015419,commercial_landuse,commercial_landuse,,,,commercial,112,Morang,11204,Sundarharaicha,4,1120404,1,within
MKT_00440,way,240228565,Sukrabarey Bazaar,,26.6619706,87.4076779,commercial_landuse,commercial_landuse;named_bazar,,,,commercial,112,Morang,11205,Belbari,2,1120502,1,within
MKT_00441,way,644495413,,,26.5822187,87.4298472,commercial_landuse,commercial_landuse,,,,commercial,112,Morang,11205,Belbari,6,1120506,1,within
MKT_00442,way,644495414,,,26.5821185,87.4298404,commercial_landuse,commercial_landuse,,,,commercial,112,Morang,11205,Belbari,6,1120506,1,within
MKT_00443,way,553259548,,,26.6673294,87.6074708,commercial_landuse,commercial_landuse,,,,commercial,112,Morang,11208,Urlabari,4,1120804,1,within
MKT_00444,way,555783163,,,26.6668968,87.6074463,commercial_landuse,commercial_landuse,,,,commercial,112,Morang,11208,Urlabari,4,1120804,1,within
MKT_00445,way,737546223,,,26.5256163,87.614629,commercial_landuse,commercial_landuse,,,,commercial,112,Morang,11209,Ratuwamai,8,1120908,1,within
MKT_00446,way,737546226,,,26.521417,87.614976,commercial_landuse,commercial_landuse,,,,commercial,112,Morang,11209,Ratuwamai,8,1120908,1,within
MKT_00447,way,416530711,Dainiya VDC Office,,26.4530071,87.5486339,commercial_landuse,commercial_landuse,,,,commercial,112,Morang,11210,Sunwarshi,9,1121009,1,within
MKT_00448,way,409937723,,,26.525763,87.2798544,commercial_landuse,commercial_landuse,,,,commercial,112,Morang,11213,Budhiganga,1,1121301,1,within
MKT_00449,way,518702547,,,26.5113295,87.2825578,commercial_landuse,commercial_landuse,,,,commercial,112,Morang,11213,Budhiganga,1,1121301,1,within
MKT_00450,way,518702617,,,26.5187085,87.2807907,commercial_landuse,commercial_landuse,,,,commercial,112,Morang,11213,Budhiganga,1,1121301,1,within
MKT_00451,way,519230724,,,26.515647,87.2820963,commercial_landuse,commercial_landuse,,,,commercial,112,Morang,11213,Budhiganga,1,1121301,1,within
MKT_00452,way,656820534,,,26.5203501,87.2756681,commercial_landuse,commercial_landuse,,,,commercial,112,Morang,11213,Budhiganga,2,1121302,1,within
MKT_00453,way,732994515,,,26.5193818,87.2716762,commercial_landuse,commercial_landuse,,,,commercial,112,Morang,11213,Budhiganga,2,1121302,1,within
MKT_00454,way,733045220,,,26.518891,87.2756664,commercial_landuse,commercial_landuse,,,,commercial,112,Morang,11213,Budhiganga,2,1121302,1,within
MKT_00455,way,409937710,,,26.5377073,87.2811373,commercial_landuse,commercial_landuse,,,,commercial,112,Morang,11213,Budhiganga,3,1121303,1,within
MKT_00456,way,409937743,,,26.5442,87.2805846,commercial_landuse,commercial_landuse,,,,commercial,112,Morang,11213,Budhiganga,3,1121303,1,within
MKT_00457,way,409965252,,,26.5458746,87.2832531,commercial_landuse,commercial_landuse,,,,commercial,112,Morang,11213,Budhiganga,3,1121303,1,within
MKT_00458,way,409937704,,,26.553563,87.2809587,commercial_landuse,commercial_landuse,,,,commercial,112,Morang,11213,Budhiganga,4,1121304,1,within
MKT_00459,way,409965251,,,26.5525822,87.2828172,commercial_landuse,commercial_landuse,,,,commercial,112,Morang,11213,Budhiganga,4,1121304,1,within
MKT_00460,way,515648250,,,26.5520173,87.2791511,commercial_landuse,commercial_landuse,,,,commercial,112,Morang,11213,Budhiganga,4,1121304,1,within
MKT_00461,way,515648248,,,26.5649608,87.2987464,commercial_landuse,commercial_landuse,,,,commercial,112,Morang,11213,Budhiganga,5,1121305,1,within
MKT_00462,way,714002463,,,26.5589918,87.2872792,commercial_landuse,commercial_landuse,,,,commercial,112,Morang,11213,Budhiganga,5,1121305,1,within
MKT_00463,way,714002467,,,26.5653506,87.2971843,commercial_landuse,commercial_landuse,,,,commercial,112,Morang,11213,Budhiganga,5,1121305,1,within
MKT_00464,way,517586218,,,26.3836824,87.2694068,commercial_landuse,commercial_landuse,,,,commercial,112,Morang,11214,Biratnagar,18,1121418,1,within
MKT_00465,way,800358934,,,26.3816881,87.2767005,commercial_landuse,commercial_landuse,,,,commercial,112,Morang,11214,Biratnagar,18,1121418,1,within
MKT_00466,way,517800202,,,26.5051554,87.3103854,commercial_landuse,commercial_landuse,,,,commercial,112,Morang,11214,Biratnagar,19,1121419,1,within
MKT_00467,way,517698752,,,26.84969,87.341636,commercial_landuse,commercial_landuse,,,,commercial,113,Sunsari,11301,Dharan,4,1130104,1,within
MKT_00468,way,1183900039,,,26.7647079,87.306753,commercial_landuse,commercial_landuse,,,,commercial,113,Sunsari,11301,Dharan,6,1130106,1,within
MKT_00469,way,1189364685,,,26.8166958,87.2984668,commercial_landuse,commercial_landuse,,,,commercial,113,Sunsari,11301,Dharan,14,1130114,1,within
MKT_00470,way,1199458645,,,26.8445666,87.274118,commercial_landuse,commercial_landuse,,,,commercial,113,Sunsari,11301,Dharan,20,1130120,1,within
MKT_00471,way,1200808137,,,26.8515647,87.281346,commercial_landuse,commercial_landuse,,,,commercial,113,Sunsari,11301,Dharan,20,1130120,1,within
MKT_00472,way,1124740789,,,26.746366,87.1229757,commercial_landuse,commercial_landuse,,,,commercial,113,Sunsari,11302,Baraha,6,1130206,1,within
MKT_00473,way,597486847,,,26.6605748,87.2867713,commercial_landuse,commercial_landuse,,,,commercial,113,Sunsari,11306,Itahari,4,1130604,1,within
MKT_00474,way,409937702,,,26.6309197,87.2764284,commercial_landuse,commercial_landuse,,,,commercial,113,Sunsari,11306,Itahari,12,1130612,1,within
MKT_00475,way,409937711,,,26.6303155,87.2727922,commercial_landuse,commercial_landuse,,,,commercial,113,Sunsari,11306,Itahari,12,1130612,1,within
MKT_00476,way,409937754,,,26.6461426,87.2743813,commercial_landuse,commercial_landuse,,,,commercial,113,Sunsari,11306,Itahari,12,1130612,1,within
MKT_00477,way,409937761,,,26.6355871,87.2733829,commercial_landuse,commercial_landuse,,,,commercial,113,Sunsari,11306,Itahari,12,1130612,1,within
MKT_00478,way,409937697,,,26.5859147,87.2775563,commercial_landuse,commercial_landuse,,,,commercial,113,Sunsari,11307,Duhabi,2,1130702,1,within
MKT_00479,way,409937731,,,26.5930359,87.275934,commercial_landuse,commercial_landuse,,,,commercial,113,Sunsari,11307,Duhabi,2,1130702,1,within
MKT_00480,way,409937705,,,26.5861078,87.2795626,commercial_landuse,commercial_landuse,,,,commercial,113,Sunsari,11307,Duhabi,3,1130703,1,within
MKT_00481,way,409937722,,,26.584567,87.2775879,commercial_landuse,commercial_landuse,,,,commercial,113,Sunsari,11307,Duhabi,3,1130703,1,within
MKT_00482,way,409937725,,,26.5831125,87.277676,commercial_landuse,commercial_landuse,,,,commercial,113,Sunsari,11307,Duhabi,3,1130703,1,within
MKT_00483,way,409937732,,,26.5876927,87.2795321,commercial_landuse,commercial_landuse,,,,commercial,113,Sunsari,11307,Duhabi,3,1130703,1,within
MKT_00484,way,409937746,,,26.5837232,87.2800151,commercial_landuse,commercial_landuse,,,,commercial,113,Sunsari,11307,Duhabi,3,1130703,1,within
MKT_00485,way,409964626,,,26.5760609,87.2808992,commercial_landuse,commercial_landuse,,,,commercial,113,Sunsari,11307,Duhabi,3,1130703,1,within
MKT_00486,way,409964627,,,26.5796881,87.2810555,commercial_landuse,commercial_landuse,,,,commercial,113,Sunsari,11307,Duhabi,3,1130703,1,within
MKT_00487,way,409964628,,,26.580108,87.2780934,commercial_landuse,commercial_landuse,,,,commercial,113,Sunsari,11307,Duhabi,3,1130703,1,within
MKT_00488,way,409964629,,,26.5736881,87.2805759,commercial_landuse,commercial_landuse,,,,commercial,113,Sunsari,11307,Duhabi,3,1130703,1,within
MKT_00489,way,630721762,,,26.5939509,87.2780449,commercial_landuse,commercial_landuse,,,,commercial,113,Sunsari,11307,Duhabi,3,1130703,1,within
MKT_00490,way,409965258,,,26.5633557,87.2783127,commercial_landuse,commercial_landuse,,,,commercial,113,Sunsari,11307,Duhabi,5,1130705,1,within
MKT_00491,way,524589283,,,26.5616314,87.2783699,commercial_landuse,commercial_landuse,,,,commercial,113,Sunsari,11307,Duhabi,5,1130705,1,within
MKT_00492,way,409965255,,,26.5618272,87.2806754,commercial_landuse,commercial_landuse,,,,commercial,113,Sunsari,11307,Duhabi,6,1130706,1,within
MKT_00493,way,409965256,,,26.5606141,87.2822685,commercial_landuse,commercial_landuse,,,,commercial,113,Sunsari,11307,Duhabi,6,1130706,1,within
MKT_00494,way,714463290,,,26.5614374,87.2809935,commercial_landuse,commercial_landuse,,,,commercial,113,Sunsari,11307,Duhabi,6,1130706,1,within
MKT_00495,way,409937717,,,26.6066987,87.2742167,commercial_landuse,commercial_landuse,,,,commercial,113,Sunsari,11307,Duhabi,8,1130708,1,within
MKT_00496,way,409937738,,,26.5993973,87.2752535,commercial_landuse,commercial_landuse,,,,commercial,113,Sunsari,11307,Duhabi,8,1130708,1,within
MKT_00497,way,409937759,,,26.6102227,87.273639,commercial_landuse,commercial_landuse,,,,commercial,113,Sunsari,11307,Duhabi,8,1130708,1,within
MKT_00498,way,409937769,,,26.6060924,87.276891,commercial_landuse,commercial_landuse,,,,commercial,113,Sunsari,11307,Duhabi,8,1130708,1,within
MKT_00499,way,630002834,,,26.5956678,87.2755551,commercial_landuse,commercial_landuse,,,,commercial,113,Sunsari,11307,Duhabi,8,1130708,1,within
MKT_00500,way,631067720,,,26.60361,87.2766601,commercial_landuse,commercial_landuse,,,,commercial,113,Sunsari,11307,Duhabi,8,1130708,1,within
MKT_00501,way,1010285316,Banauli Hatiya,,26.5870979,86.8185332,commercial_landuse,commercial_landuse,,,,commercial,201,Saptari,20103,Agnisair Krishna Sabaran,4,2010304,1,within
MKT_00502,way,1342414769,,,26.4521925,86.7352801,commercial_landuse,commercial_landuse,,,,commercial,201,Saptari,20118,Chhinnamasta,3,2011803,1,within
MKT_00503,way,1342420135,,,26.4521957,86.7346972,commercial_landuse,commercial_landuse,,,,commercial,201,Saptari,20118,Chhinnamasta,3,2011803,1,within
MKT_00504,way,223823106,,,26.718183,86.4810869,commercial_landuse,commercial_landuse,,,,commercial,202,Siraha,20201,Lahan,7,2020107,1,within
MKT_00505,way,673252405,Gol bazaar,,26.7947078,86.3292528,commercial_landuse,commercial_landuse;named_bazar,,,,commercial,202,Siraha,20203,Golbazar,6,2020306,1,within
MKT_00506,way,963400885,Radha Krishna Chowk Geruwaha,,26.6204113,86.4681384,commercial_landuse,commercial_landuse,,,,commercial,202,Siraha,20214,Nawarajpur,1,2021401,1,within
MKT_00507,way,535234088,,,26.6396806,86.1308947,commercial_landuse,commercial_landuse,,,,commercial,203,Dhanusa,20312,Janak Nandini,2,2031202,1,within
MKT_00508,way,535234089,,,26.6397801,86.1308248,commercial_landuse,commercial_landuse,,,,commercial,203,Dhanusa,20312,Janak Nandini,2,2031202,1,within
MKT_00509,way,535234090,,,26.6399003,86.1308607,commercial_landuse,commercial_landuse,,,,commercial,203,Dhanusa,20312,Janak Nandini,2,2031202,1,within
MKT_00510,way,535234091,,,26.639884,86.1311281,commercial_landuse,commercial_landuse,,,,commercial,203,Dhanusa,20312,Janak Nandini,6,2031206,1,within
MKT_00511,way,353721508,Fruits Center,,26.7222894,85.9164708,commercial_landuse,commercial_landuse,,,,commercial,203,Dhanusa,20315,Janakpur,7,2031507,1,within
MKT_00512,way,372645927,Janakpur Cigarette(Churut) Factory,,26.7400162,85.9300136,commercial_landuse,commercial_landuse,,,,commercial,203,Dhanusa,20315,Janakpur,9,2031509,1,within
MKT_00513,way,916929032,,,26.632791,85.7732322,commercial_landuse,commercial_landuse,,,,commercial,204,Mahottari,20415,Jaleshwor,3,2041503,1,within
MKT_00514,way,988286044,,,27.0705289,85.6067864,commercial_landuse,commercial_landuse,,,,commercial,205,Sarlahi,20501,Lalbandi,1,2050101,1,within
MKT_00515,way,988372496,,,27.0693989,85.5832514,commercial_landuse,commercial_landuse,,,,commercial,205,Sarlahi,20501,Lalbandi,1,2050101,1,within
MKT_00516,way,1026685141,,,27.0631312,85.5941681,commercial_landuse,commercial_landuse,,,,commercial,205,Sarlahi,20501,Lalbandi,1,2050101,1,within
MKT_00517,way,1026706151,,,27.0736723,85.5853446,commercial_landuse,commercial_landuse,,,,commercial,205,Sarlahi,20501,Lalbandi,1,2050101,1,within
MKT_00518,way,1026706161,,,27.0678963,85.5835194,commercial_landuse,commercial_landuse,,,,commercial,205,Sarlahi,20501,Lalbandi,1,2050101,1,within
MKT_00519,way,1026706163,,,27.0648599,85.5860647,commercial_landuse,commercial_landuse,,,,commercial,205,Sarlahi,20501,Lalbandi,1,2050101,1,within
MKT_00520,way,1031372467,,,27.057443,85.609395,commercial_landuse,commercial_landuse,,,,commercial,205,Sarlahi,20501,Lalbandi,1,2050101,1,within
MKT_00521,way,1026717642,,,27.0612831,85.5724816,commercial_landuse,commercial_landuse,,,,commercial,205,Sarlahi,20501,Lalbandi,2,2050102,1,within
MKT_00522,way,1026717649,,,27.0595528,85.5754754,commercial_landuse,commercial_landuse,,,,commercial,205,Sarlahi,20501,Lalbandi,2,2050102,1,within
MKT_00523,way,1030381796,,,27.0475124,85.5829346,commercial_landuse,commercial_landuse,,,,commercial,205,Sarlahi,20501,Lalbandi,2,2050102,1,within
MKT_00524,way,988677795,,,27.0400821,85.6358947,commercial_landuse,commercial_landuse,,,,commercial,205,Sarlahi,20501,Lalbandi,5,2050105,1,within
MKT_00525,way,988677799,,,27.0431908,85.6347768,commercial_landuse,commercial_landuse,,,,commercial,205,Sarlahi,20501,Lalbandi,5,2050105,1,within
MKT_00526,way,984256377,,,27.0624843,85.6486814,commercial_landuse,commercial_landuse,,,,commercial,205,Sarlahi,20501,Lalbandi,6,2050106,1,within
MKT_00527,way,984365821,,,27.0627685,85.649605,commercial_landuse,commercial_landuse,,,,commercial,205,Sarlahi,20501,Lalbandi,6,2050106,1,within
MKT_00528,way,1032595594,,,27.0540182,85.6352971,commercial_landuse,commercial_landuse,,,,commercial,205,Sarlahi,20501,Lalbandi,8,2050108,1,within
MKT_00529,way,1031657384,,,27.0553836,85.6232924,commercial_landuse,commercial_landuse,,,,commercial,205,Sarlahi,20501,Lalbandi,9,2050109,1,within
MKT_00530,way,1031662248,,,27.0552174,85.6249782,commercial_landuse,commercial_landuse,,,,commercial,205,Sarlahi,20501,Lalbandi,9,2050109,1,within
MKT_00531,way,1032558855,,,27.0541198,85.6177052,commercial_landuse,commercial_landuse,,,,commercial,205,Sarlahi,20501,Lalbandi,9,2050109,1,within
MKT_00532,way,978815183,,,27.1045024,85.6364865,commercial_landuse,commercial_landuse,,,,commercial,205,Sarlahi,20501,Lalbandi,12,2050112,1,within
MKT_00533,way,1025183226,,,27.0751408,85.7502205,commercial_landuse,commercial_landuse,,,,commercial,205,Sarlahi,20501,Lalbandi,15,2050115,1,within
MKT_00534,way,1025183228,,,27.0758038,85.7503817,commercial_landuse,commercial_landuse,,,,commercial,205,Sarlahi,20501,Lalbandi,15,2050115,1,within
MKT_00535,way,1034465751,,,27.0487064,85.6679355,commercial_landuse,commercial_landuse,,,,commercial,205,Sarlahi,20501,Lalbandi,17,2050117,1,within
MKT_00536,way,949135666,,,27.1108897,85.6248281,commercial_landuse,commercial_landuse,,,,commercial,205,Sarlahi,20502,Hariwan,2,2050202,1,within
MKT_00537,way,1022596742,,,27.08188,85.5804845,commercial_landuse,commercial_landuse,,,,commercial,205,Sarlahi,20502,Hariwan,4,2050204,1,within
MKT_00538,way,1029680150,,,27.0493041,85.5436806,commercial_landuse,commercial_landuse,,,,commercial,205,Sarlahi,20502,Hariwan,6,2050206,1,within
MKT_00539,way,988019641,,,27.1042206,85.5634405,commercial_landuse,commercial_landuse,,,,commercial,205,Sarlahi,20502,Hariwan,8,2050208,1,within
MKT_00540,way,1022579546,,,27.0935442,85.5641633,commercial_landuse,commercial_landuse,,,,commercial,205,Sarlahi,20502,Hariwan,8,2050208,1,within
MKT_00541,way,1022581170,,,27.0886156,85.5670896,commercial_landuse,commercial_landuse,,,,commercial,205,Sarlahi,20502,Hariwan,8,2050208,1,within
MKT_00542,way,971649626,,,27.0977908,85.5465913,commercial_landuse,commercial_landuse,,,,commercial,205,Sarlahi,20502,Hariwan,9,2050209,1,within
MKT_00543,way,1022252245,,,27.0949109,85.5294825,commercial_landuse,commercial_landuse,,,,commercial,205,Sarlahi,20502,Hariwan,9,2050209,1,within
MKT_00544,way,1022281735,,,27.0925133,85.5414387,commercial_landuse,commercial_landuse,,,,commercial,205,Sarlahi,20502,Hariwan,9,2050209,1,within
MKT_00545,way,1022281734,,,27.0915689,85.5422894,commercial_landuse,commercial_landuse,,,,commercial,205,Sarlahi,20502,Hariwan,10,2050210,1,within
MKT_00546,way,1027370962,,,27.0753379,85.4641788,commercial_landuse,commercial_landuse,,,,commercial,205,Sarlahi,20503,Bagmati,4,2050304,1,within
MKT_00547,way,1027099156,,,27.0634141,85.4668114,commercial_landuse,commercial_landuse,,,,commercial,205,Sarlahi,20503,Bagmati,5,2050305,1,within
MKT_00548,way,903075157,,,27.1379786,85.4882086,commercial_landuse,commercial_landuse,,,,commercial,205,Sarlahi,20503,Bagmati,11,2050311,1,within
MKT_00549,way,903124564,,,27.1359307,85.4865319,commercial_landuse,commercial_landuse,,,,commercial,205,Sarlahi,20503,Bagmati,11,2050311,1,within
MKT_00550,way,929661940,,,27.1184303,85.4972705,commercial_landuse,commercial_landuse,,,,commercial,205,Sarlahi,20503,Bagmati,11,2050311,1,within
MKT_00551,way,927804018,,,27.1229447,85.4851164,commercial_landuse,commercial_landuse,,,,commercial,205,Sarlahi,20503,Bagmati,12,2050312,1,within
MKT_00552,way,927811783,,,27.1251984,85.4875525,commercial_landuse,commercial_landuse,,,,commercial,205,Sarlahi,20503,Bagmati,12,2050312,1,within
MKT_00553,way,928237996,,,27.123459,85.4896509,commercial_landuse,commercial_landuse,,,,commercial,205,Sarlahi,20503,Bagmati,12,2050312,1,within
MKT_00554,way,1035096742,,,27.0242903,85.4610106,commercial_landuse,commercial_landuse,,,,commercial,205,Sarlahi,20504,Barahathawa,5,2050405,1,within
MKT_00555,way,1042620359,,,27.0059591,85.4663169,commercial_landuse,commercial_landuse,,,,commercial,205,Sarlahi,20504,Barahathawa,5,2050405,1,within
MKT_00556,way,1042620357,,,27.0036953,85.4595524,commercial_landuse,commercial_landuse,,,,commercial,205,Sarlahi,20504,Barahathawa,6,2050406,1,within
MKT_00557,way,1042636067,,,27.0089842,85.4601249,commercial_landuse,commercial_landuse,,,,commercial,205,Sarlahi,20504,Barahathawa,6,2050406,1,within
MKT_00558,way,1057688748,,,26.9664952,85.468531,commercial_landuse,commercial_landuse,,,,commercial,205,Sarlahi,20504,Barahathawa,8,2050408,1,within
MKT_00559,way,1051334946,,,26.9911933,85.5243044,commercial_landuse,commercial_landuse,,,,commercial,205,Sarlahi,20504,Barahathawa,16,2050416,1,within
MKT_00560,way,1068479158,,,26.9762418,85.5662331,commercial_landuse,commercial_landuse,,,,commercial,205,Sarlahi,20505,Haripur,4,2050504,1,within
MKT_00561,way,1044754951,,,27.0038454,85.5778136,commercial_landuse,commercial_landuse,,,,commercial,205,Sarlahi,20505,Haripur,5,2050505,1,within
MKT_00562,way,1046846028,,,27.0005336,85.6509828,commercial_landuse,commercial_landuse,,,,commercial,205,Sarlahi,20506,Ishworpur,4,2050604,1,within
MKT_00563,way,1046846029,,,27.0004084,85.6517094,commercial_landuse,commercial_landuse,,,,commercial,205,Sarlahi,20506,Ishworpur,4,2050604,1,within
MKT_00564,way,987708394,,,27.0203443,85.6560145,commercial_landuse,commercial_landuse,,,,commercial,205,Sarlahi,20506,Ishworpur,5,2050605,1,within
MKT_00565,way,1046850527,,,27.0094878,85.6617632,commercial_landuse,commercial_landuse,,,,commercial,205,Sarlahi,20506,Ishworpur,5,2050605,1,within
MKT_00566,way,1046897429,,,27.008394,85.66087,commercial_landuse,commercial_landuse,,,,commercial,205,Sarlahi,20506,Ishworpur,5,2050605,1,within
MKT_00567,way,987918479,,,27.0172865,85.6444001,commercial_landuse,commercial_landuse,,,,commercial,205,Sarlahi,20506,Ishworpur,6,2050606,1,within
MKT_00568,way,1046826688,,,27.0033442,85.6486715,commercial_landuse,commercial_landuse,,,,commercial,205,Sarlahi,20506,Ishworpur,6,2050606,1,within
MKT_00569,way,1046826689,,,27.0029451,85.6487466,commercial_landuse,commercial_landuse,,,,commercial,205,Sarlahi,20506,Ishworpur,6,2050606,1,within
MKT_00570,way,1046838527,,,27.0064804,85.642476,commercial_landuse,commercial_landuse,,,,commercial,205,Sarlahi,20506,Ishworpur,6,2050606,1,within
MKT_00571,way,1047212593,,,26.9997493,85.6514007,commercial_landuse,commercial_landuse,,,,commercial,205,Sarlahi,20506,Ishworpur,7,2050607,1,within
MKT_00572,way,1049385790,,,26.9914705,85.60556,commercial_landuse,commercial_landuse,,,,commercial,205,Sarlahi,20506,Ishworpur,11,2050611,1,within
MKT_00573,way,1049575862,,,26.9903603,85.6048827,commercial_landuse,commercial_landuse,,,,commercial,205,Sarlahi,20506,Ishworpur,11,2050611,1,within
MKT_00574,way,1047105632,,,27.0161794,85.7372494,commercial_landuse,commercial_landuse,,,,commercial,205,Sarlahi,20506,Ishworpur,13,2050613,1,within
MKT_00575,way,1074808453,,,26.9694812,85.7260492,commercial_landuse,commercial_landuse,,,,commercial,205,Sarlahi,20506,Ishworpur,13,2050613,1,within
MKT_00576,way,1083993759,,,26.9567793,85.6273467,commercial_landuse,commercial_landuse,,,,commercial,205,Sarlahi,20510,Chandranagar,3,2051003,1,within
MKT_00577,way,1084617734,,,26.9574292,85.6272296,commercial_landuse,commercial_landuse,,,,commercial,205,Sarlahi,20510,Chandranagar,3,2051003,1,within
MKT_00578,way,1453830600,,,26.8721526,85.5581988,commercial_landuse,commercial_landuse,,,,commercial,205,Sarlahi,20520,Malangawa,11,2052011,1,within
MKT_00579,way,902746122,,,27.135168,85.4727795,commercial_landuse,commercial_landuse,,,,commercial,206,Rautahat,20601,Chandrapur,1,2060101,1,within
MKT_00580,way,926673804,,,27.1165808,85.4491968,commercial_landuse,commercial_landuse,,,,commercial,206,Rautahat,20601,Chandrapur,1,2060101,1,within
MKT_00581,way,894947708,,,27.1402404,85.4162058,commercial_landuse,commercial_landuse,,,,commercial,206,Rautahat,20601,Chandrapur,2,2060102,1,within
MKT_00582,way,897524879,,,27.1349708,85.3605262,commercial_landuse,commercial_landuse,,,,commercial,206,Rautahat,20601,Chandrapur,4,2060104,1,within
MKT_00583,way,897530081,,,27.1289676,85.3633985,commercial_landuse,commercial_landuse,,,,commercial,206,Rautahat,20601,Chandrapur,4,2060104,1,within
MKT_00584,way,897538996,,,27.1335426,85.3609824,commercial_landuse,commercial_landuse,,,,commercial,206,Rautahat,20601,Chandrapur,4,2060104,1,within
MKT_00585,way,897570210,,,27.1283097,85.3639244,commercial_landuse,commercial_landuse,,,,commercial,206,Rautahat,20601,Chandrapur,4,2060104,1,within
MKT_00586,way,990842829,,,27.1141298,85.3672281,commercial_landuse,commercial_landuse,,,,commercial,206,Rautahat,20601,Chandrapur,4,2060104,1,within
MKT_00587,way,990842835,,,27.1131133,85.3679903,commercial_landuse,commercial_landuse,,,,commercial,206,Rautahat,20601,Chandrapur,4,2060104,1,within
MKT_00588,way,990844135,,,27.1154826,85.3649177,commercial_landuse,commercial_landuse,,,,commercial,206,Rautahat,20601,Chandrapur,4,2060104,1,within
MKT_00589,way,990844137,,,27.1150265,85.3669462,commercial_landuse,commercial_landuse,,,,commercial,206,Rautahat,20601,Chandrapur,4,2060104,1,within
MKT_00590,way,990860220,,,27.1127759,85.3678679,commercial_landuse,commercial_landuse,,,,commercial,206,Rautahat,20601,Chandrapur,4,2060104,1,within
MKT_00591,way,990878918,,,27.1162862,85.3636261,commercial_landuse,commercial_landuse,,,,commercial,206,Rautahat,20601,Chandrapur,4,2060104,1,within
MKT_00592,way,990884763,,,27.1138397,85.3611282,commercial_landuse,commercial_landuse,,,,commercial,206,Rautahat,20601,Chandrapur,4,2060104,1,within
MKT_00593,way,1240421635,,,26.9215488,85.3046353,commercial_landuse,commercial_landuse,,,,commercial,206,Rautahat,20608,Garuda,1,2060801,1,within
MKT_00594,way,562225657,Thulo Haat,,26.7581591,85.2762313,commercial_landuse,commercial_landuse;named_bazar,,,,commercial,206,Rautahat,20617,Gaur,1,2061701,1,within
MKT_00595,way,877964625,,,27.1839979,85.1811431,commercial_landuse,commercial_landuse,,,,commercial,207,Bara,20701,Nijagadh,8,2070108,1,within
MKT_00596,way,859781431,,,27.2412795,85.1556905,commercial_landuse,commercial_landuse,,,,commercial,207,Bara,20701,Nijagadh,10,2070110,1,within
MKT_00597,way,884735430,,,27.172149,84.978179,commercial_landuse,commercial_landuse,,,,commercial,207,Bara,20703,Jitpur Simara,1,2070301,1,within
MKT_00598,way,913258561,,,27.1635753,84.9704945,commercial_landuse,commercial_landuse,,,,commercial,207,Bara,20703,Jitpur Simara,2,2070302,1,within
MKT_00599,way,306963557,Sipradi Trading,,27.1536462,84.9697574,commercial_landuse,commercial_landuse,,,,commercial,207,Bara,20703,Jitpur Simara,3,2070303,1,within
MKT_00600,way,900768023,,,27.1566384,84.9613394,commercial_landuse,commercial_landuse,,,,commercial,207,Bara,20703,Jitpur Simara,3,2070303,1,within
MKT_00601,way,900789181,,,27.1595502,84.9559615,commercial_landuse,commercial_landuse,,,,commercial,207,Bara,20703,Jitpur Simara,3,2070303,1,within
MKT_00602,way,913874945,,,27.1559132,84.9705373,commercial_landuse,commercial_landuse,,,,commercial,207,Bara,20703,Jitpur Simara,3,2070303,1,within
MKT_00603,way,913880115,,,27.1564274,84.9730345,commercial_landuse,commercial_landuse,,,,commercial,207,Bara,20703,Jitpur Simara,3,2070303,1,within
MKT_00604,way,889245667,,,27.1599026,84.9903797,commercial_landuse,commercial_landuse,,,,commercial,207,Bara,20703,Jitpur Simara,4,2070304,1,within
MKT_00605,way,912397746,,,27.1544676,84.9851281,commercial_landuse,commercial_landuse,,,,commercial,207,Bara,20703,Jitpur Simara,4,2070304,1,within
MKT_00606,way,912433902,,,27.1542909,84.9834534,commercial_landuse,commercial_landuse,,,,commercial,207,Bara,20703,Jitpur Simara,4,2070304,1,within
MKT_00607,way,912472225,,,27.151659,84.9824648,commercial_landuse,commercial_landuse,,,,commercial,207,Bara,20703,Jitpur Simara,4,2070304,1,within
MKT_00608,way,912474316,,,27.1523168,84.9795418,commercial_landuse,commercial_landuse,,,,commercial,207,Bara,20703,Jitpur Simara,4,2070304,1,within
MKT_00609,way,912472230,,,27.1501921,84.9806544,commercial_landuse,commercial_landuse,,,,commercial,207,Bara,20703,Jitpur Simara,5,2070305,1,within
MKT_00610,way,913939319,,,27.1522248,84.9788596,commercial_landuse,commercial_landuse,,,,commercial,207,Bara,20703,Jitpur Simara,5,2070305,1,within
MKT_00611,way,914737004,,,27.1495885,84.9777407,commercial_landuse,commercial_landuse,,,,commercial,207,Bara,20703,Jitpur Simara,5,2070305,1,within
MKT_00612,way,914778596,,,27.1468195,84.9775561,commercial_landuse,commercial_landuse,,,,commercial,207,Bara,20703,Jitpur Simara,5,2070305,1,within
MKT_00613,way,932912004,,,27.1079633,84.9625576,commercial_landuse,commercial_landuse,,,,commercial,207,Bara,20703,Jitpur Simara,8,2070308,1,within
MKT_00614,way,932912007,,,27.1063296,84.962326,commercial_landuse,commercial_landuse,,,,commercial,207,Bara,20703,Jitpur Simara,8,2070308,1,within
MKT_00615,way,932967726,,,27.1097196,84.9637345,commercial_landuse,commercial_landuse,,,,commercial,207,Bara,20703,Jitpur Simara,8,2070308,1,within
MKT_00616,way,995230914,,,27.1045326,84.9517841,commercial_landuse,commercial_landuse,,,,commercial,207,Bara,20703,Jitpur Simara,9,2070309,1,within
MKT_00617,way,995307485,,,27.1045326,84.9517841,commercial_landuse,commercial_landuse,,,,commercial,207,Bara,20703,Jitpur Simara,9,2070309,1,within
MKT_00618,way,892650582,,,27.1529596,85.020662,commercial_landuse,commercial_landuse,,,,commercial,207,Bara,20703,Jitpur Simara,15,2070315,1,within
MKT_00619,way,885220929,,,27.1639275,85.0601061,commercial_landuse,commercial_landuse,,,,commercial,207,Bara,20703,Jitpur Simara,16,2070316,1,within
MKT_00620,way,885509334,,,27.1651507,85.0591773,commercial_landuse,commercial_landuse,,,,commercial,207,Bara,20703,Jitpur Simara,16,2070316,1,within
MKT_00621,way,885509336,,,27.1603406,85.0568042,commercial_landuse,commercial_landuse,,,,commercial,207,Bara,20703,Jitpur Simara,16,2070316,1,within
MKT_00622,way,847235702,,,27.2895989,84.990977,commercial_landuse,commercial_landuse,,,,commercial,207,Bara,20703,Jitpur Simara,21,2070321,1,within
MKT_00623,way,847235703,,,27.2890565,84.9905122,commercial_landuse,commercial_landuse,,,,commercial,207,Bara,20703,Jitpur Simara,21,2070321,1,within
MKT_00624,way,850466284,,,27.2888042,84.9905714,commercial_landuse,commercial_landuse,,,,commercial,207,Bara,20703,Jitpur Simara,21,2070321,1,within
MKT_00625,way,840017266,"Nepal Customs Office, Birgunj",,27.0166076,84.8427666,commercial_landuse,commercial_landuse,,,,commercial,208,Parsa,20807,Birgunj,17,2080717,1,within
MKT_00626,way,648185296,Gole Deel,,27.5648269,86.0513469,commercial_landuse,commercial_landuse,,,,commercial,301,Dolakha,30107,Melung,2,3010702,1,within
MKT_00627,way,645905376,Maane Bazzar,,27.5680592,86.0235964,commercial_landuse,commercial_landuse,,,,commercial,301,Dolakha,30107,Melung,3,3010703,1,within
MKT_00628,way,340491314,Bhaise Dada,,27.5855801,86.0259208,commercial_landuse,commercial_landuse,,,,commercial,301,Dolakha,30108,Shailung,8,3010808,1,within
MKT_00629,way,1315536151,Khahare Bazar,,27.998419,84.8857499,commercial_landuse,commercial_landuse;named_bazar,,,,commercial,304,Dhading,30404,Tripurasundari,7,3040407,1,within
MKT_00630,way,341674829,,,27.93417,84.9797289,commercial_landuse,commercial_landuse,,,,commercial,304,Dhading,30406,Nilkhantha,14,3040614,1,within
MKT_00631,way,448805799,Sital Bajar,,27.8156316,84.9613198,commercial_landuse,commercial_landuse,,,,commercial,304,Dhading,30411,Galchhi,4,3041104,1,within
MKT_00632,way,1266664512,,,27.8025046,84.9849531,commercial_landuse,commercial_landuse,,,,commercial,304,Dhading,30411,Galchhi,6,3041106,1,within
MKT_00633,way,341342761,,,27.8231715,85.3106777,commercial_landuse,commercial_landuse,,,,commercial,305,Nuwakot,30511,Shivapuri,7,3051107,1,within
MKT_00634,way,332457652,Malpot Office,,27.7272986,85.4634229,commercial_landuse,commercial_landuse,,,,commercial,306,Kathmandu,30601,Shankharapur,6,3060106,1,within
MKT_00635,way,1154179750,,,27.7278507,85.4608554,commercial_landuse,commercial_landuse,,,,commercial,306,Kathmandu,30601,Shankharapur,6,3060106,1,within
MKT_00636,way,342269926,,,27.7414999,85.3985981,commercial_landuse,commercial_landuse,,,,commercial,306,Kathmandu,30603,Gokarneshwor,4,3060304,1,within
MKT_00637,way,342269927,,,27.7414725,85.3987872,commercial_landuse,commercial_landuse,,,,commercial,306,Kathmandu,30603,Gokarneshwor,4,3060304,1,within
MKT_00638,way,429589913,Eastern Village De Resort,,27.7441859,85.3792673,commercial_landuse,commercial_landuse,,,,commercial,306,Kathmandu,30603,Gokarneshwor,4,3060304,1,within
MKT_00639,way,219924625,Yagya Mart,यज्ञ मार्ट,27.7163952,85.3702394,commercial_landuse,commercial_landuse,,,,commercial,306,Kathmandu,30603,Gokarneshwor,5,3060305,1,within
MKT_00640,way,1044126859,,,27.721364,85.3919612,commercial_landuse,commercial_landuse,,,,commercial,306,Kathmandu,30603,Gokarneshwor,7,3060307,1,within
MKT_00641,way,1044126862,Grand Norling Resort Area,,27.722462,85.3911939,commercial_landuse,commercial_landuse,,,,commercial,306,Kathmandu,30603,Gokarneshwor,7,3060307,1,within
MKT_00642,way,325208578,Miracle Party Venue,,27.7250381,85.3460592,commercial_landuse,commercial_landuse,,,,commercial,306,Kathmandu,30604,Budhanilkhantha,9,3060409,1,within
MKT_00643,way,342032380,,,27.7473752,85.3769207,commercial_landuse,commercial_landuse,,,,commercial,306,Kathmandu,30604,Budhanilkhantha,11,3060411,1,within
MKT_00644,way,407450810,Gurung inar sewa,,27.7511734,85.3663121,commercial_landuse,commercial_landuse,,,,commercial,306,Kathmandu,30604,Budhanilkhantha,13,3060413,1,within
MKT_00645,way,1442576633,,,27.7406668,85.3239446,commercial_landuse,commercial_landuse,,,,commercial,306,Kathmandu,30605,Tokha,7,3060507,1,within
MKT_00646,way,302696777,,,27.7374265,85.3230808,commercial_landuse,commercial_landuse,,,,commercial,306,Kathmandu,30605,Tokha,9,3060509,1,within
MKT_00647,way,341013087,,,27.7468181,85.2983576,commercial_landuse,commercial_landuse,,,,commercial,306,Kathmandu,30606,Tarakeshwor,4,3060604,1,within
MKT_00648,way,849627520,Chhantyal Sangh,,27.7441551,85.311477,commercial_landuse,commercial_landuse,,,,commercial,306,Kathmandu,30606,Tarakeshwor,10,3060610,1,within
MKT_00649,way,199777542,Sherpa Mall,,27.7105516,85.3178975,commercial_landuse,commercial_landuse,,,mall,commercial,306,Kathmandu,30608,Kathmandu,1,3060801,1,within
MKT_00650,way,285868377,Radisson Hotel Kathmandu,,27.7205676,85.3204087,commercial_landuse,commercial_landuse,,,,commercial,306,Kathmandu,30608,Kathmandu,2,3060802,1,within
MKT_00651,way,341434242,Hotel Manaslu,होटेल मनासलु,27.7193056,85.3215012,commercial_landuse,commercial_landuse,,,,commercial,306,Kathmandu,30608,Kathmandu,2,3060802,1,within
MKT_00652,way,192917237,,,27.7227601,85.3308789,commercial_landuse,commercial_landuse,,,,commercial,306,Kathmandu,30608,Kathmandu,4,3060804,1,within
MKT_00653,way,198998024,,,27.722505,85.328348,commercial_landuse,commercial_landuse,,,,commercial,306,Kathmandu,30608,Kathmandu,4,3060804,1,within
MKT_00654,way,237326455,Batazoo Commercial Building 02,,27.7218636,85.3385124,commercial_landuse,commercial_landuse,,,,commercial,306,Kathmandu,30608,Kathmandu,4,3060804,1,within
MKT_00655,way,248177293,,,27.7333447,85.3438499,commercial_landuse,commercial_landuse,,,,commercial,306,Kathmandu,30608,Kathmandu,4,3060804,1,within
MKT_00656,way,243517092,,,27.7161366,85.3374139,commercial_landuse,commercial_landuse,,,,commercial,306,Kathmandu,30608,Kathmandu,5,3060805,1,within
MKT_00657,way,550887629,Akirti Kastha supplier,,27.7125902,85.3651408,commercial_landuse,commercial_landuse,,,,commercial,306,Kathmandu,30608,Kathmandu,6,3060806,1,within
MKT_00658,way,1277603756,muskan carpets,,27.7234517,85.3503563,commercial_landuse,commercial_landuse,,,,commercial,306,Kathmandu,30608,Kathmandu,6,3060806,1,within
MKT_00659,way,683819820,Plaza Area,,27.7170065,85.3470566,commercial_landuse,commercial_landuse,,,,commercial,306,Kathmandu,30608,Kathmandu,7,3060807,1,within
MKT_00660,way,1185490064,Charumati Pre-test Service Center,,27.7151318,85.3417922,commercial_landuse,commercial_landuse,,,,commercial,306,Kathmandu,30608,Kathmandu,7,3060807,1,within
MKT_00661,way,1501681810,Clothings Gents_Rupesh Shah,,27.7176766,85.3455692,commercial_landuse,commercial_landuse,,,,commercial,306,Kathmandu,30608,Kathmandu,7,3060807,1,within
MKT_00662,way,1501682262,Vacant shop,,27.7177059,85.3455725,commercial_landuse,commercial_landuse,,,,commercial,306,Kathmandu,30608,Kathmandu,7,3060807,1,within
MKT_00663,way,1501683663,Rachu Clothing_ Female Designers' Clothing,,27.7177768,85.3456118,commercial_landuse,commercial_landuse,,,,commercial,306,Kathmandu,30608,Kathmandu,7,3060807,1,within
MKT_00664,way,206100459,Private Parking,,27.6998649,85.3469329,commercial_landuse,commercial_landuse,,,,commercial,306,Kathmandu,30608,Kathmandu,9,3060809,1,within
MKT_00665,way,338272742,Balwa Roda Bikri Kendra,,27.690112,85.348609,commercial_landuse,commercial_landuse,,,,commercial,306,Kathmandu,30608,Kathmandu,9,3060809,1,within
MKT_00666,way,429421643,Rolling Plans,,27.6906409,85.3296598,commercial_landuse,commercial_landuse,,,,commercial,306,Kathmandu,30608,Kathmandu,10,3060810,1,within
MKT_00667,way,184109166,,,27.6901832,85.3264681,commercial_landuse,commercial_landuse,,,,commercial,306,Kathmandu,30608,Kathmandu,11,3060811,1,within
MKT_00668,way,351786680,Nepal Food Corporation,नेपाल खाद्य संस्थान,27.6932756,85.3196856,commercial_landuse,commercial_landuse,,,,commercial,306,Kathmandu,30608,Kathmandu,11,3060811,1,within
MKT_00669,way,509139418,,,27.6906749,85.3204772,commercial_landuse,commercial_landuse,,,,commercial,306,Kathmandu,30608,Kathmandu,11,3060811,1,within
MKT_00670,way,183821575,Nepal Automobile Dealers Association,,27.6940826,85.3071387,commercial_landuse,commercial_landuse,,,,commercial,306,Kathmandu,30608,Kathmandu,12,3060812,1,within
MKT_00671,way,342534272,,,27.6962936,85.2944391,commercial_landuse,commercial_landuse,,,,commercial,306,Kathmandu,30608,Kathmandu,13,3060813,1,within
MKT_00672,way,328901308,Bhatbhateni Super Store (Kalanki),,27.6904604,85.2846488,commercial_landuse,commercial_landuse,,,,commercial,306,Kathmandu,30608,Kathmandu,14,3060814,1,within
MKT_00673,way,334271587,Success Tution Center,,27.6941554,85.284035,commercial_landuse,commercial_landuse,,,,commercial,306,Kathmandu,30608,Kathmandu,14,3060814,1,within
MKT_00674,way,334271588,Stationary,,27.6941131,85.2842244,commercial_landuse,commercial_landuse,,,,commercial,306,Kathmandu,30608,Kathmandu,14,3060814,1,within
MKT_00675,way,1034935358,Advanced College of Engineering and Management,,27.6889008,85.2898663,commercial_landuse,commercial_landuse,,,,commercial,306,Kathmandu,30608,Kathmandu,14,3060814,1,within
MKT_00676,way,283578114,Deepak Motorcycle Workshop,,27.7178798,85.3060864,commercial_landuse,commercial_landuse,,,,commercial,306,Kathmandu,30608,Kathmandu,16,3060816,1,within
MKT_00677,way,479707825,Buddha Mall,,27.7347858,85.3066178,commercial_landuse,commercial_landuse,,,mall,commercial,306,Kathmandu,30608,Kathmandu,16,3060816,1,within
MKT_00678,way,676858731,Elbrus Home,,27.7203638,85.3124794,commercial_landuse,commercial_landuse,,,,commercial,306,Kathmandu,30608,Kathmandu,16,3060816,1,within
MKT_00679,way,180214982,The Kathmandu Mall,,27.7014707,85.3130644,commercial_landuse,commercial_landuse,,,mall,commercial,306,Kathmandu,30608,Kathmandu,22,3060822,1,within
MKT_00680,way,186090199,Social Welfare Council,,27.7165637,85.3152702,commercial_landuse,commercial_landuse,,,,commercial,306,Kathmandu,30608,Kathmandu,26,3060826,1,within
MKT_00681,way,343589806,British Council,,27.7208169,85.3175759,commercial_landuse,commercial_landuse,,,,commercial,306,Kathmandu,30608,Kathmandu,26,3060826,1,within
MKT_00682,way,496570802,DP Motor Workshop and Driving School Pvt. Ltd.,,27.7341543,85.3150606,commercial_landuse,commercial_landuse,,,,commercial,306,Kathmandu,30608,Kathmandu,26,3060826,1,within
MKT_00683,way,123854043,Aradhana Complex,अारधना कम्पलेक्स,27.7053354,85.3213644,commercial_landuse,commercial_landuse,,,,commercial,306,Kathmandu,30608,Kathmandu,28,3060828,1,within
MKT_00684,way,146198722,Nepal Electricity Authority Ratna Park Branch,,27.7054477,85.3168353,commercial_landuse,commercial_landuse,,,,commercial,306,Kathmandu,30608,Kathmandu,28,3060828,1,within
MKT_00685,way,146198873,Nepal Electricity Authority Head Office,,27.7047817,85.316886,commercial_landuse,commercial_landuse,,,,commercial,306,Kathmandu,30608,Kathmandu,28,3060828,1,within
MKT_00686,way,180086705,National Trading Limited,,27.6990237,85.3208219,commercial_landuse,commercial_landuse,,,,commercial,306,Kathmandu,30608,Kathmandu,28,3060828,1,within
MKT_00687,way,1388692299,NAXA,,27.6933234,85.347794,commercial_landuse,commercial_landuse,,,,commercial,306,Kathmandu,30608,Kathmandu,31,3060831,1,within
MKT_00688,way,238900510,SLS Suppliers,,27.6819018,85.341792,commercial_landuse,commercial_landuse,,,,commercial,306,Kathmandu,30608,Kathmandu,32,3060832,1,within
MKT_00689,way,238911571,STORE,,27.6829366,85.3451917,commercial_landuse,commercial_landuse,,,,commercial,306,Kathmandu,30608,Kathmandu,32,3060832,1,within
MKT_00690,way,308190176,Car Workshop,,27.6763019,85.3380933,commercial_landuse,commercial_landuse,,,,commercial,306,Kathmandu,30608,Kathmandu,32,3060832,1,within
MKT_00691,way,341760029,,,27.6761866,85.3532445,commercial_landuse,commercial_landuse,,,,commercial,306,Kathmandu,30608,Kathmandu,32,3060832,1,within
MKT_00692,way,354160671,,,27.6755625,85.3452568,commercial_landuse,commercial_landuse,,,,commercial,306,Kathmandu,30608,Kathmandu,32,3060832,1,within
MKT_00693,way,178785512,Sagarmatha Satellite Earth Station,सगरमाथा भुउपग्रह केन्द्र,27.6889657,85.2385068,commercial_landuse,commercial_landuse,,,,commercial,306,Kathmandu,30610,Chandragiri,5,3061005,1,within
MKT_00694,way,206482190,Mat Factory,,27.6943006,85.2451573,commercial_landuse,commercial_landuse,,,,commercial,306,Kathmandu,30610,Chandragiri,12,3061012,1,within
MKT_00695,way,215091904,UCEP (Under Privileged Chindren's Education Program),,27.6817294,85.373023,commercial_landuse,commercial_landuse,,,,commercial,307,Bhaktapur,30703,Madhyapur Thimi,2,3070302,1,within
MKT_00696,way,215092929,CTEVT (Council for Technical Education and Vocational Training),,27.6818042,85.3745865,commercial_landuse,commercial_landuse,,,,commercial,307,Bhaktapur,30703,Madhyapur Thimi,2,3070302,1,within
MKT_00697,way,308998730,Petrol pump,,27.6844054,85.3677457,commercial_landuse,commercial_landuse,,,,commercial,307,Bhaktapur,30703,Madhyapur Thimi,2,3070302,1,within
MKT_00698,way,820401650,"Chardobato Tarkari Bazar, Chardobato Fruits and vegetable Market",,27.6722531,85.3771053,commercial_landuse,commercial_landuse;named_bazar,,,,commercial,307,Bhaktapur,30703,Madhyapur Thimi,3,3070303,1,within
MKT_00699,way,1234048130,ठुलो असन,ठुलो असन,27.6740019,85.3646691,commercial_landuse,commercial_landuse,,,,commercial,307,Bhaktapur,30703,Madhyapur Thimi,3,3070303,1,within
MKT_00700,way,1361644421,,,27.6748409,85.3951269,commercial_landuse,commercial_landuse,,,,commercial,307,Bhaktapur,30703,Madhyapur Thimi,5,3070305,1,within
MKT_00701,way,1214960622,Gagan Hotel,,27.6807341,85.3983785,commercial_landuse,commercial_landuse,,,,commercial,307,Bhaktapur,30703,Madhyapur Thimi,9,3070309,1,within
MKT_00702,way,334271224,Lalitpur 5A Side Fotsal,,27.6897278,85.3039976,commercial_landuse,commercial_landuse,,,,commercial,308,Lalitpur,30802,Lalitpur,2,3080202,1,within
MKT_00703,way,178915270,Nepal telecommunication (NTC),,27.6800373,85.3176237,commercial_landuse,commercial_landuse,,,,commercial,308,Lalitpur,30802,Lalitpur,3,3080203,1,within
MKT_00704,way,209322524,GUNA MULTIPURPOSE CO-OPERATIVE,,27.6758719,85.3162373,commercial_landuse,commercial_landuse,,,,commercial,308,Lalitpur,30802,Lalitpur,3,3080203,1,within
MKT_00705,way,277755025,UN Compound,,27.6806231,85.3163445,commercial_landuse,commercial_landuse,,,,commercial,308,Lalitpur,30802,Lalitpur,3,3080203,1,within
MKT_00706,way,285871856,,,27.678879,85.3032127,commercial_landuse,commercial_landuse,,,,commercial,308,Lalitpur,30802,Lalitpur,3,3080203,1,within
MKT_00707,way,192898461,Shaligram Village Complex & Nirvana Wellness Centre,,27.6710377,85.3111101,commercial_landuse,commercial_landuse,,,,commercial,308,Lalitpur,30802,Lalitpur,4,3080204,1,within
MKT_00708,way,222878846,,,27.6714064,85.3170928,commercial_landuse,commercial_landuse,,,,commercial,308,Lalitpur,30802,Lalitpur,5,3080205,1,within
MKT_00709,way,239535462,,,27.6701858,85.3126886,commercial_landuse,commercial_landuse,,,,commercial,308,Lalitpur,30802,Lalitpur,5,3080205,1,within
MKT_00710,way,340988607,,,27.6791777,85.3271495,commercial_landuse,commercial_landuse,,,,commercial,308,Lalitpur,30802,Lalitpur,11,3080211,1,within
MKT_00711,way,337009341,Land Rovers Overland,,27.666795,85.3089961,commercial_landuse,commercial_landuse,,,,commercial,308,Lalitpur,30802,Lalitpur,13,3080213,1,within
MKT_00712,way,206076909,Aarambha Energy (आरम्भ इनर्जी ),,27.6595229,85.3236028,commercial_landuse,commercial_landuse,,,,commercial,308,Lalitpur,30802,Lalitpur,15,3080215,1,within
MKT_00713,way,251602102,Hero Honda training Center,,27.6639126,85.3345849,commercial_landuse,commercial_landuse,,,,commercial,308,Lalitpur,30802,Lalitpur,17,3080217,1,within
MKT_00714,way,331472559,Sudhima's Nursery,,27.6614716,85.3053244,commercial_landuse,commercial_landuse,,,,commercial,308,Lalitpur,30802,Lalitpur,18,3080218,1,within
MKT_00715,way,1147308849,CAR & BIKE Wash,,27.6386046,85.3393705,commercial_landuse,commercial_landuse,,,,commercial,308,Lalitpur,30802,Lalitpur,28,3080228,1,within
MKT_00716,way,165380680,,,27.6317076,85.5208211,commercial_landuse,commercial_landuse,,,,commercial,309,Kavrepalanchok,30904,Banepa,8,3090408,1,within
MKT_00717,way,300288791,Party Venue,,27.6319834,85.5200071,commercial_landuse,commercial_landuse,,,,commercial,309,Kavrepalanchok,30904,Banepa,8,3090408,1,within
MKT_00718,way,209175290,District Court,,27.6144209,85.5600025,commercial_landuse,commercial_landuse,,,,commercial,309,Kavrepalanchok,30905,Dhulikhel,7,3090507,1,within
MKT_00719,way,342634666,,,27.5358729,85.6614646,commercial_landuse,commercial_landuse,,,,commercial,309,Kavrepalanchok,30908,Namobuddha,4,3090804,1,within
MKT_00720,way,342638283,,,27.5475736,85.6789495,commercial_landuse,commercial_landuse,,,,commercial,309,Kavrepalanchok,30908,Namobuddha,5,3090805,1,within
MKT_00721,way,185787233,,,27.5936492,85.5180757,commercial_landuse,commercial_landuse,,,,commercial,309,Kavrepalanchok,30909,Panauti,4,3090904,1,within
MKT_00722,way,358589245,progr,,27.5840752,85.5139505,commercial_landuse,commercial_landuse,,,,commercial,309,Kavrepalanchok,30909,Panauti,7,3090907,1,within
MKT_00723,way,707170294,nepal telcom,,27.2119491,85.9159437,commercial_landuse,commercial_landuse,,,,commercial,311,Sindhuli,31105,Kamalamai,6,3110506,1,within
MKT_00724,way,519521354,,,27.5818655,84.7327368,commercial_landuse,commercial_landuse,,,,commercial,312,Makwanpur,31205,Manahari,6,3120506,1,within
MKT_00725,way,1538256001,,,27.8784057,84.5907131,commercial_landuse,commercial_landuse,,,,commercial,313,Chitwan,31303,Ichchha Kamana,4,3130304,1,within
MKT_00726,way,899495762,Tripathee Land,,27.8557982,84.5589566,commercial_landuse,commercial_landuse,,,,commercial,313,Chitwan,31303,Ichchha Kamana,5,3130305,1,within
MKT_00727,way,237792210,Kalika Construction,,27.6932442,84.4334511,commercial_landuse,commercial_landuse,,,,commercial,313,Chitwan,31304,Bharatpur,2,3130402,1,within
MKT_00728,way,237802928,,,27.6911374,84.4265824,commercial_landuse,commercial_landuse,,,,commercial,313,Chitwan,31304,Bharatpur,2,3130402,1,within
MKT_00729,way,237803441,,,27.6910038,84.4270883,commercial_landuse,commercial_landuse,,,,commercial,313,Chitwan,31304,Bharatpur,2,3130402,1,within
MKT_00730,way,237803840,Lumbini Bank,,27.6899286,84.4262448,commercial_landuse,commercial_landuse,,bank,,commercial,313,Chitwan,31304,Bharatpur,3,3130403,1,within
MKT_00731,way,1206883984,,,27.692863,84.4213055,commercial_landuse,commercial_landuse,,,,commercial,313,Chitwan,31304,Bharatpur,3,3130403,1,within
MKT_00732,way,315122137,Subedi Hardware,,27.6892857,84.4339686,commercial_landuse,commercial_landuse,,,hardware,commercial,313,Chitwan,31304,Bharatpur,10,3130410,1,within
MKT_00733,way,346231445,Saptagandaki Bahymukhi Campus,,27.6836483,84.4346607,commercial_landuse,commercial_landuse,,,,commercial,313,Chitwan,31304,Bharatpur,10,3130410,1,within
MKT_00734,way,330684448,New Recovery Mobile House,,27.6997732,84.4420269,commercial_landuse,commercial_landuse,,,,commercial,313,Chitwan,31304,Bharatpur,11,3130411,1,within
MKT_00735,way,1093577706,Haatbazaar,,27.701522,84.4452578,commercial_landuse,commercial_landuse;named_bazar,,,,commercial,313,Chitwan,31304,Bharatpur,11,3130411,1,within
MKT_00736,way,341099176,,,28.1997652,84.7349182,commercial_landuse,commercial_landuse,,,,commercial,401,Gorkha,40103,Sulikot,2,4010302,1,within
MKT_00737,way,341993265,,,27.9039761,84.5842234,commercial_landuse,commercial_landuse,,,,commercial,401,Gorkha,40110,Shahid Lakhan,2,4011002,1,within
MKT_00738,way,341993263,,,27.9037837,84.5842299,commercial_landuse,commercial_landuse,,,,commercial,401,Gorkha,40110,Shahid Lakhan,3,4011003,1,within
MKT_00739,way,1039820963,,,28.2731461,84.0608715,commercial_landuse,commercial_landuse,,,,commercial,405,Kaski,40501,Madi,7,4050107,1,within
MKT_00740,way,419040410,,,28.2399847,83.9890064,commercial_landuse,commercial_landuse,,,,commercial,405,Kaski,40504,Pokhara Lekhnath,1,4050401,1,within
MKT_00741,way,514124340,,,28.2130989,83.9763873,commercial_landuse,commercial_landuse,,events_venue,,commercial,405,Kaski,40504,Pokhara Lekhnath,5,4050405,1,within
MKT_00742,way,341930600,Siman Party Palace,साइमन पार्टी प्यालेस्,28.2126254,83.9823479,commercial_landuse,commercial_landuse,,events_venue,,commercial,405,Kaski,40504,Pokhara Lekhnath,8,4050408,1,within
MKT_00743,way,538942402,,,28.2118517,83.9789911,commercial_landuse,commercial_landuse,,,,commercial,405,Kaski,40504,Pokhara Lekhnath,8,4050408,1,within
MKT_00744,way,583642450,White House Party Palace 👫,साइमन पार्टी प्यालेस्,28.2131208,83.9821939,commercial_landuse,commercial_landuse,,events_venue,,commercial,405,Kaski,40504,Pokhara Lekhnath,8,4050408,1,within
MKT_00745,way,417496446,Pokhara Party Palace,पोखरा पार्टी प्यालेस,28.2216941,83.9900253,commercial_landuse,commercial_landuse,,events_venue,,commercial,405,Kaski,40504,Pokhara Lekhnath,9,4050409,1,within
MKT_00746,way,426749819,Bhamarkot Party Palace,भमर्कोट पार्टी प्यालेस क्षेत्र,28.2002569,84.0012367,commercial_landuse,commercial_landuse,,events_venue,,commercial,405,Kaski,40504,Pokhara Lekhnath,10,4050410,1,within
MKT_00747,way,538942395,Dhaulagiri Drinking Water Supply,,28.2199293,83.9940234,commercial_landuse,commercial_landuse,,,,commercial,405,Kaski,40504,Pokhara Lekhnath,11,4050411,1,within
MKT_00748,way,415281541,,,28.2052053,84.001657,commercial_landuse,commercial_landuse,,,,commercial,405,Kaski,40504,Pokhara Lekhnath,12,4050412,1,within
MKT_00749,way,420460350,Sitaladevi Party Place,इन्द्रेणी पार्टी प्यालेस,28.2184775,84.0027068,commercial_landuse,commercial_landuse,,events_venue,,commercial,405,Kaski,40504,Pokhara Lekhnath,12,4050412,1,within
MKT_00750,way,519823199,S.R.K.C Catering Service,,28.2195973,84.0044977,commercial_landuse,commercial_landuse,,events_venue,,commercial,405,Kaski,40504,Pokhara Lekhnath,12,4050412,1,within
MKT_00751,way,591306022,S.R.K.C. Catering Service,,28.2155189,84.0030132,commercial_landuse,commercial_landuse,,events_venue,,commercial,405,Kaski,40504,Pokhara Lekhnath,12,4050412,1,within
MKT_00752,way,421990628,,,28.1979368,84.0150194,commercial_landuse,commercial_landuse,,,,commercial,405,Kaski,40504,Pokhara Lekhnath,14,4050414,1,within
MKT_00753,way,435918487,Khasi Boka Bazar,खसी बोका बजार,28.2002788,84.0149468,commercial_landuse,commercial_landuse;named_bazar,,,,commercial,405,Kaski,40504,Pokhara Lekhnath,14,4050414,1,within
MKT_00754,way,769608627,HD Bhawan,,28.1988311,84.0148181,commercial_landuse,commercial_landuse,,,,commercial,405,Kaski,40504,Pokhara Lekhnath,14,4050414,1,within
MKT_00755,way,407739416,,,28.1916876,84.0004008,commercial_landuse,commercial_landuse,,,,commercial,405,Kaski,40504,Pokhara Lekhnath,15,4050415,1,within
MKT_00756,way,415733620,Gurkhali Drinking Water,,28.1952945,83.9853616,commercial_landuse,commercial_landuse,,,,commercial,405,Kaski,40504,Pokhara Lekhnath,15,4050415,1,within
MKT_00757,way,1093587250,Goodwill driving center,,28.1967418,83.9917092,commercial_landuse,commercial_landuse,,,,commercial,405,Kaski,40504,Pokhara Lekhnath,15,4050415,1,within
MKT_00758,way,1093587354,Driving center,,28.2006533,83.9928833,commercial_landuse,commercial_landuse,,,,commercial,405,Kaski,40504,Pokhara Lekhnath,15,4050415,1,within
MKT_00759,way,423559399,Block Company,ब्लक कम्पनी,28.2638214,83.9742268,commercial_landuse,commercial_landuse,,,,commercial,405,Kaski,40504,Pokhara Lekhnath,16,4050416,1,within
MKT_00760,way,1037921290,,,28.2838284,83.9854105,commercial_landuse,commercial_landuse,,,,commercial,405,Kaski,40504,Pokhara Lekhnath,16,4050416,1,within
MKT_00761,way,437937060,,संचय कोष भवन,28.1941357,83.9727551,commercial_landuse,commercial_landuse,,,,commercial,405,Kaski,40504,Pokhara Lekhnath,17,4050417,1,within
MKT_00762,way,566576027,Nepal Thakuri Sangam Kaski Pariwar,,28.1908034,83.9587567,commercial_landuse,commercial_landuse,,events_venue,,commercial,405,Kaski,40504,Pokhara Lekhnath,17,4050417,1,within
MKT_00763,way,408065230,Machhapuchhre Restaurant,माछापुच्छ्रे रेस्टुरेन्ट,28.3274067,83.9867467,commercial_landuse,commercial_landuse,,restaurant,,commercial,405,Kaski,40504,Pokhara Lekhnath,19,4050419,1,within
MKT_00764,way,1033781010,,,28.2887211,83.9378133,commercial_landuse,commercial_landuse,,,,commercial,405,Kaski,40504,Pokhara Lekhnath,19,4050419,1,within
MKT_00765,way,1043642855,,,28.2636501,83.8968205,commercial_landuse,commercial_landuse,,,,commercial,405,Kaski,40504,Pokhara Lekhnath,24,4050424,1,within
MKT_00766,way,563655466,Shristi Auto workshop,,28.2773968,83.9387655,commercial_landuse,commercial_landuse,,,,commercial,405,Kaski,40504,Pokhara Lekhnath,25,4050425,1,within
MKT_00767,way,1035567381,,,28.28186,83.9226226,commercial_landuse,commercial_landuse,,,,commercial,405,Kaski,40504,Pokhara Lekhnath,25,4050425,1,within
MKT_00768,way,1037073973,,,28.2811036,83.9448528,commercial_landuse,commercial_landuse,,,,commercial,405,Kaski,40504,Pokhara Lekhnath,25,4050425,1,within
MKT_00769,way,1040756373,,,28.2670077,83.9558954,commercial_landuse,commercial_landuse,,,,commercial,405,Kaski,40504,Pokhara Lekhnath,25,4050425,1,within
MKT_00770,way,423555431,,,28.1541654,84.02939,commercial_landuse,commercial_landuse,,,,commercial,405,Kaski,40504,Pokhara Lekhnath,33,4050433,1,within
MKT_00771,way,246958915,,,27.7068436,84.3920481,commercial_landuse,commercial_landuse,,,,commercial,408,Nawalparasi East,40801,Gaidakot,4,4080104,1,within
MKT_00772,way,791404810,Family Cafe and Restaurant - Party Palace,,27.706416,84.3988678,commercial_landuse,commercial_landuse,,,,commercial,408,Nawalparasi East,40801,Gaidakot,4,4080104,1,within
MKT_00773,way,246915707,,,27.6991923,84.3707921,commercial_landuse,commercial_landuse,,,,commercial,408,Nawalparasi East,40801,Gaidakot,7,4080107,1,within
MKT_00774,way,246921661,,,27.6969967,84.3779882,commercial_landuse,commercial_landuse,,,,commercial,408,Nawalparasi East,40801,Gaidakot,7,4080107,1,within
MKT_00775,way,1224790077,,,27.45942,83.9335313,commercial_landuse,commercial_landuse,,,,commercial,408,Nawalparasi East,40808,Binayi Tribeni,6,4080806,1,within
MKT_00776,way,416039848,Shree Pipal Danda Secondary School,,28.0370337,83.7022841,commercial_landuse,commercial_landuse,,,,commercial,409,Syangja,40909,Walling,14,4090914,1,within
MKT_00777,way,401820379,bhattarai petrol pump,,27.9707532,83.5873782,commercial_landuse,commercial_landuse,,,,commercial,409,Syangja,40911,Kaligandaki,5,4091105,1,within
MKT_00778,way,1238498698,dagarabbuspark,,28.2799861,83.5981357,commercial_landuse,commercial_landuse,,,,commercial,411,Baglung,41101,Baglung,4,4110104,1,within
MKT_00779,way,1238498699,dabgara bus park,,28.2799904,83.5981477,commercial_landuse,commercial_landuse,,,,commercial,411,Baglung,41101,Baglung,4,4110104,1,within
MKT_00780,way,308999617,Bhairav Sticker House,,28.0678276,83.2422466,commercial_landuse,commercial_landuse,,,,commercial,504,Gulmi,50409,Resunga,1,5040901,1,within
MKT_00781,way,828043089,Bishnu Electricals,,28.066442,83.2439248,commercial_landuse,commercial_landuse,,,,commercial,504,Gulmi,50409,Resunga,1,5040901,1,within
MKT_00782,way,332886898,om shanti gausala,,28.0748176,83.2415666,commercial_landuse,commercial_landuse,,,,commercial,504,Gulmi,50409,Resunga,4,5040904,1,within
MKT_00783,way,309003994,Nepal Telecom,,28.0677652,83.2483431,commercial_landuse,commercial_landuse,,,,commercial,504,Gulmi,50409,Resunga,8,5040908,1,within
MKT_00784,way,1394097549,,,27.9605838,83.3010167,commercial_landuse,commercial_landuse,,,,commercial,504,Gulmi,50411,Chhatrakot,5,5041105,1,within
MKT_00785,way,360788401,,,27.8593712,83.5391103,commercial_landuse,commercial_landuse,,,,commercial,506,Palpa,50605,Tansen,6,5060506,1,within
MKT_00786,way,346389217,,,27.8437995,83.5436643,commercial_landuse,commercial_landuse,,,,commercial,506,Palpa,50605,Tansen,7,5060507,1,within
MKT_00787,way,330197472,,,27.6278063,83.5978897,commercial_landuse,commercial_landuse,,,,commercial,507,Nawalparasi West,50702,Sunawal,7,5070207,1,within
MKT_00788,way,975159395,Parasi Haat Bazar,,27.5309348,83.6708377,commercial_landuse,commercial_landuse;named_bazar,,,,commercial,507,Nawalparasi West,50703,Ramgram,5,5070305,1,within
MKT_00789,way,1191164451,,,27.5014132,83.6049823,commercial_landuse,commercial_landuse,,,,commercial,507,Nawalparasi West,50703,Ramgram,16,5070316,1,within
MKT_00790,way,1191170054,,,27.5766309,83.5588332,commercial_landuse,commercial_landuse,,,,commercial,508,Rupandehi,50801,Devdaha,11,5080111,1,within
MKT_00791,way,1409125632,,,27.7011692,83.4631295,commercial_landuse,commercial_landuse,,,,commercial,508,Rupandehi,50802,Butwal,6,5080206,1,within
MKT_00792,way,1409126480,साेमबारे हाट बजार,,27.6891275,83.4740398,commercial_landuse,commercial_landuse;named_bazar,,,,commercial,508,Rupandehi,50802,Butwal,7,5080207,1,within
MKT_00793,relation,19254769,BCCI International Summit Hall,,27.6843122,83.4743375,commercial_landuse,commercial_landuse,,,,commercial,508,Rupandehi,50802,Butwal,10,5080210,1,within
MKT_00794,way,1463717645,टाईगर प्यालेस,,27.5691034,83.4565802,commercial_landuse,commercial_landuse,,,,commercial,508,Rupandehi,50807,Siyari,1,5080701,1,within
MKT_00795,way,804835650,hatbazar,,27.6298229,83.4697403,commercial_landuse,commercial_landuse;named_bazar,,,,commercial,508,Rupandehi,50808,Tilottama,5,5080805,1,within
MKT_00796,way,972875119,Commercial Areas,,27.6269078,83.4728927,commercial_landuse,commercial_landuse,,,,commercial,508,Rupandehi,50808,Tilottama,5,5080805,1,within
MKT_00797,way,401623374,,,27.5582753,83.4664913,commercial_landuse,commercial_landuse,,,,commercial,508,Rupandehi,50809,Om Satiya,1,5080901,1,within
MKT_00798,way,401623375,,,27.5559937,83.4636723,commercial_landuse,commercial_landuse,,,,commercial,508,Rupandehi,50809,Om Satiya,1,5080901,1,within
MKT_00799,way,404138381,,,27.5425644,83.4615379,commercial_landuse,commercial_landuse,,,,commercial,508,Rupandehi,50809,Om Satiya,2,5080902,1,within
MKT_00800,way,598128217,भैरहवा विशेष आर्थिक क्षेत्र,भैरहवा विशेष आर्थिक क्षेत्र,27.4888197,83.4751269,commercial_landuse,commercial_landuse,,,,commercial,508,Rupandehi,50810,Rohini,1,5081001,1,within
MKT_00801,way,1177476543,Factory,,27.5139227,83.5785126,commercial_landuse,commercial_landuse,,,,commercial,508,Rupandehi,50810,Rohini,4,5081004,1,within
MKT_00802,way,1191169935,,,27.4908555,83.5774776,commercial_landuse,commercial_landuse,,,,commercial,508,Rupandehi,50810,Rohini,6,5081006,1,within
MKT_00803,way,1274556272,"भैरहवा भन्सार कार्यालय, रुपन्देही","भैरहवा भन्सार कार्यालय, रुपन्देही",27.4787105,83.4643117,commercial_landuse,commercial_landuse,,,,commercial,508,Rupandehi,50811,Siddharthanagar,1,5081101,1,within
MKT_00804,way,1486045569,,,27.5085409,83.4214731,commercial_landuse,commercial_landuse,,,,commercial,508,Rupandehi,50811,Siddharthanagar,4,5081104,1,within
MKT_00805,way,1486045570,,,27.5088833,83.4193456,commercial_landuse,commercial_landuse,,,,commercial,508,Rupandehi,50811,Siddharthanagar,4,5081104,1,within
MKT_00806,way,1274619470,,,27.5299,83.4921982,commercial_landuse,commercial_landuse,,,,commercial,508,Rupandehi,50811,Siddharthanagar,9,5081109,1,within
MKT_00807,way,400827195,,,27.4313722,83.3359884,commercial_landuse,commercial_landuse,,,,commercial,508,Rupandehi,50814,Kotahimai,7,5081407,1,within
MKT_00808,way,549494388,,,27.490418,83.2745838,commercial_landuse,commercial_landuse,,,,commercial,508,Rupandehi,,,99,,0,within
MKT_00809,way,445053321,Sabji Mandi,,27.6610544,83.0422031,commercial_landuse,commercial_landuse;named_bazar,,,greengrocer,commercial,509,Kapilbastu,50902,Buddhabhumi,2,5090202,1,within
MKT_00810,way,1456030173,,,27.6612825,83.0431833,commercial_landuse,commercial_landuse,,,,commercial,509,Kapilbastu,50902,Buddhabhumi,2,5090202,1,within
MKT_00811,way,193349415,,,27.4986731,82.7930762,commercial_landuse,commercial_landuse,,,,commercial,509,Kapilbastu,50905,Krishnanagar,2,5090502,1,within
MKT_00812,way,605614388,,,28.1140055,82.2882484,commercial_landuse,commercial_landuse,,,,commercial,510,Dang,51003,Tulsipur,6,5100306,1,within
MKT_00813,way,807149608,,,28.1137722,82.2868314,commercial_landuse,commercial_landuse,,,,commercial,510,Dang,51003,Tulsipur,6,5100306,1,within
MKT_00814,way,1132160628,,,28.1133436,82.2883145,commercial_landuse,commercial_landuse,,,,commercial,510,Dang,51003,Tulsipur,6,5100306,1,within
MKT_00815,way,1563338841,,,27.8629345,82.5442459,commercial_landuse,commercial_landuse,,,,commercial,510,Dang,51007,Lamahi,3,5100703,1,within
MKT_00816,way,1502528381,,,27.8483363,82.704598,commercial_landuse,commercial_landuse,,,,commercial,510,Dang,51008,Rapti,3,5100803,1,within
MKT_00817,relation,19900688,Hotels/Motels,,27.9840293,82.1737643,commercial_landuse,commercial_landuse,,,,commercial,511,Banke,51101,Rapti Sonari,1,5110101,1,within
MKT_00818,relation,19900689,Hotels/Motels,,27.9869787,82.1684511,commercial_landuse,commercial_landuse,,,,commercial,511,Banke,51101,Rapti Sonari,1,5110101,1,within
MKT_00819,way,1187778408,Hotels/Motels,,27.9826392,82.1767561,commercial_landuse,commercial_landuse,,,,commercial,511,Banke,51101,Rapti Sonari,1,5110101,1,within
MKT_00820,way,1234519956,नेपाल एकिकृत भन्सार कार्यालय,नेपाल एकिकृत भन्सार कार्यालय,28.0259305,81.5906183,commercial_landuse,commercial_landuse,,,,commercial,511,Banke,51106,Nepalganj,16,5110616,1,within
MKT_00821,way,1002222764,,,28.3868127,81.2165825,commercial_landuse,commercial_landuse,,,,commercial,512,Bardiya,51206,Madhuwan,1,5120601,1,within
MKT_00822,way,1018480316,Haat bazar Area,,28.2935425,81.2798234,commercial_landuse,commercial_landuse;named_bazar,,,,commercial,512,Bardiya,51206,Madhuwan,8,5120608,1,within
MKT_00823,way,1531572532,,,28.4244141,81.8657934,commercial_landuse,commercial_landuse,,,,commercial,610,Surkhet,61004,Gurbhakot,8,6100408,1,within
MKT_00824,way,1234576848,budhathoki nursery,,28.5941929,81.6054649,commercial_landuse,commercial_landuse,,,,commercial,610,Surkhet,61006,Birendranagar,3,6100603,1,within
MKT_00825,way,211230616,पुनरावेदन अदालत,,28.601934,81.6233088,commercial_landuse,commercial_landuse,,,,commercial,610,Surkhet,61006,Birendranagar,7,6100607,1,within
MKT_00826,way,211411344,Nepal Scout,,28.5950697,81.6236631,commercial_landuse,commercial_landuse,,,,commercial,610,Surkhet,61006,Birendranagar,8,6100608,1,within
MKT_00827,way,211411347,Nepal Redcross Society,,28.5951695,81.624206,commercial_landuse,commercial_landuse,,,,commercial,610,Surkhet,61006,Birendranagar,8,6100608,1,within
MKT_00828,way,211411400,खेलकुद बिकास समिती,,28.5945354,81.6246219,commercial_landuse,commercial_landuse,,,,commercial,610,Surkhet,61006,Birendranagar,8,6100608,1,within
MKT_00829,way,1312606172,Gothalapani Bazar,,29.5604755,80.419118,commercial_landuse,commercial_landuse;named_bazar,,,,commercial,704,Baitadi,70405,Dasharathchand,5,7040505,1,within
MKT_00830,way,1312609494,Chamlek,,29.5605209,80.4147473,commercial_landuse,commercial_landuse,,,,commercial,704,Baitadi,70405,Dasharathchand,5,7040505,1,within
MKT_00831,way,517628685,क्षे त्रेय प्रशासन केन्द्र राजपुर दिपायल डोटी,,29.2450622,80.9395301,commercial_landuse,commercial_landuse,,,,commercial,706,Doti,70605,Dipayal Silgadhi,4,7060504,1,within
MKT_00832,way,1279955872,,,28.5730721,81.1170896,commercial_landuse,commercial_landuse,,,,commercial,708,Kailali,70808,Janaki,1,7080801,1,within
MKT_00833,way,1278527539,,,28.5918078,81.1266566,commercial_landuse,commercial_landuse,,,,commercial,708,Kailali,70808,Janaki,5,7080805,1,within
MKT_00834,way,1032826637,,,28.8645902,80.4172132,commercial_landuse,commercial_landuse,,,,commercial,709,Kanchanpur,70901,Krishnapur,2,7090102,1,within
MKT_00835,node,7215591267,Chauki Bazar,,27.2062511,87.4671851,named_bazar,named_bazar,hamlet,,,,102,Sankhuwasabha,10209,Madi,1,1020901,1,within
MKT_00836,node,7215508834,"मुलखर्क बजार, मादी",,27.2413871,87.3922173,named_bazar,named_bazar,hamlet,,,,102,Sankhuwasabha,10209,Madi,3,1020903,1,within
MKT_00837,node,6340475713,माडी ओखरबोटे बजार,माडी ओखरबोटे बजार,27.25849,87.3546687,named_bazar,named_bazar,suburb,,,,102,Sankhuwasabha,10209,Madi,4,1020904,1,within
MKT_00838,node,274016404,नाम्चे बजार,नाम्चे बजार,27.8041662,86.7097956,named_bazar,named_bazar,village,,,,103,Solukhumbu,10301,Khumbu Pasanglhamu,5,1030105,1,within
MKT_00839,way,539956612,Namche Bazar Helipad,,27.8035862,86.7063999,named_bazar,named_bazar,,,,,103,Solukhumbu,10301,Khumbu Pasanglhamu,5,1030105,1,within
MKT_00840,node,8221119379,Nele Bazar,,27.4381897,86.6359842,named_bazar,named_bazar,town,,,,103,Solukhumbu,10305,Dhudha Koushika,1,1030501,1,within
MKT_00841,way,342748289,Jogara Bazar,,27.4386709,86.6196128,named_bazar,named_bazar,,,,residential,103,Solukhumbu,10305,Dhudha Koushika,1,1030501,1,within
MKT_00842,node,6959122188,Salme Bazar,,27.4450081,86.5724086,named_bazar,named_bazar,hamlet,,,,103,Solukhumbu,10307,Solu Dhudhakunda,7,1030707,1,within
MKT_00843,node,5302936744,Kosh Haat Health Unit,,27.3074238,86.3777089,named_bazar,named_bazar,,clinic,,,104,Okhaldhunga,10407,Sunkoshi,5,1040705,1,within
MKT_00844,node,5302936774,Police Station KoshHaat,,27.3085773,86.3767514,named_bazar,named_bazar,,police,,,104,Okhaldhunga,10407,Sunkoshi,9,1040709,1,within
MKT_00845,way,876277882,diktel to khotangbazar road,,27.1681195,86.7635013,named_bazar,named_bazar,,,,,105,Khotang,10505,Rupakot Majhuwagadhi,4,1050504,1,within
MKT_00846,way,515806937,diktel to khotangbazar road,,27.1537952,86.7718045,named_bazar,named_bazar,,,,,105,Khotang,10507,Diprung,1,1050701,1,within
MKT_00847,way,340469333,diktel to khotangbazar road,,27.0505378,86.8610924,named_bazar,named_bazar,,,,,105,Khotang,10508,Khotehang,4,1050804,1,within
MKT_00848,way,343439288,diktel to khotangbazar road,,27.0831305,86.8378372,named_bazar,named_bazar,,,,,105,Khotang,10508,Khotehang,5,1050805,1,within
MKT_00849,way,876104014,diktel to khotangbazar road,,27.0701315,86.8525377,named_bazar,named_bazar,,,,,105,Khotang,10508,Khotehang,6,1050806,1,within
MKT_00850,node,12452446877,नापी कार्यालय खोटाङबजार,नापी कार्यालय खोटाङबजार,27.0320871,86.8447083,named_bazar,named_bazar,,,,,105,Khotang,10508,Khotehang,7,1050807,1,within
MKT_00851,way,1131766734,diktel to khotangbazar road,,27.041219,86.8580572,named_bazar,named_bazar,,,,,105,Khotang,10508,Khotehang,7,1050807,1,within
MKT_00852,way,344368645,Gothe Bazar- Majhuwagadi,,27.4097882,87.1053901,named_bazar,named_bazar,,,,,106,Bhojpur,10601,Shadananda,1,1060101,1,within
MKT_00853,way,482573158,Gothe Bazar- Majhuwagadi,,27.4060214,87.0842188,named_bazar,named_bazar,,,,,106,Bhojpur,10601,Shadananda,1,1060101,1,within
MKT_00854,way,501320960,Gothe Bazar- Majhuwagadi,,27.4072403,87.0941505,named_bazar,named_bazar,,,,,106,Bhojpur,10601,Shadananda,1,1060101,1,within
MKT_00855,way,501320970,Gothe Bazar- Majhuwagadi,,27.4068198,87.0921374,named_bazar,named_bazar,,,,,106,Bhojpur,10601,Shadananda,1,1060101,1,within
MKT_00856,way,501320977,Gothe Bazar- Majhuwagadi,,27.4070234,87.0904712,named_bazar,named_bazar,,,,,106,Bhojpur,10601,Shadananda,1,1060101,1,within
MKT_00857,way,501320980,Gothe Bazar- Majhuwagadi,,27.4067595,87.0914294,named_bazar,named_bazar,,,,,106,Bhojpur,10601,Shadananda,1,1060101,1,within
MKT_00858,way,501320982,Gothe Bazar- Majhuwagadi,,27.40687,87.0890154,named_bazar,named_bazar,,,,,106,Bhojpur,10601,Shadananda,1,1060101,1,within
MKT_00859,way,344368641,Phedi-Gothe Bazar,,27.3905233,87.0421875,named_bazar,named_bazar,,,,,106,Bhojpur,10601,Shadananda,2,1060102,1,within
MKT_00860,way,481836891,Phedi-Gothe Bazar,,27.3892709,87.0367936,named_bazar,named_bazar,,,,,106,Bhojpur,10601,Shadananda,2,1060102,1,within
MKT_00861,way,501320957,Gothe Bazar- Majhuwagadi,,27.4058127,87.0782574,named_bazar,named_bazar,,,,,106,Bhojpur,10601,Shadananda,2,1060102,1,within
MKT_00862,way,501320993,Phedi-Gothe Bazar,,27.3901879,87.0413791,named_bazar,named_bazar,,,,,106,Bhojpur,10601,Shadananda,2,1060102,1,within
MKT_00863,way,637090000,Phedi-Gothe Bazar,,27.3859968,87.028628,named_bazar,named_bazar,,,,,106,Bhojpur,10601,Shadananda,2,1060102,1,within
MKT_00864,way,182370871,Gothe Bazar- Majhuwagadi,,27.4030457,87.0690857,named_bazar,named_bazar,,,,,106,Bhojpur,10602,Salpa Silichho,3,1060203,1,within
MKT_00865,way,344368653,Gothe Bazar- Majhuwagadi,,27.4055775,87.0757281,named_bazar,named_bazar,,,,,106,Bhojpur,10602,Salpa Silichho,3,1060203,1,within
MKT_00866,way,501320964,Gothe Bazar- Majhuwagadi,,27.4031337,87.0649896,named_bazar,named_bazar,,,,,106,Bhojpur,10602,Salpa Silichho,3,1060203,1,within
MKT_00867,way,501320967,Gothe Bazar- Majhuwagadi,,27.403344,87.0652846,named_bazar,named_bazar,,,,,106,Bhojpur,10602,Salpa Silichho,3,1060203,1,within
MKT_00868,way,501320973,Gothe Bazar- Majhuwagadi,,27.4034991,87.0715377,named_bazar,named_bazar,,,,,106,Bhojpur,10602,Salpa Silichho,3,1060203,1,within
MKT_00869,way,501320981,Gothe Bazar- Majhuwagadi,,27.4029017,87.0660769,named_bazar,named_bazar,,,,,106,Bhojpur,10602,Salpa Silichho,3,1060203,1,within
MKT_00870,way,501320983,Gothe Bazar- Majhuwagadi,,27.4048482,87.0734881,named_bazar,named_bazar,,,,,106,Bhojpur,10602,Salpa Silichho,3,1060203,1,within
MKT_00871,node,1927037382,Gothe Bazar,,27.4028043,87.0649215,named_bazar,named_bazar,village,,,,106,Bhojpur,10602,Salpa Silichho,4,1060204,1,within
MKT_00872,way,344368644,Phedi-Gothe Bazar,,27.3969091,87.0527735,named_bazar,named_bazar,,,,,106,Bhojpur,10602,Salpa Silichho,4,1060204,1,within
MKT_00873,way,501320986,Phedi-Gothe Bazar,,27.3921002,87.0447239,named_bazar,named_bazar,,,,,106,Bhojpur,10602,Salpa Silichho,4,1060204,1,within
MKT_00874,way,501320987,Phedi-Gothe Bazar,,27.4016458,87.062124,named_bazar,named_bazar,,,,,106,Bhojpur,10602,Salpa Silichho,4,1060204,1,within
MKT_00875,way,501320990,Phedi-Gothe Bazar,,27.3909058,87.0429694,named_bazar,named_bazar,,,,,106,Bhojpur,10602,Salpa Silichho,4,1060204,1,within
MKT_00876,way,637089999,Phedi-Gothe Bazar,,27.3873854,87.0319964,named_bazar,named_bazar,,,,,106,Bhojpur,10602,Salpa Silichho,4,1060204,1,within
MKT_00877,way,182348701,Phedi-Gothe Bazar,,27.4005486,86.997449,named_bazar,named_bazar,,,,,106,Bhojpur,10602,Salpa Silichho,5,1060205,1,within
MKT_00878,way,501320988,Phedi-Gothe Bazar,,27.4061803,86.9840438,named_bazar,named_bazar,,,,,106,Bhojpur,10602,Salpa Silichho,5,1060205,1,within
MKT_00879,way,501320989,Phedi-Gothe Bazar,,27.4064123,86.9836544,named_bazar,named_bazar,,,,,106,Bhojpur,10602,Salpa Silichho,5,1060205,1,within
MKT_00880,way,501320992,Phedi-Gothe Bazar,,27.406307,86.9810361,named_bazar,named_bazar,,,,,106,Bhojpur,10602,Salpa Silichho,5,1060205,1,within
MKT_00881,way,501320994,Phedi-Gothe Bazar,,27.3929598,87.0189091,named_bazar,named_bazar,,,,,106,Bhojpur,10602,Salpa Silichho,5,1060205,1,within
MKT_00882,way,481836892,Phedi-Gothe Bazar,,27.3856661,87.0260052,named_bazar,named_bazar,,,,,106,Bhojpur,10602,Salpa Silichho,6,1060206,1,within
MKT_00883,way,501320991,Phedi-Gothe Bazar,,27.3853597,87.0261412,named_bazar,named_bazar,,,,,106,Bhojpur,10602,Salpa Silichho,6,1060206,1,within
MKT_00884,node,6454032685,Bhojpur Bazar,,27.1682299,87.0501864,named_bazar,named_bazar,,,,,106,Bhojpur,10604,Bhojpur,9,1060409,1,within
MKT_00885,node,2869946195,Bayang Bazar,,26.9998972,87.0471499,named_bazar,named_bazar,village,,,,106,Bhojpur,10609,Aamchowk,6,1060906,1,within
MKT_00886,node,10567224238,Hile Bich Bazar Tole,,27.0312105,87.3130525,named_bazar,named_bazar,village,,,,107,Dhankuta,10704,Dhankuta,1,1070401,1,within
MKT_00887,way,1307936597,नापी कार्यालय संक्रान्तीबजार,नापी कार्यालय संक्रान्तीबजार,27.2196158,87.6518454,named_bazar,named_bazar,,,,,108,Tenhrathum,10801,Aatharai,1,1080101,1,within
MKT_00888,node,5277845120,"Nepal Bangladesh Bank, Sangranti Bazar",,27.2215705,87.6510514,named_bazar,named_bazar,,bank,,,108,Tenhrathum,10801,Aatharai,4,1080104,1,within
MKT_00889,node,5058670465,म्याङलुङ बजार,म्याङलुङ बजार,27.1260406,87.5369465,named_bazar,named_bazar,village,,,,108,Tenhrathum,10804,Myanglung,2,1080402,1,within
MKT_00890,node,5058670464,Lasune Bazar,,27.1475246,87.4574809,named_bazar,named_bazar,hamlet,,,,108,Tenhrathum,10805,Laligurans,7,1080507,1,within
MKT_00891,way,1302922123,Yasok Bazar,,27.0687208,87.6485825,named_bazar,named_bazar,,,,,109,Panchthar,10906,Kummayak,1,1090601,1,within
MKT_00892,node,4634030090,Naya Bazar Monastery,,26.9615274,88.0318122,named_bazar,named_bazar,,place_of_worship,,,110,Ilam,11001,Mai Jogmai,1,1100101,1,within
MKT_00893,node,3385957286,Puwa Khola Bazaar,,26.9868051,87.8979708,named_bazar,named_bazar,hamlet,,,,110,Ilam,11003,Ilam,4,1100304,1,within
MKT_00894,node,4550517291,Ilam Chok Bazar,,26.90972,87.9283609,named_bazar,named_bazar,,,,,110,Ilam,11003,Ilam,7,1100307,1,within
MKT_00895,node,9802461415,RBB BRANCH Illambazar,,26.9100883,87.9271222,named_bazar,named_bazar,,bank,,,110,Ilam,11003,Ilam,7,1100307,1,within
MKT_00896,node,3385957287,Ranke Bazaar,,27.0294256,87.8053955,named_bazar,named_bazar,hamlet,,,,110,Ilam,11004,Deumai,1,1100401,1,within
MKT_00897,node,12649896278,Gorkhe Bazar,,26.9554832,88.0775912,named_bazar,named_bazar,hamlet,,,,110,Ilam,11009,Suryodaya,1,1100901,1,within
MKT_00898,way,497754554,Fikkal Nayabazar Namsaling Road,,26.9529611,88.0635115,named_bazar,named_bazar,,,,,110,Ilam,11009,Suryodaya,1,1100901,1,within
MKT_00899,way,238845139,Phikkal Bazar,,26.8945087,88.0673466,named_bazar,named_bazar,,,,residential,110,Ilam,11009,Suryodaya,10,1100910,1,within
MKT_00900,way,482239942,Old Aitabare Bazaar,,26.8835591,88.0311105,named_bazar,named_bazar,,,,residential,110,Ilam,11009,Suryodaya,11,1100911,1,within
MKT_00901,way,352826495,Budhabare Bazaar Bato Road,,26.7237292,88.051454,named_bazar,named_bazar,,,,,111,Jhapa,11102,Buddhashanti,3,1110203,1,within
MKT_00902,node,3713845390,Shivagunj Bazar,,26.5705977,87.8360373,named_bazar,named_bazar,,,,,111,Jhapa,11105,Shivasatakshi,6,1110506,1,within
MKT_00903,node,9800813530,"AChautari, Kyampa Bazar Branch",,26.6065973,87.7650195,named_bazar,named_bazar,,bank,,,111,Jhapa,11106,Kamal,2,1110602,1,within
MKT_00904,node,4995432288,केर्खा बजार,,26.6493976,87.758237,named_bazar,named_bazar,suburb,,,,111,Jhapa,11106,Kamal,3,1110603,1,within
MKT_00905,node,9800813529,"DIPROSC, Kerkha Bazar, Jhapa",,26.6472213,87.7585491,named_bazar,named_bazar,,bank,,,111,Jhapa,11106,Kamal,3,1110603,1,within
MKT_00906,node,9800813537,"NIC, Jhapa Bazar",,26.4805639,87.854158,named_bazar,named_bazar,,bank,,,111,Jhapa,11110,Jhapa,2,1111002,1,within
MKT_00907,node,9800813538,"MeroMF, Jhapa Bazar Branch",,26.4803404,87.8541298,named_bazar,named_bazar,,bank,,,111,Jhapa,11110,Jhapa,2,1111002,1,within
MKT_00908,node,9800813536,"RBB, Jhapabazar",,26.4810225,87.8544396,named_bazar,named_bazar,,bank,,,111,Jhapa,11110,Jhapa,3,1111003,1,within
MKT_00909,node,3316604579,बिर्ताबजार,बिर्ताबजार,26.6255837,87.9886035,named_bazar,named_bazar,suburb,,,,111,Jhapa,11112,Birtamod,3,1111203,1,within
MKT_00910,node,9800898845,"ForwardMF, Birtabazar",,26.633744,87.988642,named_bazar,named_bazar,,bank,,,111,Jhapa,11112,Birtamod,3,1111203,1,within
MKT_00911,node,9800898858,"NIC, Birta Bazar",,26.625392,87.9890172,named_bazar,named_bazar,,bank,,,111,Jhapa,11112,Birtamod,3,1111203,1,within
MKT_00912,way,303570794,"public school, birtabazar",,26.624994,87.9877834,named_bazar,named_bazar,,school,,,111,Jhapa,11112,Birtamod,3,1111203,1,within
MKT_00913,way,489400529,"public school, birtabazar",,26.6249558,87.9873161,named_bazar,named_bazar,,school,,,111,Jhapa,11112,Birtamod,3,1111203,1,within
MKT_00914,way,519079804,Sri Sibalaya Shiva Mandir Birtabazar,,26.6250464,87.9880987,named_bazar,named_bazar,,place_of_worship,,,111,Jhapa,11112,Birtamod,3,1111203,1,within
MKT_00915,node,9800898853,"Jeevan, Birtabazar",,26.6292384,87.9912869,named_bazar,named_bazar,,bank,,,111,Jhapa,11112,Birtamod,4,1111204,1,within
MKT_00916,node,9800898862,"DIPROSC, Garamani Bazar",,26.5821654,87.9835326,named_bazar,named_bazar,,bank,,,111,Jhapa,11112,Birtamod,10,1111210,1,within
MKT_00917,node,4805074463,पुहाटुबारी,पुहाटुबारी,26.6133165,88.0722189,named_bazar,named_bazar,village,,,,111,Jhapa,11114,Bhadrapur,9,1111409,1,within
MKT_00918,node,9801065358,"DIPROSC, Gachhiya Bazar,Morang",,26.6576256,87.3257573,named_bazar,named_bazar,,bank,,,112,Morang,11204,Sundarharaicha,3,1120403,1,within
MKT_00919,way,521342877,Sukrabare Bazaar,,26.5658045,87.5401693,named_bazar,named_bazar,,,,residential,112,Morang,11207,Pathari Shanishchare,6,1120706,1,within
MKT_00920,way,521369036,Sombare Bazaar,,26.5929847,87.5440236,named_bazar,named_bazar,,,,residential,112,Morang,11207,Pathari Shanishchare,8,1120708,1,within
MKT_00921,way,519434452,Sunga Bazaar,,26.5518214,87.5765628,named_bazar,named_bazar,,,,residential,112,Morang,11210,Sunwarshi,2,1121002,1,within
MKT_00922,way,660933336,Amardha Bazaar,,26.5417889,87.5638216,named_bazar,named_bazar,,,,residential,112,Morang,11210,Sunwarshi,2,1121002,1,within
MKT_00923,node,4173554590,Dainiya Bazar,,26.4553994,87.5487282,named_bazar,named_bazar,locality,,,,112,Morang,11210,Sunwarshi,9,1121009,1,within
MKT_00924,node,9801065380,"DIPROSC, Jhorahaat-Morang",,26.5175153,87.3252475,named_bazar,named_bazar,,bank,,,112,Morang,11212,Gramthan,2,1121202,1,within
MKT_00925,way,335717746,Purano Bazar,,26.8117843,87.2875095,named_bazar,named_bazar,,,,,113,Sunsari,11301,Dharan,2,1130102,1,within
MKT_00926,way,342237245,Sabji Mandi,,26.8122392,87.2842098,named_bazar,named_bazar,,,,,113,Sunsari,11301,Dharan,9,1130109,1,within
MKT_00927,node,9799020784,Radha krishna mandir pakali purano bazar,,26.6722808,87.2284862,named_bazar,named_bazar,,place_of_worship,,,113,Sunsari,11306,Itahari,17,1130617,1,within
MKT_00928,node,9801226672,"SamataMF, Branch Office Lalbazar",,26.8152692,87.0456024,named_bazar,named_bazar,,bank,,,114,Udaya Pur,11401,Belaka,6,1140106,1,within
MKT_00929,node,9801226675,"Mirmire, Lalbazar",,26.8057796,87.0635862,named_bazar,named_bazar,,bank,,,114,Udaya Pur,11401,Belaka,9,1140109,1,within
MKT_00930,node,2425141611,मुर्कची बजार,मुर्कची बजार,26.8942075,86.6244886,named_bazar,named_bazar,village,,,,114,Udaya Pur,11404,Rautamai,7,1140407,1,within
MKT_00931,node,9794060126,Dakneshwori English Boarding School. Pato Bazar,,26.5079594,86.6234589,named_bazar,named_bazar,,school,,,201,Saptari,20110,Dakneshwori,5,2011005,1,within
MKT_00932,node,2802928890,Hatiya bazar,,26.5383974,86.7471101,named_bazar,named_bazar,,,greengrocer,,201,Saptari,20113,Rajbiraj,7,2011307,1,within
MKT_00933,node,2802934953,Rajbiraj Vyawasthin Masu Bazar,,26.5384912,86.7464527,named_bazar,named_bazar,,,butcher,,201,Saptari,20113,Rajbiraj,7,2011307,1,within
MKT_00934,node,2820388146,0 mile bazaar,,26.7616055,86.3931355,named_bazar,named_bazar,hamlet,,,,202,Siraha,20202,Dhangadhimai,10,2020210,1,within
MKT_00935,node,9785153232,"Shree Aadharbhut Bidhyalaya Dhangadhi Bazar, Shyampur",,26.757629,86.400408,named_bazar,named_bazar,,school,,,202,Siraha,20202,Dhangadhimai,10,2020210,1,within
MKT_00936,node,3509138892,गोलबजार,गोलबजार,26.7926143,86.3314614,named_bazar,named_bazar,town,,,,202,Siraha,20203,Golbazar,6,2020306,1,within
MKT_00937,way,916711479,Golbazar Municipality,,26.7936976,86.3291737,named_bazar,named_bazar,,,,,202,Siraha,20203,Golbazar,6,2020306,1,within
MKT_00938,node,8446542471,बडहरी बजार,बडहरी बजार,26.9525036,85.9287466,named_bazar,named_bazar,hamlet,,,,203,Dhanusa,20303,Mithila,9,2030309,1,within
MKT_00939,node,9658026455,Thera Machha bazar,ठेरा (माछा बजार),26.7753717,85.9610505,named_bazar,named_bazar,locality,,,,203,Dhanusa,20307,Mithila Bihari,10,2030710,1,within
MKT_00940,node,9658026456,Thera Bazar,ठेरा बजार,26.7765663,85.9614675,named_bazar,named_bazar,locality,,,,203,Dhanusa,20307,Mithila Bihari,10,2030710,1,within
MKT_00941,node,8852214495,भाथिहान बजार,भाथिहान बजार,26.778362,86.0931449,named_bazar,named_bazar,hamlet,,,,203,Dhanusa,20309,Sabaila,9,2030909,1,within
MKT_00942,node,3767846903,मुखियापट्टी बजार,मुखियापट्टी बजार,26.5878865,85.877806,named_bazar,named_bazar,suburb,,,,203,Dhanusa,20318,Mukhiyapatti Musaharmiya,2,2031802,1,within
MKT_00943,node,3506563549,बलहाटी,बलहाटी,26.6261662,85.8787761,named_bazar,named_bazar,hamlet,,,,203,Dhanusa,20318,Mukhiyapatti Musaharmiya,4,2031804,1,within
MKT_00944,node,9791774409,Durga ma.vPashupati Nagar Patlaya Bazar,,26.9106483,85.8701172,named_bazar,named_bazar,,school,,,204,Mahottari,20401,Bardibas,9,2040109,1,within
MKT_00945,node,4598724701,कान्ति बजार,कान्ति बजार,26.963226,85.7386176,named_bazar,named_bazar,hamlet,,,,204,Mahottari,20402,Gaushala,12,2040212,1,within
MKT_00946,node,8739334691,hospital of kantibazar,,26.9631173,85.7372995,named_bazar,named_bazar,,,,,204,Mahottari,20402,Gaushala,12,2040212,1,within
MKT_00947,node,8739334704,kantibazar lakshminya higher secondary school,,26.9627527,85.7372137,named_bazar,named_bazar,,,,,204,Mahottari,20402,Gaushala,12,2040212,1,within
MKT_00948,node,13535761488,बजार टोल,बजार टोल,26.8028739,85.8534586,named_bazar,named_bazar,hamlet,,,,204,Mahottari,20406,Loharpatti,6,2040606,1,within
MKT_00949,node,9791847385,श्री मदरसा रिज्बिया इस्लाहुल मुस्लिम विधालय बजार,श्री मदरसा रिज्बिया इस्लाहुल मुस्लिम विधालय बजार,26.7275219,85.84913,named_bazar,named_bazar,,school,,,204,Mahottari,20406,Loharpatti,8,2040608,1,within
MKT_00950,node,9791777981,"Tridev Boarding School, Bazar Tole",,26.6886005,85.8228378,named_bazar,named_bazar,,school,,,204,Mahottari,20412,Mahottari,2,2041202,1,within
MKT_00951,node,9791777977,"Mithila Chaild Care Academy Madai, Madhai Bazar",,26.7045155,85.8046036,named_bazar,named_bazar,,school,,,204,Mahottari,20412,Mahottari,3,2041203,1,within
MKT_00952,node,9791777978,"Shree Janta Namuna Secondary School, Madhai Bazar",,26.70331,85.8050156,named_bazar,named_bazar,,school,,,204,Mahottari,20412,Mahottari,3,2041203,1,within
MKT_00953,node,9791970442,"Adharbhut Swasthya Sewa Kendra, Matihani Bazaar",,26.6135654,85.8489609,named_bazar,named_bazar,,clinic,,,204,Mahottari,20414,Matihani,8,2041408,1,within
MKT_00954,node,9784948707,Shree Niva Shishu Monteswori Baby Care Center Hat Bazar 7 Lalbandhi Mp,,27.0513477,85.6330109,named_bazar,named_bazar,,school,,,205,Sarlahi,20501,Lalbandi,7,2050107,1,within
MKT_00955,node,9784948683,Shree Saraswati Basice School Runche Bazaar 25 Lalbandhi Mp,,27.0858154,85.759407,named_bazar,named_bazar,,school,,,205,Sarlahi,20501,Lalbandi,15,2050115,1,within
MKT_00956,node,13143760634,नयाँ बजार गाउँ,नयाँ बजार गाउँ,27.0165055,85.4271168,named_bazar,named_bazar,hamlet,,,,205,Sarlahi,20504,Barahathawa,1,2050401,1,within
MKT_00957,node,13146744628,बजार टोल,बजार टोल,27.0089848,85.4849103,named_bazar,named_bazar,hamlet,,,,205,Sarlahi,20504,Barahathawa,9,2050409,1,within
MKT_00958,way,776172014,bazar road,,27.0083389,85.4841155,named_bazar,named_bazar,,,,,205,Sarlahi,20504,Barahathawa,9,2050409,1,within
MKT_00959,node,8643244336,बजारटोल,बजारटोल,26.9464458,85.6762233,named_bazar,named_bazar,hamlet,,,,205,Sarlahi,20506,Ishworpur,15,2050615,1,within
MKT_00960,node,8713477117,Soknaha Bazar,,26.94814,85.6771317,named_bazar,named_bazar,neighbourhood,,,,205,Sarlahi,20506,Ishworpur,15,2050615,1,within
MKT_00961,node,13171517536,होमपुर बजार टोल,होमपुर बजार टोल,26.9521614,85.5193872,named_bazar,named_bazar,hamlet,,,,205,Sarlahi,20511,Kabilashi,4,2051104,1,within
MKT_00962,node,13171654269,गैर बजार,गैर बजार,26.9618693,85.5554694,named_bazar,named_bazar,hamlet,,,,205,Sarlahi,20511,Kabilashi,7,2051107,1,within
MKT_00963,node,13172442591,एम. जे. आर अस्पताल गैरबजार,एम. जे. आर अस्पताल गैरबजार,26.9631038,85.5543926,named_bazar,named_bazar,,hospital,,,205,Sarlahi,20511,Kabilashi,7,2051107,1,within
MKT_00964,node,13172544712,उनिभर्सल एकेदेमी गैर बजार,उनिभर्सल एकेदेमी गैर बजार,26.9483648,85.5568918,named_bazar,named_bazar,,school,,,205,Sarlahi,20511,Kabilashi,7,2051107,1,within
MKT_00965,node,13175386451,भलुवाहाटोल,भलुवाहाटोल,26.9015842,85.5674821,named_bazar,named_bazar,hamlet,,,,205,Sarlahi,20511,Kabilashi,9,2051109,1,within
MKT_00966,node,13175430301,बजारटोल,बजारटोल,26.9069362,85.5625829,named_bazar,named_bazar,hamlet,,,,205,Sarlahi,20511,Kabilashi,9,2051109,1,within
MKT_00967,node,13175469924,बजार टोल,बजार टोल,26.881489,85.4952366,named_bazar,named_bazar,hamlet,,,,205,Sarlahi,20512,Chakraghatta,4,2051204,1,within
MKT_00968,way,598799344,bazar to pathsala road,,26.8601924,85.4612077,named_bazar,named_bazar,,,,,205,Sarlahi,20517,Godaita,8,2051708,1,within
MKT_00969,node,13175469929,लक्ष्मीपुर बजार टोल,,26.871978,85.4875501,named_bazar,named_bazar,hamlet,,,,205,Sarlahi,20519,Kaudena,1,2051901,1,within
MKT_00970,node,13176412387,कौडेना बजार,कौडेना बजार,26.861404,85.5132472,named_bazar,named_bazar,hamlet,,,,205,Sarlahi,20519,Kaudena,3,2051903,1,within
MKT_00971,node,9801432709,"Primary Health Center-5, Katahariya Bazar, Katahariya MP",,26.982893,85.2402573,named_bazar,named_bazar,,clinic,,,206,Rautahat,20604,Katahariya,5,2060405,1,within
MKT_00972,node,9801432710,"Katahariya Mahila Tatha Bal Hospital-5,Katahariya Bazaar,Katahariya MP",,26.9790115,85.2405777,named_bazar,named_bazar,,clinic,,,206,Rautahat,20604,Katahariya,5,2060405,1,within
MKT_00973,node,9789724760,श्री प्राथमिक विद्यालय कुडिया बजार,श्री प्राथमिक विद्यालय कुडिया बजार,26.8204079,85.2270889,named_bazar,named_bazar,,school,,,206,Rautahat,20613,Rajpur,6,2061306,1,within
MKT_00974,node,4280990614,Prasauna Bazar,,27.0802511,85.1210203,named_bazar,named_bazar,,,bicycle,,207,Bara,20702,Kolhabi,6,2070206,1,within
MKT_00975,node,9796614379,"Basic Healt Care Center, Beluwa Bazar",,27.0853329,85.1031494,named_bazar,named_bazar,,clinic,,,207,Bara,20702,Kolhabi,8,2070208,1,within
MKT_00976,node,5873326357,Thaatimai Mandir,,27.1480421,84.9687066,named_bazar,named_bazar,,place_of_worship,,,207,Bara,20703,Jitpur Simara,3,2070303,1,within
MKT_00977,node,9802085585,Thaatimai Mandir,,27.1471186,84.9685309,named_bazar,named_bazar,,place_of_worship,,,207,Bara,20703,Jitpur Simara,3,2070303,1,within
MKT_00978,node,4280990806,Fattepur Bazar,,27.1192861,85.0176088,named_bazar,named_bazar,,,tyres,,207,Bara,20703,Jitpur Simara,12,2070312,1,within
MKT_00979,node,4281029489,Madhuban Bazar,,27.0726845,85.0852696,named_bazar,named_bazar,,,,,207,Bara,20709,Karaiyamai,1,2070901,1,within
MKT_00980,node,8710473779,शनिबार बजार,शनिबार बजार,27.8248904,86.0946909,named_bazar,named_bazar,locality,,,,301,Dolakha,30102,Bigu,7,3010207,1,within
MKT_00981,node,12139961866,Amanthali Bazar,,27.8280945,86.0956337,named_bazar,named_bazar,locality,,,,301,Dolakha,30102,Bigu,7,3010207,1,within
MKT_00982,node,3509470099,हाट डाँडा,हाट डाँडा,27.6234048,86.2200096,named_bazar,named_bazar,hamlet,,,,301,Dolakha,30105,Jiri,6,3010506,1,within
MKT_00983,way,342523675,PuranoBazar Road,,27.6701639,86.0530143,named_bazar,named_bazar,,,,,301,Dolakha,30109,Bhimeshwor,3,3010903,1,within
MKT_00984,node,3548277067,सुनकोशी बजार,सुनकोशी बजार,27.7792734,85.8944516,named_bazar,named_bazar,hamlet,,,,302,Sindhupalchok,30209,Bahrabise,4,3020904,1,within
MKT_00985,node,3476854677,Pucharbazar Chowk,पुछार बजार चोक,27.9109066,84.8843814,named_bazar,named_bazar,locality,,,,304,Dhading,30406,Nilkhantha,3,3040603,1,within
MKT_00986,node,4935250634,सुनौला बजार,सुनौला बजार,27.8800574,84.8850033,named_bazar,named_bazar,suburb,,,,304,Dhading,30406,Nilkhantha,7,3040607,1,within
MKT_00987,node,5205567965,चाम्पभञ्ज्याङ बजार,चाम्पभञ्ज्याङ बजार,27.9759869,84.8664491,named_bazar,named_bazar,hamlet,,,,304,Dhading,30406,Nilkhantha,10,3040610,1,within
MKT_00988,node,14144169212,Hugdi Bazar,,27.8063311,84.7010091,named_bazar,named_bazar,hamlet,,,,304,Dhading,30409,Benighat Rorang,9,3040909,1,within
MKT_00989,way,1090655845,Hugdi Bazar,,27.8068863,84.6998989,named_bazar,named_bazar,,,,residential,304,Dhading,30409,Benighat Rorang,9,3040909,1,within
MKT_00990,node,2140333103,सिम्ले बजार,सिम्ले बजार,27.754945,85.0451271,named_bazar,named_bazar,hamlet,,,,304,Dhading,30412,Thakre,2,3041202,1,within
MKT_00991,way,341067701,Phedi bazar,,27.7449832,85.0851106,named_bazar,named_bazar,,,,residential,304,Dhading,30412,Thakre,6,3041206,1,within
MKT_00992,way,341942025,Nau Kila Bazar,,27.746718,85.0798765,named_bazar,named_bazar,,,,residential,304,Dhading,30412,Thakre,6,3041206,1,within
MKT_00993,node,10967378663,गर्तिर बजार चोक,गर्तिर बजार चोक,27.960639,85.401047,named_bazar,named_bazar,neighbourhood,,,,305,Nuwakot,30501,Dupcheshwor,7,3050107,1,within
MKT_00994,way,645963840,Chokate Bazar,,27.9512406,85.2302337,named_bazar,named_bazar,,,,residential,305,Nuwakot,30503,Suryagadhi,2,3050302,1,within
MKT_00995,way,303470439,Trishuli Sakhu Bazar,,27.9224272,85.1487771,named_bazar,named_bazar,,,,,305,Nuwakot,30504,Bidur,1,3050401,1,within
MKT_00996,way,533183934,Trishuli Bazar Road,,27.9219893,85.1481428,named_bazar,named_bazar,,,,,305,Nuwakot,30504,Bidur,1,3050401,1,within
MKT_00997,node,3488022929,बटार बजार,बटार बजार,27.8982535,85.1463477,named_bazar,named_bazar,neighbourhood,,,,305,Nuwakot,30504,Bidur,4,3050404,1,within
MKT_00998,way,341555175,Raisinge Bazar,,27.9314976,85.13092,named_bazar,named_bazar,,,,residential,305,Nuwakot,30504,Bidur,8,3050408,1,within
MKT_00999,way,341629506,"Bagua Bazar, Bidur-8",,27.9263047,85.1359827,named_bazar,named_bazar,,,,residential,305,Nuwakot,30504,Bidur,8,3050408,1,within
MKT_01000,node,3415524999,शान्ति बजार,शान्ति बजार,28.0172554,85.1814106,named_bazar,named_bazar,hamlet,,,,305,Nuwakot,30505,Kispang,5,3050505,1,within
MKT_01001,node,4214721490,ढिकुरे बजार(Dhikure),,27.8996482,85.2057056,named_bazar,named_bazar,,,,,305,Nuwakot,30509,Likhu,1,3050901,1,within
MKT_01002,node,4115448490,छहरे बजार,,27.8663788,85.2838718,named_bazar,named_bazar,,,books,,305,Nuwakot,30509,Likhu,6,3050906,1,within
MKT_01003,node,14133927229,Syauli bazaar,,27.8630669,85.3047308,named_bazar,named_bazar,hamlet,,,,305,Nuwakot,30511,Shivapuri,8,3051108,1,within
MKT_01004,node,3811249642,Maya Bazar,,27.7214876,85.3725504,named_bazar,named_bazar,,,department_store,,306,Kathmandu,30603,Gokarneshwor,5,3060305,1,within
MKT_01005,way,1041991724,tarkari bazar,,27.7206272,85.375535,named_bazar,named_bazar,,,herbalist,,306,Kathmandu,30603,Gokarneshwor,6,3060306,1,within
MKT_01006,way,1041991725,jorpati sano bazar,,27.7224644,85.3731874,named_bazar,named_bazar,,,clothes,,306,Kathmandu,30603,Gokarneshwor,6,3060306,1,within
MKT_01007,way,342032379,vanjayang bazar,,27.7470057,85.3768903,named_bazar,named_bazar,,,yes,,306,Kathmandu,30604,Budhanilkhantha,11,3060411,1,within
MKT_01008,node,10007973170,Tokha Sasto Bazar,,27.7740726,85.3300105,named_bazar,named_bazar,,,department_store,,306,Kathmandu,30605,Tokha,2,3060502,1,within
MKT_01009,node,10015719057,New Bakery Bazar,,27.75384,85.3183927,named_bazar,named_bazar,,,bakery,,306,Kathmandu,30605,Tokha,3,3060503,1,within
MKT_01010,node,10015943003,Bakery Bazar,,27.762995,85.3187525,named_bazar,named_bazar,,,bakery,,306,Kathmandu,30605,Tokha,3,3060503,1,within
MKT_01011,node,10006462394,Hamro Tarkari tatha Falful Bazar,,27.7408091,85.3213153,named_bazar,named_bazar,,,greengrocer,,306,Kathmandu,30605,Tokha,11,3060511,1,within
MKT_01012,node,2079675415,New Dilip Sweet and Chaat House,,27.7424458,85.3337349,named_bazar,named_bazar,,,confectionery,,306,Kathmandu,30608,Kathmandu,3,3060803,1,within
MKT_01013,node,9527304172,Nagarik Bazar,,27.7443018,85.3356864,named_bazar,named_bazar,,,convenience,,306,Kathmandu,30608,Kathmandu,3,3060803,1,within
MKT_01014,node,2515022659,Nagarik Bazar,,27.736238,85.3418741,named_bazar,named_bazar,,,variety_store,,306,Kathmandu,30608,Kathmandu,4,3060804,1,within
MKT_01015,way,237657961,Nagarik Bazaar,,27.7140755,85.3617554,named_bazar,named_bazar,,,mall,,306,Kathmandu,30608,Kathmandu,6,3060806,1,within
MKT_01016,way,303139885,Tarkari Bazar,,27.7138639,85.3492321,named_bazar,named_bazar,,,,allotments,306,Kathmandu,30608,Kathmandu,7,3060807,1,within
MKT_01017,node,1845868815,Bijulibazar Stop,,27.6922849,85.3296089,named_bazar,named_bazar,,,,,306,Kathmandu,30608,Kathmandu,10,3060810,1,within
MKT_01018,node,2027895464,Bijulibazar Tol Development Committee,,27.6905182,85.3291269,named_bazar,named_bazar,,,,,306,Kathmandu,30608,Kathmandu,10,3060810,1,within
MKT_01019,way,120105833,Haatti Gaunda Marg,,27.701746,85.3369347,named_bazar,named_bazar,,,,,306,Kathmandu,30608,Kathmandu,10,3060810,1,within
MKT_01020,way,184110479,Bijulibazar Marg,,27.6917402,85.3291911,named_bazar,named_bazar,,,,,306,Kathmandu,30608,Kathmandu,10,3060810,1,within
MKT_01021,node,4175845794,Color Bazar,,27.69333,85.3266531,named_bazar,named_bazar,,,,,306,Kathmandu,30608,Kathmandu,11,3060811,1,within
MKT_01022,way,169339097,बिजुलिबजार पुल,बिजुलिबजार पुल,27.6904032,85.3283561,named_bazar,named_bazar,,,,,306,Kathmandu,30608,Kathmandu,11,3060811,1,within
MKT_01023,node,360464983,Khasibazaar,,27.689237,85.2841203,named_bazar,named_bazar,,,,,306,Kathmandu,30608,Kathmandu,14,3060814,1,within
MKT_01024,way,332885497,Balkhu kris tatha tarkari bazar,,27.6836048,85.2986298,named_bazar,named_bazar,,,,,306,Kathmandu,30608,Kathmandu,14,3060814,1,within
MKT_01025,way,172325484,Manjushri Bazar marg,,27.7148759,85.2849246,named_bazar,named_bazar,,,,,306,Kathmandu,30608,Kathmandu,15,3060815,1,within
MKT_01026,node,2122304896,नयाँ बजार,नयाँ बजार,27.7216053,85.3075423,named_bazar,named_bazar,neighbourhood,,,,306,Kathmandu,30608,Kathmandu,16,3060816,1,within
MKT_01027,node,5069543971,Sasto Fruits and Vegetable Bazaar,,27.7188081,85.3067168,named_bazar,named_bazar,,,greengrocer,,306,Kathmandu,30608,Kathmandu,16,3060816,1,within
MKT_01028,way,263503908,"Old Shova Bhagwati Tarkari Bazaar, Now Storage Area",,27.7165984,85.3052077,named_bazar,named_bazar,,,storage_rental,,306,Kathmandu,30608,Kathmandu,16,3060816,1,within
MKT_01029,node,9530113919,Dillibazar Pipal Bot Saving and Credit Co-operative Limited,,27.7030918,85.3099503,named_bazar,named_bazar,,bank,,,306,Kathmandu,30608,Kathmandu,22,3060822,1,within
MKT_01030,way,135742439,बिशाल बजार,,27.7043603,85.3094778,named_bazar,named_bazar,,,mall,,306,Kathmandu,30608,Kathmandu,24,3060824,1,within
MKT_01031,node,11845003094,Sagarmatha Bazaar,,27.7151008,85.3108832,named_bazar,named_bazar,,,,,306,Kathmandu,30608,Kathmandu,26,3060826,1,within
MKT_01032,way,496569944,Namuna Tarkari Bazar,नमुना तरकारी बजार,27.7341055,85.3149203,named_bazar,named_bazar,,,greengrocer,,306,Kathmandu,30608,Kathmandu,26,3060826,1,within
MKT_01033,node,2291478678,Bagbazar Stop,,27.7058411,85.3171347,named_bazar,named_bazar,,,,,306,Kathmandu,30608,Kathmandu,28,3060828,1,within
MKT_01034,node,3511476818,बागबजार,बागबजार,27.7057749,85.3192537,named_bazar,named_bazar,neighbourhood,,,,306,Kathmandu,30608,Kathmandu,28,3060828,1,within
MKT_01035,node,9407485119,Computer Bazar,,27.7064659,85.3229527,named_bazar,named_bazar,,,computer,,306,Kathmandu,30608,Kathmandu,28,3060828,1,within
MKT_01036,node,9956505778,Bagbazar Special Momo Center,,27.7058134,85.3199628,named_bazar,named_bazar,,restaurant,,,306,Kathmandu,30608,Kathmandu,28,3060828,1,within
MKT_01037,node,9956505859,Indreni Chaat House,,27.7032482,85.3182638,named_bazar,named_bazar,,,spices,,306,Kathmandu,30608,Kathmandu,28,3060828,1,within
MKT_01038,node,9967127799,Khulla Bazar,,27.701749,85.3207037,named_bazar,named_bazar,,,mall,,306,Kathmandu,30608,Kathmandu,28,3060828,1,within
MKT_01039,node,9969484617,Bagbazar Photocopy And Stationery,,27.7058557,85.317754,named_bazar,named_bazar,,,stationery,,306,Kathmandu,30608,Kathmandu,28,3060828,1,within
MKT_01040,node,9969484646,Laxmi Chaat House,,27.7057589,85.3185782,named_bazar,named_bazar,,,spices,,306,Kathmandu,30608,Kathmandu,28,3060828,1,within
MKT_01041,node,9969484649,OM Jaya Jagadish Sweets And Chaat House,,27.7057566,85.318678,named_bazar,named_bazar,,,spices,,306,Kathmandu,30608,Kathmandu,28,3060828,1,within
MKT_01042,node,9969484720,Bagbazar Store,,27.705611,85.3206086,named_bazar,named_bazar,,,department_store,,306,Kathmandu,30608,Kathmandu,28,3060828,1,within
MKT_01043,node,14086921084,Goreto Consultancy - Bagbazar,,27.7055667,85.3211541,named_bazar,named_bazar,,,,,306,Kathmandu,30608,Kathmandu,28,3060828,1,within
MKT_01044,way,4840124,बाघबजार सडक,बाघबजार सडक,27.7056367,85.3228493,named_bazar,named_bazar,,,,,306,Kathmandu,30608,Kathmandu,28,3060828,1,within
MKT_01045,way,220025931,बागबजार सडक,बागबजार सडक,27.7060518,85.316692,named_bazar,named_bazar,,,,,306,Kathmandu,30608,Kathmandu,28,3060828,1,within
MKT_01046,way,231414548,बागबजार सडक,बागबजार सडक,27.7056204,85.3222828,named_bazar,named_bazar,,,,,306,Kathmandu,30608,Kathmandu,28,3060828,1,within
MKT_01047,way,240251186,Computer Bazar,,27.7065638,85.3230256,named_bazar,named_bazar,,,computer,,306,Kathmandu,30608,Kathmandu,28,3060828,1,within
MKT_01048,way,257759242,बागबजार सडक,बागबजार सडक,27.7057867,85.3196285,named_bazar,named_bazar,,,,,306,Kathmandu,30608,Kathmandu,28,3060828,1,within
MKT_01049,way,1126610601,बागबजार सडक,बागबजार सडक,27.7056235,85.322652,named_bazar,named_bazar,,,,,306,Kathmandu,30608,Kathmandu,28,3060828,1,within
MKT_01050,way,111965821,डिल्लीबजार मार्ग,डिल्लीबजार मार्ग,27.7034343,85.3342035,named_bazar,named_bazar,,,,,306,Kathmandu,30608,Kathmandu,29,3060829,1,within
MKT_01051,way,120430420,Dillibazar Sadak,डिल्लिबजार,27.7046486,85.3297082,named_bazar,named_bazar,,,,,306,Kathmandu,30608,Kathmandu,29,3060829,1,within
MKT_01052,way,172333269,Dilli Bazar Height Marg,,27.7031512,85.3233697,named_bazar,named_bazar,,,,,306,Kathmandu,30608,Kathmandu,29,3060829,1,within
MKT_01053,way,231414549,डिल्लिबजार सडक,डिल्लिबजार सडक,27.7055019,85.3248233,named_bazar,named_bazar,,,,,306,Kathmandu,30608,Kathmandu,29,3060829,1,within
MKT_01054,node,31148719,Dillibazaar stop,,27.7053618,85.3267764,named_bazar,named_bazar,,,,,306,Kathmandu,30608,Kathmandu,30,3060830,1,within
MKT_01055,node,1772200616,डिल्लीबजार,डिल्लीबजार,27.7071738,85.3281879,named_bazar,named_bazar,neighbourhood,,,,306,Kathmandu,30608,Kathmandu,30,3060830,1,within
MKT_01056,node,2111864384,Dillibazaar Sub-Post Office,,27.705992,85.3266321,named_bazar,named_bazar,,,,,306,Kathmandu,30608,Kathmandu,30,3060830,1,within
MKT_01057,node,4865500721,Dillibazar Central Jail,,27.706321,85.3271617,named_bazar,named_bazar,,police,,,306,Kathmandu,30608,Kathmandu,30,3060830,1,within
MKT_01058,way,906199099,नापी कार्यालय डिल्लीबजार,,27.7056777,85.3328722,named_bazar,named_bazar,,,,,306,Kathmandu,30608,Kathmandu,30,3060830,1,within
MKT_01059,node,1927587719,Pratakchya Bazar Bewasaye Sangh,,27.674986,85.3406691,named_bazar,named_bazar,,office,,,306,Kathmandu,30608,Kathmandu,32,3060832,1,within
MKT_01060,node,9956153376,Hukka Bazar And Liquor Shop,,27.6752302,85.3534983,named_bazar,named_bazar,,,beverages,,306,Kathmandu,30608,Kathmandu,32,3060832,1,within
MKT_01061,node,9967102440,Shree Laxmi Sweet And Chaat Pasal,,27.6789164,85.349074,named_bazar,named_bazar,,,spices,,306,Kathmandu,30608,Kathmandu,32,3060832,1,within
MKT_01062,node,9967126970,Hongkong Bazar,,27.6780704,85.3476545,named_bazar,named_bazar,,,mall,,306,Kathmandu,30608,Kathmandu,32,3060832,1,within
MKT_01063,node,9999375364,Shree Ganesh Sweet and Chaat House,,27.6740639,85.3515081,named_bazar,named_bazar,,,spicies,,306,Kathmandu,30608,Kathmandu,32,3060832,1,within
MKT_01064,node,10024851022,Gupta Chaat House,,27.6829832,85.344294,named_bazar,named_bazar,,,spices,,306,Kathmandu,30608,Kathmandu,32,3060832,1,within
MKT_01065,node,10121401000,G.S Sweet and Chaat House,,27.6789201,85.335436,named_bazar,named_bazar,,,confectionery,,306,Kathmandu,30608,Kathmandu,32,3060832,1,within
MKT_01066,node,10121542427,Special Panipuri Chaat Pasal,,27.6851735,85.345989,named_bazar,named_bazar,,,spices,,306,Kathmandu,30608,Kathmandu,32,3060832,1,within
MKT_01067,way,342701054,Manohara Tarkari Bazar,मनोहरा तरकारी बजार,27.6730715,85.3539416,named_bazar,named_bazar,,,,,306,Kathmandu,30608,Kathmandu,32,3060832,1,within
MKT_01068,way,1304008652,मनोहरा तरकारी बजार,मनोहरा तरकारी बजार,27.6733958,85.3541387,named_bazar,named_bazar,,,,,306,Kathmandu,30608,Kathmandu,32,3060832,1,within
MKT_01069,node,9645181488,Khashi Bazar Youth Club,,27.6782872,85.2768163,named_bazar,named_bazar,,,,,306,Kathmandu,30609,Kirtipur,1,3060901,1,within
MKT_01070,way,96907226,नया बजारको बाटो,नया बजारको बाटो,27.6810391,85.2791716,named_bazar,named_bazar,,,,,306,Kathmandu,30609,Kirtipur,1,3060901,1,within
MKT_01071,node,3377547646,सुन्दर बजार,सुन्दर बजार,27.6714343,85.2792441,named_bazar,named_bazar,neighbourhood,,,,306,Kathmandu,30609,Kirtipur,8,3060908,1,within
MKT_01072,node,3384141041,खासी बजार,खासी बजार,27.6773007,85.2754051,named_bazar,named_bazar,neighbourhood,,,,306,Kathmandu,30609,Kirtipur,9,3060909,1,within
MKT_01073,node,10938889167,Nayabazar,नयाँ बजार,27.6745349,85.2802426,named_bazar,named_bazar,neighbourhood,,,,306,Kathmandu,30609,Kirtipur,9,3060909,1,within
MKT_01074,way,331353684,Khasi Bazar Tole Sudhar Samity,,27.6777153,85.2748795,named_bazar,named_bazar,,community_centre,,,306,Kathmandu,30609,Kirtipur,9,3060909,1,within
MKT_01075,node,1965646270,Naya Bazar,,27.6770776,85.2819463,named_bazar,named_bazar,,,,,306,Kathmandu,30609,Kirtipur,10,3060910,1,within
MKT_01076,node,10938722970,नयाँ बजार,नयाँ बजार,27.6762248,85.2808347,named_bazar,named_bazar,neighbourhood,,,,306,Kathmandu,30609,Kirtipur,10,3060910,1,within
MKT_01077,node,11934496770,Taja Math HandicraftS Bazaar,,27.6733892,85.4350305,named_bazar,named_bazar,,,,,307,Bhaktapur,30702,Bhaktapur,7,3070207,1,within
MKT_01078,node,11949405398,Rashib Sweet & Chaat House,,27.6787842,85.4428498,named_bazar,named_bazar,,fast_food,,,307,Bhaktapur,30702,Bhaktapur,10,3070210,1,within
MKT_01079,node,9956485611,Nibes Sweets andChaat,,27.674509,85.3599856,named_bazar,named_bazar,,,spices,,307,Bhaktapur,30703,Madhyapur Thimi,1,3070301,1,within
MKT_01080,node,9962157000,Srijana Sweets and Chaat House,,27.6684277,85.3529115,named_bazar,named_bazar,,,spices,,307,Bhaktapur,30703,Madhyapur Thimi,1,3070301,1,within
MKT_01081,node,10048500925,Juice and Chaats Center,,27.6885078,85.368394,named_bazar,named_bazar,,fast_food,,,307,Bhaktapur,30703,Madhyapur Thimi,2,3070302,1,within
MKT_01082,node,1990673891,E Point Electronics Bazaar,,27.6737269,85.3741951,named_bazar,named_bazar,,,electronics,,307,Bhaktapur,30703,Madhyapur Thimi,3,3070303,1,within
MKT_01083,node,9956485531,Akash Sweets and Chaat,,27.6742564,85.3647357,named_bazar,named_bazar,,,spices,,307,Bhaktapur,30703,Madhyapur Thimi,3,3070303,1,within
MKT_01084,node,9969437681,New Jay Nepal Sweet And Chaat House,,27.6741837,85.3644168,named_bazar,named_bazar,,,spices,,307,Bhaktapur,30703,Madhyapur Thimi,3,3070303,1,within
MKT_01085,node,9993356545,Jay Nepal Chaat House and Sweets House,,27.674005,85.3646436,named_bazar,named_bazar,,,spices,,307,Bhaktapur,30703,Madhyapur Thimi,3,3070303,1,within
MKT_01086,node,10079004030,udaypur meat bazaar,,27.6751197,85.3816042,named_bazar,named_bazar,,,butcher,,307,Bhaktapur,30703,Madhyapur Thimi,3,3070303,1,within
MKT_01087,node,13276014101,Caliber Shoes Thimi Bahakhabazar,,27.6831409,85.3868398,named_bazar,named_bazar,,,shoes,,307,Bhaktapur,30703,Madhyapur Thimi,7,3070307,1,within
MKT_01088,node,9914495217,Pandu Bazar,,27.660787,85.4207876,named_bazar,named_bazar,,,,,307,Bhaktapur,30704,Suryabinayak,6,3070406,1,within
MKT_01089,way,177586574,पुल्चोकदेखि मङ्गलबजार सडक,पुल्चोकदेखि मङ्गलबजार सडक,27.6770807,85.3163898,named_bazar,named_bazar,,,,,308,Lalitpur,30802,Lalitpur,3,3080203,1,within
MKT_01090,way,193927814,पुल्चोक देखि मङ्गलबजार सडक,पुल्चोक देखि मङ्गलबजार सडक,27.6771433,85.3163958,named_bazar,named_bazar,,,,,308,Lalitpur,30802,Lalitpur,3,3080203,1,within
MKT_01091,way,711066166,पुल्चोक-मङ्गलबजार सडक,पुल्चोक-मङ्गलबजार सडक,27.6769912,85.31657,named_bazar,named_bazar,,,,,308,Lalitpur,30802,Lalitpur,3,3080203,1,within
MKT_01092,way,711066167,पुल्चोकदेखि मङ्गलबजार सडक,पुल्चोकदेखि मङ्गलबजार सडक,27.6770028,85.3165762,named_bazar,named_bazar,,,,,308,Lalitpur,30802,Lalitpur,3,3080203,1,within
MKT_01093,way,226937170,मङ्गलबजार देखि ग्वार्को सडक,मङ्गलबजार देखि ग्वार्को सडक,27.6672474,85.3313451,named_bazar,named_bazar,,,,,308,Lalitpur,30802,Lalitpur,7,3080207,1,within
MKT_01094,way,231194608,मङ्गलबजार देखि ग्वारको सडक,मङ्गलबजार देखि ग्वारको सडक,27.6681489,85.3303018,named_bazar,named_bazar,,,,,308,Lalitpur,30802,Lalitpur,7,3080207,1,within
MKT_01095,node,11949319883,Chaat House,,27.6716789,85.3386701,named_bazar,named_bazar,,fast_food,,,308,Lalitpur,30802,Lalitpur,8,3080208,1,within
MKT_01096,node,1783269563,mangalbazar police station,,27.6725186,85.3251065,named_bazar,named_bazar,,police,,,308,Lalitpur,30802,Lalitpur,12,3080212,1,within
MKT_01097,node,9942139418,Mangalbazar Bakery,,27.6737931,85.3258045,named_bazar,named_bazar,,,bakery,,308,Lalitpur,30802,Lalitpur,12,3080212,1,within
MKT_01098,way,111858040,लागेनखेलदेखि मंगल बजार सडक,लागेनखेलदेखि मंगल बजार सडक,27.668271,85.3230564,named_bazar,named_bazar,,,,,308,Lalitpur,30802,Lalitpur,12,3080212,1,within
MKT_01099,way,328581949,mangalbazar police station,,27.6723367,85.3250539,named_bazar,named_bazar,,police,,,308,Lalitpur,30802,Lalitpur,12,3080212,1,within
MKT_01100,node,2313807893,नख्खु  बजार,नख्खु  बजार,27.6629416,85.3060869,named_bazar,named_bazar,neighbourhood,,,,308,Lalitpur,30802,Lalitpur,13,3080213,1,within
MKT_01101,node,253205163,Mangalbazar,,27.672623,85.3249685,named_bazar,named_bazar,,,,,308,Lalitpur,30802,Lalitpur,16,3080216,1,within
MKT_01102,node,2313807880,मङ्गल बजार,मङ्गल बजार,27.6734319,85.3244011,named_bazar,named_bazar,locality,,,,308,Lalitpur,30802,Lalitpur,16,3080216,1,within
MKT_01103,node,4094694246,धौगल बजार,धौगल बजार,27.6745386,85.3235322,named_bazar,named_bazar,neighbourhood,,,,308,Lalitpur,30802,Lalitpur,16,3080216,1,within
MKT_01104,way,172126341,मङ्गलबजार मार्ग,मङ्गलबजार मार्ग,27.6730738,85.3244406,named_bazar,named_bazar,,,,,308,Lalitpur,30802,Lalitpur,16,3080216,1,within
MKT_01105,way,232518479,पुल्चोक-मङ्गलबजार सडक,पुल्चोक-मङ्गलबजार सडक,27.6742775,85.3209317,named_bazar,named_bazar,,,,,308,Lalitpur,30802,Lalitpur,16,3080216,1,within
MKT_01106,way,136518312,मङ्गलबजारदेखि ग्वारकोसम्म,मङ्गलबजारदेखि ग्वारकोसम्म,27.6666061,85.3321846,named_bazar,named_bazar,,,,,308,Lalitpur,30802,Lalitpur,17,3080217,1,within
MKT_01107,way,1091658644,मङ्गलबजारदेखि ग्वारकोसम्म,मङ्गलबजारदेखि ग्वारकोसम्म,27.6667743,85.3319092,named_bazar,named_bazar,,,,,308,Lalitpur,30802,Lalitpur,17,3080217,1,within
MKT_01108,way,1293323154,Tarkari Bazar,,27.6462274,85.3371274,named_bazar,named_bazar,,,,,308,Lalitpur,30802,Lalitpur,28,3080228,1,within
MKT_01109,node,9622861293,प्याङ्गाउँ बजार,प्याङ्गाउँ बजार,27.5983257,85.3253136,named_bazar,named_bazar,hamlet,,,,308,Lalitpur,30803,Godawari,11,3080311,1,within
MKT_01110,way,1493803467,Makhlo Bazar,,27.7440629,85.5986003,named_bazar,named_bazar,neighbourhood,,,,309,Kavrepalanchok,30903,Mandan Deupur,7,3090307,1,within
MKT_01111,way,1493803679,Tallo Bazar,,27.7460917,85.6042644,named_bazar,named_bazar,neighbourhood,,,,309,Kavrepalanchok,30903,Mandan Deupur,7,3090307,1,within
MKT_01112,node,10230035192,Dynamic Yuwa Bachaat Tathaa Sahakari Sanstha Limited,,27.6573395,85.5180388,named_bazar,named_bazar,,bank,,,309,Kavrepalanchok,30904,Banepa,4,3090404,1,within
MKT_01113,way,215632746,Nala Bazar Marga,,27.6535735,85.5097069,named_bazar,named_bazar,,,,,309,Kavrepalanchok,30904,Banepa,4,3090404,1,within
MKT_01114,node,1833834971,Tarkari Bazar,,27.6291299,85.5266684,named_bazar,named_bazar,,,supermarket,,309,Kavrepalanchok,30904,Banepa,7,3090407,1,within
MKT_01115,node,1767311712,पुलबजार,पुलबजार,27.6321459,85.5152519,named_bazar,named_bazar,neighbourhood,,,,309,Kavrepalanchok,30904,Banepa,8,3090408,1,within
MKT_01116,node,11948001041,Bhumi Bazar Pvt. Ltd,,27.6298595,85.5218026,named_bazar,named_bazar,,,,,309,Kavrepalanchok,30904,Banepa,8,3090408,1,within
MKT_01117,node,10239830825,Pulbazar Meat Shop,पुलबजार मासु पसल,27.6325168,85.5108152,named_bazar,named_bazar,,,butcher,,309,Kavrepalanchok,30904,Banepa,10,3090410,1,within
MKT_01118,node,10230034974,Bikateshwar Ghaat,,27.6351358,85.489665,named_bazar,named_bazar,,community building,,,309,Kavrepalanchok,30904,Banepa,14,3090414,1,within
MKT_01119,node,2687459087,Saraswati Bazaar,,27.6173703,85.5543353,named_bazar,named_bazar,,,,,309,Kavrepalanchok,30905,Dhulikhel,7,3090507,1,within
MKT_01120,node,13061354792,Sanjiwani bazar ma raheko dhara,,27.6165033,85.5571917,named_bazar,named_bazar,,,,,309,Kavrepalanchok,30905,Dhulikhel,7,3090507,1,within
MKT_01121,node,13061354962,Saraswoti bazar ma rakheko dara,,27.6174667,85.5543817,named_bazar,named_bazar,,,,,309,Kavrepalanchok,30905,Dhulikhel,7,3090507,1,within
MKT_01122,node,4727566753,पुरानो बजार,पुरानो बजार,27.6624468,85.6293067,named_bazar,named_bazar,hamlet,,,,309,Kavrepalanchok,30906,Panchkhal,4,3090604,1,within
MKT_01123,node,5006325012,होक्से बजार,होक्से बजार,27.6509937,85.6547252,named_bazar,named_bazar,suburb,,,,309,Kavrepalanchok,30906,Panchkhal,8,3090608,1,within
MKT_01124,node,2153306140,panauti tarkari tatha falful bazar,,27.5861267,85.513748,named_bazar,named_bazar,,,greengrocer,,309,Kavrepalanchok,30909,Panauti,6,3090906,1,within
MKT_01125,node,6172452333,Khopasi Bazar,,27.5666615,85.5337743,named_bazar,named_bazar,locality,,,,309,Kavrepalanchok,30909,Panauti,10,3090910,1,within
MKT_01126,node,13061356764,Roshi bazar,,27.5710766,85.4888418,named_bazar,named_bazar,,,,,309,Kavrepalanchok,30909,Panauti,12,3090912,1,within
MKT_01127,node,13061358340,Haat Dhungo,,27.52923,85.5181422,named_bazar,named_bazar,,,,,309,Kavrepalanchok,30910,Bethanchowk,4,3091004,1,within
MKT_01128,way,486154929,Dhurabazar,,27.2146094,85.9111362,named_bazar,named_bazar,,,,residential,311,Sindhuli,31105,Kamalamai,6,3110506,1,within
MKT_01129,way,710624242,Dhura Bazar Road,,27.2145794,85.9111197,named_bazar,named_bazar,,,,,311,Sindhuli,31105,Kamalamai,6,3110506,1,within
MKT_01130,node,3199698516,Paili bazar,,27.6495769,85.1275167,named_bazar,named_bazar,locality,,,,312,Makwanpur,31202,Thaha,6,3120206,1,within
MKT_01131,node,3202778506,डुंडे बजार,डुंडे बजार,27.6593889,85.1252584,named_bazar,named_bazar,hamlet,,,,312,Makwanpur,31202,Thaha,6,3120206,1,within
MKT_01132,node,3204275635,Bagar Bazar,,27.6605354,85.1285428,named_bazar,named_bazar,locality,,,,312,Makwanpur,31202,Thaha,6,3120206,1,within
MKT_01133,node,5671705897,Saraswati Bazar,,27.6492234,85.1227935,named_bazar,named_bazar,village,,,,312,Makwanpur,31202,Thaha,6,3120206,1,within
MKT_01134,way,313929061,Saraswoti bazar to Bhatta danda,,27.648061,85.1227992,named_bazar,named_bazar,,,,,312,Makwanpur,31202,Thaha,6,3120206,1,within
MKT_01135,way,314079956,way to bagar bazar,,27.6610606,85.1279809,named_bazar,named_bazar,,,,,312,Makwanpur,31202,Thaha,6,3120206,1,within
MKT_01136,way,314082935,bagar bazar food collection centre,,27.660233,85.1284151,named_bazar,named_bazar,,food_collection,,,312,Makwanpur,31202,Thaha,6,3120206,1,within
MKT_01137,way,314227415,Saraswoti bazar to bagar bazar road,,27.6540277,85.1229555,named_bazar,named_bazar,,,,,312,Makwanpur,31202,Thaha,6,3120206,1,within
MKT_01138,way,314227416,Saraswoti bazar to sisneri road,,27.65034,85.1218803,named_bazar,named_bazar,,,,,312,Makwanpur,31202,Thaha,6,3120206,1,within
MKT_01139,way,314366544,Saraswoti bazar to sisneri road,,27.6674032,85.1276462,named_bazar,named_bazar,,,,,312,Makwanpur,31202,Thaha,6,3120206,1,within
MKT_01140,way,314366545,Saraswoti bazar to sisneri road,,27.669501,85.1271124,named_bazar,named_bazar,,,,,312,Makwanpur,31202,Thaha,6,3120206,1,within
MKT_01141,way,314368289,Saraswoti bazar to bagar bazar road,,27.6497345,85.1222153,named_bazar,named_bazar,,,,,312,Makwanpur,31202,Thaha,6,3120206,1,within
MKT_01142,way,314377746,Bagar Bazar to Sisnari road,,27.6607731,85.1285687,named_bazar,named_bazar,,,,,312,Makwanpur,31202,Thaha,6,3120206,1,within
MKT_01143,way,314577208,Bagar Bazar to Sisnari road,,27.6646879,85.1279157,named_bazar,named_bazar,,,,,312,Makwanpur,31202,Thaha,6,3120206,1,within
MKT_01144,way,314577209,Bagar Bazar to Sisnari road,,27.6608145,85.128608,named_bazar,named_bazar,,,,,312,Makwanpur,31202,Thaha,6,3120206,1,within
MKT_01145,way,314577210,Bagar Bazar to Sisnari road,,27.6659749,85.1276586,named_bazar,named_bazar,,,,,312,Makwanpur,31202,Thaha,6,3120206,1,within
MKT_01146,way,314577211,Bagar Bazar to Sisnari road,,27.6627492,85.1283325,named_bazar,named_bazar,,,,,312,Makwanpur,31202,Thaha,6,3120206,1,within
MKT_01147,way,314577230,Saraswoti bazar to bagar bazar road,,27.6576775,85.1242091,named_bazar,named_bazar,,,,,312,Makwanpur,31202,Thaha,6,3120206,1,within
MKT_01148,way,314577231,Saraswoti bazar to bagar bazar road,,27.6592173,85.1264323,named_bazar,named_bazar,,,,,312,Makwanpur,31202,Thaha,6,3120206,1,within
MKT_01149,way,314578152,Saraswoti bazar to Bhatta danda,,27.6469288,85.1229561,named_bazar,named_bazar,,,,,312,Makwanpur,31202,Thaha,6,3120206,1,within
MKT_01150,way,314578153,Saraswoti bazar to Bhatta danda,,27.6463538,85.1249643,named_bazar,named_bazar,,,,,312,Makwanpur,31202,Thaha,6,3120206,1,within
MKT_01151,node,3444661362,Gairi Bazar,,27.5852006,84.7334105,named_bazar,named_bazar,locality,,,,312,Makwanpur,31205,Manahari,6,3120506,1,within
MKT_01152,node,3444661364,Pallo Bazar,,27.5815654,84.7338749,named_bazar,named_bazar,locality,,,,312,Makwanpur,31205,Manahari,6,3120506,1,within
MKT_01153,node,8827808119,हेटौंडा तरकारी बजार,,27.428632,85.0283089,named_bazar,named_bazar,,,supermarket,,312,Makwanpur,31206,Hetauda,10,3120610,1,within
MKT_01154,node,3392094057,hatbazaar chautara,,27.7010078,84.4411018,named_bazar,named_bazar,,,,,313,Chitwan,31304,Bharatpur,1,3130401,1,within
MKT_01155,way,185667223,Hongkong Bazaar Lane,,27.6949979,84.4247073,named_bazar,named_bazar,,,,,313,Chitwan,31304,Bharatpur,1,3130401,1,within
MKT_01156,way,186173122,Putali Bazar,,27.6980218,84.4243498,named_bazar,named_bazar,,,,,313,Chitwan,31304,Bharatpur,1,3130401,1,within
MKT_01157,way,317157714,Big Bazaar Lane,,27.6948018,84.4250627,named_bazar,named_bazar,,,,,313,Chitwan,31304,Bharatpur,1,3130401,1,within
MKT_01158,way,1155949415,Mandi Road,,27.6984972,84.4367856,named_bazar,named_bazar,,,,,313,Chitwan,31304,Bharatpur,2,3130402,1,within
MKT_01159,node,11111279558,Chowk Bazar,,27.6261993,84.3991474,named_bazar,named_bazar,neighbourhood,,,,313,Chitwan,31304,Bharatpur,6,3130406,1,within
MKT_01160,way,328099263,Haat Bazzaar,,27.6871044,84.4312016,named_bazar,named_bazar,,,farm,,313,Chitwan,31304,Bharatpur,10,3130410,1,within
MKT_01161,node,11985092724,Bharatpur Tarkari & Falful Mandi,,27.6737859,84.4385254,named_bazar,named_bazar,,,greengrocer,,313,Chitwan,31304,Bharatpur,12,3130412,1,within
MKT_01162,node,1657886076,pakadi bazar,,27.5879571,84.3633167,named_bazar,named_bazar,,,,,313,Chitwan,31304,Bharatpur,14,3130414,1,within
MKT_01163,node,11111288099,Pakaudi Bazar,,27.5879117,84.3634025,named_bazar,named_bazar,locality,,,,313,Chitwan,31304,Bharatpur,14,3130414,1,within
MKT_01164,node,11121504564,मङ्गलपुर बजार,मङ्गलपुर बजार,27.6590765,84.3677759,named_bazar,named_bazar,hamlet,,,,313,Chitwan,31304,Bharatpur,15,3130415,1,within
MKT_01165,way,560283875,Survey Office Chanaulibazar,नापी कार्यालय,27.6171761,84.2955683,named_bazar,named_bazar,,,,,313,Chitwan,31304,Bharatpur,20,3130420,1,within
MKT_01166,node,11111240081,पटीहानी बजार,पटीहानी बजार,27.5792536,84.3560365,named_bazar,named_bazar,neighbourhood,,,,313,Chitwan,31304,Bharatpur,22,3130422,1,within
MKT_01167,node,11121434687,Khadrauli Bazaar,,27.5918253,84.2545444,named_bazar,named_bazar,neighbourhood,,,,313,Chitwan,31304,Bharatpur,26,3130426,1,within
MKT_01168,node,1041301330,Tandi Bazar,,27.622076,84.5172225,named_bazar,named_bazar,neighbourhood,,,,313,Chitwan,31305,Ratnanagar,2,3130502,1,within
MKT_01169,node,9794146052,"आधारभुत स्वास्थ्य चौकी, कठार बजार","आधारभुत स्वास्थ्य चौकी, कठार बजार",27.5881786,84.6024017,named_bazar,named_bazar,,clinic,,,313,Chitwan,31306,Khairahani,10,3130610,1,within
MKT_01170,way,218623554,Shantibazar-Kathar,,27.5991199,84.60193,named_bazar,named_bazar,,,,,313,Chitwan,31306,Khairahani,10,3130610,1,within
MKT_01171,node,1657866075,टम्टा बजार,टम्टा बजार,27.4341522,84.4196458,named_bazar,named_bazar,hamlet,,,,313,Chitwan,31307,Madi,9,3130709,1,within
MKT_01172,node,1078765716,लोक बजार,,28.6578808,84.6245424,named_bazar,named_bazar,hamlet,,,,401,Gorkha,40101,Chumanubri,1,4010101,1,within
MKT_01173,way,341286015,BHACHEEK BAZAR,,28.1557197,84.6480161,named_bazar,named_bazar,,,,residential,401,Gorkha,40102,Ajirkot,3,4010203,1,within
MKT_01174,node,4305384191,Tallo bazar,,28.1113465,84.6664339,named_bazar,named_bazar,,bus_station,,,401,Gorkha,40102,Ajirkot,5,4010205,1,within
MKT_01175,node,4903457471,भचेच्क बजार,भचेच्क बजार,28.1553965,84.6481588,named_bazar,named_bazar,village,,,,401,Gorkha,40102,Ajirkot,5,4010205,1,within
MKT_01176,node,2411382433,Arkhet Bazar,,28.0973486,84.835605,named_bazar,named_bazar,village,,,,401,Gorkha,40105,Aarughat,4,4010504,1,within
MKT_01177,node,2411382435,Mangal Bazar,,28.0780618,84.8263943,named_bazar,named_bazar,isolated_dwelling,,,,401,Gorkha,40105,Aarughat,5,4010505,1,within
MKT_01178,node,10269035814,पालुङटार बजार,पालुङटार बजार,28.0479977,84.4845196,named_bazar,named_bazar,town,,,,401,Gorkha,40108,Palungtar,5,4010805,1,within
MKT_01179,node,8985637273,लक्ष्मी बजार,लक्ष्मी बजार,27.9681306,84.6201807,named_bazar,named_bazar,town,,,,401,Gorkha,40109,Gorkha,9,4010909,1,within
MKT_01180,node,9772755999,Laxmi bazar urban health center,,27.9684994,84.6207558,named_bazar,named_bazar,,clinic,,,401,Gorkha,40109,Gorkha,9,4010909,1,within
MKT_01181,node,3528110414,छेबेटार बजार,छेबेटार बजार,27.9952599,84.5684588,named_bazar,named_bazar,town,,,,401,Gorkha,40109,Gorkha,10,4010910,1,within
MKT_01182,node,4793484020,Syauli Bazaar,,27.9567051,84.5597336,named_bazar,named_bazar,village,,,,401,Gorkha,40109,Gorkha,12,4010912,1,within
MKT_01183,node,4793464260,फेदी बजार,फेदी बजार,27.9104313,84.5426655,named_bazar,named_bazar,village,,,,401,Gorkha,40109,Gorkha,13,4010913,1,within
MKT_01184,node,6953363346,Bhabishya Hamro Haat Ma chha Sahakari,,28.2824989,83.8554628,named_bazar,named_bazar,,bank,,,405,Kaski,40503,Annapurna,2,4050302,1,within
MKT_01185,node,293718992,Syauli Bazar,,28.3398641,83.802,named_bazar,named_bazar,hamlet,,,,405,Kaski,40503,Annapurna,10,4050310,1,within
MKT_01186,node,2004058910,Syauli Bazaar,,28.3326348,83.7973699,named_bazar,named_bazar,hamlet,,,,405,Kaski,40503,Annapurna,10,4050310,1,within
MKT_01187,node,6978890701,Syauli Bazar Agro Village Resort,,28.3316139,83.7980977,named_bazar,named_bazar,,,,,405,Kaski,40503,Annapurna,10,4050310,1,within
MKT_01188,node,1656043973,Bagbazar Mini Market,बागबजार मिनी मार्केट,28.2394987,83.9874572,named_bazar,named_bazar,,,kitchen,,405,Kaski,40504,Pokhara Lekhnath,1,4050401,1,within
MKT_01189,node,4040373559,Bagbazaar Diary and Stores,बागबजार डेरी एण्ड स्टोर,28.2394893,83.9874236,named_bazar,named_bazar,,,dairy,,405,Kaski,40504,Pokhara Lekhnath,1,4050401,1,within
MKT_01190,way,416671958,Bagbazaar Church,बागबजार चर्च,28.2407533,83.9860418,named_bazar,named_bazar,,place_of_worship,,,405,Kaski,40504,Pokhara Lekhnath,1,4050401,1,within
MKT_01191,way,416900922,Bagbazar,बागबजार,28.2384462,83.9863654,named_bazar,named_bazar,,,,,405,Kaski,40504,Pokhara Lekhnath,1,4050401,1,within
MKT_01192,way,416900928,Bagbazar,बागबजार,28.2405151,83.9869197,named_bazar,named_bazar,,,,,405,Kaski,40504,Pokhara Lekhnath,1,4050401,1,within
MKT_01193,way,419436558,Buddha Bishal Bazar,बुद्ध विशाल बजार,28.2244193,83.9902068,named_bazar,named_bazar,,,mall,,405,Kaski,40504,Pokhara Lekhnath,4,4050404,1,within
MKT_01194,node,13968790702,DS Chaat House,,28.2249897,83.9810691,named_bazar,named_bazar,,fast_food,,,405,Kaski,40504,Pokhara Lekhnath,5,4050405,1,within
MKT_01195,node,4791102827,Sahayogi Haath,,28.2128775,83.9572585,named_bazar,named_bazar,,,,,405,Kaski,40504,Pokhara Lekhnath,6,4050406,1,within
MKT_01196,way,108189942,Pardi Bazar,पार्दी बजार,28.1954736,83.9816922,named_bazar,named_bazar,,,,,405,Kaski,40504,Pokhara Lekhnath,7,4050407,1,within
MKT_01197,way,108189943,Pardi Bazar,पार्दी बजार,28.1951857,83.9816786,named_bazar,named_bazar,,,,,405,Kaski,40504,Pokhara Lekhnath,7,4050407,1,within
MKT_01198,way,24622460,Naya Bazar,नयाँ बजार,28.2097925,83.9856742,named_bazar,named_bazar,,,,,405,Kaski,40504,Pokhara Lekhnath,8,4050408,1,within
MKT_01199,way,524596054,नयाँ बजार,,28.2165593,83.9885656,named_bazar,named_bazar,,,,,405,Kaski,40504,Pokhara Lekhnath,8,4050408,1,within
MKT_01200,way,417810763,Naya Bazar Marg,नया बजार मार्ग,28.2207043,83.9908929,named_bazar,named_bazar,,,,,405,Kaski,40504,Pokhara Lekhnath,9,4050409,1,within
MKT_01201,way,1022485761,Naya Bazar,नयाँ बजार,28.209756,83.9857231,named_bazar,named_bazar,,,,,405,Kaski,40504,Pokhara Lekhnath,9,4050409,1,within
MKT_01202,node,4199856248,कुँडहर बजार,कुँडहर बजार,28.2102564,84.0115653,named_bazar,named_bazar,neighbourhood,,,,405,Kaski,40504,Pokhara Lekhnath,13,4050413,1,within
MKT_01203,way,837550606,"Kundahar Bazar, RadhaKrishna Chowk",,28.2103469,84.0119388,named_bazar,named_bazar,,,,residential,405,Kaski,40504,Pokhara Lekhnath,13,4050413,1,within
MKT_01204,node,5085482976,Ajaya Chaat and Sweet House,,28.1997751,84.0079172,named_bazar,named_bazar,,,pastry,,405,Kaski,40504,Pokhara Lekhnath,14,4050414,1,within
MKT_01205,way,120409029,Ram Bazaar,राम बजार,28.2006952,83.9971675,named_bazar,named_bazar,,,,,405,Kaski,40504,Pokhara Lekhnath,15,4050415,1,within
MKT_01206,way,425510458,"Ward Police Station, Rambazar","वडा प्रहरी कार्यालय, रामबजार",28.1997302,84.0000769,named_bazar,named_bazar,,police,,,405,Kaski,40504,Pokhara Lekhnath,15,4050415,1,within
MKT_01207,way,523573415,Rambazar Futsal and Play Center,,28.1974885,83.9974503,named_bazar,named_bazar,,,,,405,Kaski,40504,Pokhara Lekhnath,15,4050415,1,within
MKT_01208,way,1478830723,Ark Bazaar,,28.1938315,83.9898418,named_bazar,named_bazar,,,supermarket,,405,Kaski,40504,Pokhara Lekhnath,15,4050415,1,within
MKT_01209,way,108189937,Pardi Bazar,पार्दी बजार,28.1936886,83.9765355,named_bazar,named_bazar,,,,,405,Kaski,40504,Pokhara Lekhnath,17,4050417,1,within
MKT_01210,node,4464641091,Bhamdi Bazar,,28.2418001,83.9034807,named_bazar,named_bazar,hamlet,,,,405,Kaski,40504,Pokhara Lekhnath,24,4050424,1,within
MKT_01211,node,5509974473,Pame Bazar Hair cut,,28.2358661,83.9090091,named_bazar,named_bazar,,,hairdresser,,405,Kaski,40504,Pokhara Lekhnath,24,4050424,1,within
MKT_01212,node,3085651668,Budhi Bazar,,28.1843831,84.0367276,named_bazar,named_bazar,locality,,,,405,Kaski,40504,Pokhara Lekhnath,26,4050426,1,within
MKT_01213,node,4788203626,"Police Beat, Budhibazar","प्रहरी बिट, बुढिबजार",28.1835855,84.0378727,named_bazar,named_bazar,,police,,,405,Kaski,40504,Pokhara Lekhnath,26,4050426,1,within
MKT_01214,node,12630576076,Sundari Bazar,,28.1780506,84.0459339,named_bazar,named_bazar,neighbourhood,,,,405,Kaski,40504,Pokhara Lekhnath,26,4050426,1,within
MKT_01215,node,5031517908,Ram Bazar,,28.1378632,84.0843533,named_bazar,named_bazar,neighbourhood,,,,405,Kaski,40504,Pokhara Lekhnath,30,4050430,1,within
MKT_01216,node,12630576047,Shishuwa Bazar,,28.1636567,84.0692893,named_bazar,named_bazar,neighbourhood,,,,405,Kaski,40504,Pokhara Lekhnath,30,4050430,1,within
MKT_01217,way,1326093889,"Rambazar, Pokhara-30",,28.1372007,84.0848192,named_bazar,named_bazar,neighbourhood,,,,405,Kaski,40504,Pokhara Lekhnath,30,4050430,1,within
MKT_01218,way,1326199652,Ghotghote-Rambazar Road,,28.1371249,84.0816688,named_bazar,named_bazar,,,,,405,Kaski,40504,Pokhara Lekhnath,30,4050430,1,within
MKT_01219,node,3495915625,Naya Bazar,,28.1336468,84.1034272,named_bazar,named_bazar,,,,,405,Kaski,40504,Pokhara Lekhnath,32,4050432,1,within
MKT_01220,node,852541101,Nadi Bazar,,28.3094006,84.3996581,named_bazar,named_bazar,hamlet,,,,406,Lamjung,40602,Marshyangdi,7,4060207,1,within
MKT_01221,node,11782427448,Laxmi Bazar,,28.1664078,84.2465978,named_bazar,named_bazar,village,,,,406,Lamjung,40604,Madhya Nepal,7,4060407,1,within
MKT_01222,node,1871926456,Shyauli Bazaar,,28.177171,84.2687118,named_bazar,named_bazar,hamlet,,,,406,Lamjung,40604,Madhya Nepal,8,4060408,1,within
MKT_01223,node,3121926202,Shera Bazar Chowk,,28.226215,84.3781886,named_bazar,named_bazar,,,,,406,Lamjung,40605,Bensi Shahar,8,4060508,1,within
MKT_01224,node,3123743144,Sundar Bazar,,28.1280713,84.4111275,named_bazar,named_bazar,village,,,,406,Lamjung,40606,Sundarbazar,6,4060606,1,within
MKT_01225,node,8244201317,Newa Khal Sundar Bazar,,28.1282799,84.4106147,named_bazar,named_bazar,,community_centre,,,406,Lamjung,40606,Sundarbazar,6,4060606,1,within
MKT_01226,node,8247967719,Thalobazar,,28.1281863,84.410753,named_bazar,named_bazar,,,bicycle,,406,Lamjung,40606,Sundarbazar,6,4060606,1,within
MKT_01227,node,10918018993,sundar bazar police station,,28.1277834,84.4156063,named_bazar,named_bazar,,police,,,406,Lamjung,40606,Sundarbazar,6,4060606,1,within
MKT_01228,way,342874004,Sundarbazar Municipality,,28.1281604,84.4105497,named_bazar,named_bazar,,,,,406,Lamjung,40606,Sundarbazar,6,4060606,1,within
MKT_01229,node,3123743223,Paudi Bazar,,28.1127549,84.4309462,named_bazar,named_bazar,village,,,,406,Lamjung,40606,Sundarbazar,7,4060607,1,within
MKT_01230,way,1175005300,Sundar Bazar Police station,,28.1277613,84.4156536,named_bazar,named_bazar,,police,,,406,Lamjung,40606,Sundarbazar,7,4060607,1,within
MKT_01231,way,341109296,Kunyale Bazaar,,28.1399731,84.5773624,named_bazar,named_bazar,,,,residential,406,Lamjung,40608,Dudhapokhari,5,4060805,1,within
MKT_01232,node,847582464,कालीमाटी बजार,,28.095293,84.4414663,named_bazar,named_bazar,,,,,407,Tanahu,40701,Bhanu,10,4070110,1,within
MKT_01233,way,1128064641,seti khola ghaat,,28.0606305,84.0668511,named_bazar,named_bazar,,,,,407,Tanahu,40704,Shuklagandaki,2,4070402,1,within
MKT_01234,node,4609503102,Dulegauda Bazar,,28.0535992,84.0727727,named_bazar,named_bazar,suburb,,,,407,Tanahu,40704,Shuklagandaki,4,4070404,1,within
MKT_01235,way,346241412,Bhitri bazar road,,28.0526076,84.0714273,named_bazar,named_bazar,,,,,407,Tanahu,40704,Shuklagandaki,4,4070404,1,within
MKT_01236,way,346241414,Bhitri Bazaar road,,28.0527174,84.0724586,named_bazar,named_bazar,,,,,407,Tanahu,40704,Shuklagandaki,4,4070404,1,within
MKT_01237,node,3483468454,bhisma bazaar,,27.9380195,84.4075011,named_bazar,named_bazar,locality,,,,407,Tanahu,40709,Bandipur,4,4070904,1,within
MKT_01238,node,3483472244,bala bazaar,,27.9378408,84.4070699,named_bazar,named_bazar,locality,,,,407,Tanahu,40709,Bandipur,4,4070904,1,within
MKT_01239,node,268669741,आबूखैरेनी बजार,आबूखैरेनी बजार,27.90423,84.538429,named_bazar,named_bazar,town,,,,407,Tanahu,40710,Aanbu Khaireni,3,4071003,1,within
MKT_01240,node,10314624193,Cake Bazaar Gaindakot,,27.7052103,84.3964433,named_bazar,named_bazar,,,bakery,,408,Nawalparasi East,40801,Gaidakot,5,4080105,1,within
MKT_01241,way,445152063,Bazar Area,,27.6689876,84.1791004,named_bazar,named_bazar,,,,,408,Nawalparasi East,40805,Devchuli,15,4080515,1,within
MKT_01242,node,3453242680,Danda bazaar,,27.6257211,84.0897276,named_bazar,named_bazar,locality,,,,408,Nawalparasi East,40806,Kawasoti,16,4080616,1,within
MKT_01243,node,3957677257,पुतलीबजार,पुतलीबजार,28.0980009,83.8747285,named_bazar,named_bazar,town,,,,409,Syangja,40901,Putalibazar,3,4090103,1,within
MKT_01244,node,9802368511,Nirdhan BANK Putalibazar,,28.0988903,83.8715795,named_bazar,named_bazar,,bank,,,409,Syangja,40901,Putalibazar,3,4090103,1,within
MKT_01245,way,277988575,Putalibazar Municipality Syangja,,28.0979211,83.8748596,named_bazar,named_bazar,,,,,409,Syangja,40901,Putalibazar,3,4090103,1,within
MKT_01246,node,9802368506,DIPROSC BANK Putali Bazar - Syanja,,28.0997486,83.870948,named_bazar,named_bazar,,bank,,,409,Syangja,40901,Putalibazar,4,4090104,1,within
MKT_01247,node,9802368512,MBL BANK Putalibazar,,28.0989437,83.8707349,named_bazar,named_bazar,,bank,,,409,Syangja,40901,Putalibazar,4,4090104,1,within
MKT_01248,node,9802368516,Swalamban BANK Putalibazaar Branch,,28.0981365,83.8686374,named_bazar,named_bazar,,bank,,,409,Syangja,40901,Putalibazar,4,4090104,1,within
MKT_01249,node,9802370321,MBL BLB Putalibazar,,28.1069225,83.8601408,named_bazar,named_bazar,,bank,,,409,Syangja,40901,Putalibazar,4,4090104,1,within
MKT_01250,node,9802370327,MBL ATM Putalibazar,,28.0988881,83.8707604,named_bazar,named_bazar,,bank,,,409,Syangja,40901,Putalibazar,4,4090104,1,within
MKT_01251,way,453678934,नापी कार्यालय स्याङझा पुतलिबजार,,28.1000943,83.8714547,named_bazar,named_bazar,,,,,409,Syangja,40901,Putalibazar,4,4090104,1,within
MKT_01252,node,3141298684,Rangkhola Bazar,,28.0850041,83.8489597,named_bazar,named_bazar,village,,,,409,Syangja,40901,Putalibazar,14,4090114,1,within
MKT_01253,way,1119280633,bhaati-tilim foot trail,,28.1643334,83.7829847,named_bazar,named_bazar,,,,,409,Syangja,40903,Aandhikhola,2,4090302,1,within
MKT_01254,way,1120132010,bhaati-tilim foot trai,,28.1676694,83.7859311,named_bazar,named_bazar,,,,,409,Syangja,40903,Aandhikhola,2,4090302,1,within
MKT_01255,way,1120132011,bhaati-tilim foot trai,,28.1677987,83.7858293,named_bazar,named_bazar,,,,,409,Syangja,40903,Aandhikhola,2,4090302,1,within
MKT_01256,way,1120132012,bhaati-tilim foot trai,,28.1677217,83.7858667,named_bazar,named_bazar,,,,,409,Syangja,40903,Aandhikhola,2,4090302,1,within
MKT_01257,way,1120233812,Bhaati-Aathgahre foot foot trail,,28.1701515,83.7783424,named_bazar,named_bazar,,,,,409,Syangja,40903,Aandhikhola,2,4090302,1,within
MKT_01258,way,1120233814,Bhaati-Aathgahre foot foot trail,,28.1703325,83.7819712,named_bazar,named_bazar,,,,,409,Syangja,40903,Aandhikhola,2,4090302,1,within
MKT_01259,way,1120233813,Bhaati-Aathgahre foot foot trail,,28.1696409,83.7849978,named_bazar,named_bazar,,,,,409,Syangja,40903,Aandhikhola,4,4090304,1,within
MKT_01260,node,1512400302,Bagere Bazar,,28.0379396,83.7711528,named_bazar,named_bazar,village,,,,409,Syangja,40905,Bhirkot,6,4090506,1,within
MKT_01261,node,3911998428,गल्याङ बजार,गल्याङ बजार,27.94217,83.6722936,named_bazar,named_bazar,village,,,,409,Syangja,40910,Galyang,3,4091003,1,within
MKT_01262,way,350337855,Nayabazar Bareng Road,,28.1284613,83.4831283,named_bazar,named_bazar,,,,,411,Baglung,41109,Bareng,2,4110902,1,within
MKT_01263,way,350566528,Nayabazar Bareng Road,,28.1320761,83.5037766,named_bazar,named_bazar,,,,,411,Baglung,41109,Bareng,2,4110902,1,within
MKT_01264,way,516464212,Nayabazar Bareng Road,,28.1308738,83.5105571,named_bazar,named_bazar,,,,,411,Baglung,41109,Bareng,2,4110902,1,within
MKT_01265,way,538071809,Shantipur Nayabazar Road,,28.1304826,83.4904988,named_bazar,named_bazar,,,,,411,Baglung,41109,Bareng,2,4110902,1,within
MKT_01266,way,538071810,Shantipur Nayabazar Road,,28.1285654,83.4861557,named_bazar,named_bazar,,,,,411,Baglung,41109,Bareng,2,4110902,1,within
MKT_01267,way,1172042754,Shantipur Nayabazar Road,,28.1347568,83.4960401,named_bazar,named_bazar,,,,,411,Baglung,41109,Bareng,2,4110902,1,within
MKT_01268,node,9785890591,"एडभान्स बाल सेवा अंग्रेजी बोर्डिङ् स्कुल, सुर्पाल बजार","एडभान्स बाल सेवा अंग्रेजी बोर्डिङ् स्कुल, सुर्पाल बजार",28.1685448,82.5781479,named_bazar,named_bazar,,school,,,502,Rolpa,50208,Runtigadhi,4,5020804,1,within
MKT_01269,way,340619686,Sulichaur Bazaar,,28.2474338,82.7299452,named_bazar,named_bazar,,,,residential,502,Rolpa,50209,Subarnabati,4,5020904,1,within
MKT_01270,way,386028798,"Bahaney Bazaar, Lung VDC, Ward 6",,28.1975945,82.9019732,named_bazar,named_bazar,,,,residential,503,Pyuthan,50302,Naubahini,6,5030206,1,within
MKT_01271,node,1958240172,भिङ्री बजार,भिङ्री बजार,28.1482152,82.7115274,named_bazar,named_bazar,town,,,,503,Pyuthan,50305,Sworgadwari,4,5030504,1,within
MKT_01272,node,12854597563,Jaspur Bazar area,जस्पुर बजार क्षेत्र,27.9497907,82.7864463,named_bazar,named_bazar,hamlet,,,,503,Pyuthan,50309,Sarumarani,5,5030905,1,within
MKT_01273,way,342138499,Nayabazar Bareng Road,,28.129679,83.4776757,named_bazar,named_bazar,,,,,504,Gulmi,50403,Chandrakot,4,5040304,1,within
MKT_01274,way,343514853,Shantipur Nayabazar Road,,28.1241517,83.4378102,named_bazar,named_bazar,,,,,504,Gulmi,50403,Chandrakot,4,5040304,1,within
MKT_01275,way,349607590,Shantipur Nayabazar Road,,28.1315226,83.4578652,named_bazar,named_bazar,,,,,504,Gulmi,50403,Chandrakot,4,5040304,1,within
MKT_01276,way,350337915,Nayabazar Bareng Road,,28.1310811,83.4663788,named_bazar,named_bazar,,,,,504,Gulmi,50403,Chandrakot,4,5040304,1,within
MKT_01277,way,537978885,Shantipur Nayabazar Road,,28.1134544,83.416587,named_bazar,named_bazar,,,,,504,Gulmi,50403,Chandrakot,4,5040304,1,within
MKT_01278,way,1171731284,Shantipur Nayabazar Road,,28.1094425,83.4161915,named_bazar,named_bazar,,,,,504,Gulmi,50403,Chandrakot,4,5040304,1,within
MKT_01279,node,10760934554,नापी कार्यालय मजुवाबजार,नापी कार्यालय मजुवाबजार,28.0671522,83.3513001,named_bazar,named_bazar,,,,,504,Gulmi,50403,Chandrakot,8,5040308,1,within
MKT_01280,way,240302356,Putali Bazar Road,,28.0657116,83.2441614,named_bazar,named_bazar,,,,,504,Gulmi,50409,Resunga,1,5040901,1,within
MKT_01281,way,302697948,Putali Bazar Road,,28.0661042,83.2438446,named_bazar,named_bazar,,,,,504,Gulmi,50409,Resunga,1,5040901,1,within
MKT_01282,way,302703062,Naya Bazar Road,,28.066673,83.2448527,named_bazar,named_bazar,,,,,504,Gulmi,50409,Resunga,1,5040901,1,within
MKT_01283,way,302697102,Purano Bazar Road,,28.0659835,83.2454091,named_bazar,named_bazar,,,,,504,Gulmi,50409,Resunga,8,5040908,1,within
MKT_01284,node,9800628904,टटेरा हाट बजार,,27.6342411,83.5607147,named_bazar,named_bazar,,toilets,,,508,Rupandehi,50801,Devdaha,3,5080103,1,within
MKT_01285,node,9800628915,पुतलीबजार सार्वजनिक शौचालय,,27.6420441,83.5967331,named_bazar,named_bazar,,toilets,,,508,Rupandehi,50801,Devdaha,5,5080105,1,within
MKT_01286,node,9800628906,शितलनगर हाटबजार शौचालय,,27.6541499,83.5767314,named_bazar,named_bazar,,toilets,,,508,Rupandehi,50801,Devdaha,7,5080107,1,within
MKT_01287,way,238273150,Hatbazar Line,,27.7079157,83.4639846,named_bazar,named_bazar,,,,,508,Rupandehi,50802,Butwal,5,5080205,1,within
MKT_01288,way,393046627,Bansgadhi Bazaar,,27.6879131,83.2939625,named_bazar,named_bazar,,,,residential,508,Rupandehi,50803,Sainamaina,8,5080308,1,within
MKT_01289,way,612837218,हाटबजार लाइन,,27.6606576,83.4526724,named_bazar,named_bazar,,,,,508,Rupandehi,50808,Tilottama,3,5080803,1,within
MKT_01290,way,612837222,हाटबजार पथ,,27.6609648,83.452224,named_bazar,named_bazar,,,,,508,Rupandehi,50808,Tilottama,3,5080803,1,within
MKT_01291,way,1284118784,हाटबजार पथ ख,,27.6608857,83.4520052,named_bazar,named_bazar,,,,,508,Rupandehi,50808,Tilottama,3,5080803,1,within
MKT_01292,way,612836600,हाटबजार पथ ख,,27.6595642,83.4561736,named_bazar,named_bazar,,,,,508,Rupandehi,50808,Tilottama,4,5080804,1,within
MKT_01293,way,612836602,हाटबजार पथ क,,27.6597582,83.4564343,named_bazar,named_bazar,,,,,508,Rupandehi,50808,Tilottama,4,5080804,1,within
MKT_01294,way,1446861837,हाटबजार पथ क,,27.6596387,83.4577216,named_bazar,named_bazar,,,,,508,Rupandehi,50808,Tilottama,4,5080804,1,within
MKT_01295,way,1446861838,हाटबजार पथ क,,27.659681,83.457151,named_bazar,named_bazar,,,,,508,Rupandehi,50808,Tilottama,4,5080804,1,within
MKT_01296,node,9792115533,श्री सेमरा बजार मा वि,,27.6016808,83.5042953,named_bazar,named_bazar,,school,,,508,Rupandehi,50808,Tilottama,7,5080807,1,within
MKT_01297,way,612855815,Manglapur-Kanchi Bazar Road,,27.5970082,83.5089452,named_bazar,named_bazar,,,,,508,Rupandehi,50808,Tilottama,10,5080810,1,within
MKT_01298,node,9821713349,"दुर्गा मन्दिर, झण्डीबजार","दुर्गा मन्दिर, झण्डीबजार",27.4818215,83.4426045,named_bazar,named_bazar,,place_of_worship,,,508,Rupandehi,50811,Siddharthanagar,2,5081102,1,within
MKT_01299,way,404138344,Jhandi bazar and meudihawa,,27.4828843,83.4398767,named_bazar,named_bazar,,,,residential,508,Rupandehi,50811,Siddharthanagar,2,5081102,1,within
MKT_01300,node,9802222172,Shyam chaat Vandar,,27.5040094,83.4500013,named_bazar,named_bazar,,restaurant,,,508,Rupandehi,50811,Siddharthanagar,5,5081105,1,within
MKT_01301,node,9809319827,Bishal Mobile Bazar,,27.5055425,83.4506365,named_bazar,named_bazar,,,mobile_phone,,508,Rupandehi,50811,Siddharthanagar,5,5081105,1,within
MKT_01302,node,9821577258,हाटबजार सार्वजनिक सौचालय,हाटबजार सार्वजनिक सौचालय,27.5165501,83.4493713,named_bazar,named_bazar,,toilets,,,508,Rupandehi,50811,Siddharthanagar,8,5081108,1,within
MKT_01303,node,9821577259,कान्छि बजार सार्वजनिक सौचालय,कान्छि बजार सार्वजनिक सौचालय,27.5171318,83.4488907,named_bazar,named_bazar,,toilets,,,508,Rupandehi,50811,Siddharthanagar,8,5081108,1,within
MKT_01304,node,9802962385,Nepal Bazar Gents Wear,,27.5079365,83.4513807,named_bazar,named_bazar,,,clothes,,508,Rupandehi,50811,Siddharthanagar,12,5081112,1,within
MKT_01305,node,9808066883,Roal Special Lassi & Spicy Chaat,,27.5087542,83.452731,named_bazar,named_bazar,,restaurant,,,508,Rupandehi,50811,Siddharthanagar,12,5081112,1,within
MKT_01306,node,317017461,Lumbini Bazaar,,27.4702049,83.2852349,named_bazar,named_bazar,locality,,,,508,Rupandehi,50813,Lumbini Sanskritik,10,5081310,1,within
MKT_01307,node,14038802907,Lumbini Bazaar,,27.470225,83.2847603,named_bazar,named_bazar,village,,,,508,Rupandehi,50813,Lumbini Sanskritik,10,5081310,1,within
MKT_01308,node,7829522438,Pipara Bazar,,27.6891948,83.2013591,named_bazar,named_bazar,,,supermarket,,509,Kapilbastu,50901,Banganga,2,5090102,1,within
MKT_01309,node,5730635207,Bhusal Rastriya Bazar,,27.6614772,83.036802,named_bazar,named_bazar,,,electronics,,509,Kapilbastu,50902,Buddhabhumi,2,5090202,1,within
MKT_01310,way,445069099,Bazaarline,,27.6616051,83.0440282,named_bazar,named_bazar,,,,,509,Kapilbastu,50902,Buddhabhumi,2,5090202,1,within
MKT_01311,way,980066565,Bazaarline,,27.6612691,83.0425668,named_bazar,named_bazar,,,,,509,Kapilbastu,50902,Buddhabhumi,2,5090202,1,within
MKT_01312,node,6428491487,Khasi Bazar,,27.6497559,82.8600841,named_bazar,named_bazar,,,,,509,Kapilbastu,50903,Shivaraj,5,5090305,1,within
MKT_01313,node,9519088411,नयाँ बजार,नयाँ बजार,28.0495124,82.4896458,named_bazar,named_bazar,hamlet,,,,510,Dang,51002,Ghorahi,18,5100218,1,within
MKT_01314,node,1958077706,दुई खोली बजार,दुई खोली बजार,28.1096136,82.5086929,named_bazar,named_bazar,village,,,,510,Dang,51002,Ghorahi,19,5100219,1,within
MKT_01315,node,7481806420,Dilli Bazaar,,28.1145233,82.2776104,named_bazar,named_bazar,,,convenience,,510,Dang,51003,Tulsipur,6,5100306,1,within
MKT_01316,node,9109677921,bageshwori bahuudheshya krishi bazaar,,28.1236514,81.5798001,named_bazar,named_bazar,,,supermarket,,511,Banke,51104,Khajura,3,5110403,1,within
MKT_01317,way,388986006,Galla Mandi Tole,,28.0588129,81.6250563,named_bazar,named_bazar,,,,,511,Banke,51106,Nepalganj,3,5110603,1,within
MKT_01318,node,5365580230,Tarkari mandi,,28.0555976,81.6259606,named_bazar,named_bazar,,,farm,,511,Banke,51106,Nepalganj,8,5110608,1,within
MKT_01319,node,5465937314,Thaati Enterprises(Books and Stationary),,28.0584374,81.6184509,named_bazar,named_bazar,,,stationery,,511,Banke,51106,Nepalganj,10,5110610,1,within
MKT_01320,node,5386931747,Safal Auto Bazar,,28.0938437,81.6513496,named_bazar,named_bazar,,,,,511,Banke,51106,Nepalganj,18,5110618,1,within
MKT_01321,way,1062538178,Doke Bazar Khaja Ghar,,28.083303,81.6441351,named_bazar,named_bazar,,restaurant,,,511,Banke,51106,Nepalganj,18,5110618,1,within
MKT_01322,node,3908918892,Santi Bazar,,28.1043281,81.6835176,named_bazar,named_bazar,hamlet,,,,511,Banke,51107,Duduwa,5,5110705,1,within
MKT_01323,node,5920197549,Milan Chowk Bazar,,28.0686492,81.7052177,named_bazar,named_bazar,,,,,511,Banke,51107,Duduwa,5,5110705,1,within
MKT_01324,node,10213482211,महाटिनिया,महाटिनिया,27.8605265,81.8979944,named_bazar,named_bazar,hamlet,,,,511,Banke,51108,Narainapur,1,5110801,1,within
MKT_01325,node,13626928240,कृषि हाट बजार भवन,कृषि हाट बजार भवन,27.9656422,81.7606357,named_bazar,named_bazar,,social_facility,,,511,Banke,51108,Narainapur,6,5110806,1,within
MKT_01326,node,7321240364,Padanaha Bazar,,28.3011056,81.33717,named_bazar,named_bazar,,,supermarket,,512,Bardiya,51202,Barbardiya,4,5120204,1,within
MKT_01327,way,1164520447,Haat Bazar,,28.3678307,81.4205899,named_bazar,named_bazar,,,,,512,Bardiya,51202,Barbardiya,7,5120207,1,within
MKT_01328,node,4814853737,Shanti Bazaar,,28.5071141,81.1841548,named_bazar,named_bazar,neighbourhood,,,,512,Bardiya,51204,Geruwa,3,5120403,1,within
MKT_01329,node,9786569180,ग्रीन गोलोबल सेकेन्डरि स्कुल गेरुवा 3 सान्तिबजार,,28.5087719,81.1880188,named_bazar,named_bazar,,school,,,512,Bardiya,51204,Geruwa,3,5120403,1,within
MKT_01330,node,9786569181,क्यामरिज ईंग्लिश स्कुल गेरुवा ३ सान्ति बजार,,28.5074201,81.1842763,named_bazar,named_bazar,,school,,,512,Bardiya,51204,Geruwa,3,5120403,1,within
MKT_01331,node,4742436522,Syaulibazar,,28.4733991,81.2084613,named_bazar,named_bazar,village,,,,512,Bardiya,51204,Geruwa,5,5120405,1,within
MKT_01332,way,1007930634,Way to Orali Bazaar,,28.3835932,81.2474337,named_bazar,named_bazar,,,,,512,Bardiya,51206,Madhuwan,2,5120602,1,within
MKT_01333,node,4828071425,Orali Bazaar,,28.3642578,81.23978,named_bazar,named_bazar,neighbourhood,,,,512,Bardiya,51206,Madhuwan,4,5120604,1,within
MKT_01334,node,9786553746,मदरसा दरुलउलम फैजमे गौसुलबजार,,28.199131,81.3825531,named_bazar,named_bazar,,school,,,512,Bardiya,51207,Gulariya,12,5120712,1,within
MKT_01335,node,9786497066,श्री पशुपति आधारभूत विद्यालय पशुपतिबजार ८,,28.1816292,81.4403152,named_bazar,named_bazar,,school,,,512,Bardiya,51208,Badhaiyatal,8,5120808,1,within
MKT_01336,node,9786497082,श्री शितला महिला नमुना आधारभूत विद्यालय बढैयाताल ८शितलाबजार,,28.1855507,81.4189911,named_bazar,named_bazar,,school,,,512,Bardiya,51208,Badhaiyatal,8,5120808,1,within
MKT_01337,way,868528038,Furilo bazar,,28.9322379,82.8060478,named_bazar,named_bazar,,,,,601,Dolpa,60106,Thulibheri,5,6010605,1,within
MKT_01338,way,868528066,Hun - Chheda Bazar,,28.9488882,82.8270056,named_bazar,named_bazar,,,,,601,Dolpa,60106,Thulibheri,5,6010605,1,within
MKT_01339,way,868561791,Chedda bazar-Furilo bazar,,28.940336,82.8193758,named_bazar,named_bazar,,,,,601,Dolpa,60106,Thulibheri,5,6010605,1,within
MKT_01340,way,887740577,Hun - Chheda Bazar,,28.9503627,82.8323225,named_bazar,named_bazar,,,,,601,Dolpa,60106,Thulibheri,5,6010605,1,within
MKT_01341,way,887742560,Hun - Chheda Bazar,,28.9447047,82.8205834,named_bazar,named_bazar,,,,,601,Dolpa,60106,Thulibheri,5,6010605,1,within
MKT_01342,way,887791999,Chedda bazar-Furilo bazar,,28.9395614,82.8176116,named_bazar,named_bazar,,,,,601,Dolpa,60106,Thulibheri,5,6010605,1,within
MKT_01343,way,887798470,Chedda bazar-Furilo bazar,,28.9345721,82.807552,named_bazar,named_bazar,,,,,601,Dolpa,60106,Thulibheri,5,6010605,1,within
MKT_01344,way,887798471,Chedda bazar-Furilo bazar,,28.9388948,82.815421,named_bazar,named_bazar,,,,,601,Dolpa,60106,Thulibheri,5,6010605,1,within
MKT_01345,way,887800835,Furilo bazar,,28.9333063,82.8078523,named_bazar,named_bazar,,,,,601,Dolpa,60106,Thulibheri,5,6010605,1,within
MKT_01346,way,887800836,Furilo bazar,,28.9338385,82.8089305,named_bazar,named_bazar,,,,,601,Dolpa,60106,Thulibheri,5,6010605,1,within
MKT_01347,way,887800838,Furilo bazar,,28.9347153,82.809876,named_bazar,named_bazar,,,,,601,Dolpa,60106,Thulibheri,5,6010605,1,within
MKT_01348,way,887809647,Jharkhola bridge- Furilo bazar,,28.9323218,82.8053746,named_bazar,named_bazar,,,,,601,Dolpa,60106,Thulibheri,5,6010605,1,within
MKT_01349,way,887901753,Chedda bazar-Furilo bazar,,28.932568,82.8046947,named_bazar,named_bazar,,,,,601,Dolpa,60106,Thulibheri,5,6010605,1,within
MKT_01350,way,887901754,Chedda bazar-Furilo bazar,,28.9328427,82.8045834,named_bazar,named_bazar,,,,,601,Dolpa,60106,Thulibheri,5,6010605,1,within
MKT_01351,way,887904767,Chedda bazar-Furilo bazar,,28.9319286,82.8049824,named_bazar,named_bazar,,,,,601,Dolpa,60106,Thulibheri,5,6010605,1,within
MKT_01352,way,900275189,Chedda bazar-Furilo bazar,,28.9374215,82.8121675,named_bazar,named_bazar,,,,,601,Dolpa,60106,Thulibheri,5,6010605,1,within
MKT_01353,way,900279115,Furillo bazar- Rolagad,,28.9310694,82.8044479,named_bazar,named_bazar,,,,,601,Dolpa,60106,Thulibheri,5,6010605,1,within
MKT_01354,way,868528061,Furillo bazar- Rolagad,,28.9283255,82.8033609,named_bazar,named_bazar,,,,,601,Dolpa,60106,Thulibheri,6,6010606,1,within
MKT_01355,way,887906430,Furillo bazar- Rolagad,,28.9256458,82.8018281,named_bazar,named_bazar,,,,,601,Dolpa,60106,Thulibheri,6,6010606,1,within
MKT_01356,way,887907737,Furillo bazar- Durgaun,,28.9290473,82.804859,named_bazar,named_bazar,,,,,601,Dolpa,60106,Thulibheri,6,6010606,1,within
MKT_01357,way,887908754,Furillo bazar- Durgaun,,28.9224934,82.8073487,named_bazar,named_bazar,,,,,601,Dolpa,60106,Thulibheri,6,6010606,1,within
MKT_01358,way,887911361,Furillo bazar- Durgaun,,28.9258714,82.8034599,named_bazar,named_bazar,,,,,601,Dolpa,60106,Thulibheri,6,6010606,1,within
MKT_01359,way,887911362,Furillo bazar- Rolagad,,28.9242108,82.802496,named_bazar,named_bazar,,,,,601,Dolpa,60106,Thulibheri,6,6010606,1,within
MKT_01360,way,888045383,Furillo bazar- Durgaun,,28.9188411,82.8132328,named_bazar,named_bazar,,,,,601,Dolpa,60106,Thulibheri,6,6010606,1,within
MKT_01361,way,888051132,Furillo bazar- Durgaun,,28.9180396,82.8134428,named_bazar,named_bazar,,,,,601,Dolpa,60106,Thulibheri,6,6010606,1,within
MKT_01362,way,900279113,Furillo bazar- Durgaun,,28.9275285,82.8052486,named_bazar,named_bazar,,,,,601,Dolpa,60106,Thulibheri,6,6010606,1,within
MKT_01363,way,900279114,Furillo bazar- Rolagad,,28.9302411,82.8039524,named_bazar,named_bazar,,,,,601,Dolpa,60106,Thulibheri,6,6010606,1,within
MKT_01364,way,1330452301,Furillo bazar- Durgaun,,28.9196836,82.8128979,named_bazar,named_bazar,,,,,601,Dolpa,60106,Thulibheri,6,6010606,1,within
MKT_01365,node,7244387509,Pulu Bazar Medical Hall,,29.5771633,82.3933883,named_bazar,named_bazar,,clinic,,,602,Mugu,60201,Mugumakarmarog,5,6020105,1,within
MKT_01366,way,607849615,Pulu Bazar to Serog,,29.5904848,82.4038432,named_bazar,named_bazar,,,,,602,Mugu,60201,Mugumakarmarog,5,6020105,1,within
MKT_01367,way,687026551,Riusabagar to Pulu Bazar,,29.5740546,82.3816336,named_bazar,named_bazar,,,,,602,Mugu,60201,Mugumakarmarog,5,6020105,1,within
MKT_01368,way,1155028820,Pulu Bazar to Serog,,29.5968319,82.4025925,named_bazar,named_bazar,,,,,602,Mugu,60201,Mugumakarmarog,5,6020105,1,within
MKT_01369,way,1155028821,Pulu Bazar to Serog,,29.5988375,82.4009564,named_bazar,named_bazar,,,,,602,Mugu,60201,Mugumakarmarog,5,6020105,1,within
MKT_01370,way,687028326,Pulu Bazar to Puwa,,29.5717086,82.3968338,named_bazar,named_bazar,,,,,602,Mugu,60201,Mugumakarmarog,6,6020106,1,within
MKT_01371,way,1328584915,Pulu Bazar to Puwa,,29.5676826,82.3955452,named_bazar,named_bazar,,,,,602,Mugu,60201,Mugumakarmarog,6,6020106,1,within
MKT_01372,way,685190152,Gamghadi Bazaar,,29.5485981,82.1571899,named_bazar,named_bazar,,,,residential,602,Mugu,60202,Chhayanath Rara,1,6020201,1,within
MKT_01373,way,686511095,Sorukot Bazaar,,29.6348193,81.9452989,named_bazar,named_bazar,,,,residential,602,Mugu,60203,Soru,6,6020306,1,within
MKT_01374,way,688859795,Sorukot to Sorukot Bazaar,,29.6337749,81.9503598,named_bazar,named_bazar,,,,,602,Mugu,60203,Soru,6,6020306,1,within
MKT_01375,way,688865778,Purumuru to Sorukot Bazaar,,29.6288318,81.9506506,named_bazar,named_bazar,,,,,602,Mugu,60203,Soru,6,6020306,1,within
MKT_01376,node,7153128263,Talibazar,,29.5098932,81.8957392,named_bazar,named_bazar,village,,,,602,Mugu,60204,Khatyad,4,6020404,1,within
MKT_01377,way,592251814,Talibagar Bazaar,,29.5102458,81.8957162,named_bazar,named_bazar,,,,residential,602,Mugu,60204,Khatyad,4,6020404,1,within
MKT_01378,way,687900864,Talibagar Bazar to Birabagar,,29.5091236,81.879513,named_bazar,named_bazar,,,,,602,Mugu,60204,Khatyad,4,6020404,1,within
MKT_01379,way,687902017,Kerai to Talibagar Bazaar,,29.5097807,81.9005432,named_bazar,named_bazar,,,,,602,Mugu,60204,Khatyad,4,6020404,1,within
MKT_01380,way,687902767,Talibagar Bazaar to Juika,,29.5143405,81.89264,named_bazar,named_bazar,,,,,602,Mugu,60204,Khatyad,4,6020404,1,within
MKT_01381,way,1230133987,Talibagar Bazar to Birabagar,,29.5093249,81.8585585,named_bazar,named_bazar,,,,,602,Mugu,60204,Khatyad,6,6020406,1,within
MKT_01382,node,7027706889,Sauli Bazar,,29.7774177,81.9557038,named_bazar,named_bazar,hamlet,,,,603,Humla,60305,Sarkegad,4,6030504,1,within
MKT_01383,node,7027706890,Shanti Bazar,,29.7778635,81.9544901,named_bazar,named_bazar,hamlet,,,,603,Humla,60305,Sarkegad,4,6030504,1,within
MKT_01384,way,656959625,Seribazar-Rara-Nagma,,29.2143877,81.9304944,named_bazar,named_bazar,,,,,604,Jumla,60407,Tila,1,6040701,1,within
MKT_01385,way,657813332,Seribazar-Rara-Nagma,,29.2242373,81.9417529,named_bazar,named_bazar,,,,,604,Jumla,60407,Tila,1,6040701,1,within
MKT_01386,way,1230351692,Seribazar-Rara-Nagma,,29.2256858,81.9439896,named_bazar,named_bazar,,,,,604,Jumla,60407,Tila,1,6040701,1,within
MKT_01387,way,564015012,Triveni-Seribazar,,29.2342348,81.9617091,named_bazar,named_bazar,,,,,604,Jumla,60407,Tila,2,6040702,1,within
MKT_01388,way,621469233,Seribazar-Rara-Nagma,,29.224355,81.9458946,named_bazar,named_bazar,,,,,604,Jumla,60407,Tila,2,6040702,1,within
MKT_01389,way,623785336,Triveni-Seribazar Rara,,29.2208431,81.9477747,named_bazar,named_bazar,,,,,604,Jumla,60407,Tila,2,6040702,1,within
MKT_01390,way,623793392,Seribazar Rara,,29.2263027,81.9504916,named_bazar,named_bazar,,,,residential,604,Jumla,60407,Tila,2,6040702,1,within
MKT_01391,way,294892937,Trivini-Seribazar Rara,,29.2332062,82.0101432,named_bazar,named_bazar,,,,,604,Jumla,60407,Tila,3,6040703,1,within
MKT_01392,way,607467926,Triveni-Seribazar Rara,,29.2380662,82.0122622,named_bazar,named_bazar,,,,,604,Jumla,60407,Tila,3,6040703,1,within
MKT_01393,way,623795251,Kudari Bazar,,29.2272783,82.0093632,named_bazar,named_bazar,,,,residential,604,Jumla,60407,Tila,3,6040703,1,within
MKT_01394,way,624638251,Triveni-Seribazar Rara,,29.2431932,82.0103224,named_bazar,named_bazar,,,,,604,Jumla,60407,Tila,3,6040703,1,within
MKT_01395,way,624638380,Triveni-Seribazar Rara,,29.2474935,82.0107521,named_bazar,named_bazar,,,,,604,Jumla,60407,Tila,3,6040703,1,within
MKT_01396,way,1236085403,Triveni-Seribazar Rara,,29.2499132,82.0147788,named_bazar,named_bazar,,,,,604,Jumla,60407,Tila,3,6040703,1,within
MKT_01397,way,607467922,Triveni-Seribazar Rara,,29.2604948,82.024208,named_bazar,named_bazar,,,,,604,Jumla,60407,Tila,5,6040705,1,within
MKT_01398,way,624639046,Triveni-Seribazar Rara,,29.2501584,82.0162014,named_bazar,named_bazar,,,,,604,Jumla,60407,Tila,5,6040705,1,within
MKT_01399,way,623789044,Trivini-Seribazar Rara,,29.1846582,81.9826751,named_bazar,named_bazar,,,,,604,Jumla,60407,Tila,6,6040706,1,within
MKT_01400,way,536153930,Trivani-Seribazar Rara,,29.2163019,81.9418491,named_bazar,named_bazar,,,,,604,Jumla,60407,Tila,7,6040707,1,within
MKT_01401,way,623785334,Triveni-Seribazar Rara,,29.2097967,81.9605167,named_bazar,named_bazar,,,,,604,Jumla,60407,Tila,8,6040708,1,within
MKT_01402,way,623788418,Triveni-Seribazar Rara,,29.1928607,81.9755793,named_bazar,named_bazar,,,,,604,Jumla,60407,Tila,8,6040708,1,within
MKT_01403,way,1230813906,Trivini-Seribazar Rara,,29.1878942,81.9798351,named_bazar,named_bazar,,,,,604,Jumla,60407,Tila,8,6040708,1,within
MKT_01404,way,623787179,Triveni-Seribazar Rara,,29.1812185,82.0028902,named_bazar,named_bazar,,,,,604,Jumla,60407,Tila,9,6040709,1,within
MKT_01405,way,623789888,Triveni-Seribazar Rara,,29.1772847,81.9858257,named_bazar,named_bazar,,,,,604,Jumla,60407,Tila,9,6040709,1,within
MKT_01406,way,623789892,Triveni-Seribazar Rara,,29.1778938,82.0063128,named_bazar,named_bazar,,,,,604,Jumla,60407,Tila,9,6040709,1,within
MKT_01407,way,623791906,Triveni-Seribazar Rara,,29.1739023,81.9919807,named_bazar,named_bazar,,,,,604,Jumla,60407,Tila,9,6040709,1,within
MKT_01408,way,630926172,Triveni-Seribazar Rara,,29.1740121,82.000153,named_bazar,named_bazar,,,,,604,Jumla,60407,Tila,9,6040709,1,within
MKT_01409,way,623780696,Baghbazar,,29.2192216,81.9154955,named_bazar,named_bazar,hamlet,,,residential,604,Jumla,60408,Hima,7,6040807,1,within
MKT_01410,way,900254546,Raku to Manebazar,,29.2148147,81.6286018,named_bazar,named_bazar,,,,,605,Kalikot,60504,Sanni Tribeni,3,6050403,1,within
MKT_01411,way,331573504,Manebazar to Shantighat,,29.2212947,81.6292078,named_bazar,named_bazar,,,,,605,Kalikot,60504,Sanni Tribeni,4,6050404,1,within
MKT_01412,way,853728562,Manebazar to Shantighat,,29.2236289,81.6272765,named_bazar,named_bazar,,,,,605,Kalikot,60504,Sanni Tribeni,4,6050404,1,within
MKT_01413,way,853728563,Manebazar to Shantighat,,29.2234463,81.6271578,named_bazar,named_bazar,,,,,605,Kalikot,60504,Sanni Tribeni,4,6050404,1,within
MKT_01414,way,1130557495,Manebazar to Shantighat,,29.2181399,81.6319688,named_bazar,named_bazar,,,,,605,Kalikot,60504,Sanni Tribeni,4,6050404,1,within
MKT_01415,way,305312366,Jite Bazar to,,29.1374619,81.5785891,named_bazar,named_bazar,,,,,605,Kalikot,60505,Naraharinath,1,6050501,1,within
MKT_01416,way,886618456,Kale Khola Bazar to Khulalu,,29.1273031,81.5664603,named_bazar,named_bazar,,,,,605,Kalikot,60505,Naraharinath,1,6050501,1,within
MKT_01417,way,900254556,Jite Bazar to Lalighat,,29.1418052,81.5801883,named_bazar,named_bazar,,,,,605,Kalikot,60505,Naraharinath,1,6050501,1,within
MKT_01418,node,5953417699,Ragad Bazar,,29.1707724,81.5549919,named_bazar,named_bazar,,,,,605,Kalikot,60505,Naraharinath,6,6050506,1,within
MKT_01419,node,8314393663,Ratimata Bazar Community Building,,29.1881494,81.5432169,named_bazar,named_bazar,,,,,605,Kalikot,60505,Naraharinath,6,6050506,1,within
MKT_01420,way,881880054,Ragad Bazar to Sherapata,,29.1722482,81.5522164,named_bazar,named_bazar,,,,,605,Kalikot,60505,Naraharinath,6,6050506,1,within
MKT_01421,way,901142360,Ragad Bazar to Sherapata,,29.1737972,81.5531525,named_bazar,named_bazar,,,,,605,Kalikot,60505,Naraharinath,6,6050506,1,within
MKT_01422,way,901142361,Khirchauka to Ragad Bazar,,29.1687445,81.5528236,named_bazar,named_bazar,,,,,605,Kalikot,60505,Naraharinath,8,6050508,1,within
MKT_01423,way,1158432152,Khirchauka to Ragad Bazar,,29.1665851,81.5512888,named_bazar,named_bazar,,,,,605,Kalikot,60505,Naraharinath,8,6050508,1,within
MKT_01424,way,1158432153,Khirchauka to Ragad Bazar,,29.1654765,81.5512855,named_bazar,named_bazar,,,,,605,Kalikot,60505,Naraharinath,8,6050508,1,within
MKT_01425,node,8244220061,Manma Bazar,,29.150622,81.6107707,named_bazar,named_bazar,,,,,605,Kalikot,60506,Khandachakra,1,6050601,1,within
MKT_01426,node,8191996911,Manma Bazar - Talakhol,,29.1506363,81.6130757,named_bazar,named_bazar,,,,,605,Kalikot,60506,Khandachakra,2,6050602,1,within
MKT_01427,way,894001551,Manma Bazar Road,,29.1501407,81.6117958,named_bazar,named_bazar,,,,,605,Kalikot,60506,Khandachakra,2,6050602,1,within
MKT_01428,node,3428776309,Tadi Bazar,,29.1483281,81.6142944,named_bazar,named_bazar,,,,,605,Kalikot,60506,Khandachakra,3,6050603,1,within
MKT_01429,way,894619257,Tadi Bazar to Tadi Village,,29.1427149,81.6154239,named_bazar,named_bazar,,,,,605,Kalikot,60506,Khandachakra,3,6050603,1,within
MKT_01430,way,900391072,Manma Bazar to Tadi,,29.1489938,81.6135577,named_bazar,named_bazar,,,,,605,Kalikot,60506,Khandachakra,3,6050603,1,within
MKT_01431,node,8340573673,Tesro Bazar,,29.1203172,81.6662854,named_bazar,named_bazar,hamlet,,,,605,Kalikot,60506,Khandachakra,5,6050605,1,within
MKT_01432,way,894472578,Tesro Bazar - Motila Bato,,29.1214724,81.6665171,named_bazar,named_bazar,,,,,605,Kalikot,60506,Khandachakra,5,6050605,1,within
MKT_01433,node,8148168436,molpha bazar,,29.1147941,81.682598,named_bazar,named_bazar,,school,,,605,Kalikot,60506,Khandachakra,6,6050606,1,within
MKT_01434,node,8340573672,Molpha Bazar,,29.1144573,81.6824645,named_bazar,named_bazar,village,,,,605,Kalikot,60506,Khandachakra,6,6050606,1,within
MKT_01435,node,9787613239,श्री भैरब माध्यमिक बिधायल नौमुले गा पा 1 नौमुले बजार,,28.9074383,81.8086319,named_bazar,named_bazar,,school,,,606,Dailekh,60601,Naumule,1,6060101,1,within
MKT_01436,way,305312373,Jite Bazar to Lalighat,,29.1341392,81.5775359,named_bazar,named_bazar,,,,,606,Dailekh,60605,Aathbis,5,6060505,1,within
MKT_01437,way,893224024,Jite Bazar to Lalighat,,29.1338428,81.5782139,named_bazar,named_bazar,,,,,606,Dailekh,60605,Aathbis,5,6060505,1,within
MKT_01438,way,893224025,Jittegada Shiva Temple to Jite bazar,,29.1348622,81.5796811,named_bazar,named_bazar,,,,,606,Dailekh,60605,Aathbis,5,6060505,1,within
MKT_01439,way,894189814,Kale Khola Bazar to Khulalu,,29.1260121,81.5664448,named_bazar,named_bazar,,,,,606,Dailekh,60605,Aathbis,5,6060505,1,within
MKT_01440,way,900254558,Jittegada Shiva Temple to Jite bazar,,29.1347681,81.5790836,named_bazar,named_bazar,,,,,606,Dailekh,60605,Aathbis,5,6060505,1,within
MKT_01441,way,900254560,Jittegada Shiva Temple to Jite bazar,,29.1344991,81.5787342,named_bazar,named_bazar,,,,,606,Dailekh,60605,Aathbis,5,6060505,1,within
MKT_01442,way,900254561,Jite Bazar to Lalighat,,29.134075,81.5784462,named_bazar,named_bazar,,,,,606,Dailekh,60605,Aathbis,5,6060505,1,within
MKT_01443,node,9943931443,रिम्ना बजार,रिम्ना बजार,28.698965,82.2785846,named_bazar,named_bazar,town,,,,607,Jajarkot,60706,Bheri Malika,1,6070601,1,within
MKT_01444,node,13318774775,कालिमटी बजार,कालिमटी बजार,28.7928975,82.2990993,named_bazar,named_bazar,village,,,,607,Jajarkot,60707,Tribeni Nalagad,5,6070705,1,within
MKT_01445,node,13318897766,खोलि बजार,,28.9754943,82.5374766,named_bazar,named_bazar,hamlet,,,,608,Rukum West,60801,Aathabisakot,6,6080106,1,within
MKT_01446,node,7130672098,Garaghat Bazar,,28.6648438,82.4455717,named_bazar,named_bazar,hamlet,,,,608,Rukum West,60804,Musikot,1,6080401,1,within
MKT_01447,way,763075703,Garaghat Bazar,,28.6649743,82.4455023,named_bazar,named_bazar,,,,,608,Rukum West,60804,Musikot,1,6080401,1,within
MKT_01448,node,6582148416,Nauli Bazar,,28.6753612,82.2442247,named_bazar,named_bazar,village,,,,608,Rukum West,60806,Chaurjahari,9,6080609,1,within
MKT_01449,node,6582148412,Chaupha Bazar,चुप्रा बजार,28.6195065,82.2787063,named_bazar,named_bazar,village,,,,608,Rukum West,60806,Chaurjahari,11,6080611,1,within
MKT_01450,node,6674763000,Santi Bazar,,28.5884503,82.1787623,named_bazar,named_bazar,village,,,,609,Salyan,60902,Kumakh Malika,1,6090201,1,within
MKT_01451,node,6674326137,Neta Bazar,,28.5575258,82.1506494,named_bazar,named_bazar,hamlet,,,,609,Salyan,60902,Kumakh Malika,2,6090202,1,within
MKT_01452,node,6582148407,Sanipiple Bazar,सानी पिप्ले बजार,28.601063,82.1717618,named_bazar,named_bazar,village,,,,609,Salyan,60902,Kumakh Malika,4,6090204,1,within
MKT_01453,node,6582148395,Neta Bazar Tole,,28.5869439,82.26573,named_bazar,named_bazar,village,,,,609,Salyan,60902,Kumakh Malika,5,6090205,1,within
MKT_01454,node,6582148403,Chisapani bazar,,28.5731742,82.2347568,named_bazar,named_bazar,village,,,,609,Salyan,60902,Kumakh Malika,5,6090205,1,within
MKT_01455,node,11268539239,सुन्दर बजार,सुन्दर बजार,28.3777505,81.9918826,named_bazar,named_bazar,hamlet,,,,609,Salyan,60903,Banagad Kupinde,12,6090312,1,within
MKT_01456,node,9065314412,Bazar taha Badhi Grasta Chhetra,,28.2507309,81.9841106,named_bazar,named_bazar,,,,,609,Salyan,60908,Kalimati,2,6090802,1,within
MKT_01457,node,9251750016,KaashGhari - MasaanGhaat,,28.4666558,81.7781159,named_bazar,named_bazar,,grave_yard,,,610,Surkhet,61003,Lekabeshi,2,6100302,1,within
MKT_01458,node,11266335716,गैरा बजार,गैरा बजार,28.3538654,81.9492116,named_bazar,named_bazar,hamlet,,,,610,Surkhet,61004,Gurbhakot,2,6100402,1,within
MKT_01459,node,9689911017,मेहेलकुना बजार,मेहेलकुना बजार,28.4382403,81.8545214,named_bazar,named_bazar,hamlet,,,,610,Surkhet,61004,Gurbhakot,8,6100408,1,within
MKT_01460,node,9795994403,"कुनाथरी स्वास्थचौकि, बड्डिचौर बजार",,28.7148075,81.5056534,named_bazar,named_bazar,,hospital,,,610,Surkhet,61007,Barahatal,5,6100705,1,within
MKT_01461,node,8320445661,Badhu Bazar,,29.4887101,81.7196801,named_bazar,named_bazar,village,,,,701,Bajura,70101,Himali,7,7010107,1,within
MKT_01462,way,835764101,Shree Saraswati Vidhya Mandi Primary School,,29.4936786,81.4342021,named_bazar,named_bazar,,school,,,701,Bajura,70102,Gaumul,6,7010206,1,within
MKT_01463,way,853698472,Bazar Foot path,,29.4838283,81.4377778,named_bazar,named_bazar,,,,,701,Bajura,70102,Gaumul,6,7010206,1,within
MKT_01464,way,867617138,Bazar Foot path,,29.4841713,81.4371566,named_bazar,named_bazar,,,,,701,Bajura,70102,Gaumul,6,7010206,1,within
MKT_01465,way,867617139,Bazar Foot path,,29.4839426,81.4373482,named_bazar,named_bazar,,,,,701,Bajura,70102,Gaumul,6,7010206,1,within
MKT_01466,node,8385835904,Sunpani Bazar,,29.6493372,81.322799,named_bazar,named_bazar,village,,,,702,Bajhang,70204,Talkot,4,7020404,1,within
MKT_01467,node,8385835905,Kuwait Bazar,,29.6621477,81.3215303,named_bazar,named_bazar,village,,,,702,Bajhang,70204,Talkot,4,7020404,1,within
MKT_01468,node,8385929422,Khaula Bazar,,29.6079064,81.3046378,named_bazar,named_bazar,village,,,,702,Bajhang,70204,Talkot,5,7020405,1,within
MKT_01469,node,8389106411,Bhadsain Bazar,,29.5354256,80.9222889,named_bazar,named_bazar,,business center,,,702,Bajhang,70209,Kedarsyun,6,7020906,1,within
MKT_01470,node,8310333540,तुसका बजार,तुसका बजार,29.5210827,80.9659858,named_bazar,named_bazar,hamlet,,,,702,Bajhang,70209,Kedarsyun,8,7020908,1,within
MKT_01471,node,8310333541,Gandaki Bazar,,29.5193156,80.9751257,named_bazar,named_bazar,,business center,,,702,Bajhang,70209,Kedarsyun,8,7020908,1,within
MKT_01472,node,5905819772,Suwakot Bazar,,29.5058831,80.8391646,named_bazar,named_bazar,hamlet,,,,702,Bajhang,70210,Bitthadchir,7,7021007,1,within
MKT_01473,node,5905655338,Dharan Bazar,,29.5032102,80.864541,named_bazar,named_bazar,neighbourhood,,,,702,Bajhang,70210,Bitthadchir,8,7021008,1,within
MKT_01474,node,12511796376,खोलि बजार,खोलि बजार,29.4643767,81.0275959,named_bazar,named_bazar,hamlet,,,,702,Bajhang,70211,Thalara,5,7021105,1,within
MKT_01475,node,12511850493,हाट गाउं,हाट गाउं,29.4637182,81.0290512,named_bazar,named_bazar,village,,,,702,Bajhang,70211,Thalara,5,7021105,1,within
MKT_01476,node,12761637020,Khola Bazaar,,29.4617477,81.0560017,named_bazar,named_bazar,hamlet,,,,702,Bajhang,70211,Thalara,8,7021108,1,within
MKT_01477,node,12898593879,Biskhet Bazar,,29.4564944,81.0428508,named_bazar,named_bazar,hamlet,,,,702,Bajhang,70211,Thalara,8,7021108,1,within
MKT_01478,way,1483677415,बुदडा बजार,,29.6250223,80.7021641,named_bazar,named_bazar,,,,,704,Baitadi,70403,Puchaundi,1,7040301,1,within
MKT_01479,node,7866826928,Bbagbazar,,29.2973685,80.5902712,named_bazar,named_bazar,,community_centre,,,705,Dadeldhura,70502,Amargadhi,5,7050205,1,within
MKT_01480,node,9787382477,समैजी प्रा.बी. हाट,,29.3183098,80.5614166,named_bazar,named_bazar,,school,,,705,Dadeldhura,70503,Ajayameru,2,7050302,1,within
MKT_01481,node,7877659693,Khaataa,,29.2807249,80.4662306,named_bazar,named_bazar,village,,,,705,Dadeldhura,70504,Bhageshwor,5,7050405,1,within
MKT_01482,node,11387798355,Baglkeh Bazar,,29.3080663,81.0132574,named_bazar,named_bazar,hamlet,,,,706,Doti,70601,Purbichouki,2,7060102,1,within
MKT_01483,node,11387798294,Bishal Bazar,,29.2730039,81.0605541,named_bazar,named_bazar,locality,,,,706,Doti,70601,Purbichouki,4,7060104,1,within
MKT_01484,node,11387798445,Chauraha Bazar,,29.2776352,81.0632846,named_bazar,named_bazar,locality,,,,706,Doti,70601,Purbichouki,4,7060104,1,within
MKT_01485,way,414852967,Pipalla Bazar,,29.251045,80.9442246,named_bazar,named_bazar,village,,,residential,706,Doti,70605,Dipayal Silgadhi,4,7060504,1,within
MKT_01486,node,5407596375,Binayak Bazar,विनायक बजार,29.0888805,81.3929044,named_bazar,named_bazar,village,,,,707,Achham,70701,Panchdebal Binayak,3,7070103,1,within
MKT_01487,node,4254724989,Sanphe Bazar Market,,29.2366695,81.2085173,named_bazar,named_bazar,,,supermarket,,707,Achham,70704,Sanphebagar,3,7070403,1,within
MKT_01488,node,5714352623,कमलबजार,,29.0531432,81.3398496,named_bazar,named_bazar,,,,,707,Achham,70708,Kamal Bazar,2,7070802,1,within
MKT_01489,node,9794580585,कमलबजार प्राइमरी हेल्थ केयर सेन्टर,,29.0559285,81.3422884,named_bazar,named_bazar,,clinic,,,707,Achham,70708,Kamal Bazar,2,7070802,1,within
MKT_01490,node,10801864111,Kamal Bazar,कमल बजार,29.0523645,81.3405529,named_bazar,named_bazar,village,,,,707,Achham,70708,Kamal Bazar,2,7070802,1,within
MKT_01491,node,10802015170,Balana Bazar,,29.0424712,81.3115038,named_bazar,named_bazar,village,,,,707,Achham,70708,Kamal Bazar,9,7070809,1,within
MKT_01492,node,2406168001,Tedibazaar,,29.013513,80.6272272,named_bazar,named_bazar,locality,,,,708,Kailali,70802,Chure,3,7080203,1,within
MKT_01493,node,4741767638,PalBazaar Sibir,,28.592197,81.1737998,named_bazar,named_bazar,hamlet,,,,708,Kailali,70807,Lamki Chuha,3,7080703,1,within
MKT_01494,way,1265700651,Community Haat Bazar,,28.5655826,81.0203658,named_bazar,named_bazar,,shelter,,,708,Kailali,70809,Joshipur,1,7080901,1,within
MKT_01495,way,443136087,Krishi Upach Haat Bazaar,,28.5355421,81.1161303,named_bazar,named_bazar,,,farm,,708,Kailali,70810,Tikapur,1,7081001,1,within
MKT_01496,node,6614645723,Bhajani Bazar,,28.492347,80.9683234,named_bazar,named_bazar,village,,,,708,Kailali,70811,Bhajani,1,7081101,1,within
MKT_01497,way,704273042,"krishna clinic, kada bazar",,28.5062512,80.9935894,named_bazar,named_bazar,,hospital,,,708,Kailali,70811,Bhajani,3,7081103,1,within
MKT_01498,node,6618366350,Nawalpur Bazar Bhajani,,28.5048737,81.0186633,named_bazar,named_bazar,,,,,708,Kailali,70811,Bhajani,6,7081106,1,within
MKT_01499,node,6615904522,Godchaura Bazar,,28.4912419,81.0227108,named_bazar,named_bazar,hamlet,,,,708,Kailali,70811,Bhajani,8,7081108,1,within
MKT_01500,node,6615979967,Dabbalpul Bazar Godchaura,,28.4924206,81.0161716,named_bazar,named_bazar,hamlet,,,,708,Kailali,70811,Bhajani,8,7081108,1,within
MKT_01501,node,11566622554,Pabera Mandi,,28.5545911,80.81531,named_bazar,named_bazar,,,,,708,Kailali,70812,Kailari,5,7081205,1,within
MKT_01502,way,525352284,त्रिनगर कृषि हाट बजार,,28.705899,80.5842186,named_bazar,named_bazar,,,,,708,Kailali,70813,Dhangadhi,1,7081301,1,within
MKT_01503,node,3370720608,Barnideo Mandi,,29.1077219,80.1572365,named_bazar,named_bazar,hamlet,,,,709,Kanchanpur,70904,Bhimdatta,9,7090409,1,within
MKT_01504,node,11846361543,चक्की बजार,चक्की बजार,28.9322598,80.087877,named_bazar,named_bazar,village,,,,709,Kanchanpur,70905,Mahakali,1,7090501,1,within
MKT_01505,node,10650491007,कृष्णा टोपी बजार,कृष्णा टोपी बजार,28.9068586,80.0928855,named_bazar,named_bazar,village,,,,709,Kanchanpur,70905,Mahakali,4,7090504,1,within
MKT_01506,node,11846421820,बाबाथान बजार,बाबाथान बजार,28.8700267,80.0793889,named_bazar,named_bazar,village,,,,709,Kanchanpur,70905,Mahakali,7,7090507,1,within
MKT_01507,node,11847015492,चक्की बजार दोधारा,चक्की बजार दोधारा,28.8656835,80.0821875,named_bazar,named_bazar,village,,,,709,Kanchanpur,70905,Mahakali,7,7090507,1,within
MKT_01508,node,11846258790,chaunni bazar,,28.7889785,80.2611901,named_bazar,named_bazar,neighbourhood,,,,709,Kanchanpur,70909,Beldandi,2,7090902,1,within
