monitor_id,bipad_id,monitor_name,basin,monitor_lat,monitor_lon,monitor_district_code,monitor_muni_code,monitor_ward_code,hyriv_id,snap_method,snapped_upland_skm,nearest_hyriv_id,snap_dist_m,flag_snap_far,snapshot_at,last_reading_at,path_km,path_end,ward_order,district_code,district_name,muni_code,muni_name,ward_no,ward_code,river_km,markets,market_ids,n_markets
RIV_002,2,Aurahikhola at Godana,Karnali,28.4485859,81.280054,512,51203,5120303,40760744,nearest,96.9,40760744,169.5,0,2026-10-08T18:07:13+05:45,2026-10-08T17:50:08+05:45,22.379,left_nepal,1,512,Bardiya,51203,Thakurbaba,3,5120303,0.0,,,0
RIV_002,2,Aurahikhola at Godana,Karnali,28.4485859,81.280054,512,51203,5120303,40760744,nearest,96.9,40760744,169.5,0,2026-10-08T18:07:13+05:45,2026-10-08T17:50:08+05:45,22.379,left_nepal,2,512,Bardiya,51203,Thakurbaba,8,5120308,0.142,,,0
RIV_002,2,Aurahikhola at Godana,Karnali,28.4485859,81.280054,512,51203,5120303,40760744,nearest,96.9,40760744,169.5,0,2026-10-08T18:07:13+05:45,2026-10-08T17:50:08+05:45,22.379,left_nepal,3,512,Bardiya,51203,Thakurbaba,5,5120305,1.993,,,0
RIV_002,2,Aurahikhola at Godana,Karnali,28.4485859,81.280054,512,51203,5120303,40760744,nearest,96.9,40760744,169.5,0,2026-10-08T18:07:13+05:45,2026-10-08T17:50:08+05:45,22.379,left_nepal,4,512,Bardiya,51203,Thakurbaba,9,5120309,3.06,,,0
RIV_002,2,Aurahikhola at Godana,Karnali,28.4485859,81.280054,512,51203,5120303,40760744,nearest,96.9,40760744,169.5,0,2026-10-08T18:07:13+05:45,2026-10-08T17:50:08+05:45,22.379,left_nepal,5,512,Bardiya,51206,Madhuwan,1,5120601,4.595,[unnamed commercial landuse],MKT_00821,1
RIV_002,2,Aurahikhola at Godana,Karnali,28.4485859,81.280054,512,51203,5120303,40760744,nearest,96.9,40760744,169.5,0,2026-10-08T18:07:13+05:45,2026-10-08T17:50:08+05:45,22.379,left_nepal,6,512,Bardiya,51205,Rajapur,10,5120510,10.799,,,0
RIV_003,3,Babai at Chepang,Babai,28.3565601,81.7135456,512,51201,5120101,40767658,nearest,2639.5,40767658,53.6,0,2026-10-08T18:07:13+05:45,2026-10-08T17:50:00+05:45,25.0,cap_25km,1,512,Bardiya,51201,Bansgadhi,1,5120101,0.0,,,0
RIV_004,4,Bagmati River at Khokana,Bagmati,27.632222,85.293333,308,30802,3080222,40815055,nearest,610.7,40815055,40.9,0,2026-10-08T18:07:13+05:45,2026-10-08T17:50:00+05:45,25.0,cap_25km,1,308,Lalitpur,30802,Lalitpur,22,3080222,0.0,[unnamed retail landuse],MKT_00400,1
RIV_004,4,Bagmati River at Khokana,Bagmati,27.632222,85.293333,308,30802,3080222,40815055,nearest,610.7,40815055,40.9,0,2026-10-08T18:07:13+05:45,2026-10-08T17:50:00+05:45,25.0,cap_25km,2,306,Kathmandu,30611,Dakshinkali,2,3061102,0.432,,,0
RIV_004,4,Bagmati River at Khokana,Bagmati,27.632222,85.293333,308,30802,3080222,40815055,nearest,610.7,40815055,40.9,0,2026-10-08T18:07:13+05:45,2026-10-08T17:50:00+05:45,25.0,cap_25km,3,308,Lalitpur,30803,Godawari,8,3080308,3.224,,,0
RIV_004,4,Bagmati River at Khokana,Bagmati,27.632222,85.293333,308,30802,3080222,40815055,nearest,610.7,40815055,40.9,0,2026-10-08T18:07:13+05:45,2026-10-08T17:50:00+05:45,25.0,cap_25km,4,306,Kathmandu,30611,Dakshinkali,7,3061107,4.512,,,0
RIV_004,4,Bagmati River at Khokana,Bagmati,27.632222,85.293333,308,30802,3080222,40815055,nearest,610.7,40815055,40.9,0,2026-10-08T18:07:13+05:45,2026-10-08T17:50:00+05:45,25.0,cap_25km,5,306,Kathmandu,30611,Dakshinkali,8,3061108,5.062,,,0
RIV_004,4,Bagmati River at Khokana,Bagmati,27.632222,85.293333,308,30802,3080222,40815055,nearest,610.7,40815055,40.9,0,2026-10-08T18:07:13+05:45,2026-10-08T17:50:00+05:45,25.0,cap_25km,6,308,Lalitpur,30803,Godawari,7,3080307,5.935,,,0
RIV_004,4,Bagmati River at Khokana,Bagmati,27.632222,85.293333,308,30802,3080222,40815055,nearest,610.7,40815055,40.9,0,2026-10-08T18:07:13+05:45,2026-10-08T17:50:00+05:45,25.0,cap_25km,7,312,Makwanpur,31201,Indrasarowar,3,3120103,8.494,,,0
RIV_004,4,Bagmati River at Khokana,Bagmati,27.632222,85.293333,308,30802,3080222,40815055,nearest,610.7,40815055,40.9,0,2026-10-08T18:07:13+05:45,2026-10-08T17:50:00+05:45,25.0,cap_25km,8,308,Lalitpur,30806,Bagmati,1,3080601,10.444,,,0
RIV_004,4,Bagmati River at Khokana,Bagmati,27.632222,85.293333,308,30802,3080222,40815055,nearest,610.7,40815055,40.9,0,2026-10-08T18:07:13+05:45,2026-10-08T17:50:00+05:45,25.0,cap_25km,9,308,Lalitpur,30806,Bagmati,2,3080602,15.965,,,0
RIV_004,4,Bagmati River at Khokana,Bagmati,27.632222,85.293333,308,30802,3080222,40815055,nearest,610.7,40815055,40.9,0,2026-10-08T18:07:13+05:45,2026-10-08T17:50:00+05:45,25.0,cap_25km,10,312,Makwanpur,31207,Bhimphedi,8,3120708,16.351,,,0
RIV_004,4,Bagmati River at Khokana,Bagmati,27.632222,85.293333,308,30802,3080222,40815055,nearest,610.7,40815055,40.9,0,2026-10-08T18:07:13+05:45,2026-10-08T17:50:00+05:45,25.0,cap_25km,11,308,Lalitpur,30806,Bagmati,4,3080604,24.94,,,0
RIV_006,6,Humla Karnali at Lalighat,Karnali,29.151,81.5817,605,60505,6050501,40723378,nearest,17057.8,40723378,193.1,0,2026-10-08T18:07:13+05:45,2026-10-08T17:40:00+05:45,25.0,cap_25km,1,605,Kalikot,60506,Khandachakra,2,6050602,0.0,Manma Bazar - Talakhol;Manma Bazar Road,MKT_01426;MKT_01427,2
RIV_006,6,Humla Karnali at Lalighat,Karnali,29.151,81.5817,605,60505,6050501,40723378,nearest,17057.8,40723378,193.1,0,2026-10-08T18:07:13+05:45,2026-10-08T17:40:00+05:45,25.0,cap_25km,2,605,Kalikot,60505,Naraharinath,1,6050501,0.22,Lalighat Bazar;Jite Bazar to;Kale Khola Bazar to Khulalu;Jite Bazar to Lalighat,MKT_00304;MKT_01415;MKT_01416;MKT_01417,4
RIV_006,6,Humla Karnali at Lalighat,Karnali,29.151,81.5817,605,60505,6050501,40723378,nearest,17057.8,40723378,193.1,0,2026-10-08T18:07:13+05:45,2026-10-08T17:40:00+05:45,25.0,cap_25km,3,606,Dailekh,60605,Aathbis,5,6060505,2.606,"Jitte Market;Kale Khola Bazar;Jite Bazar, Kalikot;Jite Bazar to Lalighat;Jite Bazar to Lalighat;Jittegada Shiva Temple to Jite bazar;Kale Khola Bazar to Khulalu;Jittegada Shiva Temple to Jite bazar;Jittegada Shiva Temple to Jite bazar;Jite Bazar to Lalighat",MKT_00309;MKT_00310;MKT_00311;MKT_01436;MKT_01437;MKT_01438;MKT_01439;MKT_01440;MKT_01441;MKT_01442,10
RIV_006,6,Humla Karnali at Lalighat,Karnali,29.151,81.5817,605,60505,6050501,40723378,nearest,17057.8,40723378,193.1,0,2026-10-08T18:07:13+05:45,2026-10-08T17:40:00+05:45,25.0,cap_25km,4,605,Kalikot,60505,Naraharinath,8,6050508,3.371,Khulalu Bazar;Khirchauka to Ragad Bazar;Khirchauka to Ragad Bazar;Khirchauka to Ragad Bazar,MKT_00307;MKT_01422;MKT_01423;MKT_01424,4
RIV_006,6,Humla Karnali at Lalighat,Karnali,29.151,81.5817,605,60505,6050501,40723378,nearest,17057.8,40723378,193.1,0,2026-10-08T18:07:13+05:45,2026-10-08T17:40:00+05:45,25.0,cap_25km,5,707,Achham,70701,Panchdebal Binayak,9,7070109,3.599,,,0
RIV_006,6,Humla Karnali at Lalighat,Karnali,29.151,81.5817,605,60505,6050501,40723378,nearest,17057.8,40723378,193.1,0,2026-10-08T18:07:13+05:45,2026-10-08T17:40:00+05:45,25.0,cap_25km,6,606,Dailekh,60605,Aathbis,6,6060506,11.115,,,0
RIV_006,6,Humla Karnali at Lalighat,Karnali,29.151,81.5817,605,60505,6050501,40723378,nearest,17057.8,40723378,193.1,0,2026-10-08T18:07:13+05:45,2026-10-08T17:40:00+05:45,25.0,cap_25km,7,606,Dailekh,60605,Aathbis,4,6060504,11.842,,,0
RIV_006,6,Humla Karnali at Lalighat,Karnali,29.151,81.5817,605,60505,6050501,40723378,nearest,17057.8,40723378,193.1,0,2026-10-08T18:07:13+05:45,2026-10-08T17:40:00+05:45,25.0,cap_25km,8,707,Achham,70701,Panchdebal Binayak,8,7070108,13.439,,,0
RIV_006,6,Humla Karnali at Lalighat,Karnali,29.151,81.5817,605,60505,6050501,40723378,nearest,17057.8,40723378,193.1,0,2026-10-08T18:07:13+05:45,2026-10-08T17:40:00+05:45,25.0,cap_25km,9,707,Achham,70701,Panchdebal Binayak,5,7070105,15.992,,,0
RIV_006,6,Humla Karnali at Lalighat,Karnali,29.151,81.5817,605,60505,6050501,40723378,nearest,17057.8,40723378,193.1,0,2026-10-08T18:07:13+05:45,2026-10-08T17:40:00+05:45,25.0,cap_25km,10,707,Achham,70701,Panchdebal Binayak,4,7070104,16.847,,,0
RIV_006,6,Humla Karnali at Lalighat,Karnali,29.151,81.5817,605,60505,6050501,40723378,nearest,17057.8,40723378,193.1,0,2026-10-08T18:07:13+05:45,2026-10-08T17:40:00+05:45,25.0,cap_25km,11,606,Dailekh,60605,Aathbis,3,6060503,21.599,,,0
RIV_006,6,Humla Karnali at Lalighat,Karnali,29.151,81.5817,605,60505,6050501,40723378,nearest,17057.8,40723378,193.1,0,2026-10-08T18:07:13+05:45,2026-10-08T17:40:00+05:45,25.0,cap_25km,12,707,Achham,70708,Kamal Bazar,3,7070803,22.779,,,0
RIV_007,7,Jyagdi Khola at Dangsing,Narayani,27.947452,83.874715,409,40908,4090804,40793239,nearest,136.1,40793239,140.2,0,2026-10-08T18:07:13+05:45,2026-10-08T18:00:00+05:45,25.0,cap_25km,1,409,Syangja,40906,Biruwa,6,4090606,0.0,,,0
RIV_007,7,Jyagdi Khola at Dangsing,Narayani,27.947452,83.874715,409,40908,4090804,40793239,nearest,136.1,40793239,140.2,0,2026-10-08T18:07:13+05:45,2026-10-08T18:00:00+05:45,25.0,cap_25km,2,409,Syangja,40908,Chapakot,4,4090804,0.195,,,0
RIV_007,7,Jyagdi Khola at Dangsing,Narayani,27.947452,83.874715,409,40908,4090804,40793239,nearest,136.1,40793239,140.2,0,2026-10-08T18:07:13+05:45,2026-10-08T18:00:00+05:45,25.0,cap_25km,3,409,Syangja,40908,Chapakot,5,4090805,0.71,,,0
RIV_007,7,Jyagdi Khola at Dangsing,Narayani,27.947452,83.874715,409,40908,4090804,40793239,nearest,136.1,40793239,140.2,0,2026-10-08T18:07:13+05:45,2026-10-08T18:00:00+05:45,25.0,cap_25km,4,409,Syangja,40908,Chapakot,2,4090802,5.244,,,0
RIV_007,7,Jyagdi Khola at Dangsing,Narayani,27.947452,83.874715,409,40908,4090804,40793239,nearest,136.1,40793239,140.2,0,2026-10-08T18:07:13+05:45,2026-10-08T18:00:00+05:45,25.0,cap_25km,5,409,Syangja,40908,Chapakot,8,4090808,8.297,,,0
RIV_007,7,Jyagdi Khola at Dangsing,Narayani,27.947452,83.874715,409,40908,4090804,40793239,nearest,136.1,40793239,140.2,0,2026-10-08T18:07:13+05:45,2026-10-08T18:00:00+05:45,25.0,cap_25km,6,506,Palpa,50601,Rampur,6,5060106,9.709,,,0
RIV_007,7,Jyagdi Khola at Dangsing,Narayani,27.947452,83.874715,409,40908,4090804,40793239,nearest,136.1,40793239,140.2,0,2026-10-08T18:07:13+05:45,2026-10-08T18:00:00+05:45,25.0,cap_25km,7,409,Syangja,40908,Chapakot,7,4090807,9.977,,,0
RIV_007,7,Jyagdi Khola at Dangsing,Narayani,27.947452,83.874715,409,40908,4090804,40793239,nearest,136.1,40793239,140.2,0,2026-10-08T18:07:13+05:45,2026-10-08T18:00:00+05:45,25.0,cap_25km,8,409,Syangja,40908,Chapakot,6,4090806,13.039,,,0
RIV_007,7,Jyagdi Khola at Dangsing,Narayani,27.947452,83.874715,409,40908,4090804,40793239,nearest,136.1,40793239,140.2,0,2026-10-08T18:07:13+05:45,2026-10-08T18:00:00+05:45,25.0,cap_25km,9,506,Palpa,50601,Rampur,5,5060105,14.621,,,0
RIV_007,7,Jyagdi Khola at Dangsing,Narayani,27.947452,83.874715,409,40908,4090804,40793239,nearest,136.1,40793239,140.2,0,2026-10-08T18:07:13+05:45,2026-10-08T18:00:00+05:45,25.0,cap_25km,10,506,Palpa,50601,Rampur,3,5060103,15.405,,,0
RIV_007,7,Jyagdi Khola at Dangsing,Narayani,27.947452,83.874715,409,40908,4090804,40793239,nearest,136.1,40793239,140.2,0,2026-10-08T18:07:13+05:45,2026-10-08T18:00:00+05:45,25.0,cap_25km,11,407,Tanahu,40706,Ghiring,1,4070601,17.788,,,0
RIV_007,7,Jyagdi Khola at Dangsing,Narayani,27.947452,83.874715,409,40908,4090804,40793239,nearest,136.1,40793239,140.2,0,2026-10-08T18:07:13+05:45,2026-10-08T18:00:00+05:45,25.0,cap_25km,12,506,Palpa,50601,Rampur,2,5060102,18.013,,,0
RIV_007,7,Jyagdi Khola at Dangsing,Narayani,27.947452,83.874715,409,40908,4090804,40793239,nearest,136.1,40793239,140.2,0,2026-10-08T18:07:13+05:45,2026-10-08T18:00:00+05:45,25.0,cap_25km,13,506,Palpa,50601,Rampur,1,5060101,20.635,,,0
RIV_008,8,Kali Gandaki at Jomsom,Narayani,28.7683583,83.7064396,403,40302,4030203,40743132,nearest,3206.7,40743132,42.6,0,2026-10-08T18:07:13+05:45,2026-10-08T17:50:00+05:45,25.0,cap_25km,1,403,Mustang,40302,Gharpajhong,3,4030203,0.0,,,0
RIV_008,8,Kali Gandaki at Jomsom,Narayani,28.7683583,83.7064396,403,40302,4030203,40743132,nearest,3206.7,40743132,42.6,0,2026-10-08T18:07:13+05:45,2026-10-08T17:50:00+05:45,25.0,cap_25km,2,403,Mustang,40302,Gharpajhong,5,4030205,0.178,,,0
RIV_008,8,Kali Gandaki at Jomsom,Narayani,28.7683583,83.7064396,403,40302,4030203,40743132,nearest,3206.7,40743132,42.6,0,2026-10-08T18:07:13+05:45,2026-10-08T17:50:00+05:45,25.0,cap_25km,3,403,Mustang,40302,Gharpajhong,2,4030202,1.81,,,0
RIV_008,8,Kali Gandaki at Jomsom,Narayani,28.7683583,83.7064396,403,40302,4030203,40743132,nearest,3206.7,40743132,42.6,0,2026-10-08T18:07:13+05:45,2026-10-08T17:50:00+05:45,25.0,cap_25km,4,403,Mustang,40302,Gharpajhong,1,4030201,2.805,,,0
RIV_008,8,Kali Gandaki at Jomsom,Narayani,28.7683583,83.7064396,403,40302,4030203,40743132,nearest,3206.7,40743132,42.6,0,2026-10-08T18:07:13+05:45,2026-10-08T17:50:00+05:45,25.0,cap_25km,5,403,Mustang,40305,Thasang,1,4030501,5.166,,,0
RIV_008,8,Kali Gandaki at Jomsom,Narayani,28.7683583,83.7064396,403,40302,4030203,40743132,nearest,3206.7,40743132,42.6,0,2026-10-08T18:07:13+05:45,2026-10-08T17:50:00+05:45,25.0,cap_25km,6,403,Mustang,40305,Thasang,2,4030502,12.163,,,0
RIV_008,8,Kali Gandaki at Jomsom,Narayani,28.7683583,83.7064396,403,40302,4030203,40743132,nearest,3206.7,40743132,42.6,0,2026-10-08T18:07:13+05:45,2026-10-08T17:50:00+05:45,25.0,cap_25km,7,403,Mustang,40305,Thasang,3,4030503,16.611,,,0
RIV_008,8,Kali Gandaki at Jomsom,Narayani,28.7683583,83.7064396,403,40302,4030203,40743132,nearest,3206.7,40743132,42.6,0,2026-10-08T18:07:13+05:45,2026-10-08T17:50:00+05:45,25.0,cap_25km,8,403,Mustang,40305,Thasang,5,4030505,21.141,,,0
RIV_010,10,Kamala River at Belsot,Kamala,26.912863,86.24833,114,11407,1140701,40860472,nearest,1412.5,40860472,96.6,0,2026-10-08T18:07:13+05:45,2026-10-08T17:50:00+05:45,25.0,cap_25km,1,114,Udaya Pur,11407,Katari,1,1140701,0.0,,,0
RIV_010,10,Kamala River at Belsot,Kamala,26.912863,86.24833,114,11407,1140701,40860472,nearest,1412.5,40860472,96.6,0,2026-10-08T18:07:13+05:45,2026-10-08T17:50:00+05:45,25.0,cap_25km,2,203,Dhanusa,20301,Ganeshman Charnath,5,2030105,0.808,,,0
RIV_010,10,Kamala River at Belsot,Kamala,26.912863,86.24833,114,11407,1140701,40860472,nearest,1412.5,40860472,96.6,0,2026-10-08T18:07:13+05:45,2026-10-08T17:50:00+05:45,25.0,cap_25km,3,202,Siraha,20205,Karjanha,1,2020501,12.239,,,0
RIV_010,10,Kamala River at Belsot,Kamala,26.912863,86.24833,114,11407,1140701,40860472,nearest,1412.5,40860472,96.6,0,2026-10-08T18:07:13+05:45,2026-10-08T17:50:00+05:45,25.0,cap_25km,4,202,Siraha,20205,Karjanha,2,2020502,17.711,,,0
RIV_010,10,Kamala River at Belsot,Kamala,26.912863,86.24833,114,11407,1140701,40860472,nearest,1412.5,40860472,96.6,0,2026-10-08T18:07:13+05:45,2026-10-08T17:50:00+05:45,25.0,cap_25km,5,202,Siraha,20205,Karjanha,3,2020503,20.225,,,0
RIV_010,10,Kamala River at Belsot,Kamala,26.912863,86.24833,114,11407,1140701,40860472,nearest,1412.5,40860472,96.6,0,2026-10-08T18:07:13+05:45,2026-10-08T17:50:00+05:45,25.0,cap_25km,6,202,Siraha,20205,Karjanha,6,2020506,22.2,,,0
RIV_010,10,Kamala River at Belsot,Kamala,26.912863,86.24833,114,11407,1140701,40860472,nearest,1412.5,40860472,96.6,0,2026-10-08T18:07:13+05:45,2026-10-08T17:50:00+05:45,25.0,cap_25km,7,203,Dhanusa,20301,Ganeshman Charnath,8,2030108,22.575,,,0
RIV_010,10,Kamala River at Belsot,Kamala,26.912863,86.24833,114,11407,1140701,40860472,nearest,1412.5,40860472,96.6,0,2026-10-08T18:07:13+05:45,2026-10-08T17:50:00+05:45,25.0,cap_25km,8,203,Dhanusa,20309,Sabaila,13,2030913,24.611,,,0
RIV_011,11,Kankai River at Mainachuli,Kankai,26.709853,87.88055,110,11008,1100808,40872525,nearest,1142.8,40872525,69.6,0,2026-10-08T18:07:13+05:45,2026-10-08T17:50:00+05:45,25.0,cap_25km,1,110,Ilam,11008,Mai,8,1100808,0.0,,,0
RIV_011,11,Kankai River at Mainachuli,Kankai,26.709853,87.88055,110,11008,1100808,40872525,nearest,1142.8,40872525,69.6,0,2026-10-08T18:07:13+05:45,2026-10-08T17:50:00+05:45,25.0,cap_25km,2,110,Ilam,11008,Mai,2,1100802,0.317,,,0
RIV_011,11,Kankai River at Mainachuli,Kankai,26.709853,87.88055,110,11008,1100808,40872525,nearest,1142.8,40872525,69.6,0,2026-10-08T18:07:13+05:45,2026-10-08T17:50:00+05:45,25.0,cap_25km,3,111,Jhapa,11105,Shivasatakshi,10,1110510,2.839,,,0
RIV_011,11,Kankai River at Mainachuli,Kankai,26.709853,87.88055,110,11008,1100808,40872525,nearest,1142.8,40872525,69.6,0,2026-10-08T18:07:13+05:45,2026-10-08T17:50:00+05:45,25.0,cap_25km,4,111,Jhapa,11104,Kankai,4,1110404,4.41,,,0
RIV_011,11,Kankai River at Mainachuli,Kankai,26.709853,87.88055,110,11008,1100808,40872525,nearest,1142.8,40872525,69.6,0,2026-10-08T18:07:13+05:45,2026-10-08T17:50:00+05:45,25.0,cap_25km,5,111,Jhapa,11104,Kankai,3,1110403,9.866,Surunga market,MKT_00008,1
RIV_011,11,Kankai River at Mainachuli,Kankai,26.709853,87.88055,110,11008,1100808,40872525,nearest,1142.8,40872525,69.6,0,2026-10-08T18:07:13+05:45,2026-10-08T17:50:00+05:45,25.0,cap_25km,6,111,Jhapa,11104,Kankai,5,1110405,11.01,,,0
RIV_011,11,Kankai River at Mainachuli,Kankai,26.709853,87.88055,110,11008,1100808,40872525,nearest,1142.8,40872525,69.6,0,2026-10-08T18:07:13+05:45,2026-10-08T17:50:00+05:45,25.0,cap_25km,7,111,Jhapa,11110,Jhapa,6,1111006,14.422,,,0
RIV_011,11,Kankai River at Mainachuli,Kankai,26.709853,87.88055,110,11008,1100808,40872525,nearest,1142.8,40872525,69.6,0,2026-10-08T18:07:13+05:45,2026-10-08T17:50:00+05:45,25.0,cap_25km,8,111,Jhapa,11110,Jhapa,7,1111007,17.842,,,0
RIV_011,11,Kankai River at Mainachuli,Kankai,26.709853,87.88055,110,11008,1100808,40872525,nearest,1142.8,40872525,69.6,0,2026-10-08T18:07:13+05:45,2026-10-08T17:50:00+05:45,25.0,cap_25km,9,111,Jhapa,11110,Jhapa,4,1111004,22.822,,,0
RIV_012,12,Kandra River at Pahalmanpur,Mohana,28.698414,80.904985,708,70805,7080510,40746796,nearest,220.1,40746796,124.1,0,2026-10-08T18:07:13+05:45,2026-10-07T14:40:00+05:45,25.0,cap_25km,1,708,Kailali,70805,Ghodaghodi,5,7080505,0.0,,,0
RIV_012,12,Kandra River at Pahalmanpur,Mohana,28.698414,80.904985,708,70805,7080510,40746796,nearest,220.1,40746796,124.1,0,2026-10-08T18:07:13+05:45,2026-10-07T14:40:00+05:45,25.0,cap_25km,2,708,Kailali,70805,Ghodaghodi,10,7080510,0.618,,,0
RIV_012,12,Kandra River at Pahalmanpur,Mohana,28.698414,80.904985,708,70805,7080510,40746796,nearest,220.1,40746796,124.1,0,2026-10-08T18:07:13+05:45,2026-10-07T14:40:00+05:45,25.0,cap_25km,3,708,Kailali,70805,Ghodaghodi,11,7080511,4.752,,,0
RIV_012,12,Kandra River at Pahalmanpur,Mohana,28.698414,80.904985,708,70805,7080510,40746796,nearest,220.1,40746796,124.1,0,2026-10-08T18:07:13+05:45,2026-10-07T14:40:00+05:45,25.0,cap_25km,4,708,Kailali,70805,Ghodaghodi,12,7080512,10.823,,,0
RIV_012,12,Kandra River at Pahalmanpur,Mohana,28.698414,80.904985,708,70805,7080510,40746796,nearest,220.1,40746796,124.1,0,2026-10-08T18:07:13+05:45,2026-10-07T14:40:00+05:45,25.0,cap_25km,5,708,Kailali,70805,Ghodaghodi,7,7080507,14.465,,,0
RIV_012,12,Kandra River at Pahalmanpur,Mohana,28.698414,80.904985,708,70805,7080510,40746796,nearest,220.1,40746796,124.1,0,2026-10-08T18:07:13+05:45,2026-10-07T14:40:00+05:45,25.0,cap_25km,6,708,Kailali,70811,Bhajani,4,7081104,14.563,,,0
RIV_012,12,Kandra River at Pahalmanpur,Mohana,28.698414,80.904985,708,70805,7080510,40746796,nearest,220.1,40746796,124.1,0,2026-10-08T18:07:13+05:45,2026-10-07T14:40:00+05:45,25.0,cap_25km,7,708,Kailali,70811,Bhajani,9,7081109,15.404,Dhirsarka  Bazar;Himmatpur Bazar,MKT_00354;MKT_00355,2
RIV_013,13,Karnali at Chisapani Bridge,Karnali,28.64118,81.28334,708,70807,7080703,40754016,nearest,45720.5,40754016,36.3,0,2026-10-08T18:07:13+05:45,2026-10-08T17:45:00+05:45,25.0,cap_25km,1,708,Kailali,70807,Lamki Chuha,3,7080703,0.0,PalBazaar Sibir,MKT_01493,1
RIV_014,14,Kokhajor Khola at Hariharpur Gadi,Bagmati,27.371,85.47399,311,31109,3110901,40831702,nearest,1691.1,40831702,86.8,0,2026-10-08T18:07:13+05:45,2026-10-08T17:50:00+05:45,25.0,cap_25km,1,311,Sindhuli,31109,Hariharpurgaghi,1,3110901,0.0,,,0
RIV_014,14,Kokhajor Khola at Hariharpur Gadi,Bagmati,27.371,85.47399,311,31109,3110901,40831702,nearest,1691.1,40831702,86.8,0,2026-10-08T18:07:13+05:45,2026-10-08T17:50:00+05:45,25.0,cap_25km,2,312,Makwanpur,31210,Bagmati,5,3121005,1.363,,,0
RIV_014,14,Kokhajor Khola at Hariharpur Gadi,Bagmati,27.371,85.47399,311,31109,3110901,40831702,nearest,1691.1,40831702,86.8,0,2026-10-08T18:07:13+05:45,2026-10-08T17:50:00+05:45,25.0,cap_25km,3,312,Makwanpur,31210,Bagmati,4,3121004,9.213,,,0
RIV_014,14,Kokhajor Khola at Hariharpur Gadi,Bagmati,27.371,85.47399,311,31109,3110901,40831702,nearest,1691.1,40831702,86.8,0,2026-10-08T18:07:13+05:45,2026-10-08T17:50:00+05:45,25.0,cap_25km,4,311,Sindhuli,31109,Hariharpurgaghi,3,3110903,13.37,,,0
RIV_014,14,Kokhajor Khola at Hariharpur Gadi,Bagmati,27.371,85.47399,311,31109,3110901,40831702,nearest,1691.1,40831702,86.8,0,2026-10-08T18:07:13+05:45,2026-10-08T17:50:00+05:45,25.0,cap_25km,5,312,Makwanpur,31210,Bagmati,1,3121001,19.917,,,0
RIV_014,14,Kokhajor Khola at Hariharpur Gadi,Bagmati,27.371,85.47399,311,31109,3110901,40831702,nearest,1691.1,40831702,86.8,0,2026-10-08T18:07:13+05:45,2026-10-08T17:50:00+05:45,25.0,cap_25km,6,311,Sindhuli,31109,Hariharpurgaghi,2,3110902,22.486,,,0
RIV_015,15,Khutia Khola at Mudibhar,Mohana,28.876454,80.673521,708,70802,7080204,40740557,nearest,146.6,40740557,59.2,0,2026-10-08T18:07:13+05:45,2026-10-08T17:50:00+05:45,25.0,cap_25km,1,708,Kailali,70803,Godawari,4,7080304,0.0,,,0
RIV_015,15,Khutia Khola at Mudibhar,Mohana,28.876454,80.673521,708,70802,7080204,40740557,nearest,146.6,40740557,59.2,0,2026-10-08T18:07:13+05:45,2026-10-08T17:50:00+05:45,25.0,cap_25km,2,708,Kailali,70802,Chure,4,7080204,0.001,,,0
RIV_015,15,Khutia Khola at Mudibhar,Mohana,28.876454,80.673521,708,70802,7080204,40740557,nearest,146.6,40740557,59.2,0,2026-10-08T18:07:13+05:45,2026-10-08T17:50:00+05:45,25.0,cap_25km,3,708,Kailali,70804,Gauriganga,6,7080406,2.294,,,0
RIV_015,15,Khutia Khola at Mudibhar,Mohana,28.876454,80.673521,708,70802,7080204,40740557,nearest,146.6,40740557,59.2,0,2026-10-08T18:07:13+05:45,2026-10-08T17:50:00+05:45,25.0,cap_25km,4,708,Kailali,70803,Godawari,8,7080308,3.608,,,0
RIV_015,15,Khutia Khola at Mudibhar,Mohana,28.876454,80.673521,708,70802,7080204,40740557,nearest,146.6,40740557,59.2,0,2026-10-08T18:07:13+05:45,2026-10-08T17:50:00+05:45,25.0,cap_25km,5,708,Kailali,70803,Godawari,9,7080309,11.878,,,0
RIV_015,15,Khutia Khola at Mudibhar,Mohana,28.876454,80.673521,708,70802,7080204,40740557,nearest,146.6,40740557,59.2,0,2026-10-08T18:07:13+05:45,2026-10-08T17:50:00+05:45,25.0,cap_25km,6,708,Kailali,70813,Dhangadhi,11,7081311,12.677,,,0
RIV_015,15,Khutia Khola at Mudibhar,Mohana,28.876454,80.673521,708,70802,7080204,40740557,nearest,146.6,40740557,59.2,0,2026-10-08T18:07:13+05:45,2026-10-08T17:50:00+05:45,25.0,cap_25km,7,708,Kailali,70813,Dhangadhi,17,7081317,18.038,Dhurjanna Bazar,MKT_00357,1
RIV_015,15,Khutia Khola at Mudibhar,Mohana,28.876454,80.673521,708,70802,7080204,40740557,nearest,146.6,40740557,59.2,0,2026-10-08T18:07:13+05:45,2026-10-08T17:50:00+05:45,25.0,cap_25km,8,708,Kailali,70813,Dhangadhi,7,7081307,20.659,[unnamed retail landuse],MKT_00423,1
RIV_015,15,Khutia Khola at Mudibhar,Mohana,28.876454,80.673521,708,70802,7080204,40740557,nearest,146.6,40740557,59.2,0,2026-10-08T18:07:13+05:45,2026-10-08T17:50:00+05:45,25.0,cap_25km,9,708,Kailali,70813,Dhangadhi,15,7081315,23.532,,,0
RIV_016,16,Lothar Khola at Lothar,Narayani,27.5877,84.7361,312,31205,3120506,40818085,nearest,173.8,40818085,189.3,0,2026-10-08T18:07:13+05:45,2026-10-08T17:50:00+05:45,25.0,cap_25km,1,312,Makwanpur,31205,Manahari,6,3120506,0.0,[unnamed commercial landuse];Gairi Bazar;Pallo Bazar,MKT_00724;MKT_01151;MKT_01152,3
RIV_016,16,Lothar Khola at Lothar,Narayani,27.5877,84.7361,312,31205,3120506,40818085,nearest,173.8,40818085,189.3,0,2026-10-08T18:07:13+05:45,2026-10-08T17:50:00+05:45,25.0,cap_25km,2,313,Chitwan,31301,Rapti,1,3130101,0.219,,,0
RIV_016,16,Lothar Khola at Lothar,Narayani,27.5877,84.7361,312,31205,3120506,40818085,nearest,173.8,40818085,189.3,0,2026-10-08T18:07:13+05:45,2026-10-08T17:50:00+05:45,25.0,cap_25km,3,313,Chitwan,31306,Khairahani,12,3130612,21.001,,,0
RIV_016,16,Lothar Khola at Lothar,Narayani,27.5877,84.7361,312,31205,3120506,40818085,nearest,173.8,40818085,189.3,0,2026-10-08T18:07:13+05:45,2026-10-08T17:50:00+05:45,25.0,cap_25km,4,313,Chitwan,31306,Khairahani,13,3130613,23.175,,,0
RIV_017,17,Madi River at Sisaghat,Narayani,28.093,84.228,406,40604,4060404,40784658,nearest,893.7,40784658,12.3,0,2026-10-08T18:07:13+05:45,2026-10-08T17:50:00+05:45,25.0,cap_25km,1,406,Lamjung,40604,Madhya Nepal,4,4060404,0.0,,,0
RIV_017,17,Madi River at Sisaghat,Narayani,28.093,84.228,406,40604,4060404,40784658,nearest,893.7,40784658,12.3,0,2026-10-08T18:07:13+05:45,2026-10-08T17:50:00+05:45,25.0,cap_25km,2,407,Tanahu,40702,Byas,7,4070207,1.75,,,0
RIV_017,17,Madi River at Sisaghat,Narayani,28.093,84.228,406,40604,4060404,40784658,nearest,893.7,40784658,12.3,0,2026-10-08T18:07:13+05:45,2026-10-08T17:50:00+05:45,25.0,cap_25km,3,407,Tanahu,40702,Byas,6,4070206,2.433,,,0
RIV_017,17,Madi River at Sisaghat,Narayani,28.093,84.228,406,40604,4060404,40784658,nearest,893.7,40784658,12.3,0,2026-10-08T18:07:13+05:45,2026-10-08T17:50:00+05:45,25.0,cap_25km,4,407,Tanahu,40702,Byas,5,4070205,8.76,,,0
RIV_017,17,Madi River at Sisaghat,Narayani,28.093,84.228,406,40604,4060404,40784658,nearest,893.7,40784658,12.3,0,2026-10-08T18:07:13+05:45,2026-10-08T17:50:00+05:45,25.0,cap_25km,5,407,Tanahu,40702,Byas,10,4070210,9.746,,,0
RIV_017,17,Madi River at Sisaghat,Narayani,28.093,84.228,406,40604,4060404,40784658,nearest,893.7,40784658,12.3,0,2026-10-08T18:07:13+05:45,2026-10-08T17:50:00+05:45,25.0,cap_25km,6,407,Tanahu,40702,Byas,3,4070203,16.188,,,0
RIV_017,17,Madi River at Sisaghat,Narayani,28.093,84.228,406,40604,4060404,40784658,nearest,893.7,40784658,12.3,0,2026-10-08T18:07:13+05:45,2026-10-08T17:50:00+05:45,25.0,cap_25km,7,407,Tanahu,40707,Rhishing,1,4070701,17.365,,,0
RIV_017,17,Madi River at Sisaghat,Narayani,28.093,84.228,406,40604,4060404,40784658,nearest,893.7,40784658,12.3,0,2026-10-08T18:07:13+05:45,2026-10-08T17:50:00+05:45,25.0,cap_25km,8,407,Tanahu,40702,Byas,13,4070213,18.935,,,0
RIV_018,18,MaiKhola at Chisapani,Kankai,26.833324,87.89934,110,11008,1100809,40865783,nearest,610.5,40865783,48.1,0,2026-10-08T18:07:13+05:45,2026-10-08T12:10:00+05:45,25.0,cap_25km,1,110,Ilam,11008,Mai,9,1100809,0.0,,,0
RIV_018,18,MaiKhola at Chisapani,Kankai,26.833324,87.89934,110,11008,1100809,40865783,nearest,610.5,40865783,48.1,0,2026-10-08T18:07:13+05:45,2026-10-08T12:10:00+05:45,25.0,cap_25km,2,110,Ilam,11003,Ilam,11,1100311,0.119,,,0
RIV_018,18,MaiKhola at Chisapani,Kankai,26.833324,87.89934,110,11008,1100809,40865783,nearest,610.5,40865783,48.1,0,2026-10-08T18:07:13+05:45,2026-10-08T12:10:00+05:45,25.0,cap_25km,3,110,Ilam,11004,Deumai,7,1100407,5.914,,,0
RIV_018,18,MaiKhola at Chisapani,Kankai,26.833324,87.89934,110,11008,1100809,40865783,nearest,610.5,40865783,48.1,0,2026-10-08T18:07:13+05:45,2026-10-08T12:10:00+05:45,25.0,cap_25km,4,110,Ilam,11008,Mai,1,1100801,6.563,,,0
RIV_018,18,MaiKhola at Chisapani,Kankai,26.833324,87.89934,110,11008,1100809,40865783,nearest,610.5,40865783,48.1,0,2026-10-08T18:07:13+05:45,2026-10-08T12:10:00+05:45,25.0,cap_25km,5,110,Ilam,11004,Deumai,9,1100409,12.554,,,0
RIV_018,18,MaiKhola at Chisapani,Kankai,26.833324,87.89934,110,11008,1100809,40865783,nearest,610.5,40865783,48.1,0,2026-10-08T18:07:13+05:45,2026-10-08T12:10:00+05:45,25.0,cap_25km,6,110,Ilam,11006,Mangsebung,3,1100603,14.906,,,0
RIV_018,18,MaiKhola at Chisapani,Kankai,26.833324,87.89934,110,11008,1100809,40865783,nearest,610.5,40865783,48.1,0,2026-10-08T18:07:13+05:45,2026-10-08T12:10:00+05:45,25.0,cap_25km,7,110,Ilam,11006,Mangsebung,5,1100605,15.357,,,0
RIV_018,18,MaiKhola at Chisapani,Kankai,26.833324,87.89934,110,11008,1100809,40865783,nearest,610.5,40865783,48.1,0,2026-10-08T18:07:13+05:45,2026-10-08T12:10:00+05:45,25.0,cap_25km,8,110,Ilam,11008,Mai,6,1100806,16.408,,,0
RIV_018,18,MaiKhola at Chisapani,Kankai,26.833324,87.89934,110,11008,1100809,40865783,nearest,610.5,40865783,48.1,0,2026-10-08T18:07:13+05:45,2026-10-08T12:10:00+05:45,25.0,cap_25km,9,110,Ilam,11008,Mai,7,1100807,23.558,,,0
RIV_019,19,Mankhola at Belgaun,Karnali,28.220681,81.574758,512,51201,5120103,40775817,nearest,146.3,40775817,6.6,0,2026-10-08T18:07:13+05:45,2026-10-08T17:50:00+05:45,25.0,cap_25km,1,512,Bardiya,51201,Bansgadhi,3,5120103,0.0,,,0
RIV_019,19,Mankhola at Belgaun,Karnali,28.220681,81.574758,512,51201,5120103,40775817,nearest,146.3,40775817,6.6,0,2026-10-08T18:07:13+05:45,2026-10-08T17:50:00+05:45,25.0,cap_25km,2,511,Banke,51103,Baijanath,8,5110308,0.594,,,0
RIV_019,19,Mankhola at Belgaun,Karnali,28.220681,81.574758,512,51201,5120103,40775817,nearest,146.3,40775817,6.6,0,2026-10-08T18:07:13+05:45,2026-10-08T17:50:00+05:45,25.0,cap_25km,3,512,Bardiya,51208,Badhaiyatal,4,5120804,1.864,,,0
RIV_019,19,Mankhola at Belgaun,Karnali,28.220681,81.574758,512,51201,5120103,40775817,nearest,146.3,40775817,6.6,0,2026-10-08T18:07:13+05:45,2026-10-08T17:50:00+05:45,25.0,cap_25km,4,512,Bardiya,51208,Badhaiyatal,5,5120805,6.988,,,0
RIV_019,19,Mankhola at Belgaun,Karnali,28.220681,81.574758,512,51201,5120103,40775817,nearest,146.3,40775817,6.6,0,2026-10-08T18:07:13+05:45,2026-10-08T17:50:00+05:45,25.0,cap_25km,5,512,Bardiya,51208,Badhaiyatal,3,5120803,8.658,,,0
RIV_019,19,Mankhola at Belgaun,Karnali,28.220681,81.574758,512,51201,5120103,40775817,nearest,146.3,40775817,6.6,0,2026-10-08T18:07:13+05:45,2026-10-08T17:50:00+05:45,25.0,cap_25km,6,511,Banke,51104,Khajura,7,5110407,9.871,,,0
RIV_019,19,Mankhola at Belgaun,Karnali,28.220681,81.574758,512,51201,5120103,40775817,nearest,146.3,40775817,6.6,0,2026-10-08T18:07:13+05:45,2026-10-08T17:50:00+05:45,25.0,cap_25km,7,511,Banke,51104,Khajura,6,5110406,11.4,local market,MKT_00231,1
RIV_019,19,Mankhola at Belgaun,Karnali,28.220681,81.574758,512,51201,5120103,40775817,nearest,146.3,40775817,6.6,0,2026-10-08T18:07:13+05:45,2026-10-08T17:50:00+05:45,25.0,cap_25km,8,512,Bardiya,51208,Badhaiyatal,2,5120802,14.51,,,0
RIV_019,19,Mankhola at Belgaun,Karnali,28.220681,81.574758,512,51201,5120103,40775817,nearest,146.3,40775817,6.6,0,2026-10-08T18:07:13+05:45,2026-10-08T17:50:00+05:45,25.0,cap_25km,9,511,Banke,51104,Khajura,2,5110402,16.29,,,0
RIV_019,19,Mankhola at Belgaun,Karnali,28.220681,81.574758,512,51201,5120103,40775817,nearest,146.3,40775817,6.6,0,2026-10-08T18:07:13+05:45,2026-10-08T17:50:00+05:45,25.0,cap_25km,10,512,Bardiya,51208,Badhaiyatal,1,5120801,21.946,,,0
RIV_019,19,Mankhola at Belgaun,Karnali,28.220681,81.574758,512,51201,5120103,40775817,nearest,146.3,40775817,6.6,0,2026-10-08T18:07:13+05:45,2026-10-08T17:50:00+05:45,25.0,cap_25km,11,511,Banke,51104,Khajura,1,5110401,23.784,,,0
RIV_020,20,Mardi Khola at Lahachowk,Narayani,28.301,83.918,405,40502,4050206,40770367,nearest,139.6,40770367,441.0,0,2026-10-08T18:07:13+05:45,2026-10-08T17:50:00+05:45,25.0,cap_25km,1,405,Kaski,40502,Machhapuchchhre,4,4050204,0.0,,,0
RIV_020,20,Mardi Khola at Lahachowk,Narayani,28.301,83.918,405,40502,4050206,40770367,nearest,139.6,40770367,441.0,0,2026-10-08T18:07:13+05:45,2026-10-08T17:50:00+05:45,25.0,cap_25km,2,405,Kaski,40504,Pokhara Lekhnath,19,4050419,1.731,Machhapuchhre Restaurant;[unnamed commercial landuse],MKT_00763;MKT_00764,2
RIV_020,20,Mardi Khola at Lahachowk,Narayani,28.301,83.918,405,40502,4050206,40770367,nearest,139.6,40770367,441.0,0,2026-10-08T18:07:13+05:45,2026-10-08T17:50:00+05:45,25.0,cap_25km,3,405,Kaski,40504,Pokhara Lekhnath,25,4050425,2.571,Shristi Auto workshop;[unnamed commercial landuse];[unnamed commercial landuse];[unnamed commercial landuse],MKT_00766;MKT_00767;MKT_00768;MKT_00769,4
RIV_020,20,Mardi Khola at Lahachowk,Narayani,28.301,83.918,405,40502,4050206,40770367,nearest,139.6,40770367,441.0,0,2026-10-08T18:07:13+05:45,2026-10-08T17:50:00+05:45,25.0,cap_25km,4,405,Kaski,40504,Pokhara Lekhnath,16,4050416,8.25,Block Company;[unnamed commercial landuse],MKT_00759;MKT_00760,2
RIV_020,20,Mardi Khola at Lahachowk,Narayani,28.301,83.918,405,40502,4050206,40770367,nearest,139.6,40770367,441.0,0,2026-10-08T18:07:13+05:45,2026-10-08T17:50:00+05:45,25.0,cap_25km,5,405,Kaski,40504,Pokhara Lekhnath,1,4050401,9.273,[unnamed commercial landuse];Bagbazar Mini Market;Bagbazaar Diary and Stores;Bagbazaar Church;Bagbazar;Bagbazar,MKT_00740;MKT_01188;MKT_01189;MKT_01190;MKT_01191;MKT_01192,6
RIV_020,20,Mardi Khola at Lahachowk,Narayani,28.301,83.918,405,40502,4050206,40770367,nearest,139.6,40770367,441.0,0,2026-10-08T18:07:13+05:45,2026-10-08T17:50:00+05:45,25.0,cap_25km,6,405,Kaski,40504,Pokhara Lekhnath,3,4050403,11.578,,,0
RIV_020,20,Mardi Khola at Lahachowk,Narayani,28.301,83.918,405,40502,4050206,40770367,nearest,139.6,40770367,441.0,0,2026-10-08T18:07:13+05:45,2026-10-08T17:50:00+05:45,25.0,cap_25km,7,405,Kaski,40504,Pokhara Lekhnath,11,4050411,11.661,Dhaulagiri Drinking Water Supply,MKT_00747,1
RIV_020,20,Mardi Khola at Lahachowk,Narayani,28.301,83.918,405,40502,4050206,40770367,nearest,139.6,40770367,441.0,0,2026-10-08T18:07:13+05:45,2026-10-08T17:50:00+05:45,25.0,cap_25km,8,405,Kaski,40504,Pokhara Lekhnath,9,4050409,14.227,Pokhara Mall;Gandaki Mini Market;Agricultural Produce Market Center;B n B market;Hongkong Bazar;Bhatbhateni Super Store;Pokhara Party Palace;Naya Bazar Marg;Naya Bazar,MKT_00144;MKT_00145;MKT_00146;MKT_00147;MKT_00148;MKT_00410;MKT_00745;MKT_01200;MKT_01201,9
RIV_020,20,Mardi Khola at Lahachowk,Narayani,28.301,83.918,405,40502,4050206,40770367,nearest,139.6,40770367,441.0,0,2026-10-08T18:07:13+05:45,2026-10-08T17:50:00+05:45,25.0,cap_25km,9,405,Kaski,40504,Pokhara Lekhnath,10,4050410,14.482,Bhamarkot Party Palace,MKT_00746,1
RIV_020,20,Mardi Khola at Lahachowk,Narayani,28.301,83.918,405,40502,4050206,40770367,nearest,139.6,40770367,441.0,0,2026-10-08T18:07:13+05:45,2026-10-08T17:50:00+05:45,25.0,cap_25km,10,405,Kaski,40504,Pokhara Lekhnath,7,4050407,15.414,Pardi Bazar;Pardi Bazar,MKT_01196;MKT_01197,2
RIV_020,20,Mardi Khola at Lahachowk,Narayani,28.301,83.918,405,40502,4050206,40770367,nearest,139.6,40770367,441.0,0,2026-10-08T18:07:13+05:45,2026-10-08T17:50:00+05:45,25.0,cap_25km,11,405,Kaski,40504,Pokhara Lekhnath,15,4050415,16.009,"[unnamed commercial landuse];Gurkhali Drinking Water;Goodwill driving center;Driving center;Ram Bazaar;Ward Police Station, Rambazar;Rambazar Futsal and Play Center;Ark Bazaar",MKT_00755;MKT_00756;MKT_00757;MKT_00758;MKT_01205;MKT_01206;MKT_01207;MKT_01208,8
RIV_020,20,Mardi Khola at Lahachowk,Narayani,28.301,83.918,405,40502,4050206,40770367,nearest,139.6,40770367,441.0,0,2026-10-08T18:07:13+05:45,2026-10-08T17:50:00+05:45,25.0,cap_25km,12,405,Kaski,40504,Pokhara Lekhnath,17,4050417,18.384,Fruit Junktion;[unnamed commercial landuse];Nepal Thakuri Sangam Kaski Pariwar;Pardi Bazar,MKT_00149;MKT_00761;MKT_00762;MKT_01209,4
RIV_020,20,Mardi Khola at Lahachowk,Narayani,28.301,83.918,405,40502,4050206,40770367,nearest,139.6,40770367,441.0,0,2026-10-08T18:07:13+05:45,2026-10-08T17:50:00+05:45,25.0,cap_25km,13,405,Kaski,40504,Pokhara Lekhnath,21,4050421,21.063,,,0
RIV_020,20,Mardi Khola at Lahachowk,Narayani,28.301,83.918,405,40502,4050206,40770367,nearest,139.6,40770367,441.0,0,2026-10-08T18:07:13+05:45,2026-10-08T17:50:00+05:45,25.0,cap_25km,14,405,Kaski,40504,Pokhara Lekhnath,14,4050414,21.376,[unnamed commercial landuse];Khasi Boka Bazar;HD Bhawan;Ajaya Chaat and Sweet House,MKT_00752;MKT_00753;MKT_00754;MKT_01204,4
RIV_020,20,Mardi Khola at Lahachowk,Narayani,28.301,83.918,405,40502,4050206,40770367,nearest,139.6,40770367,441.0,0,2026-10-08T18:07:13+05:45,2026-10-08T17:50:00+05:45,25.0,cap_25km,15,405,Kaski,40504,Pokhara Lekhnath,33,4050433,23.356,[unnamed commercial landuse],MKT_00770,1
RIV_020,20,Mardi Khola at Lahachowk,Narayani,28.301,83.918,405,40502,4050206,40770367,nearest,139.6,40770367,441.0,0,2026-10-08T18:07:13+05:45,2026-10-08T17:50:00+05:45,25.0,cap_25km,16,405,Kaski,40504,Pokhara Lekhnath,27,4050427,24.613,,,0
RIV_021,21,Manohara Khola at Balkumari,Bagmati,27.6775,85.3358,306,30608,3060832,40810656,nearest,70.5,40810656,2.5,0,2026-10-08T18:07:13+05:45,2026-10-08T18:00:00+05:45,25.0,cap_25km,1,306,Kathmandu,30608,Kathmandu,32,3060832,0.0,[unnamed marketplace];Pick And Save Store;SLS Suppliers;STORE;Car Workshop;[unnamed commercial landuse];[unnamed commercial landuse];Pratakchya Bazar Bewasaye Sangh;Hukka Bazar And Liquor Shop;Shree Laxmi Sweet And Chaat Pasal;Hongkong Bazar;Shree Ganesh Sweet and Chaat House;Gupta Chaat House;G.S Sweet and Chaat House;Special Panipuri Chaat Pasal;Manohara Tarkari Bazar;मनोहरा तरकारी बजार,MKT_00096;MKT_00393;MKT_00688;MKT_00689;MKT_00690;MKT_00691;MKT_00692;MKT_01059;MKT_01060;MKT_01061;MKT_01062;MKT_01063;MKT_01064;MKT_01065;MKT_01066;MKT_01067;MKT_01068,17
RIV_021,21,Manohara Khola at Balkumari,Bagmati,27.6775,85.3358,306,30608,3060832,40810656,nearest,70.5,40810656,2.5,0,2026-10-08T18:07:13+05:45,2026-10-08T18:00:00+05:45,25.0,cap_25km,2,308,Lalitpur,30802,Lalitpur,9,3080209,0.036,Balkumari Banquet,MKT_00398,1
RIV_021,21,Manohara Khola at Balkumari,Bagmati,27.6775,85.3358,306,30608,3060832,40810656,nearest,70.5,40810656,2.5,0,2026-10-08T18:07:13+05:45,2026-10-08T18:00:00+05:45,25.0,cap_25km,3,306,Kathmandu,30608,Kathmandu,31,3060831,0.341,InfoTechs Nepal;NAXA,MKT_00392;MKT_00687,2
RIV_021,21,Manohara Khola at Balkumari,Bagmati,27.6775,85.3358,306,30608,3060832,40810656,nearest,70.5,40810656,2.5,0,2026-10-08T18:07:13+05:45,2026-10-08T18:00:00+05:45,25.0,cap_25km,4,306,Kathmandu,30608,Kathmandu,10,3060810,0.643,एक्सप्रेस मार्ट;Mini Market;Rolling Plans;Bijulibazar Stop;Bijulibazar Tol Development Committee;Haatti Gaunda Marg;Bijulibazar Marg,MKT_00081;MKT_00389;MKT_00666;MKT_01017;MKT_01018;MKT_01019;MKT_01020,7
RIV_021,21,Manohara Khola at Balkumari,Bagmati,27.6775,85.3358,306,30608,3060832,40810656,nearest,70.5,40810656,2.5,0,2026-10-08T18:07:13+05:45,2026-10-08T18:00:00+05:45,25.0,cap_25km,5,308,Lalitpur,30802,Lalitpur,11,3080211,1.183,[unnamed commercial landuse],MKT_00710,1
RIV_021,21,Manohara Khola at Balkumari,Bagmati,27.6775,85.3358,306,30608,3060832,40810656,nearest,70.5,40810656,2.5,0,2026-10-08T18:07:13+05:45,2026-10-08T18:00:00+05:45,25.0,cap_25km,6,308,Lalitpur,30802,Lalitpur,10,3080210,1.339,,,0
RIV_021,21,Manohara Khola at Balkumari,Bagmati,27.6775,85.3358,306,30608,3060832,40810656,nearest,70.5,40810656,2.5,0,2026-10-08T18:07:13+05:45,2026-10-08T18:00:00+05:45,25.0,cap_25km,7,306,Kathmandu,30608,Kathmandu,11,3060811,1.91,Bluebird Department Store;[unnamed commercial landuse];Nepal Food Corporation;[unnamed commercial landuse];Color Bazar;बिजुलिबजार पुल,MKT_00390;MKT_00667;MKT_00668;MKT_00669;MKT_01021;MKT_01022,6
RIV_021,21,Manohara Khola at Balkumari,Bagmati,27.6775,85.3358,306,30608,3060832,40810656,nearest,70.5,40810656,2.5,0,2026-10-08T18:07:13+05:45,2026-10-08T18:00:00+05:45,25.0,cap_25km,8,308,Lalitpur,30802,Lalitpur,1,3080201,2.608,,,0
RIV_021,21,Manohara Khola at Balkumari,Bagmati,27.6775,85.3358,306,30608,3060832,40810656,nearest,70.5,40810656,2.5,0,2026-10-08T18:07:13+05:45,2026-10-08T18:00:00+05:45,25.0,cap_25km,9,306,Kathmandu,30608,Kathmandu,12,3060812,3.541,Nepal Automobile Dealers Association,MKT_00670,1
RIV_021,21,Manohara Khola at Balkumari,Bagmati,27.6775,85.3358,306,30608,3060832,40810656,nearest,70.5,40810656,2.5,0,2026-10-08T18:07:13+05:45,2026-10-08T18:00:00+05:45,25.0,cap_25km,10,308,Lalitpur,30802,Lalitpur,2,3080202,3.86,Lalitpur 5A Side Fotsal,MKT_00702,1
RIV_021,21,Manohara Khola at Balkumari,Bagmati,27.6775,85.3358,306,30608,3060832,40810656,nearest,70.5,40810656,2.5,0,2026-10-08T18:07:13+05:45,2026-10-08T18:00:00+05:45,25.0,cap_25km,11,308,Lalitpur,30802,Lalitpur,3,3080203,4.844,किसान बजार;Nepal telecommunication (NTC);GUNA MULTIPURPOSE CO-OPERATIVE;UN Compound;[unnamed commercial landuse];पुल्चोकदेखि मङ्गलबजार सडक;पुल्चोक देखि मङ्गलबजार सडक;पुल्चोक-मङ्गलबजार सडक;पुल्चोकदेखि मङ्गलबजार सडक,MKT_00111;MKT_00703;MKT_00704;MKT_00705;MKT_00706;MKT_01089;MKT_01090;MKT_01091;MKT_01092,9
RIV_021,21,Manohara Khola at Balkumari,Bagmati,27.6775,85.3358,306,30608,3060832,40810656,nearest,70.5,40810656,2.5,0,2026-10-08T18:07:13+05:45,2026-10-08T18:00:00+05:45,25.0,cap_25km,12,306,Kathmandu,30608,Kathmandu,14,3060814,5.255,Balkhu Vegetable and Fruits Market;TM Market;Rudra Market;[unnamed marketplace];Bhatbhateni Super Store (Kalanki);Success Tution Center;Stationary;Advanced College of Engineering and Management;Khasibazaar;Balkhu kris tatha tarkari bazar,MKT_00084;MKT_00085;MKT_00086;MKT_00087;MKT_00672;MKT_00673;MKT_00674;MKT_00675;MKT_01023;MKT_01024,10
RIV_021,21,Manohara Khola at Balkumari,Bagmati,27.6775,85.3358,306,30608,3060832,40810656,nearest,70.5,40810656,2.5,0,2026-10-08T18:07:13+05:45,2026-10-08T18:00:00+05:45,25.0,cap_25km,13,306,Kathmandu,30609,Kirtipur,10,3060910,5.672,Naya Bazar;नयाँ बजार,MKT_01075;MKT_01076,2
RIV_021,21,Manohara Khola at Balkumari,Bagmati,27.6775,85.3358,306,30608,3060832,40810656,nearest,70.5,40810656,2.5,0,2026-10-08T18:07:13+05:45,2026-10-08T18:00:00+05:45,25.0,cap_25km,14,308,Lalitpur,30802,Lalitpur,4,3080204,6.311,miraze enterprises;Ara Apparels;Shaligram Village Complex & Nirvana Wellness Centre,MKT_00112;MKT_00397;MKT_00707,3
RIV_021,21,Manohara Khola at Balkumari,Bagmati,27.6775,85.3358,306,30608,3060832,40810656,nearest,70.5,40810656,2.5,0,2026-10-08T18:07:13+05:45,2026-10-08T18:00:00+05:45,25.0,cap_25km,15,306,Kathmandu,30609,Kirtipur,6,3060906,7.823,Tarkari bajar;N.B store,MKT_00098;MKT_00099,2
RIV_021,21,Manohara Khola at Balkumari,Bagmati,27.6775,85.3358,306,30608,3060832,40810656,nearest,70.5,40810656,2.5,0,2026-10-08T18:07:13+05:45,2026-10-08T18:00:00+05:45,25.0,cap_25km,16,308,Lalitpur,30802,Lalitpur,18,3080218,8.416,RB Genreral Store;Sudhima's Nursery,MKT_00399;MKT_00714,2
RIV_021,21,Manohara Khola at Balkumari,Bagmati,27.6775,85.3358,306,30608,3060832,40810656,nearest,70.5,40810656,2.5,0,2026-10-08T18:07:13+05:45,2026-10-08T18:00:00+05:45,25.0,cap_25km,17,308,Lalitpur,30802,Lalitpur,21,3080221,8.899,,,0
RIV_021,21,Manohara Khola at Balkumari,Bagmati,27.6775,85.3358,306,30608,3060832,40810656,nearest,70.5,40810656,2.5,0,2026-10-08T18:07:13+05:45,2026-10-08T18:00:00+05:45,25.0,cap_25km,18,306,Kathmandu,30611,Dakshinkali,1,3061101,11.524,,,0
RIV_021,21,Manohara Khola at Balkumari,Bagmati,27.6775,85.3358,306,30608,3060832,40810656,nearest,70.5,40810656,2.5,0,2026-10-08T18:07:13+05:45,2026-10-08T18:00:00+05:45,25.0,cap_25km,19,306,Kathmandu,30611,Dakshinkali,2,3061102,11.745,,,0
RIV_021,21,Manohara Khola at Balkumari,Bagmati,27.6775,85.3358,306,30608,3060832,40810656,nearest,70.5,40810656,2.5,0,2026-10-08T18:07:13+05:45,2026-10-08T18:00:00+05:45,25.0,cap_25km,20,308,Lalitpur,30802,Lalitpur,22,3080222,11.948,[unnamed retail landuse],MKT_00400,1
RIV_021,21,Manohara Khola at Balkumari,Bagmati,27.6775,85.3358,306,30608,3060832,40810656,nearest,70.5,40810656,2.5,0,2026-10-08T18:07:13+05:45,2026-10-08T18:00:00+05:45,25.0,cap_25km,21,308,Lalitpur,30803,Godawari,8,3080308,15.215,,,0
RIV_021,21,Manohara Khola at Balkumari,Bagmati,27.6775,85.3358,306,30608,3060832,40810656,nearest,70.5,40810656,2.5,0,2026-10-08T18:07:13+05:45,2026-10-08T18:00:00+05:45,25.0,cap_25km,22,306,Kathmandu,30611,Dakshinkali,7,3061107,16.503,,,0
RIV_021,21,Manohara Khola at Balkumari,Bagmati,27.6775,85.3358,306,30608,3060832,40810656,nearest,70.5,40810656,2.5,0,2026-10-08T18:07:13+05:45,2026-10-08T18:00:00+05:45,25.0,cap_25km,23,306,Kathmandu,30611,Dakshinkali,8,3061108,17.053,,,0
RIV_021,21,Manohara Khola at Balkumari,Bagmati,27.6775,85.3358,306,30608,3060832,40810656,nearest,70.5,40810656,2.5,0,2026-10-08T18:07:13+05:45,2026-10-08T18:00:00+05:45,25.0,cap_25km,24,308,Lalitpur,30803,Godawari,7,3080307,17.927,,,0
RIV_021,21,Manohara Khola at Balkumari,Bagmati,27.6775,85.3358,306,30608,3060832,40810656,nearest,70.5,40810656,2.5,0,2026-10-08T18:07:13+05:45,2026-10-08T18:00:00+05:45,25.0,cap_25km,25,312,Makwanpur,31201,Indrasarowar,3,3120103,20.486,,,0
RIV_021,21,Manohara Khola at Balkumari,Bagmati,27.6775,85.3358,306,30608,3060832,40810656,nearest,70.5,40810656,2.5,0,2026-10-08T18:07:13+05:45,2026-10-08T18:00:00+05:45,25.0,cap_25km,26,308,Lalitpur,30806,Bagmati,1,3080601,22.436,,,0
RIV_022,22,Marin Khola at Kusuntar,Bagmati,27.2695335,85.8733013,311,31105,3110501,40838284,nearest,138.5,40838284,29.4,0,2026-10-08T18:07:13+05:45,2026-10-08T12:10:00+05:45,25.0,cap_25km,1,311,Sindhuli,31105,Kamalamai,1,3110501,0.0,,,0
RIV_022,22,Marin Khola at Kusuntar,Bagmati,27.2695335,85.8733013,311,31105,3110501,40838284,nearest,138.5,40838284,29.4,0,2026-10-08T18:07:13+05:45,2026-10-08T12:10:00+05:45,25.0,cap_25km,2,311,Sindhuli,31105,Kamalamai,2,3110502,0.029,,,0
RIV_022,22,Marin Khola at Kusuntar,Bagmati,27.2695335,85.8733013,311,31105,3110501,40838284,nearest,138.5,40838284,29.4,0,2026-10-08T18:07:13+05:45,2026-10-08T12:10:00+05:45,25.0,cap_25km,3,311,Sindhuli,31108,Marin,7,3110807,9.753,,,0
RIV_022,22,Marin Khola at Kusuntar,Bagmati,27.2695335,85.8733013,311,31105,3110501,40838284,nearest,138.5,40838284,29.4,0,2026-10-08T18:07:13+05:45,2026-10-08T12:10:00+05:45,25.0,cap_25km,4,311,Sindhuli,31108,Marin,5,3110805,10.587,,,0
RIV_022,22,Marin Khola at Kusuntar,Bagmati,27.2695335,85.8733013,311,31105,3110501,40838284,nearest,138.5,40838284,29.4,0,2026-10-08T18:07:13+05:45,2026-10-08T12:10:00+05:45,25.0,cap_25km,5,311,Sindhuli,31108,Marin,6,3110806,16.859,,,0
RIV_022,22,Marin Khola at Kusuntar,Bagmati,27.2695335,85.8733013,311,31105,3110501,40838284,nearest,138.5,40838284,29.4,0,2026-10-08T18:07:13+05:45,2026-10-08T12:10:00+05:45,25.0,cap_25km,6,311,Sindhuli,31108,Marin,4,3110804,17.522,,,0
RIV_022,22,Marin Khola at Kusuntar,Bagmati,27.2695335,85.8733013,311,31105,3110501,40838284,nearest,138.5,40838284,29.4,0,2026-10-08T18:07:13+05:45,2026-10-08T12:10:00+05:45,25.0,cap_25km,7,311,Sindhuli,31108,Marin,1,3110801,23.667,,,0
RIV_022,22,Marin Khola at Kusuntar,Bagmati,27.2695335,85.8733013,311,31105,3110501,40838284,nearest,138.5,40838284,29.4,0,2026-10-08T18:07:13+05:45,2026-10-08T12:10:00+05:45,25.0,cap_25km,8,311,Sindhuli,31108,Marin,3,3110803,24.221,,,0
RIV_024,24,Myagdi at Mangalghat,Narayani,28.341253,83.561792,404,40406,4040602,40767927,nearest,975.3,40767927,277.0,0,2026-10-08T18:07:13+05:45,2026-10-08T17:50:00+05:45,25.0,cap_25km,1,404,Myagdi,40406,Beni,7,4040607,0.0,,,0
RIV_024,24,Myagdi at Mangalghat,Narayani,28.341253,83.561792,404,40406,4040602,40767927,nearest,975.3,40767927,277.0,0,2026-10-08T18:07:13+05:45,2026-10-08T17:50:00+05:45,25.0,cap_25km,2,404,Myagdi,40406,Beni,8,4040608,0.293,,,0
RIV_024,24,Myagdi at Mangalghat,Narayani,28.341253,83.561792,404,40406,4040602,40767927,nearest,975.3,40767927,277.0,0,2026-10-08T18:07:13+05:45,2026-10-08T17:50:00+05:45,25.0,cap_25km,3,410,Parwat,41002,Jaljala,3,4100203,0.584,,,0
RIV_024,24,Myagdi at Mangalghat,Narayani,28.341253,83.561792,404,40406,4040602,40767927,nearest,975.3,40767927,277.0,0,2026-10-08T18:07:13+05:45,2026-10-08T17:50:00+05:45,25.0,cap_25km,4,404,Myagdi,40406,Beni,2,4040602,1.178,,,0
RIV_024,24,Myagdi at Mangalghat,Narayani,28.341253,83.561792,404,40406,4040602,40767927,nearest,975.3,40767927,277.0,0,2026-10-08T18:07:13+05:45,2026-10-08T17:50:00+05:45,25.0,cap_25km,5,410,Parwat,41002,Jaljala,4,4100204,1.381,,,0
RIV_024,24,Myagdi at Mangalghat,Narayani,28.341253,83.561792,404,40406,4040602,40767927,nearest,975.3,40767927,277.0,0,2026-10-08T18:07:13+05:45,2026-10-08T17:50:00+05:45,25.0,cap_25km,6,410,Parwat,41002,Jaljala,7,4100207,3.545,,,0
RIV_024,24,Myagdi at Mangalghat,Narayani,28.341253,83.561792,404,40406,4040602,40767927,nearest,975.3,40767927,277.0,0,2026-10-08T18:07:13+05:45,2026-10-08T17:50:00+05:45,25.0,cap_25km,7,410,Parwat,41002,Jaljala,8,4100208,6.371,,,0
RIV_024,24,Myagdi at Mangalghat,Narayani,28.341253,83.561792,404,40406,4040602,40767927,nearest,975.3,40767927,277.0,0,2026-10-08T18:07:13+05:45,2026-10-08T17:50:00+05:45,25.0,cap_25km,8,411,Baglung,41101,Baglung,4,4110104,7.06,dagarabbuspark;dabgara bus park,MKT_00778;MKT_00779,2
RIV_024,24,Myagdi at Mangalghat,Narayani,28.341253,83.561792,404,40406,4040602,40767927,nearest,975.3,40767927,277.0,0,2026-10-08T18:07:13+05:45,2026-10-08T17:50:00+05:45,25.0,cap_25km,9,411,Baglung,41101,Baglung,1,4110101,10.431,,,0
RIV_024,24,Myagdi at Mangalghat,Narayani,28.341253,83.561792,404,40406,4040602,40767927,nearest,975.3,40767927,277.0,0,2026-10-08T18:07:13+05:45,2026-10-08T17:50:00+05:45,25.0,cap_25km,10,410,Parwat,41003,Kushma,1,4100301,11.007,,,0
RIV_024,24,Myagdi at Mangalghat,Narayani,28.341253,83.561792,404,40406,4040602,40767927,nearest,975.3,40767927,277.0,0,2026-10-08T18:07:13+05:45,2026-10-08T17:50:00+05:45,25.0,cap_25km,11,411,Baglung,41101,Baglung,10,4110110,13.483,,,0
RIV_024,24,Myagdi at Mangalghat,Narayani,28.341253,83.561792,404,40406,4040602,40767927,nearest,975.3,40767927,277.0,0,2026-10-08T18:07:13+05:45,2026-10-08T17:50:00+05:45,25.0,cap_25km,12,411,Baglung,41101,Baglung,13,4110113,13.642,,,0
RIV_024,24,Myagdi at Mangalghat,Narayani,28.341253,83.561792,404,40406,4040602,40767927,nearest,975.3,40767927,277.0,0,2026-10-08T18:07:13+05:45,2026-10-08T17:50:00+05:45,25.0,cap_25km,13,410,Parwat,41003,Kushma,2,4100302,14.661,,,0
RIV_024,24,Myagdi at Mangalghat,Narayani,28.341253,83.561792,404,40406,4040602,40767927,nearest,975.3,40767927,277.0,0,2026-10-08T18:07:13+05:45,2026-10-08T17:50:00+05:45,25.0,cap_25km,14,410,Parwat,41003,Kushma,4,4100304,16.369,,,0
RIV_024,24,Myagdi at Mangalghat,Narayani,28.341253,83.561792,404,40406,4040602,40767927,nearest,975.3,40767927,277.0,0,2026-10-08T18:07:13+05:45,2026-10-08T17:50:00+05:45,25.0,cap_25km,15,411,Baglung,41101,Baglung,14,4110114,18.012,,,0
RIV_024,24,Myagdi at Mangalghat,Narayani,28.341253,83.561792,404,40406,4040602,40767927,nearest,975.3,40767927,277.0,0,2026-10-08T18:07:13+05:45,2026-10-08T17:50:00+05:45,25.0,cap_25km,16,410,Parwat,41003,Kushma,5,4100305,19.199,Manakaman Photo And Stationary Center,MKT_00416,1
RIV_024,24,Myagdi at Mangalghat,Narayani,28.341253,83.561792,404,40406,4040602,40767927,nearest,975.3,40767927,277.0,0,2026-10-08T18:07:13+05:45,2026-10-08T17:50:00+05:45,25.0,cap_25km,17,410,Parwat,41004,Phalebas,4,4100404,21.708,,,0
RIV_024,24,Myagdi at Mangalghat,Narayani,28.341253,83.561792,404,40406,4040602,40767927,nearest,975.3,40767927,277.0,0,2026-10-08T18:07:13+05:45,2026-10-08T17:50:00+05:45,25.0,cap_25km,18,411,Baglung,41101,Baglung,12,4110112,23.257,,,0
RIV_025,25,Narayani at Devghat,Narayani,27.71,84.43,408,40801,4080101,40808703,nearest,31655.2,40808703,123.3,0,2026-10-08T18:07:13+05:45,2026-10-08T17:40:00+05:45,25.0,cap_25km,1,313,Chitwan,31304,Bharatpur,1,3130401,0.0,indari bajar;shree pasupsti patja;safal mane;seti;chamale big;Chameli Big Bazar;hatbazaar chautara;Hongkong Bazaar Lane;Putali Bazar;Big Bazaar Lane,MKT_00125;MKT_00126;MKT_00127;MKT_00128;MKT_00129;MKT_00130;MKT_01154;MKT_01155;MKT_01156;MKT_01157,10
RIV_025,25,Narayani at Devghat,Narayani,27.71,84.43,408,40801,4080101,40808703,nearest,31655.2,40808703,123.3,0,2026-10-08T18:07:13+05:45,2026-10-08T17:40:00+05:45,25.0,cap_25km,2,408,Nawalparasi East,40801,Gaidakot,2,4080102,1.32,,,0
RIV_025,25,Narayani at Devghat,Narayani,27.71,84.43,408,40801,4080101,40808703,nearest,31655.2,40808703,123.3,0,2026-10-08T18:07:13+05:45,2026-10-08T17:40:00+05:45,25.0,cap_25km,3,313,Chitwan,31304,Bharatpur,3,3130403,2.211,Vegetable Market;Lumbini Bank;[unnamed commercial landuse],MKT_00132;MKT_00730;MKT_00731,3
RIV_025,25,Narayani at Devghat,Narayani,27.71,84.43,408,40801,4080101,40808703,nearest,31655.2,40808703,123.3,0,2026-10-08T18:07:13+05:45,2026-10-08T17:40:00+05:45,25.0,cap_25km,4,408,Nawalparasi East,40801,Gaidakot,5,4080105,3.001,Haat Bazzar Area;Cake Bazaar Gaindakot,MKT_00412;MKT_01240,2
RIV_025,25,Narayani at Devghat,Narayani,27.71,84.43,408,40801,4080101,40808703,nearest,31655.2,40808703,123.3,0,2026-10-08T18:07:13+05:45,2026-10-08T17:40:00+05:45,25.0,cap_25km,5,408,Nawalparasi East,40801,Gaidakot,6,4080106,3.609,,,0
RIV_025,25,Narayani at Devghat,Narayani,27.71,84.43,408,40801,4080101,40808703,nearest,31655.2,40808703,123.3,0,2026-10-08T18:07:13+05:45,2026-10-08T17:40:00+05:45,25.0,cap_25km,6,408,Nawalparasi East,40801,Gaidakot,7,4080107,4.823,[unnamed commercial landuse];[unnamed commercial landuse],MKT_00773;MKT_00774,2
RIV_025,25,Narayani at Devghat,Narayani,27.71,84.43,408,40801,4080101,40808703,nearest,31655.2,40808703,123.3,0,2026-10-08T18:07:13+05:45,2026-10-08T17:40:00+05:45,25.0,cap_25km,7,313,Chitwan,31304,Bharatpur,4,3130404,5.381,,,0
RIV_025,25,Narayani at Devghat,Narayani,27.71,84.43,408,40801,4080101,40808703,nearest,31655.2,40808703,123.3,0,2026-10-08T18:07:13+05:45,2026-10-08T17:40:00+05:45,25.0,cap_25km,8,408,Nawalparasi East,40801,Gaidakot,9,4080109,9.739,,,0
RIV_025,25,Narayani at Devghat,Narayani,27.71,84.43,408,40801,4080101,40808703,nearest,31655.2,40808703,123.3,0,2026-10-08T18:07:13+05:45,2026-10-08T17:40:00+05:45,25.0,cap_25km,9,313,Chitwan,31304,Bharatpur,16,3130416,10.513,,,0
RIV_025,25,Narayani at Devghat,Narayani,27.71,84.43,408,40801,4080101,40808703,nearest,31655.2,40808703,123.3,0,2026-10-08T18:07:13+05:45,2026-10-08T17:40:00+05:45,25.0,cap_25km,10,408,Nawalparasi East,40801,Gaidakot,10,4080110,11.381,,,0
RIV_025,25,Narayani at Devghat,Narayani,27.71,84.43,408,40801,4080101,40808703,nearest,31655.2,40808703,123.3,0,2026-10-08T18:07:13+05:45,2026-10-08T17:40:00+05:45,25.0,cap_25km,11,408,Nawalparasi East,40801,Gaidakot,11,4080111,17.672,,,0
RIV_025,25,Narayani at Devghat,Narayani,27.71,84.43,408,40801,4080101,40808703,nearest,31655.2,40808703,123.3,0,2026-10-08T18:07:13+05:45,2026-10-08T17:40:00+05:45,25.0,cap_25km,12,408,Nawalparasi East,40801,Gaidakot,12,4080112,17.743,,,0
RIV_025,25,Narayani at Devghat,Narayani,27.71,84.43,408,40801,4080101,40808703,nearest,31655.2,40808703,123.3,0,2026-10-08T18:07:13+05:45,2026-10-08T17:40:00+05:45,25.0,cap_25km,13,408,Nawalparasi East,40801,Gaidakot,13,4080113,18.285,,,0
RIV_025,25,Narayani at Devghat,Narayani,27.71,84.43,408,40801,4080101,40808703,nearest,31655.2,40808703,123.3,0,2026-10-08T18:07:13+05:45,2026-10-08T17:40:00+05:45,25.0,cap_25km,14,408,Nawalparasi East,40801,Gaidakot,17,4080117,21.259,,,0
RIV_025,25,Narayani at Devghat,Narayani,27.71,84.43,408,40801,4080101,40808703,nearest,31655.2,40808703,123.3,0,2026-10-08T18:07:13+05:45,2026-10-08T17:40:00+05:45,25.0,cap_25km,15,408,Nawalparasi East,40805,Devchuli,17,4080517,21.672,,,0
RIV_027,27,Riew khola (Bankatta),Narayani,27.503344,84.278768,313,,,40822634,nearest,345.4,40822634,217.3,0,2026-10-08T18:07:13+05:45,2026-10-08T17:50:00+05:45,25.0,cap_25km,1,313,Chitwan,31307,Madi,1,3130701,0.748,,,0
RIV_027,27,Riew khola (Bankatta),Narayani,27.503344,84.278768,313,,,40822634,nearest,345.4,40822634,217.3,0,2026-10-08T18:07:13+05:45,2026-10-08T17:50:00+05:45,25.0,cap_25km,2,313,Chitwan,31304,Bharatpur,28,3130428,15.15,,,0
RIV_027,27,Riew khola (Bankatta),Narayani,27.503344,84.278768,313,,,40822634,nearest,345.4,40822634,217.3,0,2026-10-08T18:07:13+05:45,2026-10-08T17:50:00+05:45,25.0,cap_25km,3,408,Nawalparasi East,40806,Kawasoti,17,4080617,23.875,,,0
RIV_028,28,Seti Khola at SetiBeni,Narayani,28.0108296,83.6082701,410,41006,4100606,40788966,nearest,137.5,40788966,118.3,0,2026-10-08T18:07:13+05:45,2026-10-08T18:00:00+05:45,25.0,cap_25km,1,410,Parwat,41006,Bihadi,6,4100606,0.0,,,0
RIV_028,28,Seti Khola at SetiBeni,Narayani,28.0108296,83.6082701,410,41006,4100606,40788966,nearest,137.5,40788966,118.3,0,2026-10-08T18:07:13+05:45,2026-10-08T18:00:00+05:45,25.0,cap_25km,2,409,Syangja,40910,Galyang,5,4091005,0.16,,,0
RIV_028,28,Seti Khola at SetiBeni,Narayani,28.0108296,83.6082701,410,41006,4100606,40788966,nearest,137.5,40788966,118.3,0,2026-10-08T18:07:13+05:45,2026-10-08T18:00:00+05:45,25.0,cap_25km,3,504,Gulmi,50401,Kali Gandaki,2,5040102,1.425,,,0
RIV_028,28,Seti Khola at SetiBeni,Narayani,28.0108296,83.6082701,410,41006,4100606,40788966,nearest,137.5,40788966,118.3,0,2026-10-08T18:07:13+05:45,2026-10-08T18:00:00+05:45,25.0,cap_25km,4,504,Gulmi,50401,Kali Gandaki,1,5040101,4.148,,,0
RIV_028,28,Seti Khola at SetiBeni,Narayani,28.0108296,83.6082701,410,41006,4100606,40788966,nearest,137.5,40788966,118.3,0,2026-10-08T18:07:13+05:45,2026-10-08T18:00:00+05:45,25.0,cap_25km,5,409,Syangja,40911,Kaligandaki,5,4091105,4.853,bhattarai petrol pump,MKT_00777,1
RIV_028,28,Seti Khola at SetiBeni,Narayani,28.0108296,83.6082701,410,41006,4100606,40788966,nearest,137.5,40788966,118.3,0,2026-10-08T18:07:13+05:45,2026-10-08T18:00:00+05:45,25.0,cap_25km,6,409,Syangja,40911,Kaligandaki,4,4091104,6.873,,,0
RIV_028,28,Seti Khola at SetiBeni,Narayani,28.0108296,83.6082701,410,41006,4100606,40788966,nearest,137.5,40788966,118.3,0,2026-10-08T18:07:13+05:45,2026-10-08T18:00:00+05:45,25.0,cap_25km,7,504,Gulmi,50402,Satyawoti,2,5040202,8.783,,,0
RIV_028,28,Seti Khola at SetiBeni,Narayani,28.0108296,83.6082701,410,41006,4100606,40788966,nearest,137.5,40788966,118.3,0,2026-10-08T18:07:13+05:45,2026-10-08T18:00:00+05:45,25.0,cap_25km,8,409,Syangja,40911,Kaligandaki,3,4091103,10.663,,,0
RIV_028,28,Seti Khola at SetiBeni,Narayani,28.0108296,83.6082701,410,41006,4100606,40788966,nearest,137.5,40788966,118.3,0,2026-10-08T18:07:13+05:45,2026-10-08T18:00:00+05:45,25.0,cap_25km,9,409,Syangja,40911,Kaligandaki,2,4091102,11.844,,,0
RIV_028,28,Seti Khola at SetiBeni,Narayani,28.0108296,83.6082701,410,41006,4100606,40788966,nearest,137.5,40788966,118.3,0,2026-10-08T18:07:13+05:45,2026-10-08T18:00:00+05:45,25.0,cap_25km,10,504,Gulmi,50402,Satyawoti,1,5040201,13.442,,,0
RIV_028,28,Seti Khola at SetiBeni,Narayani,28.0108296,83.6082701,410,41006,4100606,40788966,nearest,137.5,40788966,118.3,0,2026-10-08T18:07:13+05:45,2026-10-08T18:00:00+05:45,25.0,cap_25km,11,409,Syangja,40911,Kaligandaki,1,4091101,19.917,,,0
RIV_028,28,Seti Khola at SetiBeni,Narayani,28.0108296,83.6082701,410,41006,4100606,40788966,nearest,137.5,40788966,118.3,0,2026-10-08T18:07:13+05:45,2026-10-08T18:00:00+05:45,25.0,cap_25km,12,504,Gulmi,50412,Ruru,2,5041202,20.417,,,0
RIV_028,28,Seti Khola at SetiBeni,Narayani,28.0108296,83.6082701,410,41006,4100606,40788966,nearest,137.5,40788966,118.3,0,2026-10-08T18:07:13+05:45,2026-10-08T18:00:00+05:45,25.0,cap_25km,13,504,Gulmi,50412,Ruru,1,5041201,21.884,,,0
RIV_028,28,Seti Khola at SetiBeni,Narayani,28.0108296,83.6082701,410,41006,4100606,40788966,nearest,137.5,40788966,118.3,0,2026-10-08T18:07:13+05:45,2026-10-08T18:00:00+05:45,25.0,cap_25km,14,506,Palpa,50605,Tansen,14,5060514,24.207,,,0
RIV_029,29,Sunkoshi at Pachuwarghat,Koshi,27.5537,85.7487,309,30907,3090703,40819520,nearest,4894.7,40819520,130.2,0,2026-10-08T18:07:13+05:45,2026-10-08T16:00:00+05:45,25.0,cap_25km,1,309,Kavrepalanchok,30901,Chauri Deurali,8,3090108,0.0,,,0
RIV_029,29,Sunkoshi at Pachuwarghat,Koshi,27.5537,85.7487,309,30907,3090703,40819520,nearest,4894.7,40819520,130.2,0,2026-10-08T18:07:13+05:45,2026-10-08T16:00:00+05:45,25.0,cap_25km,2,309,Kavrepalanchok,30907,Temal,3,3090703,0.341,,,0
RIV_029,29,Sunkoshi at Pachuwarghat,Koshi,27.5537,85.7487,309,30907,3090703,40819520,nearest,4894.7,40819520,130.2,0,2026-10-08T18:07:13+05:45,2026-10-08T16:00:00+05:45,25.0,cap_25km,3,309,Kavrepalanchok,30901,Chauri Deurali,6,3090106,2.542,,,0
RIV_029,29,Sunkoshi at Pachuwarghat,Koshi,27.5537,85.7487,309,30907,3090703,40819520,nearest,4894.7,40819520,130.2,0,2026-10-08T18:07:13+05:45,2026-10-08T16:00:00+05:45,25.0,cap_25km,4,309,Kavrepalanchok,30907,Temal,4,3090704,2.837,,,0
RIV_029,29,Sunkoshi at Pachuwarghat,Koshi,27.5537,85.7487,309,30907,3090703,40819520,nearest,4894.7,40819520,130.2,0,2026-10-08T18:07:13+05:45,2026-10-08T16:00:00+05:45,25.0,cap_25km,5,309,Kavrepalanchok,30907,Temal,6,3090706,2.856,,,0
RIV_029,29,Sunkoshi at Pachuwarghat,Koshi,27.5537,85.7487,309,30907,3090703,40819520,nearest,4894.7,40819520,130.2,0,2026-10-08T18:07:13+05:45,2026-10-08T16:00:00+05:45,25.0,cap_25km,6,309,Kavrepalanchok,30901,Chauri Deurali,7,3090107,5.361,,,0
RIV_029,29,Sunkoshi at Pachuwarghat,Koshi,27.5537,85.7487,309,30907,3090703,40819520,nearest,4894.7,40819520,130.2,0,2026-10-08T18:07:13+05:45,2026-10-08T16:00:00+05:45,25.0,cap_25km,7,310,Ramechhap,31008,Sunapati,4,3100804,8.766,,,0
RIV_029,29,Sunkoshi at Pachuwarghat,Koshi,27.5537,85.7487,309,30907,3090703,40819520,nearest,4894.7,40819520,130.2,0,2026-10-08T18:07:13+05:45,2026-10-08T16:00:00+05:45,25.0,cap_25km,8,309,Kavrepalanchok,30907,Temal,9,3090709,10.557,,,0
RIV_029,29,Sunkoshi at Pachuwarghat,Koshi,27.5537,85.7487,309,30907,3090703,40819520,nearest,4894.7,40819520,130.2,0,2026-10-08T18:07:13+05:45,2026-10-08T16:00:00+05:45,25.0,cap_25km,9,310,Ramechhap,31008,Sunapati,5,3100805,12.406,,,0
RIV_029,29,Sunkoshi at Pachuwarghat,Koshi,27.5537,85.7487,309,30907,3090703,40819520,nearest,4894.7,40819520,130.2,0,2026-10-08T18:07:13+05:45,2026-10-08T16:00:00+05:45,25.0,cap_25km,10,310,Ramechhap,31006,Khandadevi,1,3100601,14.172,,,0
RIV_029,29,Sunkoshi at Pachuwarghat,Koshi,27.5537,85.7487,309,30907,3090703,40819520,nearest,4894.7,40819520,130.2,0,2026-10-08T18:07:13+05:45,2026-10-08T16:00:00+05:45,25.0,cap_25km,11,311,Sindhuli,31106,Sunkoshi,1,3110601,15.773,,,0
RIV_029,29,Sunkoshi at Pachuwarghat,Koshi,27.5537,85.7487,309,30907,3090703,40819520,nearest,4894.7,40819520,130.2,0,2026-10-08T18:07:13+05:45,2026-10-08T16:00:00+05:45,25.0,cap_25km,12,311,Sindhuli,31106,Sunkoshi,2,3110602,16.386,,,0
RIV_029,29,Sunkoshi at Pachuwarghat,Koshi,27.5537,85.7487,309,30907,3090703,40819520,nearest,4894.7,40819520,130.2,0,2026-10-08T18:07:13+05:45,2026-10-08T16:00:00+05:45,25.0,cap_25km,13,311,Sindhuli,31106,Sunkoshi,3,3110603,22.097,,,0
RIV_029,29,Sunkoshi at Pachuwarghat,Koshi,27.5537,85.7487,309,30907,3090703,40819520,nearest,4894.7,40819520,130.2,0,2026-10-08T18:07:13+05:45,2026-10-08T16:00:00+05:45,25.0,cap_25km,14,310,Ramechhap,31006,Khandadevi,3,3100603,24.418,,,0
RIV_030,30,Sunkoshi at Tokshelghat,Koshi,27.17083333,86.40111111,114,11407,1140714,40843960,nearest,12272.0,40843960,225.7,0,2026-10-08T18:07:13+05:45,2026-10-08T17:50:00+05:45,25.0,cap_25km,1,104,Okhaldhunga,10408,Manebhanjyang,7,1040807,0.0,,,0
RIV_030,30,Sunkoshi at Tokshelghat,Koshi,27.17083333,86.40111111,114,11407,1140714,40843960,nearest,12272.0,40843960,225.7,0,2026-10-08T18:07:13+05:45,2026-10-08T17:50:00+05:45,25.0,cap_25km,2,114,Udaya Pur,11407,Katari,14,1140714,0.445,,,0
RIV_030,30,Sunkoshi at Tokshelghat,Koshi,27.17083333,86.40111111,114,11407,1140714,40843960,nearest,12272.0,40843960,225.7,0,2026-10-08T18:07:13+05:45,2026-10-08T17:50:00+05:45,25.0,cap_25km,3,104,Okhaldhunga,10408,Manebhanjyang,6,1040806,1.213,,,0
RIV_030,30,Sunkoshi at Tokshelghat,Koshi,27.17083333,86.40111111,114,11407,1140714,40843960,nearest,12272.0,40843960,225.7,0,2026-10-08T18:07:13+05:45,2026-10-08T17:50:00+05:45,25.0,cap_25km,4,105,Khotang,10504,Halesi Tuwachung,1,1050401,6.047,,,0
RIV_030,30,Sunkoshi at Tokshelghat,Koshi,27.17083333,86.40111111,114,11407,1140714,40843960,nearest,12272.0,40843960,225.7,0,2026-10-08T18:07:13+05:45,2026-10-08T17:50:00+05:45,25.0,cap_25km,5,114,Udaya Pur,11407,Katari,10,1140710,7.07,,,0
RIV_030,30,Sunkoshi at Tokshelghat,Koshi,27.17083333,86.40111111,114,11407,1140714,40843960,nearest,12272.0,40843960,225.7,0,2026-10-08T18:07:13+05:45,2026-10-08T17:50:00+05:45,25.0,cap_25km,6,105,Khotang,10504,Halesi Tuwachung,2,1050402,8.27,,,0
RIV_030,30,Sunkoshi at Tokshelghat,Koshi,27.17083333,86.40111111,114,11407,1140714,40843960,nearest,12272.0,40843960,225.7,0,2026-10-08T18:07:13+05:45,2026-10-08T17:50:00+05:45,25.0,cap_25km,7,114,Udaya Pur,11406,Tapli,5,1140605,15.716,,,0
RIV_030,30,Sunkoshi at Tokshelghat,Koshi,27.17083333,86.40111111,114,11407,1140714,40843960,nearest,12272.0,40843960,225.7,0,2026-10-08T18:07:13+05:45,2026-10-08T17:50:00+05:45,25.0,cap_25km,8,105,Khotang,10504,Halesi Tuwachung,3,1050403,20.635,,,0
RIV_030,30,Sunkoshi at Tokshelghat,Koshi,27.17083333,86.40111111,114,11407,1140714,40843960,nearest,12272.0,40843960,225.7,0,2026-10-08T18:07:13+05:45,2026-10-08T17:50:00+05:45,25.0,cap_25km,9,114,Udaya Pur,11406,Tapli,4,1140604,21.78,,,0
RIV_030,30,Sunkoshi at Tokshelghat,Koshi,27.17083333,86.40111111,114,11407,1140714,40843960,nearest,12272.0,40843960,225.7,0,2026-10-08T18:07:13+05:45,2026-10-08T17:50:00+05:45,25.0,cap_25km,10,114,Udaya Pur,11405,Sunkoshi,1,1140501,24.613,,,0
RIV_031,31,Sunkoshi River at Hampachuwar,Koshi,26.9283,87.1425,106,10608,1060809,40859622,nearest,18195.0,40859622,134.7,0,2026-10-08T18:07:13+05:45,2026-10-08T18:00:00+05:45,25.0,cap_25km,1,114,Udaya Pur,11401,Belaka,7,1140107,0.0,,,0
RIV_031,31,Sunkoshi River at Hampachuwar,Koshi,26.9283,87.1425,106,10608,1060809,40859622,nearest,18195.0,40859622,134.7,0,2026-10-08T18:07:13+05:45,2026-10-08T18:00:00+05:45,25.0,cap_25km,2,106,Bhojpur,10608,Hatuwagadhi,9,1060809,0.175,,,0
RIV_031,31,Sunkoshi River at Hampachuwar,Koshi,26.9283,87.1425,106,10608,1060809,40859622,nearest,18195.0,40859622,134.7,0,2026-10-08T18:07:13+05:45,2026-10-08T18:00:00+05:45,25.0,cap_25km,3,107,Dhankuta,10705,Khalsa Chhintang Sahidbhumi,1,1070501,1.674,,,0
RIV_031,31,Sunkoshi River at Hampachuwar,Koshi,26.9283,87.1425,106,10608,1060809,40859622,nearest,18195.0,40859622,134.7,0,2026-10-08T18:07:13+05:45,2026-10-08T18:00:00+05:45,25.0,cap_25km,4,107,Dhankuta,10706,Sangurigadhi,10,1070610,4.461,,,0
RIV_031,31,Sunkoshi River at Hampachuwar,Koshi,26.9283,87.1425,106,10608,1060809,40859622,nearest,18195.0,40859622,134.7,0,2026-10-08T18:07:13+05:45,2026-10-08T18:00:00+05:45,25.0,cap_25km,5,113,Sunsari,11302,Baraha,1,1130201,6.902,,,0
RIV_031,31,Sunkoshi River at Hampachuwar,Koshi,26.9283,87.1425,106,10608,1060809,40859622,nearest,18195.0,40859622,134.7,0,2026-10-08T18:07:13+05:45,2026-10-08T18:00:00+05:45,25.0,cap_25km,6,114,Udaya Pur,11401,Belaka,8,1140108,8.619,,,0
RIV_031,31,Sunkoshi River at Hampachuwar,Koshi,26.9283,87.1425,106,10608,1060809,40859622,nearest,18195.0,40859622,134.7,0,2026-10-08T18:07:13+05:45,2026-10-08T18:00:00+05:45,25.0,cap_25km,7,113,Sunsari,11302,Baraha,2,1130202,16.519,,,0
RIV_031,31,Sunkoshi River at Hampachuwar,Koshi,26.9283,87.1425,106,10608,1060809,40859622,nearest,18195.0,40859622,134.7,0,2026-10-08T18:07:13+05:45,2026-10-08T18:00:00+05:45,25.0,cap_25km,8,114,Udaya Pur,11401,Belaka,9,1140109,21.86,"Mirmire, Lalbazar",MKT_00929,1
RIV_031,31,Sunkoshi River at Hampachuwar,Koshi,26.9283,87.1425,106,10608,1060809,40859622,nearest,18195.0,40859622,134.7,0,2026-10-08T18:07:13+05:45,2026-10-08T18:00:00+05:45,25.0,cap_25km,9,113,Sunsari,11302,Baraha,6,1130206,24.265,[unnamed commercial landuse],MKT_00472,1
RIV_032,32,Sunkoshi River at Dolalghat,Koshi,27.641,85.71,309,30902,3090201,40813421,nearest,3427.6,40813421,135.1,0,2026-10-08T18:07:13+05:45,2026-10-08T17:30:00+05:45,25.0,cap_25km,1,309,Kavrepalanchok,30902,Bhumlu,1,3090201,0.0,,,0
RIV_032,32,Sunkoshi River at Dolalghat,Koshi,27.641,85.71,309,30902,3090201,40813421,nearest,3427.6,40813421,135.1,0,2026-10-08T18:07:13+05:45,2026-10-08T17:30:00+05:45,25.0,cap_25km,2,309,Kavrepalanchok,30902,Bhumlu,8,3090208,0.322,,,0
RIV_032,32,Sunkoshi River at Dolalghat,Koshi,27.641,85.71,309,30902,3090201,40813421,nearest,3427.6,40813421,135.1,0,2026-10-08T18:07:13+05:45,2026-10-08T17:30:00+05:45,25.0,cap_25km,3,309,Kavrepalanchok,30902,Bhumlu,10,3090210,0.765,,,0
RIV_032,32,Sunkoshi River at Dolalghat,Koshi,27.641,85.71,309,30902,3090201,40813421,nearest,3427.6,40813421,135.1,0,2026-10-08T18:07:13+05:45,2026-10-08T17:30:00+05:45,25.0,cap_25km,4,309,Kavrepalanchok,30902,Bhumlu,7,3090207,1.602,,,0
RIV_032,32,Sunkoshi River at Dolalghat,Koshi,27.641,85.71,309,30902,3090201,40813421,nearest,3427.6,40813421,135.1,0,2026-10-08T18:07:13+05:45,2026-10-08T17:30:00+05:45,25.0,cap_25km,5,309,Kavrepalanchok,30902,Bhumlu,6,3090206,4.764,,,0
RIV_032,32,Sunkoshi River at Dolalghat,Koshi,27.641,85.71,309,30902,3090201,40813421,nearest,3427.6,40813421,135.1,0,2026-10-08T18:07:13+05:45,2026-10-08T17:30:00+05:45,25.0,cap_25km,6,309,Kavrepalanchok,30906,Panchkhal,13,3090613,5.226,,,0
RIV_032,32,Sunkoshi River at Dolalghat,Koshi,27.641,85.71,309,30902,3090201,40813421,nearest,3427.6,40813421,135.1,0,2026-10-08T18:07:13+05:45,2026-10-08T17:30:00+05:45,25.0,cap_25km,7,309,Kavrepalanchok,30907,Temal,1,3090701,7.924,,,0
RIV_032,32,Sunkoshi River at Dolalghat,Koshi,27.641,85.71,309,30902,3090201,40813421,nearest,3427.6,40813421,135.1,0,2026-10-08T18:07:13+05:45,2026-10-08T17:30:00+05:45,25.0,cap_25km,8,309,Kavrepalanchok,30901,Chauri Deurali,8,3090108,9.161,,,0
RIV_032,32,Sunkoshi River at Dolalghat,Koshi,27.641,85.71,309,30902,3090201,40813421,nearest,3427.6,40813421,135.1,0,2026-10-08T18:07:13+05:45,2026-10-08T17:30:00+05:45,25.0,cap_25km,9,309,Kavrepalanchok,30907,Temal,2,3090702,9.746,,,0
RIV_032,32,Sunkoshi River at Dolalghat,Koshi,27.641,85.71,309,30902,3090201,40813421,nearest,3427.6,40813421,135.1,0,2026-10-08T18:07:13+05:45,2026-10-08T17:30:00+05:45,25.0,cap_25km,10,309,Kavrepalanchok,30907,Temal,3,3090703,11.339,,,0
RIV_032,32,Sunkoshi River at Dolalghat,Koshi,27.641,85.71,309,30902,3090201,40813421,nearest,3427.6,40813421,135.1,0,2026-10-08T18:07:13+05:45,2026-10-08T17:30:00+05:45,25.0,cap_25km,11,309,Kavrepalanchok,30901,Chauri Deurali,6,3090106,14.673,,,0
RIV_032,32,Sunkoshi River at Dolalghat,Koshi,27.641,85.71,309,30902,3090201,40813421,nearest,3427.6,40813421,135.1,0,2026-10-08T18:07:13+05:45,2026-10-08T17:30:00+05:45,25.0,cap_25km,12,309,Kavrepalanchok,30907,Temal,4,3090704,14.967,,,0
RIV_032,32,Sunkoshi River at Dolalghat,Koshi,27.641,85.71,309,30902,3090201,40813421,nearest,3427.6,40813421,135.1,0,2026-10-08T18:07:13+05:45,2026-10-08T17:30:00+05:45,25.0,cap_25km,13,309,Kavrepalanchok,30907,Temal,6,3090706,14.986,,,0
RIV_032,32,Sunkoshi River at Dolalghat,Koshi,27.641,85.71,309,30902,3090201,40813421,nearest,3427.6,40813421,135.1,0,2026-10-08T18:07:13+05:45,2026-10-08T17:30:00+05:45,25.0,cap_25km,14,309,Kavrepalanchok,30901,Chauri Deurali,7,3090107,17.492,,,0
RIV_032,32,Sunkoshi River at Dolalghat,Koshi,27.641,85.71,309,30902,3090201,40813421,nearest,3427.6,40813421,135.1,0,2026-10-08T18:07:13+05:45,2026-10-08T17:30:00+05:45,25.0,cap_25km,15,310,Ramechhap,31008,Sunapati,4,3100804,20.897,,,0
RIV_032,32,Sunkoshi River at Dolalghat,Koshi,27.641,85.71,309,30902,3090201,40813421,nearest,3427.6,40813421,135.1,0,2026-10-08T18:07:13+05:45,2026-10-08T17:30:00+05:45,25.0,cap_25km,16,309,Kavrepalanchok,30907,Temal,9,3090709,22.688,,,0
RIV_032,32,Sunkoshi River at Dolalghat,Koshi,27.641,85.71,309,30902,3090201,40813421,nearest,3427.6,40813421,135.1,0,2026-10-08T18:07:13+05:45,2026-10-08T17:30:00+05:45,25.0,cap_25km,17,310,Ramechhap,31008,Sunapati,5,3100805,24.536,,,0
RIV_033,33,Tamor River at Taplejung,Koshi,27.37861,87.63388,101,10102,1010201,40830338,nearest,2078.0,40830338,169.1,0,2026-10-08T18:07:13+05:45,2026-10-08T17:50:00+05:45,25.0,cap_25km,1,101,Taplejung,10106,Phungling,2,1010602,0.0,,,0
RIV_033,33,Tamor River at Taplejung,Koshi,27.37861,87.63388,101,10102,1010201,40830338,nearest,2078.0,40830338,169.1,0,2026-10-08T18:07:13+05:45,2026-10-08T17:50:00+05:45,25.0,cap_25km,2,101,Taplejung,10102,Mikwakhola,1,1010201,0.613,,,0
RIV_033,33,Tamor River at Taplejung,Koshi,27.37861,87.63388,101,10102,1010201,40830338,nearest,2078.0,40830338,169.1,0,2026-10-08T18:07:13+05:45,2026-10-08T17:50:00+05:45,25.0,cap_25km,3,101,Taplejung,10103,Meringden,3,1010303,0.662,,,0
RIV_033,33,Tamor River at Taplejung,Koshi,27.37861,87.63388,101,10102,1010201,40830338,nearest,2078.0,40830338,169.1,0,2026-10-08T18:07:13+05:45,2026-10-08T17:50:00+05:45,25.0,cap_25km,4,101,Taplejung,10106,Phungling,3,1010603,2.071,,,0
RIV_033,33,Tamor River at Taplejung,Koshi,27.37861,87.63388,101,10102,1010201,40830338,nearest,2078.0,40830338,169.1,0,2026-10-08T18:07:13+05:45,2026-10-08T17:50:00+05:45,25.0,cap_25km,5,101,Taplejung,10105,Aatharai Tribeni,3,1010503,4.011,,,0
RIV_033,33,Tamor River at Taplejung,Koshi,27.37861,87.63388,101,10102,1010201,40830338,nearest,2078.0,40830338,169.1,0,2026-10-08T18:07:13+05:45,2026-10-08T17:50:00+05:45,25.0,cap_25km,6,101,Taplejung,10105,Aatharai Tribeni,2,1010502,6.135,,,0
RIV_033,33,Tamor River at Taplejung,Koshi,27.37861,87.63388,101,10102,1010201,40830338,nearest,2078.0,40830338,169.1,0,2026-10-08T18:07:13+05:45,2026-10-08T17:50:00+05:45,25.0,cap_25km,7,101,Taplejung,10106,Phungling,8,1010608,7.642,,,0
RIV_033,33,Tamor River at Taplejung,Koshi,27.37861,87.63388,101,10102,1010201,40830338,nearest,2078.0,40830338,169.1,0,2026-10-08T18:07:13+05:45,2026-10-08T17:50:00+05:45,25.0,cap_25km,8,101,Taplejung,10107,Yangwarak,1,1010701,11.479,,,0
RIV_033,33,Tamor River at Taplejung,Koshi,27.37861,87.63388,101,10102,1010201,40830338,nearest,2078.0,40830338,169.1,0,2026-10-08T18:07:13+05:45,2026-10-08T17:50:00+05:45,25.0,cap_25km,9,109,Panchthar,10902,Hilihan,2,1090202,14.538,,,0
RIV_033,33,Tamor River at Taplejung,Koshi,27.37861,87.63388,101,10102,1010201,40830338,nearest,2078.0,40830338,169.1,0,2026-10-08T18:07:13+05:45,2026-10-08T17:50:00+05:45,25.0,cap_25km,10,101,Taplejung,10105,Aatharai Tribeni,1,1010501,16.302,,,0
RIV_033,33,Tamor River at Taplejung,Koshi,27.37861,87.63388,101,10102,1010201,40830338,nearest,2078.0,40830338,169.1,0,2026-10-08T18:07:13+05:45,2026-10-08T17:50:00+05:45,25.0,cap_25km,11,108,Tenhrathum,10801,Aatharai,4,1080104,19.377,"Nepal Bangladesh Bank, Sangranti Bazar",MKT_00888,1
RIV_033,33,Tamor River at Taplejung,Koshi,27.37861,87.63388,101,10102,1010201,40830338,nearest,2078.0,40830338,169.1,0,2026-10-08T18:07:13+05:45,2026-10-08T17:50:00+05:45,25.0,cap_25km,12,109,Panchthar,10902,Hilihan,1,1090201,23.765,,,0
RIV_033,33,Tamor River at Taplejung,Koshi,27.37861,87.63388,101,10102,1010201,40830338,nearest,2078.0,40830338,169.1,0,2026-10-08T18:07:13+05:45,2026-10-08T17:50:00+05:45,25.0,cap_25km,13,109,Panchthar,10902,Hilihan,4,1090204,23.823,,,0
RIV_033,33,Tamor River at Taplejung,Koshi,27.37861,87.63388,101,10102,1010201,40830338,nearest,2078.0,40830338,169.1,0,2026-10-08T18:07:13+05:45,2026-10-08T17:50:00+05:45,25.0,cap_25km,14,108,Tenhrathum,10801,Aatharai,5,1080105,23.899,,,0
RIV_034,34,Tila Nadi at Serighat,Karnali,29.132902,81.59658,605,60506,6050602,40724202,nearest,3304.3,40724202,23.1,0,2026-10-08T18:07:13+05:45,2026-10-08T18:00:00+05:45,25.0,cap_25km,1,605,Kalikot,60506,Khandachakra,2,6050602,0.0,Manma Bazar - Talakhol;Manma Bazar Road,MKT_01426;MKT_01427,2
RIV_034,34,Tila Nadi at Serighat,Karnali,29.132902,81.59658,605,60506,6050602,40724202,nearest,3304.3,40724202,23.1,0,2026-10-08T18:07:13+05:45,2026-10-08T18:00:00+05:45,25.0,cap_25km,2,606,Dailekh,60605,Aathbis,5,6060505,1.669,"Jitte Market;Kale Khola Bazar;Jite Bazar, Kalikot;Jite Bazar to Lalighat;Jite Bazar to Lalighat;Jittegada Shiva Temple to Jite bazar;Kale Khola Bazar to Khulalu;Jittegada Shiva Temple to Jite bazar;Jittegada Shiva Temple to Jite bazar;Jite Bazar to Lalighat",MKT_00309;MKT_00310;MKT_00311;MKT_01436;MKT_01437;MKT_01438;MKT_01439;MKT_01440;MKT_01441;MKT_01442,10
RIV_034,34,Tila Nadi at Serighat,Karnali,29.132902,81.59658,605,60506,6050602,40724202,nearest,3304.3,40724202,23.1,0,2026-10-08T18:07:13+05:45,2026-10-08T18:00:00+05:45,25.0,cap_25km,3,605,Kalikot,60505,Naraharinath,1,6050501,1.86,Lalighat Bazar;Jite Bazar to;Kale Khola Bazar to Khulalu;Jite Bazar to Lalighat,MKT_00304;MKT_01415;MKT_01416;MKT_01417,4
RIV_034,34,Tila Nadi at Serighat,Karnali,29.132902,81.59658,605,60506,6050602,40724202,nearest,3304.3,40724202,23.1,0,2026-10-08T18:07:13+05:45,2026-10-08T18:00:00+05:45,25.0,cap_25km,4,605,Kalikot,60505,Naraharinath,8,6050508,3.561,Khulalu Bazar;Khirchauka to Ragad Bazar;Khirchauka to Ragad Bazar;Khirchauka to Ragad Bazar,MKT_00307;MKT_01422;MKT_01423;MKT_01424,4
RIV_034,34,Tila Nadi at Serighat,Karnali,29.132902,81.59658,605,60506,6050602,40724202,nearest,3304.3,40724202,23.1,0,2026-10-08T18:07:13+05:45,2026-10-08T18:00:00+05:45,25.0,cap_25km,5,707,Achham,70701,Panchdebal Binayak,9,7070109,3.789,,,0
RIV_034,34,Tila Nadi at Serighat,Karnali,29.132902,81.59658,605,60506,6050602,40724202,nearest,3304.3,40724202,23.1,0,2026-10-08T18:07:13+05:45,2026-10-08T18:00:00+05:45,25.0,cap_25km,6,606,Dailekh,60605,Aathbis,6,6060506,11.304,,,0
RIV_034,34,Tila Nadi at Serighat,Karnali,29.132902,81.59658,605,60506,6050602,40724202,nearest,3304.3,40724202,23.1,0,2026-10-08T18:07:13+05:45,2026-10-08T18:00:00+05:45,25.0,cap_25km,7,606,Dailekh,60605,Aathbis,4,6060504,12.032,,,0
RIV_034,34,Tila Nadi at Serighat,Karnali,29.132902,81.59658,605,60506,6050602,40724202,nearest,3304.3,40724202,23.1,0,2026-10-08T18:07:13+05:45,2026-10-08T18:00:00+05:45,25.0,cap_25km,8,707,Achham,70701,Panchdebal Binayak,8,7070108,13.628,,,0
RIV_034,34,Tila Nadi at Serighat,Karnali,29.132902,81.59658,605,60506,6050602,40724202,nearest,3304.3,40724202,23.1,0,2026-10-08T18:07:13+05:45,2026-10-08T18:00:00+05:45,25.0,cap_25km,9,707,Achham,70701,Panchdebal Binayak,5,7070105,16.182,,,0
RIV_034,34,Tila Nadi at Serighat,Karnali,29.132902,81.59658,605,60506,6050602,40724202,nearest,3304.3,40724202,23.1,0,2026-10-08T18:07:13+05:45,2026-10-08T18:00:00+05:45,25.0,cap_25km,10,707,Achham,70701,Panchdebal Binayak,4,7070104,17.036,,,0
RIV_034,34,Tila Nadi at Serighat,Karnali,29.132902,81.59658,605,60506,6050602,40724202,nearest,3304.3,40724202,23.1,0,2026-10-08T18:07:13+05:45,2026-10-08T18:00:00+05:45,25.0,cap_25km,11,606,Dailekh,60605,Aathbis,3,6060503,21.789,,,0
RIV_034,34,Tila Nadi at Serighat,Karnali,29.132902,81.59658,605,60506,6050602,40724202,nearest,3304.3,40724202,23.1,0,2026-10-08T18:07:13+05:45,2026-10-08T18:00:00+05:45,25.0,cap_25km,12,707,Achham,70708,Kamal Bazar,3,7070803,22.969,,,0
RIV_035,35,Trishuli River at Bhorle,Narayani,27.82,84.45,313,31304,3130429,40802145,nearest,19858.5,40802145,323.4,0,2026-10-08T18:07:13+05:45,2026-10-08T18:00:00+05:45,25.0,cap_25km,1,407,Tanahu,40708,Devghat,4,4070804,0.0,,,0
RIV_035,35,Trishuli River at Bhorle,Narayani,27.82,84.45,313,31304,3130429,40802145,nearest,19858.5,40802145,323.4,0,2026-10-08T18:07:13+05:45,2026-10-08T18:00:00+05:45,25.0,cap_25km,2,313,Chitwan,31304,Bharatpur,29,3130429,0.258,,,0
RIV_035,35,Trishuli River at Bhorle,Narayani,27.82,84.45,313,31304,3130429,40802145,nearest,19858.5,40802145,323.4,0,2026-10-08T18:07:13+05:45,2026-10-08T18:00:00+05:45,25.0,cap_25km,3,407,Tanahu,40708,Devghat,5,4070805,5.809,,,0
RIV_035,35,Trishuli River at Bhorle,Narayani,27.82,84.45,313,31304,3130429,40802145,nearest,19858.5,40802145,323.4,0,2026-10-08T18:07:13+05:45,2026-10-08T18:00:00+05:45,25.0,cap_25km,4,313,Chitwan,31304,Bharatpur,1,3130401,11.83,indari bajar;shree pasupsti patja;safal mane;seti;chamale big;Chameli Big Bazar;hatbazaar chautara;Hongkong Bazaar Lane;Putali Bazar;Big Bazaar Lane,MKT_00125;MKT_00126;MKT_00127;MKT_00128;MKT_00129;MKT_00130;MKT_01154;MKT_01155;MKT_01156;MKT_01157,10
RIV_035,35,Trishuli River at Bhorle,Narayani,27.82,84.45,313,31304,3130429,40802145,nearest,19858.5,40802145,323.4,0,2026-10-08T18:07:13+05:45,2026-10-08T18:00:00+05:45,25.0,cap_25km,5,408,Nawalparasi East,40801,Gaidakot,3,4080103,17.875,,,0
RIV_035,35,Trishuli River at Bhorle,Narayani,27.82,84.45,313,31304,3130429,40802145,nearest,19858.5,40802145,323.4,0,2026-10-08T18:07:13+05:45,2026-10-08T18:00:00+05:45,25.0,cap_25km,6,408,Nawalparasi East,40801,Gaidakot,1,4080101,19.547,,,0
RIV_035,35,Trishuli River at Bhorle,Narayani,27.82,84.45,313,31304,3130429,40802145,nearest,19858.5,40802145,323.4,0,2026-10-08T18:07:13+05:45,2026-10-08T18:00:00+05:45,25.0,cap_25km,7,408,Nawalparasi East,40801,Gaidakot,2,4080102,22.559,,,0
RIV_035,35,Trishuli River at Bhorle,Narayani,27.82,84.45,313,31304,3130429,40802145,nearest,19858.5,40802145,323.4,0,2026-10-08T18:07:13+05:45,2026-10-08T18:00:00+05:45,25.0,cap_25km,8,313,Chitwan,31304,Bharatpur,3,3130403,23.449,Vegetable Market;Lumbini Bank;[unnamed commercial landuse],MKT_00132;MKT_00730;MKT_00731,3
RIV_035,35,Trishuli River at Bhorle,Narayani,27.82,84.45,313,31304,3130429,40802145,nearest,19858.5,40802145,323.4,0,2026-10-08T18:07:13+05:45,2026-10-08T18:00:00+05:45,25.0,cap_25km,9,408,Nawalparasi East,40801,Gaidakot,5,4080105,24.239,Haat Bazzar Area;Cake Bazaar Gaindakot,MKT_00412;MKT_01240,2
RIV_035,35,Trishuli River at Bhorle,Narayani,27.82,84.45,313,31304,3130429,40802145,nearest,19858.5,40802145,323.4,0,2026-10-08T18:07:13+05:45,2026-10-08T18:00:00+05:45,25.0,cap_25km,10,408,Nawalparasi East,40801,Gaidakot,6,4080106,24.847,,,0
RIV_036,36,West Rapti at Kusum RLS,West Rapti,28.0075,82.093889,511,51101,5110101,40789484,nearest,5280.0,40789484,138.9,0,2026-10-08T18:07:13+05:45,2026-10-08T18:00:00+05:45,25.0,cap_25km,1,511,Banke,51101,Rapti Sonari,1,5110101,0.0,Hotels/Motels;Hotels/Motels;Hotels/Motels,MKT_00817;MKT_00818;MKT_00819,3
RIV_036,36,West Rapti at Kusum RLS,West Rapti,28.0075,82.093889,511,51101,5110101,40789484,nearest,5280.0,40789484,138.9,0,2026-10-08T18:07:13+05:45,2026-10-08T18:00:00+05:45,25.0,cap_25km,2,511,Banke,51101,Rapti Sonari,4,5110104,14.481,,,0
RIV_036,36,West Rapti at Kusum RLS,West Rapti,28.0075,82.093889,511,51101,5110101,40789484,nearest,5280.0,40789484,138.9,0,2026-10-08T18:07:13+05:45,2026-10-08T18:00:00+05:45,25.0,cap_25km,3,511,Banke,51101,Rapti Sonari,3,5110103,17.885,,,0
RIV_036,36,West Rapti at Kusum RLS,West Rapti,28.0075,82.093889,511,51101,5110101,40789484,nearest,5280.0,40789484,138.9,0,2026-10-08T18:07:13+05:45,2026-10-08T18:00:00+05:45,25.0,cap_25km,4,511,Banke,51101,Rapti Sonari,2,5110102,19.364,,,0
RIV_037,37,Arun at Turkeghat,Koshi,27.311975,87.1892,102,10206,1020609,40835282,nearest,27826.0,40835282,86.7,0,2026-10-08T18:07:13+05:45,2026-10-08T17:50:00+05:45,25.0,cap_25km,1,106,Bhojpur,10601,Shadananda,12,1060112,0.0,,,0
RIV_037,37,Arun at Turkeghat,Koshi,27.311975,87.1892,102,10206,1020609,40835282,nearest,27826.0,40835282,86.7,0,2026-10-08T18:07:13+05:45,2026-10-08T17:50:00+05:45,25.0,cap_25km,2,102,Sankhuwasabha,10206,Khandabari,9,1020609,0.361,,,0
RIV_037,37,Arun at Turkeghat,Koshi,27.311975,87.1892,102,10206,1020609,40835282,nearest,27826.0,40835282,86.7,0,2026-10-08T18:07:13+05:45,2026-10-08T17:50:00+05:45,25.0,cap_25km,3,102,Sankhuwasabha,10208,Chainapur,11,1020811,5.31,,,0
RIV_037,37,Arun at Turkeghat,Koshi,27.311975,87.1892,102,10206,1020609,40835282,nearest,27826.0,40835282,86.7,0,2026-10-08T18:07:13+05:45,2026-10-08T17:50:00+05:45,25.0,cap_25km,4,106,Bhojpur,10605,Arun,1,1060501,7.751,,,0
RIV_037,37,Arun at Turkeghat,Koshi,27.311975,87.1892,102,10206,1020609,40835282,nearest,27826.0,40835282,86.7,0,2026-10-08T18:07:13+05:45,2026-10-08T17:50:00+05:45,25.0,cap_25km,5,106,Bhojpur,10605,Arun,4,1060504,11.732,,,0
RIV_037,37,Arun at Turkeghat,Koshi,27.311975,87.1892,102,10206,1020609,40835282,nearest,27826.0,40835282,86.7,0,2026-10-08T18:07:13+05:45,2026-10-08T17:50:00+05:45,25.0,cap_25km,6,102,Sankhuwasabha,10208,Chainapur,10,1020810,12.529,,,0
RIV_037,37,Arun at Turkeghat,Koshi,27.311975,87.1892,102,10206,1020609,40835282,nearest,27826.0,40835282,86.7,0,2026-10-08T18:07:13+05:45,2026-10-08T17:50:00+05:45,25.0,cap_25km,7,102,Sankhuwasabha,10210,Dharmadevi,8,1021008,14.276,,,0
RIV_037,37,Arun at Turkeghat,Koshi,27.311975,87.1892,102,10206,1020609,40835282,nearest,27826.0,40835282,86.7,0,2026-10-08T18:07:13+05:45,2026-10-08T17:50:00+05:45,25.0,cap_25km,8,106,Bhojpur,10605,Arun,6,1060506,17.995,,,0
RIV_037,37,Arun at Turkeghat,Koshi,27.311975,87.1892,102,10206,1020609,40835282,nearest,27826.0,40835282,86.7,0,2026-10-08T18:07:13+05:45,2026-10-08T17:50:00+05:45,25.0,cap_25km,9,107,Dhankuta,10701,Mahalaxmi,4,1070104,19.772,,,0
RIV_037,37,Arun at Turkeghat,Koshi,27.311975,87.1892,102,10206,1020609,40835282,nearest,27826.0,40835282,86.7,0,2026-10-08T18:07:13+05:45,2026-10-08T17:50:00+05:45,25.0,cap_25km,10,107,Dhankuta,10701,Mahalaxmi,5,1070105,23.357,,,0
RIV_041,41,Bagmati River at Bhorleni,Bagmati,27.36,85.47,311,31109,3110901,40831702,nearest,1691.1,40831702,123.0,0,2026-10-08T18:07:13+05:45,2026-10-08T17:50:00+05:45,25.0,cap_25km,1,311,Sindhuli,31109,Hariharpurgaghi,1,3110901,0.0,,,0
RIV_041,41,Bagmati River at Bhorleni,Bagmati,27.36,85.47,311,31109,3110901,40831702,nearest,1691.1,40831702,123.0,0,2026-10-08T18:07:13+05:45,2026-10-08T17:50:00+05:45,25.0,cap_25km,2,312,Makwanpur,31210,Bagmati,5,3121005,0.074,,,0
RIV_041,41,Bagmati River at Bhorleni,Bagmati,27.36,85.47,311,31109,3110901,40831702,nearest,1691.1,40831702,123.0,0,2026-10-08T18:07:13+05:45,2026-10-08T17:50:00+05:45,25.0,cap_25km,3,312,Makwanpur,31210,Bagmati,4,3121004,7.924,,,0
RIV_041,41,Bagmati River at Bhorleni,Bagmati,27.36,85.47,311,31109,3110901,40831702,nearest,1691.1,40831702,123.0,0,2026-10-08T18:07:13+05:45,2026-10-08T17:50:00+05:45,25.0,cap_25km,4,311,Sindhuli,31109,Hariharpurgaghi,3,3110903,12.081,,,0
RIV_041,41,Bagmati River at Bhorleni,Bagmati,27.36,85.47,311,31109,3110901,40831702,nearest,1691.1,40831702,123.0,0,2026-10-08T18:07:13+05:45,2026-10-08T17:50:00+05:45,25.0,cap_25km,5,312,Makwanpur,31210,Bagmati,1,3121001,18.627,,,0
RIV_041,41,Bagmati River at Bhorleni,Bagmati,27.36,85.47,311,31109,3110901,40831702,nearest,1691.1,40831702,123.0,0,2026-10-08T18:07:13+05:45,2026-10-08T17:50:00+05:45,25.0,cap_25km,6,311,Sindhuli,31109,Hariharpurgaghi,2,3110902,21.196,,,0
RIV_042,42,Barun River at Syaksila,Koshi,27.693564,87.363245,102,10201,,40809521,nearest,452.8,40809521,20.6,0,2026-10-08T18:07:13+05:45,2026-10-08T17:50:00+05:45,25.0,cap_25km,1,102,Sankhuwasabha,10201,Bhotkhola,4,1020104,0.005,,,0
RIV_042,42,Barun River at Syaksila,Koshi,27.693564,87.363245,102,10201,,40809521,nearest,452.8,40809521,20.6,0,2026-10-08T18:07:13+05:45,2026-10-08T17:50:00+05:45,25.0,cap_25km,2,102,Sankhuwasabha,10201,Bhotkhola,5,1020105,2.948,,,0
RIV_042,42,Barun River at Syaksila,Koshi,27.693564,87.363245,102,10201,,40809521,nearest,452.8,40809521,20.6,0,2026-10-08T18:07:13+05:45,2026-10-08T17:50:00+05:45,25.0,cap_25km,3,102,Sankhuwasabha,10202,Makalu,4,1020204,8.011,,,0
RIV_042,42,Barun River at Syaksila,Koshi,27.693564,87.363245,102,10201,,40809521,nearest,452.8,40809521,20.6,0,2026-10-08T18:07:13+05:45,2026-10-08T17:50:00+05:45,25.0,cap_25km,4,102,Sankhuwasabha,10202,Makalu,3,1020203,11.31,,,0
RIV_042,42,Barun River at Syaksila,Koshi,27.693564,87.363245,102,10201,,40809521,nearest,452.8,40809521,20.6,0,2026-10-08T18:07:13+05:45,2026-10-08T17:50:00+05:45,25.0,cap_25km,5,102,Sankhuwasabha,10202,Makalu,5,1020205,15.929,,,0
RIV_042,42,Barun River at Syaksila,Koshi,27.693564,87.363245,102,10201,,40809521,nearest,452.8,40809521,20.6,0,2026-10-08T18:07:13+05:45,2026-10-08T17:50:00+05:45,25.0,cap_25km,6,102,Sankhuwasabha,10202,Makalu,2,1020202,23.39,,,0
RIV_044,44,Duduwa River(364),West Rapti,28.202405,81.697579,511,51102,5110211,40777164,nearest,55.8,40777164,33.3,0,2026-10-08T18:07:13+05:45,2026-10-08T17:50:00+05:45,25.0,cap_25km,1,511,Banke,51102,Kohalpur,12,5110212,0.0,,,0
RIV_044,44,Duduwa River(364),West Rapti,28.202405,81.697579,511,51102,5110211,40777164,nearest,55.8,40777164,33.3,0,2026-10-08T18:07:13+05:45,2026-10-08T17:50:00+05:45,25.0,cap_25km,2,511,Banke,51102,Kohalpur,11,5110211,1.321,,,0
RIV_044,44,Duduwa River(364),West Rapti,28.202405,81.697579,511,51102,5110211,40777164,nearest,55.8,40777164,33.3,0,2026-10-08T18:07:13+05:45,2026-10-08T17:50:00+05:45,25.0,cap_25km,3,511,Banke,51102,Kohalpur,13,5110213,1.626,,,0
RIV_044,44,Duduwa River(364),West Rapti,28.202405,81.697579,511,51102,5110211,40777164,nearest,55.8,40777164,33.3,0,2026-10-08T18:07:13+05:45,2026-10-08T17:50:00+05:45,25.0,cap_25km,4,511,Banke,51102,Kohalpur,10,5110210,2.608,,,0
RIV_044,44,Duduwa River(364),West Rapti,28.202405,81.697579,511,51102,5110211,40777164,nearest,55.8,40777164,33.3,0,2026-10-08T18:07:13+05:45,2026-10-08T17:50:00+05:45,25.0,cap_25km,5,511,Banke,51102,Kohalpur,8,5110208,4.138,,,0
RIV_044,44,Duduwa River(364),West Rapti,28.202405,81.697579,511,51102,5110211,40777164,nearest,55.8,40777164,33.3,0,2026-10-08T18:07:13+05:45,2026-10-08T17:50:00+05:45,25.0,cap_25km,6,511,Banke,51102,Kohalpur,7,5110207,6.25,,,0
RIV_044,44,Duduwa River(364),West Rapti,28.202405,81.697579,511,51102,5110211,40777164,nearest,55.8,40777164,33.3,0,2026-10-08T18:07:13+05:45,2026-10-08T17:50:00+05:45,25.0,cap_25km,7,511,Banke,51106,Nepalganj,20,5110620,8.693,Sanu Kinara Pasal;Anjali General Stores;Dajubhai Kirana Pasal;Chaudary Interprise;Prwajol Kirana Pasal,MKT_00238;MKT_00239;MKT_00240;MKT_00241;MKT_00242,5
RIV_044,44,Duduwa River(364),West Rapti,28.202405,81.697579,511,51102,5110211,40777164,nearest,55.8,40777164,33.3,0,2026-10-08T18:07:13+05:45,2026-10-08T17:50:00+05:45,25.0,cap_25km,8,511,Banke,51107,Duduwa,5,5110705,11.244,Santi Bazar;Milan Chowk Bazar,MKT_01322;MKT_01323,2
RIV_044,44,Duduwa River(364),West Rapti,28.202405,81.697579,511,51102,5110211,40777164,nearest,55.8,40777164,33.3,0,2026-10-08T18:07:13+05:45,2026-10-08T17:50:00+05:45,25.0,cap_25km,9,511,Banke,51107,Duduwa,4,5110704,15.968,,,0
RIV_044,44,Duduwa River(364),West Rapti,28.202405,81.697579,511,51102,5110211,40777164,nearest,55.8,40777164,33.3,0,2026-10-08T18:07:13+05:45,2026-10-08T17:50:00+05:45,25.0,cap_25km,10,511,Banke,51107,Duduwa,3,5110703,18.072,,,0
RIV_044,44,Duduwa River(364),West Rapti,28.202405,81.697579,511,51102,5110211,40777164,nearest,55.8,40777164,33.3,0,2026-10-08T18:07:13+05:45,2026-10-08T17:50:00+05:45,25.0,cap_25km,11,511,Banke,51101,Rapti Sonari,6,5110106,21.843,,,0
RIV_044,44,Duduwa River(364),West Rapti,28.202405,81.697579,511,51102,5110211,40777164,nearest,55.8,40777164,33.3,0,2026-10-08T18:07:13+05:45,2026-10-08T17:50:00+05:45,25.0,cap_25km,12,511,Banke,51107,Duduwa,2,5110702,23.222,Betahani Market,MKT_00243,1
RIV_045,45,Chepe Khola at Garambesi,Narayani,28.0628,84.487,406,40607,4060707,40785722,smallest_ge_min_1km,298.9,40785998,155.7,0,2026-10-08T18:07:13+05:45,2026-10-08T17:50:00+05:45,25.0,cap_25km,1,406,Lamjung,40607,Rainas,7,4060707,0.0,,,0
RIV_045,45,Chepe Khola at Garambesi,Narayani,28.0628,84.487,406,40607,4060707,40785722,smallest_ge_min_1km,298.9,40785998,155.7,0,2026-10-08T18:07:13+05:45,2026-10-08T17:50:00+05:45,25.0,cap_25km,2,401,Gorkha,40108,Palungtar,5,4010805,0.918,पालुङटार बजार,MKT_01178,1
RIV_045,45,Chepe Khola at Garambesi,Narayani,28.0628,84.487,406,40607,4060707,40785722,smallest_ge_min_1km,298.9,40785998,155.7,0,2026-10-08T18:07:13+05:45,2026-10-08T17:50:00+05:45,25.0,cap_25km,3,407,Tanahu,40701,Bhanu,8,4070108,2.673,,,0
RIV_045,45,Chepe Khola at Garambesi,Narayani,28.0628,84.487,406,40607,4060707,40785722,smallest_ge_min_1km,298.9,40785998,155.7,0,2026-10-08T18:07:13+05:45,2026-10-08T17:50:00+05:45,25.0,cap_25km,4,401,Gorkha,40108,Palungtar,6,4010806,4.357,Pouwatar Bazar,MKT_00136,1
RIV_045,45,Chepe Khola at Garambesi,Narayani,28.0628,84.487,406,40607,4060707,40785722,smallest_ge_min_1km,298.9,40785998,155.7,0,2026-10-08T18:07:13+05:45,2026-10-08T17:50:00+05:45,25.0,cap_25km,5,407,Tanahu,40701,Bhanu,3,4070103,4.811,,,0
RIV_045,45,Chepe Khola at Garambesi,Narayani,28.0628,84.487,406,40607,4060707,40785722,smallest_ge_min_1km,298.9,40785998,155.7,0,2026-10-08T18:07:13+05:45,2026-10-08T17:50:00+05:45,25.0,cap_25km,6,407,Tanahu,40701,Bhanu,2,4070102,9.493,,,0
RIV_045,45,Chepe Khola at Garambesi,Narayani,28.0628,84.487,406,40607,4060707,40785722,smallest_ge_min_1km,298.9,40785998,155.7,0,2026-10-08T18:07:13+05:45,2026-10-08T17:50:00+05:45,25.0,cap_25km,7,401,Gorkha,40108,Palungtar,7,4010807,9.656,,,0
RIV_045,45,Chepe Khola at Garambesi,Narayani,28.0628,84.487,406,40607,4060707,40785722,smallest_ge_min_1km,298.9,40785998,155.7,0,2026-10-08T18:07:13+05:45,2026-10-08T17:50:00+05:45,25.0,cap_25km,8,407,Tanahu,40701,Bhanu,1,4070101,10.678,,,0
RIV_045,45,Chepe Khola at Garambesi,Narayani,28.0628,84.487,406,40607,4060707,40785722,smallest_ge_min_1km,298.9,40785998,155.7,0,2026-10-08T18:07:13+05:45,2026-10-08T17:50:00+05:45,25.0,cap_25km,9,407,Tanahu,40709,Bandipur,4,4070904,16.445,bhisma bazaar;bala bazaar,MKT_01237;MKT_01238,2
RIV_045,45,Chepe Khola at Garambesi,Narayani,28.0628,84.487,406,40607,4060707,40785722,smallest_ge_min_1km,298.9,40785998,155.7,0,2026-10-08T18:07:13+05:45,2026-10-08T17:50:00+05:45,25.0,cap_25km,10,407,Tanahu,40709,Bandipur,5,4070905,16.563,,,0
RIV_045,45,Chepe Khola at Garambesi,Narayani,28.0628,84.487,406,40607,4060707,40785722,smallest_ge_min_1km,298.9,40785998,155.7,0,2026-10-08T18:07:13+05:45,2026-10-08T17:50:00+05:45,25.0,cap_25km,11,401,Gorkha,40108,Palungtar,8,4010808,18.612,,,0
RIV_045,45,Chepe Khola at Garambesi,Narayani,28.0628,84.487,406,40607,4060707,40785722,smallest_ge_min_1km,298.9,40785998,155.7,0,2026-10-08T18:07:13+05:45,2026-10-08T17:50:00+05:45,25.0,cap_25km,12,407,Tanahu,40710,Aanbu Khaireni,1,4071001,20.578,,,0
RIV_045,45,Chepe Khola at Garambesi,Narayani,28.0628,84.487,406,40607,4060707,40785722,smallest_ge_min_1km,298.9,40785998,155.7,0,2026-10-08T18:07:13+05:45,2026-10-08T17:50:00+05:45,25.0,cap_25km,13,401,Gorkha,40109,Gorkha,14,4010914,21.132,,,0
RIV_045,45,Chepe Khola at Garambesi,Narayani,28.0628,84.487,406,40607,4060707,40785722,smallest_ge_min_1km,298.9,40785998,155.7,0,2026-10-08T18:07:13+05:45,2026-10-08T17:50:00+05:45,25.0,cap_25km,14,407,Tanahu,40710,Aanbu Khaireni,2,4071002,22.021,,,0
RIV_046,46,Imja River at Dingboche,Koshi,27.895069,86.838542,103,10301,1030104,40797301,nearest,157.6,40797301,132.9,0,2026-10-08T18:07:13+05:45,2026-10-08T18:00:00+05:45,25.0,cap_25km,1,103,Solukhumbu,10301,Khumbu Pasanglhamu,4,1030104,0.0,,,0
RIV_046,46,Imja River at Dingboche,Koshi,27.895069,86.838542,103,10301,1030104,40797301,nearest,157.6,40797301,132.9,0,2026-10-08T18:07:13+05:45,2026-10-08T18:00:00+05:45,25.0,cap_25km,2,103,Solukhumbu,10301,Khumbu Pasanglhamu,5,1030105,19.746,[unnamed commercial landuse];नाम्चे बजार;Namche Bazar Helipad,MKT_00425;MKT_00838;MKT_00839,3
RIV_046,46,Imja River at Dingboche,Koshi,27.895069,86.838542,103,10301,1030104,40797301,nearest,157.6,40797301,132.9,0,2026-10-08T18:07:13+05:45,2026-10-08T18:00:00+05:45,25.0,cap_25km,3,103,Solukhumbu,10301,Khumbu Pasanglhamu,3,1030103,20.018,,,0
RIV_048,48,KhimtiKhola at Rasnalu,Koshi,27.576,86.2,310,31002,3100203,40818396,nearest,331.4,40818396,233.4,0,2026-10-08T18:07:13+05:45,2026-10-08T17:50:00+05:45,25.0,cap_25km,1,301,Dolakha,30105,Jiri,9,3010509,0.0,,,0
RIV_048,48,KhimtiKhola at Rasnalu,Koshi,27.576,86.2,310,31002,3100203,40818396,nearest,331.4,40818396,233.4,0,2026-10-08T18:07:13+05:45,2026-10-08T17:50:00+05:45,25.0,cap_25km,2,310,Ramechhap,31002,Gokulganga,3,3100203,0.644,,,0
RIV_048,48,KhimtiKhola at Rasnalu,Koshi,27.576,86.2,310,31002,3100203,40818396,nearest,331.4,40818396,233.4,0,2026-10-08T18:07:13+05:45,2026-10-08T17:50:00+05:45,25.0,cap_25km,3,301,Dolakha,30106,Tamakoshi,7,3010607,2.503,,,0
RIV_048,48,KhimtiKhola at Rasnalu,Koshi,27.576,86.2,310,31002,3100203,40818396,nearest,331.4,40818396,233.4,0,2026-10-08T18:07:13+05:45,2026-10-08T17:50:00+05:45,25.0,cap_25km,4,310,Ramechhap,31002,Gokulganga,4,3100204,4.336,,,0
RIV_048,48,KhimtiKhola at Rasnalu,Koshi,27.576,86.2,310,31002,3100203,40818396,nearest,331.4,40818396,233.4,0,2026-10-08T18:07:13+05:45,2026-10-08T17:50:00+05:45,25.0,cap_25km,5,301,Dolakha,30106,Tamakoshi,6,3010606,7.001,,,0
RIV_048,48,KhimtiKhola at Rasnalu,Koshi,27.576,86.2,310,31002,3100203,40818396,nearest,331.4,40818396,233.4,0,2026-10-08T18:07:13+05:45,2026-10-08T17:50:00+05:45,25.0,cap_25km,6,310,Ramechhap,31002,Gokulganga,5,3100205,10.002,,,0
RIV_048,48,KhimtiKhola at Rasnalu,Koshi,27.576,86.2,310,31002,3100203,40818396,nearest,331.4,40818396,233.4,0,2026-10-08T18:07:13+05:45,2026-10-08T17:50:00+05:45,25.0,cap_25km,7,301,Dolakha,30106,Tamakoshi,5,3010605,11.078,,,0
RIV_048,48,KhimtiKhola at Rasnalu,Koshi,27.576,86.2,310,31002,3100203,40818396,nearest,331.4,40818396,233.4,0,2026-10-08T18:07:13+05:45,2026-10-08T17:50:00+05:45,25.0,cap_25km,8,310,Ramechhap,31002,Gokulganga,6,3100206,11.903,,,0
RIV_048,48,KhimtiKhola at Rasnalu,Koshi,27.576,86.2,310,31002,3100203,40818396,nearest,331.4,40818396,233.4,0,2026-10-08T18:07:13+05:45,2026-10-08T17:50:00+05:45,25.0,cap_25km,9,310,Ramechhap,31005,Manthali,12,3100512,15.166,,,0
RIV_048,48,KhimtiKhola at Rasnalu,Koshi,27.576,86.2,310,31002,3100203,40818396,nearest,331.4,40818396,233.4,0,2026-10-08T18:07:13+05:45,2026-10-08T17:50:00+05:45,25.0,cap_25km,10,310,Ramechhap,31003,Likhu,6,3100306,15.343,,,0
RIV_048,48,KhimtiKhola at Rasnalu,Koshi,27.576,86.2,310,31002,3100203,40818396,nearest,331.4,40818396,233.4,0,2026-10-08T18:07:13+05:45,2026-10-08T17:50:00+05:45,25.0,cap_25km,11,310,Ramechhap,31003,Likhu,7,3100307,18.733,,,0
RIV_048,48,KhimtiKhola at Rasnalu,Koshi,27.576,86.2,310,31002,3100203,40818396,nearest,331.4,40818396,233.4,0,2026-10-08T18:07:13+05:45,2026-10-08T17:50:00+05:45,25.0,cap_25km,12,310,Ramechhap,31005,Manthali,11,3100511,19.815,,,0
RIV_048,48,KhimtiKhola at Rasnalu,Koshi,27.576,86.2,310,31002,3100203,40818396,nearest,331.4,40818396,233.4,0,2026-10-08T18:07:13+05:45,2026-10-08T17:50:00+05:45,25.0,cap_25km,13,310,Ramechhap,31005,Manthali,2,3100502,22.031,,,0
RIV_048,48,KhimtiKhola at Rasnalu,Koshi,27.576,86.2,310,31002,3100203,40818396,nearest,331.4,40818396,233.4,0,2026-10-08T18:07:13+05:45,2026-10-08T17:50:00+05:45,25.0,cap_25km,14,310,Ramechhap,31005,Manthali,8,3100508,23.44,,,0
RIV_050,50,Khudi Khola at Khudibazar,Narayani,28.28022,84.35831,406,40602,4060203,40771495,nearest,134.5,40771495,114.2,0,2026-10-08T18:07:13+05:45,2026-10-08T18:00:00+05:45,25.0,cap_25km,1,406,Lamjung,40602,Marshyangdi,3,4060203,0.0,,,0
RIV_050,50,Khudi Khola at Khudibazar,Narayani,28.28022,84.35831,406,40602,4060203,40771495,nearest,134.5,40771495,114.2,0,2026-10-08T18:07:13+05:45,2026-10-08T18:00:00+05:45,25.0,cap_25km,2,406,Lamjung,40602,Marshyangdi,9,4060209,0.594,,,0
RIV_050,50,Khudi Khola at Khudibazar,Narayani,28.28022,84.35831,406,40602,4060203,40771495,nearest,134.5,40771495,114.2,0,2026-10-08T18:07:13+05:45,2026-10-08T18:00:00+05:45,25.0,cap_25km,3,406,Lamjung,40602,Marshyangdi,8,4060208,0.866,,,0
RIV_050,50,Khudi Khola at Khudibazar,Narayani,28.28022,84.35831,406,40602,4060203,40771495,nearest,134.5,40771495,114.2,0,2026-10-08T18:07:13+05:45,2026-10-08T18:00:00+05:45,25.0,cap_25km,4,406,Lamjung,40605,Bensi Shahar,6,4060506,2.209,,,0
RIV_050,50,Khudi Khola at Khudibazar,Narayani,28.28022,84.35831,406,40602,4060203,40771495,nearest,134.5,40771495,114.2,0,2026-10-08T18:07:13+05:45,2026-10-08T18:00:00+05:45,25.0,cap_25km,5,406,Lamjung,40605,Bensi Shahar,10,4060510,3.031,,,0
RIV_050,50,Khudi Khola at Khudibazar,Narayani,28.28022,84.35831,406,40602,4060203,40771495,nearest,134.5,40771495,114.2,0,2026-10-08T18:07:13+05:45,2026-10-08T18:00:00+05:45,25.0,cap_25km,6,406,Lamjung,40605,Bensi Shahar,7,4060507,5.609,,,0
RIV_050,50,Khudi Khola at Khudibazar,Narayani,28.28022,84.35831,406,40602,4060203,40771495,nearest,134.5,40771495,114.2,0,2026-10-08T18:07:13+05:45,2026-10-08T18:00:00+05:45,25.0,cap_25km,7,406,Lamjung,40605,Bensi Shahar,3,4060503,7.571,,,0
RIV_050,50,Khudi Khola at Khudibazar,Narayani,28.28022,84.35831,406,40602,4060203,40771495,nearest,134.5,40771495,114.2,0,2026-10-08T18:07:13+05:45,2026-10-08T18:00:00+05:45,25.0,cap_25km,8,406,Lamjung,40605,Bensi Shahar,2,4060502,8.337,,,0
RIV_050,50,Khudi Khola at Khudibazar,Narayani,28.28022,84.35831,406,40602,4060203,40771495,nearest,134.5,40771495,114.2,0,2026-10-08T18:07:13+05:45,2026-10-08T18:00:00+05:45,25.0,cap_25km,9,406,Lamjung,40605,Bensi Shahar,11,4060511,11.162,,,0
RIV_050,50,Khudi Khola at Khudibazar,Narayani,28.28022,84.35831,406,40602,4060203,40771495,nearest,134.5,40771495,114.2,0,2026-10-08T18:07:13+05:45,2026-10-08T18:00:00+05:45,25.0,cap_25km,10,406,Lamjung,40605,Bensi Shahar,1,4060501,12.617,,,0
RIV_050,50,Khudi Khola at Khudibazar,Narayani,28.28022,84.35831,406,40602,4060203,40771495,nearest,134.5,40771495,114.2,0,2026-10-08T18:07:13+05:45,2026-10-08T18:00:00+05:45,25.0,cap_25km,11,406,Lamjung,40606,Sundarbazar,8,4060608,16.886,,,0
RIV_050,50,Khudi Khola at Khudibazar,Narayani,28.28022,84.35831,406,40602,4060203,40771495,nearest,134.5,40771495,114.2,0,2026-10-08T18:07:13+05:45,2026-10-08T18:00:00+05:45,25.0,cap_25km,12,406,Lamjung,40601,Dordi,2,4060102,18.22,,,0
RIV_050,50,Khudi Khola at Khudibazar,Narayani,28.28022,84.35831,406,40602,4060203,40771495,nearest,134.5,40771495,114.2,0,2026-10-08T18:07:13+05:45,2026-10-08T18:00:00+05:45,25.0,cap_25km,13,406,Lamjung,40601,Dordi,1,4060101,18.65,,,0
RIV_050,50,Khudi Khola at Khudibazar,Narayani,28.28022,84.35831,406,40602,4060203,40771495,nearest,134.5,40771495,114.2,0,2026-10-08T18:07:13+05:45,2026-10-08T18:00:00+05:45,25.0,cap_25km,14,406,Lamjung,40606,Sundarbazar,9,4060609,19.817,,,0
RIV_050,50,Khudi Khola at Khudibazar,Narayani,28.28022,84.35831,406,40602,4060203,40771495,nearest,134.5,40771495,114.2,0,2026-10-08T18:07:13+05:45,2026-10-08T18:00:00+05:45,25.0,cap_25km,15,406,Lamjung,40607,Rainas,8,4060708,20.44,,,0
RIV_050,50,Khudi Khola at Khudibazar,Narayani,28.28022,84.35831,406,40602,4060203,40771495,nearest,134.5,40771495,114.2,0,2026-10-08T18:07:13+05:45,2026-10-08T18:00:00+05:45,25.0,cap_25km,16,406,Lamjung,40606,Sundarbazar,7,4060607,21.524,Paudi Bazar;Sundar Bazar Police station,MKT_01229;MKT_01230,2
RIV_050,50,Khudi Khola at Khudibazar,Narayani,28.28022,84.35831,406,40602,4060203,40771495,nearest,134.5,40771495,114.2,0,2026-10-08T18:07:13+05:45,2026-10-08T18:00:00+05:45,25.0,cap_25km,17,407,Tanahu,40701,Bhanu,10,4070110,24.447,कालीमाटी बजार,MKT_01232,1
RIV_051,51,Lungri River at Khungri (327),West Rapti,28.214136,82.695314,502,50209,5020902,40776089,nearest,620.4,40776089,256.0,0,2026-10-08T18:07:13+05:45,2026-10-08T17:50:00+05:45,25.0,cap_25km,1,502,Rolpa,50209,Subarnabati,4,5020904,0.0,Sulichaur Bazaar,MKT_01269,1
RIV_051,51,Lungri River at Khungri (327),West Rapti,28.214136,82.695314,502,50209,5020902,40776089,nearest,620.4,40776089,256.0,0,2026-10-08T18:07:13+05:45,2026-10-08T17:50:00+05:45,25.0,cap_25km,2,503,Pyuthan,50305,Sworgadwari,5,5030505,0.399,,,0
RIV_051,51,Lungri River at Khungri (327),West Rapti,28.214136,82.695314,502,50209,5020902,40776089,nearest,620.4,40776089,256.0,0,2026-10-08T18:07:13+05:45,2026-10-08T17:50:00+05:45,25.0,cap_25km,3,502,Rolpa,50209,Subarnabati,2,5020902,1.054,,,0
RIV_051,51,Lungri River at Khungri (327),West Rapti,28.214136,82.695314,502,50209,5020902,40776089,nearest,620.4,40776089,256.0,0,2026-10-08T18:07:13+05:45,2026-10-08T17:50:00+05:45,25.0,cap_25km,4,503,Pyuthan,50305,Sworgadwari,3,5030503,4.117,,,0
RIV_051,51,Lungri River at Khungri (327),West Rapti,28.214136,82.695314,502,50209,5020902,40776089,nearest,620.4,40776089,256.0,0,2026-10-08T18:07:13+05:45,2026-10-08T17:50:00+05:45,25.0,cap_25km,5,503,Pyuthan,50305,Sworgadwari,7,5030507,7.086,,,0
RIV_051,51,Lungri River at Khungri (327),West Rapti,28.214136,82.695314,502,50209,5020902,40776089,nearest,620.4,40776089,256.0,0,2026-10-08T18:07:13+05:45,2026-10-08T17:50:00+05:45,25.0,cap_25km,6,503,Pyuthan,50305,Sworgadwari,4,5030504,10.327,भिङ्री बजार,MKT_01271,1
RIV_051,51,Lungri River at Khungri (327),West Rapti,28.214136,82.695314,502,50209,5020902,40776089,nearest,620.4,40776089,256.0,0,2026-10-08T18:07:13+05:45,2026-10-08T17:50:00+05:45,25.0,cap_25km,7,503,Pyuthan,50305,Sworgadwari,8,5030508,12.45,,,0
RIV_051,51,Lungri River at Khungri (327),West Rapti,28.214136,82.695314,502,50209,5020902,40776089,nearest,620.4,40776089,256.0,0,2026-10-08T18:07:13+05:45,2026-10-08T17:50:00+05:45,25.0,cap_25km,8,503,Pyuthan,50305,Sworgadwari,9,5030509,14.42,,,0
RIV_051,51,Lungri River at Khungri (327),West Rapti,28.214136,82.695314,502,50209,5020902,40776089,nearest,620.4,40776089,256.0,0,2026-10-08T18:07:13+05:45,2026-10-08T17:50:00+05:45,25.0,cap_25km,9,503,Pyuthan,50304,Pyuthan,1,5030401,18.496,,,0
RIV_051,51,Lungri River at Khungri (327),West Rapti,28.214136,82.695314,502,50209,5020902,40776089,nearest,620.4,40776089,256.0,0,2026-10-08T18:07:13+05:45,2026-10-08T17:50:00+05:45,25.0,cap_25km,10,503,Pyuthan,50306,Mandavi,3,5030603,19.827,माण्डवी कोशेली घर,MKT_00157,1
RIV_051,51,Lungri River at Khungri (327),West Rapti,28.214136,82.695314,502,50209,5020902,40776089,nearest,620.4,40776089,256.0,0,2026-10-08T18:07:13+05:45,2026-10-08T17:50:00+05:45,25.0,cap_25km,11,503,Pyuthan,50306,Mandavi,5,5030605,23.557,,,0
RIV_052,52,Marsyangdi at Bimalnagar,Narayani,27.953594,84.424148,407,40709,4070904,40792967,nearest,4062.9,40792967,104.9,0,2026-10-08T18:07:13+05:45,2026-10-08T17:50:00+05:45,25.0,cap_25km,1,401,Gorkha,40108,Palungtar,7,4010807,0.0,,,0
RIV_052,52,Marsyangdi at Bimalnagar,Narayani,27.953594,84.424148,407,40709,4070904,40792967,nearest,4062.9,40792967,104.9,0,2026-10-08T18:07:13+05:45,2026-10-08T17:50:00+05:45,25.0,cap_25km,2,407,Tanahu,40709,Bandipur,4,4070904,1.177,bhisma bazaar;bala bazaar,MKT_01237;MKT_01238,2
RIV_052,52,Marsyangdi at Bimalnagar,Narayani,27.953594,84.424148,407,40709,4070904,40792967,nearest,4062.9,40792967,104.9,0,2026-10-08T18:07:13+05:45,2026-10-08T17:50:00+05:45,25.0,cap_25km,3,407,Tanahu,40709,Bandipur,5,4070905,1.295,,,0
RIV_052,52,Marsyangdi at Bimalnagar,Narayani,27.953594,84.424148,407,40709,4070904,40792967,nearest,4062.9,40792967,104.9,0,2026-10-08T18:07:13+05:45,2026-10-08T17:50:00+05:45,25.0,cap_25km,4,401,Gorkha,40108,Palungtar,8,4010808,3.344,,,0
RIV_052,52,Marsyangdi at Bimalnagar,Narayani,27.953594,84.424148,407,40709,4070904,40792967,nearest,4062.9,40792967,104.9,0,2026-10-08T18:07:13+05:45,2026-10-08T17:50:00+05:45,25.0,cap_25km,5,407,Tanahu,40710,Aanbu Khaireni,1,4071001,5.31,,,0
RIV_052,52,Marsyangdi at Bimalnagar,Narayani,27.953594,84.424148,407,40709,4070904,40792967,nearest,4062.9,40792967,104.9,0,2026-10-08T18:07:13+05:45,2026-10-08T17:50:00+05:45,25.0,cap_25km,6,401,Gorkha,40109,Gorkha,14,4010914,5.864,,,0
RIV_052,52,Marsyangdi at Bimalnagar,Narayani,27.953594,84.424148,407,40709,4070904,40792967,nearest,4062.9,40792967,104.9,0,2026-10-08T18:07:13+05:45,2026-10-08T17:50:00+05:45,25.0,cap_25km,7,407,Tanahu,40710,Aanbu Khaireni,2,4071002,6.753,,,0
RIV_052,52,Marsyangdi at Bimalnagar,Narayani,27.953594,84.424148,407,40709,4070904,40792967,nearest,4062.9,40792967,104.9,0,2026-10-08T18:07:13+05:45,2026-10-08T17:50:00+05:45,25.0,cap_25km,8,401,Gorkha,40109,Gorkha,13,4010913,12.207,फेदी बजार,MKT_01183,1
RIV_052,52,Marsyangdi at Bimalnagar,Narayani,27.953594,84.424148,407,40709,4070904,40792967,nearest,4062.9,40792967,104.9,0,2026-10-08T18:07:13+05:45,2026-10-08T17:50:00+05:45,25.0,cap_25km,9,407,Tanahu,40710,Aanbu Khaireni,3,4071003,12.534,आबूखैरेनी बजार,MKT_01239,1
RIV_052,52,Marsyangdi at Bimalnagar,Narayani,27.953594,84.424148,407,40709,4070904,40792967,nearest,4062.9,40792967,104.9,0,2026-10-08T18:07:13+05:45,2026-10-08T17:50:00+05:45,25.0,cap_25km,10,407,Tanahu,40710,Aanbu Khaireni,4,4071004,15.834,,,0
RIV_052,52,Marsyangdi at Bimalnagar,Narayani,27.953594,84.424148,407,40709,4070904,40792967,nearest,4062.9,40792967,104.9,0,2026-10-08T18:07:13+05:45,2026-10-08T17:50:00+05:45,25.0,cap_25km,11,401,Gorkha,40110,Shahid Lakhan,3,4011003,17.367,[unnamed commercial landuse],MKT_00738,1
RIV_052,52,Marsyangdi at Bimalnagar,Narayani,27.953594,84.424148,407,40709,4070904,40792967,nearest,4062.9,40792967,104.9,0,2026-10-08T18:07:13+05:45,2026-10-08T17:50:00+05:45,25.0,cap_25km,12,313,Chitwan,31303,Ichchha Kamana,5,3130305,20.326,Tripathee Land,MKT_00726,1
RIV_052,52,Marsyangdi at Bimalnagar,Narayani,27.953594,84.424148,407,40709,4070904,40792967,nearest,4062.9,40792967,104.9,0,2026-10-08T18:07:13+05:45,2026-10-08T17:50:00+05:45,25.0,cap_25km,13,313,Chitwan,31303,Ichchha Kamana,6,3130306,23.342,,,0
RIV_054,54,Rangoon Khola at Kainepani,Mahakali,29.130931,80.415089,705,70505,7050501,40723784,nearest,264.5,40723784,35.6,0,2026-10-08T18:07:13+05:45,2026-10-08T17:50:00+05:45,25.0,cap_25km,1,705,Dadeldhura,70505,Parashuram,1,7050501,0.0,,,0
RIV_054,54,Rangoon Khola at Kainepani,Mahakali,29.130931,80.415089,705,70505,7050501,40723784,nearest,264.5,40723784,35.6,0,2026-10-08T18:07:13+05:45,2026-10-08T17:50:00+05:45,25.0,cap_25km,2,705,Dadeldhura,70505,Parashuram,12,7050512,0.242,,,0
RIV_054,54,Rangoon Khola at Kainepani,Mahakali,29.130931,80.415089,705,70505,7050501,40723784,nearest,264.5,40723784,35.6,0,2026-10-08T18:07:13+05:45,2026-10-08T17:50:00+05:45,25.0,cap_25km,3,705,Dadeldhura,70505,Parashuram,4,7050504,5.191,,,0
RIV_054,54,Rangoon Khola at Kainepani,Mahakali,29.130931,80.415089,705,70505,7050501,40723784,nearest,264.5,40723784,35.6,0,2026-10-08T18:07:13+05:45,2026-10-08T17:50:00+05:45,25.0,cap_25km,4,705,Dadeldhura,70505,Parashuram,6,7050506,9.705,,,0
RIV_054,54,Rangoon Khola at Kainepani,Mahakali,29.130931,80.415089,705,70505,7050501,40723784,nearest,264.5,40723784,35.6,0,2026-10-08T18:07:13+05:45,2026-10-08T17:50:00+05:45,25.0,cap_25km,5,705,Dadeldhura,70505,Parashuram,5,7050505,12.631,,,0
RIV_055,55,Ridi Khola at Satmure,Narayani,27.951219,83.387685,504,50411,5041104,40792959,nearest,533.9,40792959,103.4,0,2026-10-08T18:07:13+05:45,2026-10-08T17:52:16+05:45,25.0,cap_25km,1,506,Palpa,50607,Rainadevi Chhahara,1,5060701,0.0,,,0
RIV_055,55,Ridi Khola at Satmure,Narayani,27.951219,83.387685,504,50411,5041104,40792959,nearest,533.9,40792959,103.4,0,2026-10-08T18:07:13+05:45,2026-10-08T17:52:16+05:45,25.0,cap_25km,2,504,Gulmi,50411,Chhatrakot,4,5041104,0.698,,,0
RIV_055,55,Ridi Khola at Satmure,Narayani,27.951219,83.387685,504,50411,5041104,40792959,nearest,533.9,40792959,103.4,0,2026-10-08T18:07:13+05:45,2026-10-08T17:52:16+05:45,25.0,cap_25km,3,504,Gulmi,50412,Ruru,1,5041201,0.84,,,0
RIV_055,55,Ridi Khola at Satmure,Narayani,27.951219,83.387685,504,50411,5041104,40792959,nearest,533.9,40792959,103.4,0,2026-10-08T18:07:13+05:45,2026-10-08T17:52:16+05:45,25.0,cap_25km,4,506,Palpa,50606,Ribdikot,1,5060601,1.365,,,0
RIV_055,55,Ridi Khola at Satmure,Narayani,27.951219,83.387685,504,50411,5041104,40792959,nearest,533.9,40792959,103.4,0,2026-10-08T18:07:13+05:45,2026-10-08T17:52:16+05:45,25.0,cap_25km,5,506,Palpa,50605,Tansen,14,5060514,5.266,,,0
RIV_055,55,Ridi Khola at Satmure,Narayani,27.951219,83.387685,504,50411,5041104,40792959,nearest,533.9,40792959,103.4,0,2026-10-08T18:07:13+05:45,2026-10-08T17:52:16+05:45,25.0,cap_25km,6,409,Syangja,40911,Kaligandaki,1,4091101,7.135,,,0
RIV_055,55,Ridi Khola at Satmure,Narayani,27.951219,83.387685,504,50411,5041104,40792959,nearest,533.9,40792959,103.4,0,2026-10-08T18:07:13+05:45,2026-10-08T17:52:16+05:45,25.0,cap_25km,7,506,Palpa,50605,Tansen,13,5060513,14.423,,,0
RIV_055,55,Ridi Khola at Satmure,Narayani,27.951219,83.387685,504,50411,5041104,40792959,nearest,533.9,40792959,103.4,0,2026-10-08T18:07:13+05:45,2026-10-08T17:52:16+05:45,25.0,cap_25km,8,409,Syangja,40911,Kaligandaki,2,4091102,16.339,,,0
RIV_055,55,Ridi Khola at Satmure,Narayani,27.951219,83.387685,504,50411,5041104,40792959,nearest,533.9,40792959,103.4,0,2026-10-08T18:07:13+05:45,2026-10-08T17:52:16+05:45,25.0,cap_25km,9,506,Palpa,50604,Baganaskali,7,5060407,18.742,,,0
RIV_055,55,Ridi Khola at Satmure,Narayani,27.951219,83.387685,504,50411,5041104,40792959,nearest,533.9,40792959,103.4,0,2026-10-08T18:07:13+05:45,2026-10-08T17:52:16+05:45,25.0,cap_25km,10,409,Syangja,40911,Kaligandaki,3,4091103,19.431,,,0
RIV_055,55,Ridi Khola at Satmure,Narayani,27.951219,83.387685,504,50411,5041104,40792959,nearest,533.9,40792959,103.4,0,2026-10-08T18:07:13+05:45,2026-10-08T17:52:16+05:45,25.0,cap_25km,11,506,Palpa,50604,Baganaskali,6,5060406,21.77,,,0
RIV_055,55,Ridi Khola at Satmure,Narayani,27.951219,83.387685,504,50411,5041104,40792959,nearest,533.9,40792959,103.4,0,2026-10-08T18:07:13+05:45,2026-10-08T17:52:16+05:45,25.0,cap_25km,12,409,Syangja,40911,Kaligandaki,7,4091107,23.991,,,0
RIV_056,56,Roshi Khola at Panauti,Koshi,27.575,85.499,309,30909,3090908,40817501,nearest,81.8,40817501,73.7,0,2026-10-08T18:07:13+05:45,2026-10-08T17:50:00+05:45,25.0,cap_25km,1,309,Kavrepalanchok,30909,Panauti,8,3090908,0.0,,,0
RIV_056,56,Roshi Khola at Panauti,Koshi,27.575,85.499,309,30909,3090908,40817501,nearest,81.8,40817501,73.7,0,2026-10-08T18:07:13+05:45,2026-10-08T17:50:00+05:45,25.0,cap_25km,2,309,Kavrepalanchok,30909,Panauti,7,3090907,1.037,progr,MKT_00722,1
RIV_056,56,Roshi Khola at Panauti,Koshi,27.575,85.499,309,30909,3090908,40817501,nearest,81.8,40817501,73.7,0,2026-10-08T18:07:13+05:45,2026-10-08T17:50:00+05:45,25.0,cap_25km,3,309,Kavrepalanchok,30909,Panauti,6,3090906,2.475,[unnamed marketplace];panauti tarkari tatha falful bazar,MKT_00123;MKT_01124,2
RIV_056,56,Roshi Khola at Panauti,Koshi,27.575,85.499,309,30909,3090908,40817501,nearest,81.8,40817501,73.7,0,2026-10-08T18:07:13+05:45,2026-10-08T17:50:00+05:45,25.0,cap_25km,4,309,Kavrepalanchok,30909,Panauti,9,3090909,3.347,,,0
RIV_056,56,Roshi Khola at Panauti,Koshi,27.575,85.499,309,30909,3090908,40817501,nearest,81.8,40817501,73.7,0,2026-10-08T18:07:13+05:45,2026-10-08T17:50:00+05:45,25.0,cap_25km,5,309,Kavrepalanchok,30909,Panauti,10,3090910,4.453,Khopasi Bazar,MKT_01125,1
RIV_056,56,Roshi Khola at Panauti,Koshi,27.575,85.499,309,30909,3090908,40817501,nearest,81.8,40817501,73.7,0,2026-10-08T18:07:13+05:45,2026-10-08T17:50:00+05:45,25.0,cap_25km,6,309,Kavrepalanchok,30909,Panauti,11,3090911,6.743,,,0
RIV_056,56,Roshi Khola at Panauti,Koshi,27.575,85.499,309,30909,3090908,40817501,nearest,81.8,40817501,73.7,0,2026-10-08T18:07:13+05:45,2026-10-08T17:50:00+05:45,25.0,cap_25km,7,309,Kavrepalanchok,30905,Dhulikhel,12,3090512,8.221,,,0
RIV_056,56,Roshi Khola at Panauti,Koshi,27.575,85.499,309,30909,3090908,40817501,nearest,81.8,40817501,73.7,0,2026-10-08T18:07:13+05:45,2026-10-08T17:50:00+05:45,25.0,cap_25km,8,309,Kavrepalanchok,30908,Namobuddha,11,3090811,9.812,,,0
RIV_056,56,Roshi Khola at Panauti,Koshi,27.575,85.499,309,30909,3090908,40817501,nearest,81.8,40817501,73.7,0,2026-10-08T18:07:13+05:45,2026-10-08T17:50:00+05:45,25.0,cap_25km,9,309,Kavrepalanchok,30910,Bethanchowk,6,3091006,10.851,,,0
RIV_056,56,Roshi Khola at Panauti,Koshi,27.575,85.499,309,30909,3090908,40817501,nearest,81.8,40817501,73.7,0,2026-10-08T18:07:13+05:45,2026-10-08T17:50:00+05:45,25.0,cap_25km,10,309,Kavrepalanchok,30908,Namobuddha,10,3090810,12.852,,,0
RIV_056,56,Roshi Khola at Panauti,Koshi,27.575,85.499,309,30909,3090908,40817501,nearest,81.8,40817501,73.7,0,2026-10-08T18:07:13+05:45,2026-10-08T17:50:00+05:45,25.0,cap_25km,11,309,Kavrepalanchok,30908,Namobuddha,9,3090809,14.784,,,0
RIV_056,56,Roshi Khola at Panauti,Koshi,27.575,85.499,309,30909,3090908,40817501,nearest,81.8,40817501,73.7,0,2026-10-08T18:07:13+05:45,2026-10-08T17:50:00+05:45,25.0,cap_25km,12,309,Kavrepalanchok,30911,Roshi,1,3091101,16.427,,,0
RIV_056,56,Roshi Khola at Panauti,Koshi,27.575,85.499,309,30909,3090908,40817501,nearest,81.8,40817501,73.7,0,2026-10-08T18:07:13+05:45,2026-10-08T17:50:00+05:45,25.0,cap_25km,13,309,Kavrepalanchok,30911,Roshi,3,3091103,16.962,,,0
RIV_056,56,Roshi Khola at Panauti,Koshi,27.575,85.499,309,30909,3090908,40817501,nearest,81.8,40817501,73.7,0,2026-10-08T18:07:13+05:45,2026-10-08T17:50:00+05:45,25.0,cap_25km,14,309,Kavrepalanchok,30908,Namobuddha,8,3090808,18.262,,,0
RIV_056,56,Roshi Khola at Panauti,Koshi,27.575,85.499,309,30909,3090908,40817501,nearest,81.8,40817501,73.7,0,2026-10-08T18:07:13+05:45,2026-10-08T17:50:00+05:45,25.0,cap_25km,15,309,Kavrepalanchok,30908,Namobuddha,6,3090806,19.429,,,0
RIV_056,56,Roshi Khola at Panauti,Koshi,27.575,85.499,309,30909,3090908,40817501,nearest,81.8,40817501,73.7,0,2026-10-08T18:07:13+05:45,2026-10-08T17:50:00+05:45,25.0,cap_25km,16,309,Kavrepalanchok,30911,Roshi,5,3091105,23.157,,,0
RIV_056,56,Roshi Khola at Panauti,Koshi,27.575,85.499,309,30909,3090908,40817501,nearest,81.8,40817501,73.7,0,2026-10-08T18:07:13+05:45,2026-10-08T17:50:00+05:45,25.0,cap_25km,17,309,Kavrepalanchok,30911,Roshi,6,3091106,23.403,,,0
RIV_056,56,Roshi Khola at Panauti,Koshi,27.575,85.499,309,30909,3090908,40817501,nearest,81.8,40817501,73.7,0,2026-10-08T18:07:13+05:45,2026-10-08T17:50:00+05:45,25.0,cap_25km,18,309,Kavrepalanchok,30911,Roshi,7,3091107,24.02,,,0
RIV_057,57,Sano Bheri at Simlighat,Karnali,28.65638889,82.34694444,608,60802,6080208,40748175,nearest,2700.8,40748175,457.4,0,2026-10-08T18:07:13+05:45,2026-10-08T17:50:00+05:45,25.0,cap_25km,1,608,Rukum West,60802,Sanibheri,8,6080208,0.0,,,0
RIV_057,57,Sano Bheri at Simlighat,Karnali,28.65638889,82.34694444,608,60802,6080208,40748175,nearest,2700.8,40748175,457.4,0,2026-10-08T18:07:13+05:45,2026-10-08T17:50:00+05:45,25.0,cap_25km,2,608,Rukum West,60802,Sanibheri,7,6080207,0.071,,,0
RIV_057,57,Sano Bheri at Simlighat,Karnali,28.65638889,82.34694444,608,60802,6080208,40748175,nearest,2700.8,40748175,457.4,0,2026-10-08T18:07:13+05:45,2026-10-08T17:50:00+05:45,25.0,cap_25km,3,608,Rukum West,60802,Sanibheri,3,6080203,0.35,,,0
RIV_057,57,Sano Bheri at Simlighat,Karnali,28.65638889,82.34694444,608,60802,6080208,40748175,nearest,2700.8,40748175,457.4,0,2026-10-08T18:07:13+05:45,2026-10-08T17:50:00+05:45,25.0,cap_25km,4,608,Rukum West,60802,Sanibheri,4,6080204,2.964,,,0
RIV_057,57,Sano Bheri at Simlighat,Karnali,28.65638889,82.34694444,608,60802,6080208,40748175,nearest,2700.8,40748175,457.4,0,2026-10-08T18:07:13+05:45,2026-10-08T17:50:00+05:45,25.0,cap_25km,5,608,Rukum West,60802,Sanibheri,2,6080202,4.506,,,0
RIV_057,57,Sano Bheri at Simlighat,Karnali,28.65638889,82.34694444,608,60802,6080208,40748175,nearest,2700.8,40748175,457.4,0,2026-10-08T18:07:13+05:45,2026-10-08T17:50:00+05:45,25.0,cap_25km,6,607,Jajarkot,60706,Bheri Malika,1,6070601,8.377,रिम्ना बजार,MKT_01443,1
RIV_057,57,Sano Bheri at Simlighat,Karnali,28.65638889,82.34694444,608,60802,6080208,40748175,nearest,2700.8,40748175,457.4,0,2026-10-08T18:07:13+05:45,2026-10-08T17:50:00+05:45,25.0,cap_25km,7,608,Rukum West,60802,Sanibheri,1,6080201,9.264,,,0
RIV_057,57,Sano Bheri at Simlighat,Karnali,28.65638889,82.34694444,608,60802,6080208,40748175,nearest,2700.8,40748175,457.4,0,2026-10-08T18:07:13+05:45,2026-10-08T17:50:00+05:45,25.0,cap_25km,8,608,Rukum West,60806,Chaurjahari,8,6080608,16.153,,,0
RIV_057,57,Sano Bheri at Simlighat,Karnali,28.65638889,82.34694444,608,60802,6080208,40748175,nearest,2700.8,40748175,457.4,0,2026-10-08T18:07:13+05:45,2026-10-08T17:50:00+05:45,25.0,cap_25km,9,607,Jajarkot,60706,Bheri Malika,3,6070603,17.941,,,0
RIV_057,57,Sano Bheri at Simlighat,Karnali,28.65638889,82.34694444,608,60802,6080208,40748175,nearest,2700.8,40748175,457.4,0,2026-10-08T18:07:13+05:45,2026-10-08T17:50:00+05:45,25.0,cap_25km,10,608,Rukum West,60806,Chaurjahari,2,6080602,19.055,,,0
RIV_057,57,Sano Bheri at Simlighat,Karnali,28.65638889,82.34694444,608,60802,6080208,40748175,nearest,2700.8,40748175,457.4,0,2026-10-08T18:07:13+05:45,2026-10-08T17:50:00+05:45,25.0,cap_25km,11,607,Jajarkot,60706,Bheri Malika,5,6070605,20.253,,,0
RIV_057,57,Sano Bheri at Simlighat,Karnali,28.65638889,82.34694444,608,60802,6080208,40748175,nearest,2700.8,40748175,457.4,0,2026-10-08T18:07:13+05:45,2026-10-08T17:50:00+05:45,25.0,cap_25km,12,607,Jajarkot,60706,Bheri Malika,11,6070611,20.944,,,0
RIV_057,57,Sano Bheri at Simlighat,Karnali,28.65638889,82.34694444,608,60802,6080208,40748175,nearest,2700.8,40748175,457.4,0,2026-10-08T18:07:13+05:45,2026-10-08T17:50:00+05:45,25.0,cap_25km,13,607,Jajarkot,60706,Bheri Malika,12,6070612,22.429,,,0
RIV_057,57,Sano Bheri at Simlighat,Karnali,28.65638889,82.34694444,608,60802,6080208,40748175,nearest,2700.8,40748175,457.4,0,2026-10-08T18:07:13+05:45,2026-10-08T17:50:00+05:45,25.0,cap_25km,14,608,Rukum West,60806,Chaurjahari,3,6080603,23.1,,,0
RIV_057,57,Sano Bheri at Simlighat,Karnali,28.65638889,82.34694444,608,60802,6080208,40748175,nearest,2700.8,40748175,457.4,0,2026-10-08T18:07:13+05:45,2026-10-08T17:50:00+05:45,25.0,cap_25km,15,607,Jajarkot,60706,Bheri Malika,13,6070613,24.617,,,0
RIV_058,58,Saptakoshi at Chatara (old),Koshi,26.855192,87.152283,113,11302,1130201,40864237,nearest,54412.2,40864237,19.8,0,2026-10-08T18:07:13+05:45,2026-10-08T17:40:00+05:45,25.0,cap_25km,1,113,Sunsari,11302,Baraha,1,1130201,0.0,,,0
RIV_058,58,Saptakoshi at Chatara (old),Koshi,26.855192,87.152283,113,11302,1130201,40864237,nearest,54412.2,40864237,19.8,0,2026-10-08T18:07:13+05:45,2026-10-08T17:40:00+05:45,25.0,cap_25km,2,114,Udaya Pur,11401,Belaka,8,1140108,1.69,,,0
RIV_058,58,Saptakoshi at Chatara (old),Koshi,26.855192,87.152283,113,11302,1130201,40864237,nearest,54412.2,40864237,19.8,0,2026-10-08T18:07:13+05:45,2026-10-08T17:40:00+05:45,25.0,cap_25km,3,113,Sunsari,11302,Baraha,2,1130202,6.338,,,0
RIV_058,58,Saptakoshi at Chatara (old),Koshi,26.855192,87.152283,113,11302,1130201,40864237,nearest,54412.2,40864237,19.8,0,2026-10-08T18:07:13+05:45,2026-10-08T17:40:00+05:45,25.0,cap_25km,4,114,Udaya Pur,11401,Belaka,9,1140109,11.68,"Mirmire, Lalbazar",MKT_00929,1
RIV_058,58,Saptakoshi at Chatara (old),Koshi,26.855192,87.152283,113,11302,1130201,40864237,nearest,54412.2,40864237,19.8,0,2026-10-08T18:07:13+05:45,2026-10-08T17:40:00+05:45,25.0,cap_25km,5,113,Sunsari,11302,Baraha,6,1130206,14.084,[unnamed commercial landuse],MKT_00472,1
RIV_058,58,Saptakoshi at Chatara (old),Koshi,26.855192,87.152283,113,11302,1130201,40864237,nearest,54412.2,40864237,19.8,0,2026-10-08T18:07:13+05:45,2026-10-08T17:40:00+05:45,25.0,cap_25km,6,113,Sunsari,11302,Baraha,9,1130209,18.033,,,0
RIV_060,60,Sunkoshi at Khurkot,Koshi,27.337966,85.993744,311,31104,3110407,40833338,nearest,10197.6,40833338,118.9,0,2026-10-08T18:07:13+05:45,2026-10-08T17:50:00+05:45,25.0,cap_25km,1,310,Ramechhap,31005,Manthali,6,3100506,0.0,,,0
RIV_060,60,Sunkoshi at Khurkot,Koshi,27.337966,85.993744,311,31104,3110407,40833338,nearest,10197.6,40833338,118.9,0,2026-10-08T18:07:13+05:45,2026-10-08T17:50:00+05:45,25.0,cap_25km,2,311,Sindhuli,31104,Golanjor,7,3110407,0.36,,,0
RIV_060,60,Sunkoshi at Khurkot,Koshi,27.337966,85.993744,311,31104,3110407,40833338,nearest,10197.6,40833338,118.9,0,2026-10-08T18:07:13+05:45,2026-10-08T17:50:00+05:45,25.0,cap_25km,3,311,Sindhuli,31104,Golanjor,6,3110406,3.083,,,0
RIV_060,60,Sunkoshi at Khurkot,Koshi,27.337966,85.993744,311,31104,3110407,40833338,nearest,10197.6,40833338,118.9,0,2026-10-08T18:07:13+05:45,2026-10-08T17:50:00+05:45,25.0,cap_25km,4,310,Ramechhap,31004,Ramechhap,9,3100409,4.217,,,0
RIV_060,60,Sunkoshi at Khurkot,Koshi,27.337966,85.993744,311,31104,3110407,40833338,nearest,10197.6,40833338,118.9,0,2026-10-08T18:07:13+05:45,2026-10-08T17:50:00+05:45,25.0,cap_25km,5,311,Sindhuli,31104,Golanjor,3,3110403,10.155,,,0
RIV_060,60,Sunkoshi at Khurkot,Koshi,27.337966,85.993744,311,31104,3110407,40833338,nearest,10197.6,40833338,118.9,0,2026-10-08T18:07:13+05:45,2026-10-08T17:50:00+05:45,25.0,cap_25km,6,310,Ramechhap,31004,Ramechhap,7,3100407,10.882,,,0
RIV_060,60,Sunkoshi at Khurkot,Koshi,27.337966,85.993744,311,31104,3110407,40833338,nearest,10197.6,40833338,118.9,0,2026-10-08T18:07:13+05:45,2026-10-08T17:50:00+05:45,25.0,cap_25km,7,311,Sindhuli,31104,Golanjor,2,3110402,15.442,,,0
RIV_060,60,Sunkoshi at Khurkot,Koshi,27.337966,85.993744,311,31104,3110407,40833338,nearest,10197.6,40833338,118.9,0,2026-10-08T18:07:13+05:45,2026-10-08T17:50:00+05:45,25.0,cap_25km,8,310,Ramechhap,31004,Ramechhap,5,3100405,16.206,,,0
RIV_060,60,Sunkoshi at Khurkot,Koshi,27.337966,85.993744,311,31104,3110407,40833338,nearest,10197.6,40833338,118.9,0,2026-10-08T18:07:13+05:45,2026-10-08T17:50:00+05:45,25.0,cap_25km,9,311,Sindhuli,31104,Golanjor,1,3110401,17.691,,,0
RIV_060,60,Sunkoshi at Khurkot,Koshi,27.337966,85.993744,311,31104,3110407,40833338,nearest,10197.6,40833338,118.9,0,2026-10-08T18:07:13+05:45,2026-10-08T17:50:00+05:45,25.0,cap_25km,10,311,Sindhuli,31102,Phikkal,2,3110202,24.977,,,0
RIV_063,63,Tamor River at Majhitar,Koshi,27.1586,87.7116,109,10902,1090207,40844747,nearest,4032.5,40844747,117.2,0,2026-10-08T18:07:13+05:45,2026-10-08T17:50:00+05:45,25.0,cap_25km,1,108,Tenhrathum,10801,Aatharai,6,1080106,0.0,,,0
RIV_063,63,Tamor River at Majhitar,Koshi,27.1586,87.7116,109,10902,1090207,40844747,nearest,4032.5,40844747,117.2,0,2026-10-08T18:07:13+05:45,2026-10-08T17:50:00+05:45,25.0,cap_25km,2,109,Panchthar,10904,Phidim,4,1090404,0.371,,,0
RIV_063,63,Tamor River at Majhitar,Koshi,27.1586,87.7116,109,10902,1090207,40844747,nearest,4032.5,40844747,117.2,0,2026-10-08T18:07:13+05:45,2026-10-08T17:50:00+05:45,25.0,cap_25km,3,109,Panchthar,10906,Kummayak,3,1090603,2.961,,,0
RIV_063,63,Tamor River at Majhitar,Koshi,27.1586,87.7116,109,10902,1090207,40844747,nearest,4032.5,40844747,117.2,0,2026-10-08T18:07:13+05:45,2026-10-08T17:50:00+05:45,25.0,cap_25km,4,108,Tenhrathum,10801,Aatharai,7,1080107,4.748,,,0
RIV_063,63,Tamor River at Majhitar,Koshi,27.1586,87.7116,109,10902,1090207,40844747,nearest,4032.5,40844747,117.2,0,2026-10-08T18:07:13+05:45,2026-10-08T17:50:00+05:45,25.0,cap_25km,5,108,Tenhrathum,10802,Phedap,1,1080201,8.368,,,0
RIV_063,63,Tamor River at Majhitar,Koshi,27.1586,87.7116,109,10902,1090207,40844747,nearest,4032.5,40844747,117.2,0,2026-10-08T18:07:13+05:45,2026-10-08T17:50:00+05:45,25.0,cap_25km,6,108,Tenhrathum,10804,Myanglung,10,1080410,12.693,,,0
RIV_063,63,Tamor River at Majhitar,Koshi,27.1586,87.7116,109,10902,1090207,40844747,nearest,4032.5,40844747,117.2,0,2026-10-08T18:07:13+05:45,2026-10-08T17:50:00+05:45,25.0,cap_25km,7,108,Tenhrathum,10804,Myanglung,1,1080401,16.894,,,0
RIV_063,63,Tamor River at Majhitar,Koshi,27.1586,87.7116,109,10902,1090207,40844747,nearest,4032.5,40844747,117.2,0,2026-10-08T18:07:13+05:45,2026-10-08T17:50:00+05:45,25.0,cap_25km,8,109,Panchthar,10906,Kummayak,5,1090605,17.297,,,0
RIV_063,63,Tamor River at Majhitar,Koshi,27.1586,87.7116,109,10902,1090207,40844747,nearest,4032.5,40844747,117.2,0,2026-10-08T18:07:13+05:45,2026-10-08T17:50:00+05:45,25.0,cap_25km,9,108,Tenhrathum,10806,Chhathar,5,1080605,20.312,,,0
RIV_063,63,Tamor River at Majhitar,Koshi,27.1586,87.7116,109,10902,1090207,40844747,nearest,4032.5,40844747,117.2,0,2026-10-08T18:07:13+05:45,2026-10-08T17:50:00+05:45,25.0,cap_25km,10,109,Panchthar,10907,Tumbewa,1,1090701,24.376,,,0
RIV_065,65,Tadi Khola at Rautar,Narayani,27.918694,85.311554,305,30502,3050203,40795068,nearest,262.4,40795068,6.2,0,2026-10-08T18:07:13+05:45,2026-10-08T18:00:00+05:45,25.0,cap_25km,1,305,Nuwakot,30502,Tadi,3,3050203,0.0,,,0
RIV_065,65,Tadi Khola at Rautar,Narayani,27.918694,85.311554,305,30502,3050203,40795068,nearest,262.4,40795068,6.2,0,2026-10-08T18:07:13+05:45,2026-10-08T18:00:00+05:45,25.0,cap_25km,2,305,Nuwakot,30510,Panchakanya,3,3051003,0.879,,,0
RIV_065,65,Tadi Khola at Rautar,Narayani,27.918694,85.311554,305,30502,3050203,40795068,nearest,262.4,40795068,6.2,0,2026-10-08T18:07:13+05:45,2026-10-08T18:00:00+05:45,25.0,cap_25km,3,305,Nuwakot,30502,Tadi,5,3050205,1.454,,,0
RIV_065,65,Tadi Khola at Rautar,Narayani,27.918694,85.311554,305,30502,3050203,40795068,nearest,262.4,40795068,6.2,0,2026-10-08T18:07:13+05:45,2026-10-08T18:00:00+05:45,25.0,cap_25km,4,305,Nuwakot,30510,Panchakanya,2,3051002,2.132,,,0
RIV_065,65,Tadi Khola at Rautar,Narayani,27.918694,85.311554,305,30502,3050203,40795068,nearest,262.4,40795068,6.2,0,2026-10-08T18:07:13+05:45,2026-10-08T18:00:00+05:45,25.0,cap_25km,5,305,Nuwakot,30502,Tadi,6,3050206,3.369,,,0
RIV_065,65,Tadi Khola at Rautar,Narayani,27.918694,85.311554,305,30502,3050203,40795068,nearest,262.4,40795068,6.2,0,2026-10-08T18:07:13+05:45,2026-10-08T18:00:00+05:45,25.0,cap_25km,6,305,Nuwakot,30510,Panchakanya,1,3051001,4.509,,,0
RIV_065,65,Tadi Khola at Rautar,Narayani,27.918694,85.311554,305,30502,3050203,40795068,nearest,262.4,40795068,6.2,0,2026-10-08T18:07:13+05:45,2026-10-08T18:00:00+05:45,25.0,cap_25km,7,305,Nuwakot,30503,Suryagadhi,5,3050305,5.785,,,0
RIV_065,65,Tadi Khola at Rautar,Narayani,27.918694,85.311554,305,30502,3050203,40795068,nearest,262.4,40795068,6.2,0,2026-10-08T18:07:13+05:45,2026-10-08T18:00:00+05:45,25.0,cap_25km,8,305,Nuwakot,30509,Likhu,4,3050904,7.76,,,0
RIV_065,65,Tadi Khola at Rautar,Narayani,27.918694,85.311554,305,30502,3050203,40795068,nearest,262.4,40795068,6.2,0,2026-10-08T18:07:13+05:45,2026-10-08T18:00:00+05:45,25.0,cap_25km,9,305,Nuwakot,30509,Likhu,2,3050902,10.336,,,0
RIV_065,65,Tadi Khola at Rautar,Narayani,27.918694,85.311554,305,30502,3050203,40795068,nearest,262.4,40795068,6.2,0,2026-10-08T18:07:13+05:45,2026-10-08T18:00:00+05:45,25.0,cap_25km,10,305,Nuwakot,30509,Likhu,3,3050903,11.216,,,0
RIV_065,65,Tadi Khola at Rautar,Narayani,27.918694,85.311554,305,30502,3050203,40795068,nearest,262.4,40795068,6.2,0,2026-10-08T18:07:13+05:45,2026-10-08T18:00:00+05:45,25.0,cap_25km,11,305,Nuwakot,30509,Likhu,1,3050901,12.084,ढिकुरे बजार(Dhikure),MKT_01001,1
RIV_065,65,Tadi Khola at Rautar,Narayani,27.918694,85.311554,305,30502,3050203,40795068,nearest,262.4,40795068,6.2,0,2026-10-08T18:07:13+05:45,2026-10-08T18:00:00+05:45,25.0,cap_25km,12,305,Nuwakot,30504,Bidur,2,3050402,15.61,,,0
RIV_065,65,Tadi Khola at Rautar,Narayani,27.918694,85.311554,305,30502,3050203,40795068,nearest,262.4,40795068,6.2,0,2026-10-08T18:07:13+05:45,2026-10-08T18:00:00+05:45,25.0,cap_25km,13,305,Nuwakot,30508,Belkotgadhi,12,3050812,17.581,,,0
RIV_065,65,Tadi Khola at Rautar,Narayani,27.918694,85.311554,305,30502,3050203,40795068,nearest,262.4,40795068,6.2,0,2026-10-08T18:07:13+05:45,2026-10-08T18:00:00+05:45,25.0,cap_25km,14,305,Nuwakot,30504,Bidur,5,3050405,18.508,,,0
RIV_065,65,Tadi Khola at Rautar,Narayani,27.918694,85.311554,305,30502,3050203,40795068,nearest,262.4,40795068,6.2,0,2026-10-08T18:07:13+05:45,2026-10-08T18:00:00+05:45,25.0,cap_25km,15,305,Nuwakot,30508,Belkotgadhi,10,3050810,20.296,,,0
RIV_065,65,Tadi Khola at Rautar,Narayani,27.918694,85.311554,305,30502,3050203,40795068,nearest,262.4,40795068,6.2,0,2026-10-08T18:07:13+05:45,2026-10-08T18:00:00+05:45,25.0,cap_25km,16,305,Nuwakot,30508,Belkotgadhi,8,3050808,24.16,,,0
RIV_066,66,West Rapti at Bagasoti,West Rapti,27.86795,82.79885,510,51008,5100801,40798625,nearest,3757.2,40798625,88.8,0,2026-10-08T18:07:13+05:45,2026-10-08T18:00:00+05:45,25.0,cap_25km,1,510,Dang,51008,Rapti,1,5100801,0.0,,,0
RIV_066,66,West Rapti at Bagasoti,West Rapti,27.86795,82.79885,510,51008,5100801,40798625,nearest,3757.2,40798625,88.8,0,2026-10-08T18:07:13+05:45,2026-10-08T18:00:00+05:45,25.0,cap_25km,2,505,Arghakhanchi,50506,Shitaganga,8,5050608,0.471,,,0
RIV_066,66,West Rapti at Bagasoti,West Rapti,27.86795,82.79885,510,51008,5100801,40798625,nearest,3757.2,40798625,88.8,0,2026-10-08T18:07:13+05:45,2026-10-08T18:00:00+05:45,25.0,cap_25km,3,510,Dang,51008,Rapti,2,5100802,8.103,,,0
RIV_066,66,West Rapti at Bagasoti,West Rapti,27.86795,82.79885,510,51008,5100801,40798625,nearest,3757.2,40798625,88.8,0,2026-10-08T18:07:13+05:45,2026-10-08T18:00:00+05:45,25.0,cap_25km,4,510,Dang,51008,Rapti,3,5100803,9.66,[unnamed commercial landuse],MKT_00816,1
RIV_066,66,West Rapti at Bagasoti,West Rapti,27.86795,82.79885,510,51008,5100801,40798625,nearest,3757.2,40798625,88.8,0,2026-10-08T18:07:13+05:45,2026-10-08T18:00:00+05:45,25.0,cap_25km,5,510,Dang,51008,Rapti,7,5100807,15.913,,,0
RIV_066,66,West Rapti at Bagasoti,West Rapti,27.86795,82.79885,510,51008,5100801,40798625,nearest,3757.2,40798625,88.8,0,2026-10-08T18:07:13+05:45,2026-10-08T18:00:00+05:45,25.0,cap_25km,6,510,Dang,51008,Rapti,6,5100806,20.1,पथ्थरगढवा  बजार,MKT_00229,1
RIV_066,66,West Rapti at Bagasoti,West Rapti,27.86795,82.79885,510,51008,5100801,40798625,nearest,3757.2,40798625,88.8,0,2026-10-08T18:07:13+05:45,2026-10-08T18:00:00+05:45,25.0,cap_25km,7,510,Dang,51009,Gadhawa,4,5100904,24.374,,,0
RIV_067,67,Trishuli River at Kali Khola,Narayani,27.833,84.546,407,40710,4071004,40800615,nearest,16755.9,40800615,194.0,0,2026-10-08T18:07:13+05:45,2026-10-08T18:00:00+05:45,25.0,cap_25km,1,313,Chitwan,31303,Ichchha Kamana,6,3130306,0.0,,,0
RIV_067,67,Trishuli River at Kali Khola,Narayani,27.833,84.546,407,40710,4071004,40800615,nearest,16755.9,40800615,194.0,0,2026-10-08T18:07:13+05:45,2026-10-08T18:00:00+05:45,25.0,cap_25km,2,407,Tanahu,40710,Aanbu Khaireni,4,4071004,0.381,,,0
RIV_067,67,Trishuli River at Kali Khola,Narayani,27.833,84.546,407,40710,4071004,40800615,nearest,16755.9,40800615,194.0,0,2026-10-08T18:07:13+05:45,2026-10-08T18:00:00+05:45,25.0,cap_25km,3,407,Tanahu,40710,Aanbu Khaireni,5,4071005,4.125,,,0
RIV_067,67,Trishuli River at Kali Khola,Narayani,27.833,84.546,407,40710,4071004,40800615,nearest,16755.9,40800615,194.0,0,2026-10-08T18:07:13+05:45,2026-10-08T18:00:00+05:45,25.0,cap_25km,4,313,Chitwan,31304,Bharatpur,29,3130429,6.891,,,0
RIV_067,67,Trishuli River at Kali Khola,Narayani,27.833,84.546,407,40710,4071004,40800615,nearest,16755.9,40800615,194.0,0,2026-10-08T18:07:13+05:45,2026-10-08T18:00:00+05:45,25.0,cap_25km,5,407,Tanahu,40708,Devghat,4,4070804,10.773,,,0
RIV_067,67,Trishuli River at Kali Khola,Narayani,27.833,84.546,407,40710,4071004,40800615,nearest,16755.9,40800615,194.0,0,2026-10-08T18:07:13+05:45,2026-10-08T18:00:00+05:45,25.0,cap_25km,6,407,Tanahu,40708,Devghat,5,4070805,17.439,,,0
RIV_067,67,Trishuli River at Kali Khola,Narayani,27.833,84.546,407,40710,4071004,40800615,nearest,16755.9,40800615,194.0,0,2026-10-08T18:07:13+05:45,2026-10-08T18:00:00+05:45,25.0,cap_25km,7,313,Chitwan,31304,Bharatpur,1,3130401,23.46,indari bajar;shree pasupsti patja;safal mane;seti;chamale big;Chameli Big Bazar;hatbazaar chautara;Hongkong Bazaar Lane;Putali Bazar;Big Bazaar Lane,MKT_00125;MKT_00126;MKT_00127;MKT_00128;MKT_00129;MKT_00130;MKT_01154;MKT_01155;MKT_01156;MKT_01157,10
RIV_070,70,East Rapti at Rajaiya,Narayani,27.44,84.97,312,31206,3120612,40826249,nearest,448.9,40826249,799.3,1,2026-10-08T18:07:13+05:45,2026-10-08T17:10:00+05:45,25.0,cap_25km,1,312,Makwanpur,31206,Hetauda,11,3120611,0.0,,,0
RIV_070,70,East Rapti at Rajaiya,Narayani,27.44,84.97,312,31206,3120612,40826249,nearest,448.9,40826249,799.3,1,2026-10-08T18:07:13+05:45,2026-10-08T17:10:00+05:45,25.0,cap_25km,2,312,Makwanpur,31206,Hetauda,12,3120612,0.395,,,0
RIV_070,70,East Rapti at Rajaiya,Narayani,27.44,84.97,312,31206,3120612,40826249,nearest,448.9,40826249,799.3,1,2026-10-08T18:07:13+05:45,2026-10-08T17:10:00+05:45,25.0,cap_25km,3,312,Makwanpur,31206,Hetauda,3,3120603,1.626,,,0
RIV_070,70,East Rapti at Rajaiya,Narayani,27.44,84.97,312,31206,3120612,40826249,nearest,448.9,40826249,799.3,1,2026-10-08T18:07:13+05:45,2026-10-08T17:10:00+05:45,25.0,cap_25km,4,312,Makwanpur,31205,Manahari,3,3120503,4.672,,,0
RIV_070,70,East Rapti at Rajaiya,Narayani,27.44,84.97,312,31206,3120612,40826249,nearest,448.9,40826249,799.3,1,2026-10-08T18:07:13+05:45,2026-10-08T17:10:00+05:45,25.0,cap_25km,5,312,Makwanpur,31206,Hetauda,19,3120619,4.705,,,0
RIV_070,70,East Rapti at Rajaiya,Narayani,27.44,84.97,312,31206,3120612,40826249,nearest,448.9,40826249,799.3,1,2026-10-08T18:07:13+05:45,2026-10-08T17:10:00+05:45,25.0,cap_25km,6,312,Makwanpur,31205,Manahari,9,3120509,10.14,,,0
RIV_070,70,East Rapti at Rajaiya,Narayani,27.44,84.97,312,31206,3120612,40826249,nearest,448.9,40826249,799.3,1,2026-10-08T18:07:13+05:45,2026-10-08T17:10:00+05:45,25.0,cap_25km,7,312,Makwanpur,31205,Manahari,5,3120505,11.806,,,0
RIV_071,71,Hinwa Khola at Pipletar,Koshi,27.295,87.21499,102,10207,1020704,40836344,nearest,150.1,40836344,62.2,0,2026-10-08T18:07:13+05:45,2026-10-08T17:50:00+05:45,25.0,cap_25km,1,102,Sankhuwasabha,10208,Chainapur,11,1020811,0.0,,,0
RIV_071,71,Hinwa Khola at Pipletar,Koshi,27.295,87.21499,102,10207,1020704,40836344,nearest,150.1,40836344,62.2,0,2026-10-08T18:07:13+05:45,2026-10-08T17:50:00+05:45,25.0,cap_25km,2,102,Sankhuwasabha,10206,Khandabari,9,1020609,1.296,,,0
RIV_071,71,Hinwa Khola at Pipletar,Koshi,27.295,87.21499,102,10207,1020704,40836344,nearest,150.1,40836344,62.2,0,2026-10-08T18:07:13+05:45,2026-10-08T17:50:00+05:45,25.0,cap_25km,3,106,Bhojpur,10601,Shadananda,12,1060112,1.947,,,0
RIV_071,71,Hinwa Khola at Pipletar,Koshi,27.295,87.21499,102,10207,1020704,40836344,nearest,150.1,40836344,62.2,0,2026-10-08T18:07:13+05:45,2026-10-08T17:50:00+05:45,25.0,cap_25km,4,106,Bhojpur,10605,Arun,1,1060501,5.566,,,0
RIV_071,71,Hinwa Khola at Pipletar,Koshi,27.295,87.21499,102,10207,1020704,40836344,nearest,150.1,40836344,62.2,0,2026-10-08T18:07:13+05:45,2026-10-08T17:50:00+05:45,25.0,cap_25km,5,106,Bhojpur,10605,Arun,4,1060504,9.547,,,0
RIV_071,71,Hinwa Khola at Pipletar,Koshi,27.295,87.21499,102,10207,1020704,40836344,nearest,150.1,40836344,62.2,0,2026-10-08T18:07:13+05:45,2026-10-08T17:50:00+05:45,25.0,cap_25km,6,102,Sankhuwasabha,10208,Chainapur,10,1020810,10.345,,,0
RIV_071,71,Hinwa Khola at Pipletar,Koshi,27.295,87.21499,102,10207,1020704,40836344,nearest,150.1,40836344,62.2,0,2026-10-08T18:07:13+05:45,2026-10-08T17:50:00+05:45,25.0,cap_25km,7,102,Sankhuwasabha,10210,Dharmadevi,8,1021008,12.091,,,0
RIV_071,71,Hinwa Khola at Pipletar,Koshi,27.295,87.21499,102,10207,1020704,40836344,nearest,150.1,40836344,62.2,0,2026-10-08T18:07:13+05:45,2026-10-08T17:50:00+05:45,25.0,cap_25km,8,106,Bhojpur,10605,Arun,6,1060506,15.811,,,0
RIV_071,71,Hinwa Khola at Pipletar,Koshi,27.295,87.21499,102,10207,1020704,40836344,nearest,150.1,40836344,62.2,0,2026-10-08T18:07:13+05:45,2026-10-08T17:50:00+05:45,25.0,cap_25km,9,107,Dhankuta,10701,Mahalaxmi,4,1070104,17.588,,,0
RIV_071,71,Hinwa Khola at Pipletar,Koshi,27.295,87.21499,102,10207,1020704,40836344,nearest,150.1,40836344,62.2,0,2026-10-08T18:07:13+05:45,2026-10-08T17:50:00+05:45,25.0,cap_25km,10,107,Dhankuta,10701,Mahalaxmi,5,1070105,21.173,,,0
RIV_072,72,Imja River at Pangboche,Koshi,27.8595819,86.7959486,103,10301,1030104,40798426,smallest_ge_min_1km,318.0,40798660,819.6,1,2026-10-08T18:07:13+05:45,2026-10-08T17:50:00+05:45,25.0,cap_25km,1,103,Solukhumbu,10301,Khumbu Pasanglhamu,4,1030104,0.0,,,0
RIV_072,72,Imja River at Pangboche,Koshi,27.8595819,86.7959486,103,10301,1030104,40798426,smallest_ge_min_1km,318.0,40798660,819.6,1,2026-10-08T18:07:13+05:45,2026-10-08T17:50:00+05:45,25.0,cap_25km,2,103,Solukhumbu,10301,Khumbu Pasanglhamu,5,1030105,14.445,[unnamed commercial landuse];नाम्चे बजार;Namche Bazar Helipad,MKT_00425;MKT_00838;MKT_00839,3
RIV_072,72,Imja River at Pangboche,Koshi,27.8595819,86.7959486,103,10301,1030104,40798426,smallest_ge_min_1km,318.0,40798660,819.6,1,2026-10-08T18:07:13+05:45,2026-10-08T17:50:00+05:45,25.0,cap_25km,3,103,Solukhumbu,10301,Khumbu Pasanglhamu,3,1030103,14.718,,,0
RIV_072,72,Imja River at Pangboche,Koshi,27.8595819,86.7959486,103,10301,1030104,40798426,smallest_ge_min_1km,318.0,40798660,819.6,1,2026-10-08T18:07:13+05:45,2026-10-08T17:50:00+05:45,25.0,cap_25km,4,103,Solukhumbu,10301,Khumbu Pasanglhamu,2,1030102,23.297,,,0
RIV_073,73,Lohare Khola at Dailekh,Karnali,28.815197,81.738498,606,60608,6060811,40740131,nearest,156.5,40740131,68.2,0,2026-10-08T18:07:13+05:45,2026-10-08T17:50:00+05:45,25.0,cap_25km,1,606,Dailekh,60608,Narayan,11,6060811,0.0,,,0
RIV_073,73,Lohare Khola at Dailekh,Karnali,28.815197,81.738498,606,60608,6060811,40740131,nearest,156.5,40740131,68.2,0,2026-10-08T18:07:13+05:45,2026-10-08T17:50:00+05:45,25.0,cap_25km,2,606,Dailekh,60608,Narayan,8,6060808,0.078,,,0
RIV_073,73,Lohare Khola at Dailekh,Karnali,28.815197,81.738498,606,60608,6060811,40740131,nearest,156.5,40740131,68.2,0,2026-10-08T18:07:13+05:45,2026-10-08T17:50:00+05:45,25.0,cap_25km,3,606,Dailekh,60608,Narayan,9,6060809,0.528,,,0
RIV_073,73,Lohare Khola at Dailekh,Karnali,28.815197,81.738498,606,60608,6060811,40740131,nearest,156.5,40740131,68.2,0,2026-10-08T18:07:13+05:45,2026-10-08T17:50:00+05:45,25.0,cap_25km,4,606,Dailekh,60609,Bhagawatimai,7,6060907,1.088,,,0
RIV_073,73,Lohare Khola at Dailekh,Karnali,28.815197,81.738498,606,60608,6060811,40740131,nearest,156.5,40740131,68.2,0,2026-10-08T18:07:13+05:45,2026-10-08T17:50:00+05:45,25.0,cap_25km,5,606,Dailekh,60610,Dungeshwor,2,6061002,1.506,,,0
RIV_073,73,Lohare Khola at Dailekh,Karnali,28.815197,81.738498,606,60608,6060811,40740131,nearest,156.5,40740131,68.2,0,2026-10-08T18:07:13+05:45,2026-10-08T17:50:00+05:45,25.0,cap_25km,6,606,Dailekh,60610,Dungeshwor,1,6061001,3.096,,,0
RIV_073,73,Lohare Khola at Dailekh,Karnali,28.815197,81.738498,606,60608,6060811,40740131,nearest,156.5,40740131,68.2,0,2026-10-08T18:07:13+05:45,2026-10-08T17:50:00+05:45,25.0,cap_25km,7,606,Dailekh,60607,Dullu,11,6060711,6.53,,,0
RIV_073,73,Lohare Khola at Dailekh,Karnali,28.815197,81.738498,606,60608,6060811,40740131,nearest,156.5,40740131,68.2,0,2026-10-08T18:07:13+05:45,2026-10-08T17:50:00+05:45,25.0,cap_25km,8,606,Dailekh,60607,Dullu,12,6060712,8.878,,,0
RIV_073,73,Lohare Khola at Dailekh,Karnali,28.815197,81.738498,606,60608,6060811,40740131,nearest,156.5,40740131,68.2,0,2026-10-08T18:07:13+05:45,2026-10-08T17:50:00+05:45,25.0,cap_25km,9,606,Dailekh,60610,Dungeshwor,6,6061006,11.67,,,0
RIV_073,73,Lohare Khola at Dailekh,Karnali,28.815197,81.738498,606,60608,6060811,40740131,nearest,156.5,40740131,68.2,0,2026-10-08T18:07:13+05:45,2026-10-08T17:50:00+05:45,25.0,cap_25km,10,606,Dailekh,60611,Gurans,4,6061104,13.067,,,0
RIV_073,73,Lohare Khola at Dailekh,Karnali,28.815197,81.738498,606,60608,6060811,40740131,nearest,156.5,40740131,68.2,0,2026-10-08T18:07:13+05:45,2026-10-08T17:50:00+05:45,25.0,cap_25km,11,606,Dailekh,60607,Dullu,13,6060713,14.755,,,0
RIV_073,73,Lohare Khola at Dailekh,Karnali,28.815197,81.738498,606,60608,6060811,40740131,nearest,156.5,40740131,68.2,0,2026-10-08T18:07:13+05:45,2026-10-08T17:50:00+05:45,25.0,cap_25km,12,606,Dailekh,60611,Gurans,2,6061102,17.372,,,0
RIV_073,73,Lohare Khola at Dailekh,Karnali,28.815197,81.738498,606,60608,6060811,40740131,nearest,156.5,40740131,68.2,0,2026-10-08T18:07:13+05:45,2026-10-08T17:50:00+05:45,25.0,cap_25km,13,606,Dailekh,60607,Dullu,6,6060706,20.796,,,0
RIV_073,73,Lohare Khola at Dailekh,Karnali,28.815197,81.738498,606,60608,6060811,40740131,nearest,156.5,40740131,68.2,0,2026-10-08T18:07:13+05:45,2026-10-08T17:50:00+05:45,25.0,cap_25km,14,606,Dailekh,60607,Dullu,1,6060701,21.714,,,0
RIV_073,73,Lohare Khola at Dailekh,Karnali,28.815197,81.738498,606,60608,6060811,40740131,nearest,156.5,40740131,68.2,0,2026-10-08T18:07:13+05:45,2026-10-08T17:50:00+05:45,25.0,cap_25km,15,707,Achham,70710,Turmakhand,1,7071001,22.696,,,0
RIV_078,78,Daaram Khola at Wamitaksar,Narayani,28.18981,83.279398,504,50404,5040407,40777728,nearest,335.8,40777728,152.9,0,2026-10-08T18:07:13+05:45,2026-10-08T17:00:00+05:45,25.0,cap_25km,1,504,Gulmi,50404,Musikot,7,5040407,0.0,,,0
RIV_078,78,Daaram Khola at Wamitaksar,Narayani,28.18981,83.279398,504,50404,5040407,40777728,nearest,335.8,40777728,152.9,0,2026-10-08T18:07:13+05:45,2026-10-08T17:00:00+05:45,25.0,cap_25km,2,504,Gulmi,50404,Musikot,3,5040403,2.462,,,0
RIV_078,78,Daaram Khola at Wamitaksar,Narayani,28.18981,83.279398,504,50404,5040407,40777728,nearest,335.8,40777728,152.9,0,2026-10-08T18:07:13+05:45,2026-10-08T17:00:00+05:45,25.0,cap_25km,3,504,Gulmi,50404,Musikot,4,5040404,2.668,,,0
RIV_078,78,Daaram Khola at Wamitaksar,Narayani,28.18981,83.279398,504,50404,5040407,40777728,nearest,335.8,40777728,152.9,0,2026-10-08T18:07:13+05:45,2026-10-08T17:00:00+05:45,25.0,cap_25km,4,504,Gulmi,50404,Musikot,6,5040406,4.406,,,0
RIV_078,78,Daaram Khola at Wamitaksar,Narayani,28.18981,83.279398,504,50404,5040407,40777728,nearest,335.8,40777728,152.9,0,2026-10-08T18:07:13+05:45,2026-10-08T17:00:00+05:45,25.0,cap_25km,5,504,Gulmi,50404,Musikot,5,5040405,7.113,,,0
RIV_078,78,Daaram Khola at Wamitaksar,Narayani,28.18981,83.279398,504,50404,5040407,40777728,nearest,335.8,40777728,152.9,0,2026-10-08T18:07:13+05:45,2026-10-08T17:00:00+05:45,25.0,cap_25km,6,504,Gulmi,50409,Resunga,14,5040914,9.414,,,0
RIV_078,78,Daaram Khola at Wamitaksar,Narayani,28.18981,83.279398,504,50404,5040407,40777728,nearest,335.8,40777728,152.9,0,2026-10-08T18:07:13+05:45,2026-10-08T17:00:00+05:45,25.0,cap_25km,7,504,Gulmi,50410,Gulmi Durbar,1,5041001,10.176,,,0
RIV_078,78,Daaram Khola at Wamitaksar,Narayani,28.18981,83.279398,504,50404,5040407,40777728,nearest,335.8,40777728,152.9,0,2026-10-08T18:07:13+05:45,2026-10-08T17:00:00+05:45,25.0,cap_25km,8,504,Gulmi,50403,Chandrakot,8,5040308,11.618,नापी कार्यालय मजुवाबजार,MKT_01279,1
RIV_078,78,Daaram Khola at Wamitaksar,Narayani,28.18981,83.279398,504,50404,5040407,40777728,nearest,335.8,40777728,152.9,0,2026-10-08T18:07:13+05:45,2026-10-08T17:00:00+05:45,25.0,cap_25km,9,504,Gulmi,50410,Gulmi Durbar,2,5041002,16.646,,,0
RIV_078,78,Daaram Khola at Wamitaksar,Narayani,28.18981,83.279398,504,50404,5040407,40777728,nearest,335.8,40777728,152.9,0,2026-10-08T18:07:13+05:45,2026-10-08T17:00:00+05:45,25.0,cap_25km,10,504,Gulmi,50403,Chandrakot,7,5040307,17.277,,,0
RIV_078,78,Daaram Khola at Wamitaksar,Narayani,28.18981,83.279398,504,50404,5040407,40777728,nearest,335.8,40777728,152.9,0,2026-10-08T18:07:13+05:45,2026-10-08T17:00:00+05:45,25.0,cap_25km,11,504,Gulmi,50411,Chhatrakot,1,5041101,19.546,,,0
RIV_078,78,Daaram Khola at Wamitaksar,Narayani,28.18981,83.279398,504,50404,5040407,40777728,nearest,335.8,40777728,152.9,0,2026-10-08T18:07:13+05:45,2026-10-08T17:00:00+05:45,25.0,cap_25km,12,504,Gulmi,50402,Satyawoti,7,5040207,20.984,,,0
RIV_078,78,Daaram Khola at Wamitaksar,Narayani,28.18981,83.279398,504,50404,5040407,40777728,nearest,335.8,40777728,152.9,0,2026-10-08T18:07:13+05:45,2026-10-08T17:00:00+05:45,25.0,cap_25km,13,504,Gulmi,50402,Satyawoti,6,5040206,21.089,,,0
RIV_080,80,Kabeli Khola at Taplejung,Koshi,27.2863,87.7233,101,10107,1010702,40836895,smallest_ge_min_1km,871.0,40836347,97.8,0,2026-10-08T18:07:13+05:45,2026-10-08T18:00:00+05:45,25.0,cap_25km,1,109,Panchthar,10902,Hilihan,2,1090202,0.0,,,0
RIV_080,80,Kabeli Khola at Taplejung,Koshi,27.2863,87.7233,101,10107,1010702,40836895,smallest_ge_min_1km,871.0,40836347,97.8,0,2026-10-08T18:07:13+05:45,2026-10-08T18:00:00+05:45,25.0,cap_25km,2,101,Taplejung,10107,Yangwarak,1,1010701,1.426,,,0
RIV_080,80,Kabeli Khola at Taplejung,Koshi,27.2863,87.7233,101,10107,1010702,40836895,smallest_ge_min_1km,871.0,40836347,97.8,0,2026-10-08T18:07:13+05:45,2026-10-08T18:00:00+05:45,25.0,cap_25km,3,101,Taplejung,10105,Aatharai Tribeni,2,1010502,3.064,,,0
RIV_080,80,Kabeli Khola at Taplejung,Koshi,27.2863,87.7233,101,10107,1010702,40836895,smallest_ge_min_1km,871.0,40836347,97.8,0,2026-10-08T18:07:13+05:45,2026-10-08T18:00:00+05:45,25.0,cap_25km,4,101,Taplejung,10105,Aatharai Tribeni,1,1010501,4.963,,,0
RIV_080,80,Kabeli Khola at Taplejung,Koshi,27.2863,87.7233,101,10107,1010702,40836895,smallest_ge_min_1km,871.0,40836347,97.8,0,2026-10-08T18:07:13+05:45,2026-10-08T18:00:00+05:45,25.0,cap_25km,5,108,Tenhrathum,10801,Aatharai,4,1080104,8.038,"Nepal Bangladesh Bank, Sangranti Bazar",MKT_00888,1
RIV_080,80,Kabeli Khola at Taplejung,Koshi,27.2863,87.7233,101,10107,1010702,40836895,smallest_ge_min_1km,871.0,40836347,97.8,0,2026-10-08T18:07:13+05:45,2026-10-08T18:00:00+05:45,25.0,cap_25km,6,109,Panchthar,10902,Hilihan,1,1090201,12.426,,,0
RIV_080,80,Kabeli Khola at Taplejung,Koshi,27.2863,87.7233,101,10107,1010702,40836895,smallest_ge_min_1km,871.0,40836347,97.8,0,2026-10-08T18:07:13+05:45,2026-10-08T18:00:00+05:45,25.0,cap_25km,7,109,Panchthar,10902,Hilihan,4,1090204,12.484,,,0
RIV_080,80,Kabeli Khola at Taplejung,Koshi,27.2863,87.7233,101,10107,1010702,40836895,smallest_ge_min_1km,871.0,40836347,97.8,0,2026-10-08T18:07:13+05:45,2026-10-08T18:00:00+05:45,25.0,cap_25km,8,108,Tenhrathum,10801,Aatharai,5,1080105,12.56,,,0
RIV_080,80,Kabeli Khola at Taplejung,Koshi,27.2863,87.7233,101,10107,1010702,40836895,smallest_ge_min_1km,871.0,40836347,97.8,0,2026-10-08T18:07:13+05:45,2026-10-08T18:00:00+05:45,25.0,cap_25km,9,109,Panchthar,10902,Hilihan,5,1090205,15.723,,,0
RIV_080,80,Kabeli Khola at Taplejung,Koshi,27.2863,87.7233,101,10107,1010702,40836895,smallest_ge_min_1km,871.0,40836347,97.8,0,2026-10-08T18:07:13+05:45,2026-10-08T18:00:00+05:45,25.0,cap_25km,10,109,Panchthar,10902,Hilihan,7,1090207,17.031,,,0
RIV_080,80,Kabeli Khola at Taplejung,Koshi,27.2863,87.7233,101,10107,1010702,40836895,smallest_ge_min_1km,871.0,40836347,97.8,0,2026-10-08T18:07:13+05:45,2026-10-08T18:00:00+05:45,25.0,cap_25km,11,108,Tenhrathum,10801,Aatharai,6,1080106,20.811,,,0
RIV_087,87,Karnali at Asaraghat,Karnali,28.9528,81.4417,707,70710,7071003,40733069,nearest,20924.5,40733069,200.5,0,2026-10-08T18:07:13+05:45,2026-10-08T17:50:00+05:45,25.0,cap_25km,1,707,Achham,70710,Turmakhand,3,7071003,0.0,,,0
RIV_087,87,Karnali at Asaraghat,Karnali,28.9528,81.4417,707,70710,7071003,40733069,nearest,20924.5,40733069,200.5,0,2026-10-08T18:07:13+05:45,2026-10-08T17:50:00+05:45,25.0,cap_25km,2,606,Dailekh,60605,Aathbis,1,6060501,1.047,,,0
RIV_087,87,Karnali at Asaraghat,Karnali,28.9528,81.4417,707,70710,7071003,40733069,nearest,20924.5,40733069,200.5,0,2026-10-08T18:07:13+05:45,2026-10-08T17:50:00+05:45,25.0,cap_25km,3,606,Dailekh,60606,Chamunda Bindrasaini,7,6060607,6.317,,,0
RIV_087,87,Karnali at Asaraghat,Karnali,28.9528,81.4417,707,70710,7071003,40733069,nearest,20924.5,40733069,200.5,0,2026-10-08T18:07:13+05:45,2026-10-08T17:50:00+05:45,25.0,cap_25km,4,707,Achham,70710,Turmakhand,2,7071002,9.31,,,0
RIV_087,87,Karnali at Asaraghat,Karnali,28.9528,81.4417,707,70710,7071003,40733069,nearest,20924.5,40733069,200.5,0,2026-10-08T18:07:13+05:45,2026-10-08T17:50:00+05:45,25.0,cap_25km,5,606,Dailekh,60607,Dullu,3,6060703,13.327,,,0
RIV_087,87,Karnali at Asaraghat,Karnali,28.9528,81.4417,707,70710,7071003,40733069,nearest,20924.5,40733069,200.5,0,2026-10-08T18:07:13+05:45,2026-10-08T17:50:00+05:45,25.0,cap_25km,6,707,Achham,70710,Turmakhand,1,7071001,16.001,,,0
RIV_087,87,Karnali at Asaraghat,Karnali,28.9528,81.4417,707,70710,7071003,40733069,nearest,20924.5,40733069,200.5,0,2026-10-08T18:07:13+05:45,2026-10-08T17:50:00+05:45,25.0,cap_25km,7,606,Dailekh,60607,Dullu,2,6060702,18.44,,,0
RIV_087,87,Karnali at Asaraghat,Karnali,28.9528,81.4417,707,70710,7071003,40733069,nearest,20924.5,40733069,200.5,0,2026-10-08T18:07:13+05:45,2026-10-08T17:50:00+05:45,25.0,cap_25km,8,606,Dailekh,60607,Dullu,1,6060701,21.802,,,0
RIV_088,88,Arun River at Simle,Koshi,26.9233,87.1552,107,10705,1070501,40859623,nearest,30066.9,40859623,104.2,0,2026-10-08T18:07:13+05:45,2026-10-08T17:50:00+05:45,25.0,cap_25km,1,107,Dhankuta,10705,Khalsa Chhintang Sahidbhumi,1,1070501,0.0,,,0
RIV_088,88,Arun River at Simle,Koshi,26.9233,87.1552,107,10705,1070501,40859623,nearest,30066.9,40859623,104.2,0,2026-10-08T18:07:13+05:45,2026-10-08T17:50:00+05:45,25.0,cap_25km,2,114,Udaya Pur,11401,Belaka,7,1140107,1.482,,,0
RIV_088,88,Arun River at Simle,Koshi,26.9233,87.1552,107,10705,1070501,40859623,nearest,30066.9,40859623,104.2,0,2026-10-08T18:07:13+05:45,2026-10-08T17:50:00+05:45,25.0,cap_25km,3,107,Dhankuta,10706,Sangurigadhi,10,1070610,3.188,,,0
RIV_088,88,Arun River at Simle,Koshi,26.9233,87.1552,107,10705,1070501,40859623,nearest,30066.9,40859623,104.2,0,2026-10-08T18:07:13+05:45,2026-10-08T17:50:00+05:45,25.0,cap_25km,4,113,Sunsari,11302,Baraha,1,1130201,5.628,,,0
RIV_088,88,Arun River at Simle,Koshi,26.9233,87.1552,107,10705,1070501,40859623,nearest,30066.9,40859623,104.2,0,2026-10-08T18:07:13+05:45,2026-10-08T17:50:00+05:45,25.0,cap_25km,5,114,Udaya Pur,11401,Belaka,8,1140108,7.346,,,0
RIV_088,88,Arun River at Simle,Koshi,26.9233,87.1552,107,10705,1070501,40859623,nearest,30066.9,40859623,104.2,0,2026-10-08T18:07:13+05:45,2026-10-08T17:50:00+05:45,25.0,cap_25km,6,113,Sunsari,11302,Baraha,2,1130202,15.245,,,0
RIV_088,88,Arun River at Simle,Koshi,26.9233,87.1552,107,10705,1070501,40859623,nearest,30066.9,40859623,104.2,0,2026-10-08T18:07:13+05:45,2026-10-08T17:50:00+05:45,25.0,cap_25km,7,114,Udaya Pur,11401,Belaka,9,1140109,20.587,"Mirmire, Lalbazar",MKT_00929,1
RIV_088,88,Arun River at Simle,Koshi,26.9233,87.1552,107,10705,1070501,40859623,nearest,30066.9,40859623,104.2,0,2026-10-08T18:07:13+05:45,2026-10-08T17:50:00+05:45,25.0,cap_25km,8,113,Sunsari,11302,Baraha,6,1130206,22.992,[unnamed commercial landuse],MKT_00472,1
RIV_089,89,Dudh Koshi at Rabuwabazar,Koshi,27.26,86.65,105,10503,1050303,40837990,override_main_stem,3867.3,40839093,492.1,0,2026-10-08T18:07:13+05:45,2026-10-08T12:20:00+05:45,25.0,cap_25km,1,104,Okhaldhunga,10401,Chishankhu Gadhi,6,1040106,0.0,,,0
RIV_089,89,Dudh Koshi at Rabuwabazar,Koshi,27.26,86.65,105,10503,1050303,40837990,override_main_stem,3867.3,40839093,492.1,0,2026-10-08T18:07:13+05:45,2026-10-08T12:20:00+05:45,25.0,cap_25km,2,105,Khotang,10503,Lamidanda,3,1050303,0.729,,,0
RIV_089,89,Dudh Koshi at Rabuwabazar,Koshi,27.26,86.65,105,10503,1050303,40837990,override_main_stem,3867.3,40839093,492.1,0,2026-10-08T18:07:13+05:45,2026-10-08T12:20:00+05:45,25.0,cap_25km,3,104,Okhaldhunga,10402,Siddhicharan,1,1040201,2.212,,,0
RIV_089,89,Dudh Koshi at Rabuwabazar,Koshi,27.26,86.65,105,10503,1050303,40837990,override_main_stem,3867.3,40839093,492.1,0,2026-10-08T18:07:13+05:45,2026-10-08T12:20:00+05:45,25.0,cap_25km,4,105,Khotang,10504,Halesi Tuwachung,9,1050409,4.771,,,0
RIV_089,89,Dudh Koshi at Rabuwabazar,Koshi,27.26,86.65,105,10503,1050303,40837990,override_main_stem,3867.3,40839093,492.1,0,2026-10-08T18:07:13+05:45,2026-10-08T12:20:00+05:45,25.0,cap_25km,5,105,Khotang,10504,Halesi Tuwachung,6,1050406,9.175,,,0
RIV_089,89,Dudh Koshi at Rabuwabazar,Koshi,27.26,86.65,105,10503,1050303,40837990,override_main_stem,3867.3,40839093,492.1,0,2026-10-08T18:07:13+05:45,2026-10-08T12:20:00+05:45,25.0,cap_25km,6,105,Khotang,10504,Halesi Tuwachung,4,1050404,11.496,,,0
RIV_089,89,Dudh Koshi at Rabuwabazar,Koshi,27.26,86.65,105,10503,1050303,40837990,override_main_stem,3867.3,40839093,492.1,0,2026-10-08T18:07:13+05:45,2026-10-08T12:20:00+05:45,25.0,cap_25km,7,104,Okhaldhunga,10408,Manebhanjyang,1,1040801,12.122,,,0
RIV_089,89,Dudh Koshi at Rabuwabazar,Koshi,27.26,86.65,105,10503,1050303,40837990,override_main_stem,3867.3,40839093,492.1,0,2026-10-08T18:07:13+05:45,2026-10-08T12:20:00+05:45,25.0,cap_25km,8,104,Okhaldhunga,10408,Manebhanjyang,2,1040802,15.292,,,0
RIV_089,89,Dudh Koshi at Rabuwabazar,Koshi,27.26,86.65,105,10503,1050303,40837990,override_main_stem,3867.3,40839093,492.1,0,2026-10-08T18:07:13+05:45,2026-10-08T12:20:00+05:45,25.0,cap_25km,9,104,Okhaldhunga,10408,Manebhanjyang,3,1040803,17.162,,,0
RIV_089,89,Dudh Koshi at Rabuwabazar,Koshi,27.26,86.65,105,10503,1050303,40837990,override_main_stem,3867.3,40839093,492.1,0,2026-10-08T18:07:13+05:45,2026-10-08T12:20:00+05:45,25.0,cap_25km,10,105,Khotang,10504,Halesi Tuwachung,3,1050403,17.614,,,0
RIV_089,89,Dudh Koshi at Rabuwabazar,Koshi,27.26,86.65,105,10503,1050303,40837990,override_main_stem,3867.3,40839093,492.1,0,2026-10-08T18:07:13+05:45,2026-10-08T12:20:00+05:45,25.0,cap_25km,11,105,Khotang,10504,Halesi Tuwachung,1,1050401,18.796,,,0
RIV_089,89,Dudh Koshi at Rabuwabazar,Koshi,27.26,86.65,105,10503,1050303,40837990,override_main_stem,3867.3,40839093,492.1,0,2026-10-08T18:07:13+05:45,2026-10-08T12:20:00+05:45,25.0,cap_25km,12,104,Okhaldhunga,10408,Manebhanjyang,6,1040806,21.878,,,0
RIV_091,91,Bhote Koshi at Bahrabise,Koshi,27.786773,85.899324,302,30209,3020904,40803784,nearest,2382.3,40803784,138.7,0,2026-10-08T18:07:13+05:45,2026-10-08T17:40:00+05:45,25.0,cap_25km,1,302,Sindhupalchok,30209,Bahrabise,9,3020909,0.0,,,0
RIV_091,91,Bhote Koshi at Bahrabise,Koshi,27.786773,85.899324,302,30209,3020904,40803784,nearest,2382.3,40803784,138.7,0,2026-10-08T18:07:13+05:45,2026-10-08T17:40:00+05:45,25.0,cap_25km,2,302,Sindhupalchok,30210,Tripurasundari,3,3021003,2.873,,,0
RIV_091,91,Bhote Koshi at Bahrabise,Koshi,27.786773,85.899324,302,30209,3020904,40803784,nearest,2382.3,40803784,138.7,0,2026-10-08T18:07:13+05:45,2026-10-08T17:40:00+05:45,25.0,cap_25km,3,302,Sindhupalchok,30208,Balephi,8,3020808,3.525,,,0
RIV_091,91,Bhote Koshi at Bahrabise,Koshi,27.786773,85.899324,302,30209,3020904,40803784,nearest,2382.3,40803784,138.7,0,2026-10-08T18:07:13+05:45,2026-10-08T17:40:00+05:45,25.0,cap_25km,4,302,Sindhupalchok,30210,Tripurasundari,6,3021006,3.554,,,0
RIV_091,91,Bhote Koshi at Bahrabise,Koshi,27.786773,85.899324,302,30209,3020904,40803784,nearest,2382.3,40803784,138.7,0,2026-10-08T18:07:13+05:45,2026-10-08T17:40:00+05:45,25.0,cap_25km,5,302,Sindhupalchok,30212,Sunkoshi,7,3021207,6.482,,,0
RIV_091,91,Bhote Koshi at Bahrabise,Koshi,27.786773,85.899324,302,30209,3020904,40803784,nearest,2382.3,40803784,138.7,0,2026-10-08T18:07:13+05:45,2026-10-08T17:40:00+05:45,25.0,cap_25km,6,302,Sindhupalchok,30208,Balephi,7,3020807,7.432,,,0
RIV_091,91,Bhote Koshi at Bahrabise,Koshi,27.786773,85.899324,302,30209,3020904,40803784,nearest,2382.3,40803784,138.7,0,2026-10-08T18:07:13+05:45,2026-10-08T17:40:00+05:45,25.0,cap_25km,7,302,Sindhupalchok,30208,Balephi,6,3020806,9.26,,,0
RIV_091,91,Bhote Koshi at Bahrabise,Koshi,27.786773,85.899324,302,30209,3020904,40803784,nearest,2382.3,40803784,138.7,0,2026-10-08T18:07:13+05:45,2026-10-08T17:40:00+05:45,25.0,cap_25km,8,302,Sindhupalchok,30208,Balephi,5,3020805,9.571,,,0
RIV_091,91,Bhote Koshi at Bahrabise,Koshi,27.786773,85.899324,302,30209,3020904,40803784,nearest,2382.3,40803784,138.7,0,2026-10-08T18:07:13+05:45,2026-10-08T17:40:00+05:45,25.0,cap_25km,9,302,Sindhupalchok,30212,Sunkoshi,6,3021206,12.109,,,0
RIV_091,91,Bhote Koshi at Bahrabise,Koshi,27.786773,85.899324,302,30209,3020904,40803784,nearest,2382.3,40803784,138.7,0,2026-10-08T18:07:13+05:45,2026-10-08T17:40:00+05:45,25.0,cap_25km,10,302,Sindhupalchok,30212,Sunkoshi,4,3021204,12.988,,,0
RIV_091,91,Bhote Koshi at Bahrabise,Koshi,27.786773,85.899324,302,30209,3020904,40803784,nearest,2382.3,40803784,138.7,0,2026-10-08T18:07:13+05:45,2026-10-08T17:40:00+05:45,25.0,cap_25km,11,302,Sindhupalchok,30207,Choutara Sangachowkgadhi,9,3020709,15.163,,,0
RIV_091,91,Bhote Koshi at Bahrabise,Koshi,27.786773,85.899324,302,30209,3020904,40803784,nearest,2382.3,40803784,138.7,0,2026-10-08T18:07:13+05:45,2026-10-08T17:40:00+05:45,25.0,cap_25km,12,302,Sindhupalchok,30212,Sunkoshi,3,3021203,16.729,,,0
RIV_091,91,Bhote Koshi at Bahrabise,Koshi,27.786773,85.899324,302,30209,3020904,40803784,nearest,2382.3,40803784,138.7,0,2026-10-08T18:07:13+05:45,2026-10-08T17:40:00+05:45,25.0,cap_25km,13,302,Sindhupalchok,30207,Choutara Sangachowkgadhi,10,3020710,20.619,,,0
RIV_091,91,Bhote Koshi at Bahrabise,Koshi,27.786773,85.899324,302,30209,3020904,40803784,nearest,2382.3,40803784,138.7,0,2026-10-08T18:07:13+05:45,2026-10-08T17:40:00+05:45,25.0,cap_25km,14,302,Sindhupalchok,30207,Choutara Sangachowkgadhi,12,3020712,21.027,,,0
RIV_091,91,Bhote Koshi at Bahrabise,Koshi,27.786773,85.899324,302,30209,3020904,40803784,nearest,2382.3,40803784,138.7,0,2026-10-08T18:07:13+05:45,2026-10-08T17:40:00+05:45,25.0,cap_25km,15,302,Sindhupalchok,30207,Choutara Sangachowkgadhi,11,3020711,23.351,,,0
RIV_091,91,Bhote Koshi at Bahrabise,Koshi,27.786773,85.899324,302,30209,3020904,40803784,nearest,2382.3,40803784,138.7,0,2026-10-08T18:07:13+05:45,2026-10-08T17:40:00+05:45,25.0,cap_25km,16,309,Kavrepalanchok,30902,Bhumlu,1,3090201,23.5,,,0
RIV_092,92,Seti Gandaki at Damauli,Narayani,27.964496,84.263371,407,40702,4070205,40792702,nearest,1517.9,40792702,82.8,0,2026-10-08T18:07:13+05:45,2026-10-08T17:50:00+05:45,25.0,cap_25km,1,407,Tanahu,40707,Rhishing,1,4070701,0.0,,,0
RIV_092,92,Seti Gandaki at Damauli,Narayani,27.964496,84.263371,407,40702,4070205,40792702,nearest,1517.9,40792702,82.8,0,2026-10-08T18:07:13+05:45,2026-10-08T17:50:00+05:45,25.0,cap_25km,2,407,Tanahu,40702,Byas,3,4070203,0.686,,,0
RIV_092,92,Seti Gandaki at Damauli,Narayani,27.964496,84.263371,407,40702,4070205,40792702,nearest,1517.9,40792702,82.8,0,2026-10-08T18:07:13+05:45,2026-10-08T17:50:00+05:45,25.0,cap_25km,3,407,Tanahu,40702,Byas,13,4070213,2.28,,,0
RIV_092,92,Seti Gandaki at Damauli,Narayani,27.964496,84.263371,407,40702,4070205,40792702,nearest,1517.9,40792702,82.8,0,2026-10-08T18:07:13+05:45,2026-10-08T17:50:00+05:45,25.0,cap_25km,4,407,Tanahu,40702,Byas,14,4070214,9.031,,,0
RIV_092,92,Seti Gandaki at Damauli,Narayani,27.964496,84.263371,407,40702,4070205,40792702,nearest,1517.9,40792702,82.8,0,2026-10-08T18:07:13+05:45,2026-10-08T17:50:00+05:45,25.0,cap_25km,5,407,Tanahu,40707,Rhishing,3,4070703,10.477,,,0
RIV_092,92,Seti Gandaki at Damauli,Narayani,27.964496,84.263371,407,40702,4070205,40792702,nearest,1517.9,40792702,82.8,0,2026-10-08T18:07:13+05:45,2026-10-08T17:50:00+05:45,25.0,cap_25km,6,407,Tanahu,40708,Devghat,3,4070803,15.257,,,0
RIV_092,92,Seti Gandaki at Damauli,Narayani,27.964496,84.263371,407,40702,4070205,40792702,nearest,1517.9,40792702,82.8,0,2026-10-08T18:07:13+05:45,2026-10-08T17:50:00+05:45,25.0,cap_25km,7,407,Tanahu,40709,Bandipur,6,4070906,15.883,,,0
RIV_092,92,Seti Gandaki at Damauli,Narayani,27.964496,84.263371,407,40702,4070205,40792702,nearest,1517.9,40792702,82.8,0,2026-10-08T18:07:13+05:45,2026-10-08T17:50:00+05:45,25.0,cap_25km,8,407,Tanahu,40708,Devghat,4,4070804,23.384,,,0
RIV_094,94,Nakkhu at Bungmati,Bagmati,27.650902,85.312493,308,30802,3080214,40817498,nearest,57.3,40817498,206.3,0,2026-10-08T18:07:13+05:45,2026-10-08T17:50:00+05:45,25.0,cap_25km,1,308,Lalitpur,30802,Lalitpur,14,3080214,0.0,,,0
RIV_094,94,Nakkhu at Bungmati,Bagmati,27.650902,85.312493,308,30802,3080214,40817498,nearest,57.3,40817498,206.3,0,2026-10-08T18:07:13+05:45,2026-10-08T17:50:00+05:45,25.0,cap_25km,2,308,Lalitpur,30802,Lalitpur,25,3080225,0.404,[unnamed marketplace];small street market,MKT_00115;MKT_00401,2
RIV_094,94,Nakkhu at Bungmati,Bagmati,27.650902,85.312493,308,30802,3080214,40817498,nearest,57.3,40817498,206.3,0,2026-10-08T18:07:13+05:45,2026-10-08T17:50:00+05:45,25.0,cap_25km,3,308,Lalitpur,30802,Lalitpur,13,3080213,0.892,Land Rovers Overland;नख्खु  बजार,MKT_00711;MKT_01100,2
RIV_094,94,Nakkhu at Bungmati,Bagmati,27.650902,85.312493,308,30802,3080214,40817498,nearest,57.3,40817498,206.3,0,2026-10-08T18:07:13+05:45,2026-10-08T17:50:00+05:45,25.0,cap_25km,4,308,Lalitpur,30802,Lalitpur,4,3080204,1.758,miraze enterprises;Ara Apparels;Shaligram Village Complex & Nirvana Wellness Centre,MKT_00112;MKT_00397;MKT_00707,3
RIV_094,94,Nakkhu at Bungmati,Bagmati,27.650902,85.312493,308,30802,3080214,40817498,nearest,57.3,40817498,206.3,0,2026-10-08T18:07:13+05:45,2026-10-08T17:50:00+05:45,25.0,cap_25km,5,308,Lalitpur,30802,Lalitpur,18,3080218,2.201,RB Genreral Store;Sudhima's Nursery,MKT_00399;MKT_00714,2
RIV_094,94,Nakkhu at Bungmati,Bagmati,27.650902,85.312493,308,30802,3080214,40817498,nearest,57.3,40817498,206.3,0,2026-10-08T18:07:13+05:45,2026-10-08T17:50:00+05:45,25.0,cap_25km,6,306,Kathmandu,30609,Kirtipur,6,3060906,2.852,Tarkari bajar;N.B store,MKT_00098;MKT_00099,2
RIV_094,94,Nakkhu at Bungmati,Bagmati,27.650902,85.312493,308,30802,3080214,40817498,nearest,57.3,40817498,206.3,0,2026-10-08T18:07:13+05:45,2026-10-08T17:50:00+05:45,25.0,cap_25km,7,308,Lalitpur,30802,Lalitpur,21,3080221,3.927,,,0
RIV_094,94,Nakkhu at Bungmati,Bagmati,27.650902,85.312493,308,30802,3080214,40817498,nearest,57.3,40817498,206.3,0,2026-10-08T18:07:13+05:45,2026-10-08T17:50:00+05:45,25.0,cap_25km,8,306,Kathmandu,30611,Dakshinkali,1,3061101,6.552,,,0
RIV_094,94,Nakkhu at Bungmati,Bagmati,27.650902,85.312493,308,30802,3080214,40817498,nearest,57.3,40817498,206.3,0,2026-10-08T18:07:13+05:45,2026-10-08T17:50:00+05:45,25.0,cap_25km,9,306,Kathmandu,30611,Dakshinkali,2,3061102,6.774,,,0
RIV_094,94,Nakkhu at Bungmati,Bagmati,27.650902,85.312493,308,30802,3080214,40817498,nearest,57.3,40817498,206.3,0,2026-10-08T18:07:13+05:45,2026-10-08T17:50:00+05:45,25.0,cap_25km,10,308,Lalitpur,30802,Lalitpur,22,3080222,6.977,[unnamed retail landuse],MKT_00400,1
RIV_094,94,Nakkhu at Bungmati,Bagmati,27.650902,85.312493,308,30802,3080214,40817498,nearest,57.3,40817498,206.3,0,2026-10-08T18:07:13+05:45,2026-10-08T17:50:00+05:45,25.0,cap_25km,11,308,Lalitpur,30803,Godawari,8,3080308,10.243,,,0
RIV_094,94,Nakkhu at Bungmati,Bagmati,27.650902,85.312493,308,30802,3080214,40817498,nearest,57.3,40817498,206.3,0,2026-10-08T18:07:13+05:45,2026-10-08T17:50:00+05:45,25.0,cap_25km,12,306,Kathmandu,30611,Dakshinkali,7,3061107,11.531,,,0
RIV_094,94,Nakkhu at Bungmati,Bagmati,27.650902,85.312493,308,30802,3080214,40817498,nearest,57.3,40817498,206.3,0,2026-10-08T18:07:13+05:45,2026-10-08T17:50:00+05:45,25.0,cap_25km,13,306,Kathmandu,30611,Dakshinkali,8,3061108,12.082,,,0
RIV_094,94,Nakkhu at Bungmati,Bagmati,27.650902,85.312493,308,30802,3080214,40817498,nearest,57.3,40817498,206.3,0,2026-10-08T18:07:13+05:45,2026-10-08T17:50:00+05:45,25.0,cap_25km,14,308,Lalitpur,30803,Godawari,7,3080307,12.955,,,0
RIV_094,94,Nakkhu at Bungmati,Bagmati,27.650902,85.312493,308,30802,3080214,40817498,nearest,57.3,40817498,206.3,0,2026-10-08T18:07:13+05:45,2026-10-08T17:50:00+05:45,25.0,cap_25km,15,312,Makwanpur,31201,Indrasarowar,3,3120103,15.514,,,0
RIV_094,94,Nakkhu at Bungmati,Bagmati,27.650902,85.312493,308,30802,3080214,40817498,nearest,57.3,40817498,206.3,0,2026-10-08T18:07:13+05:45,2026-10-08T17:50:00+05:45,25.0,cap_25km,16,308,Lalitpur,30806,Bagmati,1,3080601,17.464,,,0
RIV_094,94,Nakkhu at Bungmati,Bagmati,27.650902,85.312493,308,30802,3080214,40817498,nearest,57.3,40817498,206.3,0,2026-10-08T18:07:13+05:45,2026-10-08T17:50:00+05:45,25.0,cap_25km,17,308,Lalitpur,30806,Bagmati,2,3080602,22.984,,,0
RIV_094,94,Nakkhu at Bungmati,Bagmati,27.650902,85.312493,308,30802,3080214,40817498,nearest,57.3,40817498,206.3,0,2026-10-08T18:07:13+05:45,2026-10-08T17:50:00+05:45,25.0,cap_25km,18,312,Makwanpur,31207,Bhimphedi,8,3120708,23.371,,,0
RIV_095,95,Chamelia at Karkale Gaun,Mahakali,29.668,80.56,704,70401,7040105,40699020,nearest,1190.4,40699020,547.4,1,2026-10-08T18:07:13+05:45,2026-10-08T17:50:00+05:45,25.0,cap_25km,1,704,Baitadi,70401,Dilasaini,5,7040105,0.0,mini gokule setigaun,MKT_00345,1
RIV_095,95,Chamelia at Karkale Gaun,Mahakali,29.668,80.56,704,70401,7040105,40699020,nearest,1190.4,40699020,547.4,1,2026-10-08T18:07:13+05:45,2026-10-08T17:50:00+05:45,25.0,cap_25km,2,703,Darchula,70307,Shailyashikhar,9,7030709,0.011,,,0
RIV_095,95,Chamelia at Karkale Gaun,Mahakali,29.668,80.56,704,70401,7040105,40699020,nearest,1190.4,40699020,547.4,1,2026-10-08T18:07:13+05:45,2026-10-08T17:50:00+05:45,25.0,cap_25km,3,704,Baitadi,70401,Dilasaini,6,7040106,4.844,,,0
RIV_095,95,Chamelia at Karkale Gaun,Mahakali,29.668,80.56,704,70401,7040105,40699020,nearest,1190.4,40699020,547.4,1,2026-10-08T18:07:13+05:45,2026-10-08T17:50:00+05:45,25.0,cap_25km,4,703,Darchula,70309,Lekam,1,7030901,5.227,,,0
RIV_095,95,Chamelia at Karkale Gaun,Mahakali,29.668,80.56,704,70401,7040105,40699020,nearest,1190.4,40699020,547.4,1,2026-10-08T18:07:13+05:45,2026-10-08T17:50:00+05:45,25.0,cap_25km,5,704,Baitadi,70402,Dogada Kedar,6,7040206,7.293,,,0
RIV_095,95,Chamelia at Karkale Gaun,Mahakali,29.668,80.56,704,70401,7040105,40699020,nearest,1190.4,40699020,547.4,1,2026-10-08T18:07:13+05:45,2026-10-08T17:50:00+05:45,25.0,cap_25km,6,703,Darchula,70309,Lekam,2,7030902,10.181,,,0
RIV_095,95,Chamelia at Karkale Gaun,Mahakali,29.668,80.56,704,70401,7040105,40699020,nearest,1190.4,40699020,547.4,1,2026-10-08T18:07:13+05:45,2026-10-08T17:50:00+05:45,25.0,cap_25km,7,704,Baitadi,70402,Dogada Kedar,5,7040205,12.276,,,0
RIV_095,95,Chamelia at Karkale Gaun,Mahakali,29.668,80.56,704,70401,7040105,40699020,nearest,1190.4,40699020,547.4,1,2026-10-08T18:07:13+05:45,2026-10-08T17:50:00+05:45,25.0,cap_25km,8,704,Baitadi,70405,Dasharathchand,6,7040506,14.805,,,0
RIV_095,95,Chamelia at Karkale Gaun,Mahakali,29.668,80.56,704,70401,7040105,40699020,nearest,1190.4,40699020,547.4,1,2026-10-08T18:07:13+05:45,2026-10-08T17:50:00+05:45,25.0,cap_25km,9,703,Darchula,70309,Lekam,3,7030903,15.304,,,0
RIV_095,95,Chamelia at Karkale Gaun,Mahakali,29.668,80.56,704,70401,7040105,40699020,nearest,1190.4,40699020,547.4,1,2026-10-08T18:07:13+05:45,2026-10-08T17:50:00+05:45,25.0,cap_25km,10,704,Baitadi,70405,Dasharathchand,8,7040508,23.047,,,0
RIV_096,96,Mahakali at Darchula (Dattu),mahakali,29.796,80.4215,703,70303,7030309,40694663,nearest,3557.4,40694663,213.4,0,2026-10-08T18:07:13+05:45,2026-10-08T17:50:00+05:45,25.0,cap_25km,1,703,Darchula,70303,Mahakali,9,7030309,0.577,,,0
RIV_096,96,Mahakali at Darchula (Dattu),mahakali,29.796,80.4215,703,70303,7030309,40694663,nearest,3557.4,40694663,213.4,0,2026-10-08T18:07:13+05:45,2026-10-08T17:50:00+05:45,25.0,cap_25km,2,703,Darchula,70308,Malikarjun,8,7030808,5.169,,,0
RIV_096,96,Mahakali at Darchula (Dattu),mahakali,29.796,80.4215,703,70303,7030309,40694663,nearest,3557.4,40694663,213.4,0,2026-10-08T18:07:13+05:45,2026-10-08T17:50:00+05:45,25.0,cap_25km,3,703,Darchula,70308,Malikarjun,7,7030807,6.043,,,0
RIV_096,96,Mahakali at Darchula (Dattu),mahakali,29.796,80.4215,703,70303,7030309,40694663,nearest,3557.4,40694663,213.4,0,2026-10-08T18:07:13+05:45,2026-10-08T17:50:00+05:45,25.0,cap_25km,4,703,Darchula,70308,Malikarjun,6,7030806,11.327,,,0
RIV_096,96,Mahakali at Darchula (Dattu),mahakali,29.796,80.4215,703,70303,7030309,40694663,nearest,3557.4,40694663,213.4,0,2026-10-08T18:07:13+05:45,2026-10-08T17:50:00+05:45,25.0,cap_25km,5,703,Darchula,70308,Malikarjun,5,7030805,17.419,,,0
RIV_096,96,Mahakali at Darchula (Dattu),mahakali,29.796,80.4215,703,70303,7030309,40694663,nearest,3557.4,40694663,213.4,0,2026-10-08T18:07:13+05:45,2026-10-08T17:50:00+05:45,25.0,cap_25km,6,703,Darchula,70309,Lekam,3,7030903,18.013,,,0
RIV_097,97,Bagmati River at Gaurighat,Bagmati,27.713,85.3497,306,30608,3060808,40810656,nearest,70.5,40810656,58.9,0,2026-10-08T18:07:13+05:45,2026-10-08T17:50:00+05:45,25.0,cap_25km,1,306,Kathmandu,30608,Kathmandu,8,3060808,0.0,Vegetable Market;Shree Agrawal Rudraksha Bhandar,MKT_00080;MKT_00388,2
RIV_097,97,Bagmati River at Gaurighat,Bagmati,27.713,85.3497,306,30608,3060808,40810656,nearest,70.5,40810656,58.9,0,2026-10-08T18:07:13+05:45,2026-10-08T17:50:00+05:45,25.0,cap_25km,2,306,Kathmandu,30608,Kathmandu,9,3060809,0.841,Private Parking;Balwa Roda Bikri Kendra,MKT_00664;MKT_00665,2
RIV_097,97,Bagmati River at Gaurighat,Bagmati,27.713,85.3497,306,30608,3060808,40810656,nearest,70.5,40810656,58.9,0,2026-10-08T18:07:13+05:45,2026-10-08T17:50:00+05:45,25.0,cap_25km,3,306,Kathmandu,30608,Kathmandu,31,3060831,2.211,InfoTechs Nepal;NAXA,MKT_00392;MKT_00687,2
RIV_097,97,Bagmati River at Gaurighat,Bagmati,27.713,85.3497,306,30608,3060808,40810656,nearest,70.5,40810656,58.9,0,2026-10-08T18:07:13+05:45,2026-10-08T17:50:00+05:45,25.0,cap_25km,4,306,Kathmandu,30608,Kathmandu,32,3060832,3.45,[unnamed marketplace];Pick And Save Store;SLS Suppliers;STORE;Car Workshop;[unnamed commercial landuse];[unnamed commercial landuse];Pratakchya Bazar Bewasaye Sangh;Hukka Bazar And Liquor Shop;Shree Laxmi Sweet And Chaat Pasal;Hongkong Bazar;Shree Ganesh Sweet and Chaat House;Gupta Chaat House;G.S Sweet and Chaat House;Special Panipuri Chaat Pasal;Manohara Tarkari Bazar;मनोहरा तरकारी बजार,MKT_00096;MKT_00393;MKT_00688;MKT_00689;MKT_00690;MKT_00691;MKT_00692;MKT_01059;MKT_01060;MKT_01061;MKT_01062;MKT_01063;MKT_01064;MKT_01065;MKT_01066;MKT_01067;MKT_01068,17
RIV_097,97,Bagmati River at Gaurighat,Bagmati,27.713,85.3497,306,30608,3060808,40810656,nearest,70.5,40810656,58.9,0,2026-10-08T18:07:13+05:45,2026-10-08T17:50:00+05:45,25.0,cap_25km,5,308,Lalitpur,30802,Lalitpur,9,3080209,4.783,Balkumari Banquet,MKT_00398,1
RIV_097,97,Bagmati River at Gaurighat,Bagmati,27.713,85.3497,306,30608,3060808,40810656,nearest,70.5,40810656,58.9,0,2026-10-08T18:07:13+05:45,2026-10-08T17:50:00+05:45,25.0,cap_25km,6,306,Kathmandu,30608,Kathmandu,10,3060810,5.39,एक्सप्रेस मार्ट;Mini Market;Rolling Plans;Bijulibazar Stop;Bijulibazar Tol Development Committee;Haatti Gaunda Marg;Bijulibazar Marg,MKT_00081;MKT_00389;MKT_00666;MKT_01017;MKT_01018;MKT_01019;MKT_01020,7
RIV_097,97,Bagmati River at Gaurighat,Bagmati,27.713,85.3497,306,30608,3060808,40810656,nearest,70.5,40810656,58.9,0,2026-10-08T18:07:13+05:45,2026-10-08T17:50:00+05:45,25.0,cap_25km,7,308,Lalitpur,30802,Lalitpur,11,3080211,5.93,[unnamed commercial landuse],MKT_00710,1
RIV_097,97,Bagmati River at Gaurighat,Bagmati,27.713,85.3497,306,30608,3060808,40810656,nearest,70.5,40810656,58.9,0,2026-10-08T18:07:13+05:45,2026-10-08T17:50:00+05:45,25.0,cap_25km,8,308,Lalitpur,30802,Lalitpur,10,3080210,6.086,,,0
RIV_097,97,Bagmati River at Gaurighat,Bagmati,27.713,85.3497,306,30608,3060808,40810656,nearest,70.5,40810656,58.9,0,2026-10-08T18:07:13+05:45,2026-10-08T17:50:00+05:45,25.0,cap_25km,9,306,Kathmandu,30608,Kathmandu,11,3060811,6.657,Bluebird Department Store;[unnamed commercial landuse];Nepal Food Corporation;[unnamed commercial landuse];Color Bazar;बिजुलिबजार पुल,MKT_00390;MKT_00667;MKT_00668;MKT_00669;MKT_01021;MKT_01022,6
RIV_097,97,Bagmati River at Gaurighat,Bagmati,27.713,85.3497,306,30608,3060808,40810656,nearest,70.5,40810656,58.9,0,2026-10-08T18:07:13+05:45,2026-10-08T17:50:00+05:45,25.0,cap_25km,10,308,Lalitpur,30802,Lalitpur,1,3080201,7.355,,,0
RIV_097,97,Bagmati River at Gaurighat,Bagmati,27.713,85.3497,306,30608,3060808,40810656,nearest,70.5,40810656,58.9,0,2026-10-08T18:07:13+05:45,2026-10-08T17:50:00+05:45,25.0,cap_25km,11,306,Kathmandu,30608,Kathmandu,12,3060812,8.288,Nepal Automobile Dealers Association,MKT_00670,1
RIV_097,97,Bagmati River at Gaurighat,Bagmati,27.713,85.3497,306,30608,3060808,40810656,nearest,70.5,40810656,58.9,0,2026-10-08T18:07:13+05:45,2026-10-08T17:50:00+05:45,25.0,cap_25km,12,308,Lalitpur,30802,Lalitpur,2,3080202,8.607,Lalitpur 5A Side Fotsal,MKT_00702,1
RIV_097,97,Bagmati River at Gaurighat,Bagmati,27.713,85.3497,306,30608,3060808,40810656,nearest,70.5,40810656,58.9,0,2026-10-08T18:07:13+05:45,2026-10-08T17:50:00+05:45,25.0,cap_25km,13,308,Lalitpur,30802,Lalitpur,3,3080203,9.591,किसान बजार;Nepal telecommunication (NTC);GUNA MULTIPURPOSE CO-OPERATIVE;UN Compound;[unnamed commercial landuse];पुल्चोकदेखि मङ्गलबजार सडक;पुल्चोक देखि मङ्गलबजार सडक;पुल्चोक-मङ्गलबजार सडक;पुल्चोकदेखि मङ्गलबजार सडक,MKT_00111;MKT_00703;MKT_00704;MKT_00705;MKT_00706;MKT_01089;MKT_01090;MKT_01091;MKT_01092,9
RIV_097,97,Bagmati River at Gaurighat,Bagmati,27.713,85.3497,306,30608,3060808,40810656,nearest,70.5,40810656,58.9,0,2026-10-08T18:07:13+05:45,2026-10-08T17:50:00+05:45,25.0,cap_25km,14,306,Kathmandu,30608,Kathmandu,14,3060814,10.002,Balkhu Vegetable and Fruits Market;TM Market;Rudra Market;[unnamed marketplace];Bhatbhateni Super Store (Kalanki);Success Tution Center;Stationary;Advanced College of Engineering and Management;Khasibazaar;Balkhu kris tatha tarkari bazar,MKT_00084;MKT_00085;MKT_00086;MKT_00087;MKT_00672;MKT_00673;MKT_00674;MKT_00675;MKT_01023;MKT_01024,10
RIV_097,97,Bagmati River at Gaurighat,Bagmati,27.713,85.3497,306,30608,3060808,40810656,nearest,70.5,40810656,58.9,0,2026-10-08T18:07:13+05:45,2026-10-08T17:50:00+05:45,25.0,cap_25km,15,306,Kathmandu,30609,Kirtipur,10,3060910,10.418,Naya Bazar;नयाँ बजार,MKT_01075;MKT_01076,2
RIV_097,97,Bagmati River at Gaurighat,Bagmati,27.713,85.3497,306,30608,3060808,40810656,nearest,70.5,40810656,58.9,0,2026-10-08T18:07:13+05:45,2026-10-08T17:50:00+05:45,25.0,cap_25km,16,308,Lalitpur,30802,Lalitpur,4,3080204,11.057,miraze enterprises;Ara Apparels;Shaligram Village Complex & Nirvana Wellness Centre,MKT_00112;MKT_00397;MKT_00707,3
RIV_097,97,Bagmati River at Gaurighat,Bagmati,27.713,85.3497,306,30608,3060808,40810656,nearest,70.5,40810656,58.9,0,2026-10-08T18:07:13+05:45,2026-10-08T17:50:00+05:45,25.0,cap_25km,17,306,Kathmandu,30609,Kirtipur,6,3060906,12.57,Tarkari bajar;N.B store,MKT_00098;MKT_00099,2
RIV_097,97,Bagmati River at Gaurighat,Bagmati,27.713,85.3497,306,30608,3060808,40810656,nearest,70.5,40810656,58.9,0,2026-10-08T18:07:13+05:45,2026-10-08T17:50:00+05:45,25.0,cap_25km,18,308,Lalitpur,30802,Lalitpur,18,3080218,13.163,RB Genreral Store;Sudhima's Nursery,MKT_00399;MKT_00714,2
RIV_097,97,Bagmati River at Gaurighat,Bagmati,27.713,85.3497,306,30608,3060808,40810656,nearest,70.5,40810656,58.9,0,2026-10-08T18:07:13+05:45,2026-10-08T17:50:00+05:45,25.0,cap_25km,19,308,Lalitpur,30802,Lalitpur,21,3080221,13.646,,,0
RIV_097,97,Bagmati River at Gaurighat,Bagmati,27.713,85.3497,306,30608,3060808,40810656,nearest,70.5,40810656,58.9,0,2026-10-08T18:07:13+05:45,2026-10-08T17:50:00+05:45,25.0,cap_25km,20,306,Kathmandu,30611,Dakshinkali,1,3061101,16.271,,,0
RIV_097,97,Bagmati River at Gaurighat,Bagmati,27.713,85.3497,306,30608,3060808,40810656,nearest,70.5,40810656,58.9,0,2026-10-08T18:07:13+05:45,2026-10-08T17:50:00+05:45,25.0,cap_25km,21,306,Kathmandu,30611,Dakshinkali,2,3061102,16.492,,,0
RIV_097,97,Bagmati River at Gaurighat,Bagmati,27.713,85.3497,306,30608,3060808,40810656,nearest,70.5,40810656,58.9,0,2026-10-08T18:07:13+05:45,2026-10-08T17:50:00+05:45,25.0,cap_25km,22,308,Lalitpur,30802,Lalitpur,22,3080222,16.695,[unnamed retail landuse],MKT_00400,1
RIV_097,97,Bagmati River at Gaurighat,Bagmati,27.713,85.3497,306,30608,3060808,40810656,nearest,70.5,40810656,58.9,0,2026-10-08T18:07:13+05:45,2026-10-08T17:50:00+05:45,25.0,cap_25km,23,308,Lalitpur,30803,Godawari,8,3080308,19.962,,,0
RIV_097,97,Bagmati River at Gaurighat,Bagmati,27.713,85.3497,306,30608,3060808,40810656,nearest,70.5,40810656,58.9,0,2026-10-08T18:07:13+05:45,2026-10-08T17:50:00+05:45,25.0,cap_25km,24,306,Kathmandu,30611,Dakshinkali,7,3061107,21.25,,,0
RIV_097,97,Bagmati River at Gaurighat,Bagmati,27.713,85.3497,306,30608,3060808,40810656,nearest,70.5,40810656,58.9,0,2026-10-08T18:07:13+05:45,2026-10-08T17:50:00+05:45,25.0,cap_25km,25,306,Kathmandu,30611,Dakshinkali,8,3061108,21.8,,,0
RIV_097,97,Bagmati River at Gaurighat,Bagmati,27.713,85.3497,306,30608,3060808,40810656,nearest,70.5,40810656,58.9,0,2026-10-08T18:07:13+05:45,2026-10-08T17:50:00+05:45,25.0,cap_25km,26,308,Lalitpur,30803,Godawari,7,3080307,22.673,,,0
RIV_098,98,Dordi Khola at Sherabeshi( Ambote bazar),Narayani,28.20302,84.45229,406,40601,4060104,40777184,nearest,286.9,40777184,20.3,0,2026-10-08T18:07:13+05:45,2026-10-08T17:50:00+05:45,25.0,cap_25km,1,406,Lamjung,40601,Dordi,4,4060104,0.0,,,0
RIV_098,98,Dordi Khola at Sherabeshi( Ambote bazar),Narayani,28.20302,84.45229,406,40601,4060104,40777184,nearest,286.9,40777184,20.3,0,2026-10-08T18:07:13+05:45,2026-10-08T17:50:00+05:45,25.0,cap_25km,2,406,Lamjung,40605,Bensi Shahar,11,4060511,0.022,,,0
RIV_098,98,Dordi Khola at Sherabeshi( Ambote bazar),Narayani,28.20302,84.45229,406,40601,4060104,40777184,nearest,286.9,40777184,20.3,0,2026-10-08T18:07:13+05:45,2026-10-08T17:50:00+05:45,25.0,cap_25km,3,406,Lamjung,40601,Dordi,3,4060103,1.481,,,0
RIV_098,98,Dordi Khola at Sherabeshi( Ambote bazar),Narayani,28.20302,84.45229,406,40601,4060104,40777184,nearest,286.9,40777184,20.3,0,2026-10-08T18:07:13+05:45,2026-10-08T17:50:00+05:45,25.0,cap_25km,4,406,Lamjung,40601,Dordi,2,4060102,4.318,,,0
RIV_098,98,Dordi Khola at Sherabeshi( Ambote bazar),Narayani,28.20302,84.45229,406,40601,4060104,40777184,nearest,286.9,40777184,20.3,0,2026-10-08T18:07:13+05:45,2026-10-08T17:50:00+05:45,25.0,cap_25km,5,406,Lamjung,40606,Sundarbazar,8,4060608,5.58,,,0
RIV_098,98,Dordi Khola at Sherabeshi( Ambote bazar),Narayani,28.20302,84.45229,406,40601,4060104,40777184,nearest,286.9,40777184,20.3,0,2026-10-08T18:07:13+05:45,2026-10-08T17:50:00+05:45,25.0,cap_25km,6,406,Lamjung,40601,Dordi,1,4060101,7.344,,,0
RIV_098,98,Dordi Khola at Sherabeshi( Ambote bazar),Narayani,28.20302,84.45229,406,40601,4060104,40777184,nearest,286.9,40777184,20.3,0,2026-10-08T18:07:13+05:45,2026-10-08T17:50:00+05:45,25.0,cap_25km,7,406,Lamjung,40606,Sundarbazar,9,4060609,8.511,,,0
RIV_098,98,Dordi Khola at Sherabeshi( Ambote bazar),Narayani,28.20302,84.45229,406,40601,4060104,40777184,nearest,286.9,40777184,20.3,0,2026-10-08T18:07:13+05:45,2026-10-08T17:50:00+05:45,25.0,cap_25km,8,406,Lamjung,40607,Rainas,8,4060708,9.134,,,0
RIV_098,98,Dordi Khola at Sherabeshi( Ambote bazar),Narayani,28.20302,84.45229,406,40601,4060104,40777184,nearest,286.9,40777184,20.3,0,2026-10-08T18:07:13+05:45,2026-10-08T17:50:00+05:45,25.0,cap_25km,9,406,Lamjung,40606,Sundarbazar,7,4060607,10.218,Paudi Bazar;Sundar Bazar Police station,MKT_01229;MKT_01230,2
RIV_098,98,Dordi Khola at Sherabeshi( Ambote bazar),Narayani,28.20302,84.45229,406,40601,4060104,40777184,nearest,286.9,40777184,20.3,0,2026-10-08T18:07:13+05:45,2026-10-08T17:50:00+05:45,25.0,cap_25km,10,407,Tanahu,40701,Bhanu,10,4070110,13.141,कालीमाटी बजार,MKT_01232,1
RIV_098,98,Dordi Khola at Sherabeshi( Ambote bazar),Narayani,28.20302,84.45229,406,40601,4060104,40777184,nearest,286.9,40777184,20.3,0,2026-10-08T18:07:13+05:45,2026-10-08T17:50:00+05:45,25.0,cap_25km,11,406,Lamjung,40607,Rainas,6,4060706,14.746,,,0
RIV_098,98,Dordi Khola at Sherabeshi( Ambote bazar),Narayani,28.20302,84.45229,406,40601,4060104,40777184,nearest,286.9,40777184,20.3,0,2026-10-08T18:07:13+05:45,2026-10-08T17:50:00+05:45,25.0,cap_25km,12,406,Lamjung,40607,Rainas,7,4060707,15.375,,,0
RIV_098,98,Dordi Khola at Sherabeshi( Ambote bazar),Narayani,28.20302,84.45229,406,40601,4060104,40777184,nearest,286.9,40777184,20.3,0,2026-10-08T18:07:13+05:45,2026-10-08T17:50:00+05:45,25.0,cap_25km,13,407,Tanahu,40701,Bhanu,9,4070109,16.772,,,0
RIV_098,98,Dordi Khola at Sherabeshi( Ambote bazar),Narayani,28.20302,84.45229,406,40601,4060104,40777184,nearest,286.9,40777184,20.3,0,2026-10-08T18:07:13+05:45,2026-10-08T17:50:00+05:45,25.0,cap_25km,14,407,Tanahu,40701,Bhanu,8,4070108,19.831,,,0
RIV_098,98,Dordi Khola at Sherabeshi( Ambote bazar),Narayani,28.20302,84.45229,406,40601,4060104,40777184,nearest,286.9,40777184,20.3,0,2026-10-08T18:07:13+05:45,2026-10-08T17:50:00+05:45,25.0,cap_25km,15,401,Gorkha,40108,Palungtar,5,4010805,20.058,पालुङटार बजार,MKT_01178,1
RIV_098,98,Dordi Khola at Sherabeshi( Ambote bazar),Narayani,28.20302,84.45229,406,40601,4060104,40777184,nearest,286.9,40777184,20.3,0,2026-10-08T18:07:13+05:45,2026-10-08T17:50:00+05:45,25.0,cap_25km,16,401,Gorkha,40108,Palungtar,6,4010806,23.208,Pouwatar Bazar,MKT_00136,1
RIV_098,98,Dordi Khola at Sherabeshi( Ambote bazar),Narayani,28.20302,84.45229,406,40601,4060104,40777184,nearest,286.9,40777184,20.3,0,2026-10-08T18:07:13+05:45,2026-10-08T17:50:00+05:45,25.0,cap_25km,17,407,Tanahu,40701,Bhanu,3,4070103,23.661,,,0
RIV_100,100,Budhi Gandaki at Aarughat,Narayani,28.046,84.816,401,40105,4010509,40786821,nearest,3861.5,40786821,61.3,0,2026-10-08T18:07:13+05:45,2026-10-08T17:40:00+05:45,25.0,cap_25km,1,304,Dhading,30404,Tripurasundari,1,3040401,0.0,,,0
RIV_100,100,Budhi Gandaki at Aarughat,Narayani,28.046,84.816,401,40105,4010509,40786821,nearest,3861.5,40786821,61.3,0,2026-10-08T18:07:13+05:45,2026-10-08T17:40:00+05:45,25.0,cap_25km,2,401,Gorkha,40105,Aarughat,9,4010509,0.449,,,0
RIV_100,100,Budhi Gandaki at Aarughat,Narayani,28.046,84.816,401,40105,4010509,40786821,nearest,3861.5,40786821,61.3,0,2026-10-08T18:07:13+05:45,2026-10-08T17:40:00+05:45,25.0,cap_25km,3,401,Gorkha,40106,Bhimsen,4,4010604,3.465,,,0
RIV_100,100,Budhi Gandaki at Aarughat,Narayani,28.046,84.816,401,40105,4010509,40786821,nearest,3861.5,40786821,61.3,0,2026-10-08T18:07:13+05:45,2026-10-08T17:40:00+05:45,25.0,cap_25km,4,304,Dhading,30404,Tripurasundari,2,3040402,8.36,,,0
RIV_100,100,Budhi Gandaki at Aarughat,Narayani,28.046,84.816,401,40105,4010509,40786821,nearest,3861.5,40786821,61.3,0,2026-10-08T18:07:13+05:45,2026-10-08T17:40:00+05:45,25.0,cap_25km,5,401,Gorkha,40106,Bhimsen,8,4010608,9.644,,,0
RIV_100,100,Budhi Gandaki at Aarughat,Narayani,28.046,84.816,401,40105,4010509,40786821,nearest,3861.5,40786821,61.3,0,2026-10-08T18:07:13+05:45,2026-10-08T17:40:00+05:45,25.0,cap_25km,6,401,Gorkha,40106,Bhimsen,7,4010607,13.754,,,0
RIV_100,100,Budhi Gandaki at Aarughat,Narayani,28.046,84.816,401,40105,4010509,40786821,nearest,3861.5,40786821,61.3,0,2026-10-08T18:07:13+05:45,2026-10-08T17:40:00+05:45,25.0,cap_25km,7,304,Dhading,30407,Jwalamukhi,7,3040707,13.998,,,0
RIV_100,100,Budhi Gandaki at Aarughat,Narayani,28.046,84.816,401,40105,4010509,40786821,nearest,3861.5,40786821,61.3,0,2026-10-08T18:07:13+05:45,2026-10-08T17:40:00+05:45,25.0,cap_25km,8,401,Gorkha,40110,Shahid Lakhan,9,4011009,16.911,,,0
RIV_100,100,Budhi Gandaki at Aarughat,Narayani,28.046,84.816,401,40105,4010509,40786821,nearest,3861.5,40786821,61.3,0,2026-10-08T18:07:13+05:45,2026-10-08T17:40:00+05:45,25.0,cap_25km,9,304,Dhading,30407,Jwalamukhi,5,3040705,17.767,,,0
RIV_100,100,Budhi Gandaki at Aarughat,Narayani,28.046,84.816,401,40105,4010509,40786821,nearest,3861.5,40786821,61.3,0,2026-10-08T18:07:13+05:45,2026-10-08T17:40:00+05:45,25.0,cap_25km,10,401,Gorkha,40111,Gandaki,3,4011103,18.736,,,0
RIV_100,100,Budhi Gandaki at Aarughat,Narayani,28.046,84.816,401,40105,4010509,40786821,nearest,3861.5,40786821,61.3,0,2026-10-08T18:07:13+05:45,2026-10-08T17:40:00+05:45,25.0,cap_25km,11,401,Gorkha,40111,Gandaki,4,4011104,21.734,,,0
RIV_100,100,Budhi Gandaki at Aarughat,Narayani,28.046,84.816,401,40105,4010509,40786821,nearest,3861.5,40786821,61.3,0,2026-10-08T18:07:13+05:45,2026-10-08T17:40:00+05:45,25.0,cap_25km,12,304,Dhading,30407,Jwalamukhi,1,3040701,22.611,,,0
RIV_102,102,Mahakali at Parigaon,Mahakali,29.1723,80.2606,705,70505,7050505,40722735,nearest,14562.7,40722735,17.9,0,2026-10-08T18:07:13+05:45,2026-10-08T18:00:00+05:45,21.546,left_nepal,1,705,Dadeldhura,70505,Parashuram,5,7050505,0.0,,,0
RIV_102,102,Mahakali at Parigaon,Mahakali,29.1723,80.2606,705,70505,7050505,40722735,nearest,14562.7,40722735,17.9,0,2026-10-08T18:07:13+05:45,2026-10-08T18:00:00+05:45,21.546,left_nepal,2,705,Dadeldhura,70505,Parashuram,6,7050506,3.521,,,0
RIV_102,102,Mahakali at Parigaon,Mahakali,29.1723,80.2606,705,70505,7050505,40722735,nearest,14562.7,40722735,17.9,0,2026-10-08T18:07:13+05:45,2026-10-08T18:00:00+05:45,21.546,left_nepal,3,709,Kanchanpur,70904,Bhimdatta,9,7090409,14.568,Barnideo Mandi,MKT_01503,1
RIV_104,104,Karnali at Chisapani,Karnali,28.65305556,81.28694444,708,70801,7080107,40754016,nearest,45720.5,40754016,258.9,0,2026-10-08T18:07:13+05:45,2026-10-08T18:00:00+05:45,25.0,cap_25km,1,708,Kailali,70807,Lamki Chuha,3,7080703,1.335,PalBazaar Sibir,MKT_01493,1
RIV_105,105,Trishuli Khola at Dhunche,Narayani,28.098163,85.318589,303,30301,3030106,40783391,nearest,58.1,40783391,6.3,0,2026-10-08T18:07:13+05:45,2026-10-08T17:50:00+05:45,25.0,cap_25km,1,303,Rasuwa,30301,Gosaikunda,6,3030106,0.0,,,0
RIV_105,105,Trishuli Khola at Dhunche,Narayani,28.098163,85.318589,303,30301,3030106,40783391,nearest,58.1,40783391,6.3,0,2026-10-08T18:07:13+05:45,2026-10-08T17:50:00+05:45,25.0,cap_25km,2,303,Rasuwa,30301,Gosaikunda,5,3030105,0.244,,,0
RIV_105,105,Trishuli Khola at Dhunche,Narayani,28.098163,85.318589,303,30301,3030106,40783391,nearest,58.1,40783391,6.3,0,2026-10-08T18:07:13+05:45,2026-10-08T17:50:00+05:45,25.0,cap_25km,3,303,Rasuwa,30302,Parbatikunda,2,3030202,5.383,,,0
RIV_105,105,Trishuli Khola at Dhunche,Narayani,28.098163,85.318589,303,30301,3030106,40783391,nearest,58.1,40783391,6.3,0,2026-10-08T18:07:13+05:45,2026-10-08T17:50:00+05:45,25.0,cap_25km,4,303,Rasuwa,30302,Parbatikunda,1,3030201,6.087,,,0
RIV_105,105,Trishuli Khola at Dhunche,Narayani,28.098163,85.318589,303,30301,3030106,40783391,nearest,58.1,40783391,6.3,0,2026-10-08T18:07:13+05:45,2026-10-08T17:50:00+05:45,25.0,cap_25km,5,303,Rasuwa,30303,Uttargaya,1,3030301,11.129,,,0
RIV_105,105,Trishuli Khola at Dhunche,Narayani,28.098163,85.318589,303,30301,3030106,40783391,nearest,58.1,40783391,6.3,0,2026-10-08T18:07:13+05:45,2026-10-08T17:50:00+05:45,25.0,cap_25km,6,303,Rasuwa,30304,Kalika,1,3030401,13.253,,,0
RIV_105,105,Trishuli Khola at Dhunche,Narayani,28.098163,85.318589,303,30301,3030106,40783391,nearest,58.1,40783391,6.3,0,2026-10-08T18:07:13+05:45,2026-10-08T17:50:00+05:45,25.0,cap_25km,7,303,Rasuwa,30303,Uttargaya,2,3030302,17.299,,,0
RIV_105,105,Trishuli Khola at Dhunche,Narayani,28.098163,85.318589,303,30301,3030106,40783391,nearest,58.1,40783391,6.3,0,2026-10-08T18:07:13+05:45,2026-10-08T17:50:00+05:45,25.0,cap_25km,8,303,Rasuwa,30303,Uttargaya,4,3030304,21.398,,,0
RIV_105,105,Trishuli Khola at Dhunche,Narayani,28.098163,85.318589,303,30301,3030106,40783391,nearest,58.1,40783391,6.3,0,2026-10-08T18:07:13+05:45,2026-10-08T17:50:00+05:45,25.0,cap_25km,9,305,Nuwakot,30505,Kispang,5,3050505,22.131,शान्ति बजार,MKT_01000,1
RIV_105,105,Trishuli Khola at Dhunche,Narayani,28.098163,85.318589,303,30301,3030106,40783391,nearest,58.1,40783391,6.3,0,2026-10-08T18:07:13+05:45,2026-10-08T17:50:00+05:45,25.0,cap_25km,10,303,Rasuwa,30303,Uttargaya,5,3030305,23.843,,,0
RIV_107,107,Sabhaya Khola at Tumlingtar,Koshi,27.3024,87.2072,102,10206,1020609,40835283,nearest,397.3,40835283,46.7,0,2026-10-08T18:07:13+05:45,2026-10-08T17:50:00+05:45,25.0,cap_25km,1,102,Sankhuwasabha,10206,Khandabari,9,1020609,0.0,,,0
RIV_107,107,Sabhaya Khola at Tumlingtar,Koshi,27.3024,87.2072,102,10206,1020609,40835283,nearest,397.3,40835283,46.7,0,2026-10-08T18:07:13+05:45,2026-10-08T17:50:00+05:45,25.0,cap_25km,2,106,Bhojpur,10601,Shadananda,12,1060112,2.829,,,0
RIV_107,107,Sabhaya Khola at Tumlingtar,Koshi,27.3024,87.2072,102,10206,1020609,40835283,nearest,397.3,40835283,46.7,0,2026-10-08T18:07:13+05:45,2026-10-08T17:50:00+05:45,25.0,cap_25km,3,102,Sankhuwasabha,10208,Chainapur,11,1020811,4.007,,,0
RIV_107,107,Sabhaya Khola at Tumlingtar,Koshi,27.3024,87.2072,102,10206,1020609,40835283,nearest,397.3,40835283,46.7,0,2026-10-08T18:07:13+05:45,2026-10-08T17:50:00+05:45,25.0,cap_25km,4,106,Bhojpur,10605,Arun,1,1060501,6.448,,,0
RIV_107,107,Sabhaya Khola at Tumlingtar,Koshi,27.3024,87.2072,102,10206,1020609,40835283,nearest,397.3,40835283,46.7,0,2026-10-08T18:07:13+05:45,2026-10-08T17:50:00+05:45,25.0,cap_25km,5,106,Bhojpur,10605,Arun,4,1060504,10.429,,,0
RIV_107,107,Sabhaya Khola at Tumlingtar,Koshi,27.3024,87.2072,102,10206,1020609,40835283,nearest,397.3,40835283,46.7,0,2026-10-08T18:07:13+05:45,2026-10-08T17:50:00+05:45,25.0,cap_25km,6,102,Sankhuwasabha,10208,Chainapur,10,1020810,11.226,,,0
RIV_107,107,Sabhaya Khola at Tumlingtar,Koshi,27.3024,87.2072,102,10206,1020609,40835283,nearest,397.3,40835283,46.7,0,2026-10-08T18:07:13+05:45,2026-10-08T17:50:00+05:45,25.0,cap_25km,7,102,Sankhuwasabha,10210,Dharmadevi,8,1021008,12.973,,,0
RIV_107,107,Sabhaya Khola at Tumlingtar,Koshi,27.3024,87.2072,102,10206,1020609,40835283,nearest,397.3,40835283,46.7,0,2026-10-08T18:07:13+05:45,2026-10-08T17:50:00+05:45,25.0,cap_25km,8,106,Bhojpur,10605,Arun,6,1060506,16.692,,,0
RIV_107,107,Sabhaya Khola at Tumlingtar,Koshi,27.3024,87.2072,102,10206,1020609,40835283,nearest,397.3,40835283,46.7,0,2026-10-08T18:07:13+05:45,2026-10-08T17:50:00+05:45,25.0,cap_25km,9,107,Dhankuta,10701,Mahalaxmi,4,1070104,18.469,,,0
RIV_107,107,Sabhaya Khola at Tumlingtar,Koshi,27.3024,87.2072,102,10206,1020609,40835283,nearest,397.3,40835283,46.7,0,2026-10-08T18:07:13+05:45,2026-10-08T17:50:00+05:45,25.0,cap_25km,10,107,Dhankuta,10701,Mahalaxmi,5,1070105,22.054,,,0
RIV_108,108,Sarada Khola at Daredhunga,Babai,28.294,82.028,609,60908,6090802,40770633,nearest,814.1,40770633,220.9,0,2026-10-08T18:07:13+05:45,2026-10-07T09:50:00+05:45,25.0,cap_25km,1,609,Salyan,60908,Kalimati,2,6090802,0.0,Bazar taha Badhi Grasta Chhetra,MKT_01456,1
RIV_108,108,Sarada Khola at Daredhunga,Babai,28.294,82.028,609,60908,6090802,40770633,nearest,814.1,40770633,220.9,0,2026-10-08T18:07:13+05:45,2026-10-07T09:50:00+05:45,25.0,cap_25km,2,609,Salyan,60908,Kalimati,4,6090804,1.985,,,0
RIV_108,108,Sarada Khola at Daredhunga,Babai,28.294,82.028,609,60908,6090802,40770633,nearest,814.1,40770633,220.9,0,2026-10-08T18:07:13+05:45,2026-10-07T09:50:00+05:45,25.0,cap_25km,3,609,Salyan,60908,Kalimati,5,6090805,7.559,,,0
RIV_109,109,Thulo Bheri at Rimna,Karnali,28.683,82.2666,608,60802,6080202,40746321,nearest_beyond_1km,2738.3,40746321,1344.9,1,2026-10-08T18:07:13+05:45,2026-10-08T18:00:00+05:45,25.0,cap_25km,1,607,Jajarkot,60706,Bheri Malika,1,6070601,0.0,रिम्ना बजार,MKT_01443,1
RIV_109,109,Thulo Bheri at Rimna,Karnali,28.683,82.2666,608,60802,6080202,40746321,nearest_beyond_1km,2738.3,40746321,1344.9,1,2026-10-08T18:07:13+05:45,2026-10-08T18:00:00+05:45,25.0,cap_25km,2,608,Rukum West,60802,Sanibheri,1,6080201,0.246,,,0
RIV_109,109,Thulo Bheri at Rimna,Karnali,28.683,82.2666,608,60802,6080202,40746321,nearest_beyond_1km,2738.3,40746321,1344.9,1,2026-10-08T18:07:13+05:45,2026-10-08T18:00:00+05:45,25.0,cap_25km,3,608,Rukum West,60806,Chaurjahari,8,6080608,7.135,,,0
RIV_109,109,Thulo Bheri at Rimna,Karnali,28.683,82.2666,608,60802,6080202,40746321,nearest_beyond_1km,2738.3,40746321,1344.9,1,2026-10-08T18:07:13+05:45,2026-10-08T18:00:00+05:45,25.0,cap_25km,4,607,Jajarkot,60706,Bheri Malika,3,6070603,8.923,,,0
RIV_109,109,Thulo Bheri at Rimna,Karnali,28.683,82.2666,608,60802,6080202,40746321,nearest_beyond_1km,2738.3,40746321,1344.9,1,2026-10-08T18:07:13+05:45,2026-10-08T18:00:00+05:45,25.0,cap_25km,5,608,Rukum West,60806,Chaurjahari,2,6080602,10.037,,,0
RIV_109,109,Thulo Bheri at Rimna,Karnali,28.683,82.2666,608,60802,6080202,40746321,nearest_beyond_1km,2738.3,40746321,1344.9,1,2026-10-08T18:07:13+05:45,2026-10-08T18:00:00+05:45,25.0,cap_25km,6,607,Jajarkot,60706,Bheri Malika,5,6070605,11.235,,,0
RIV_109,109,Thulo Bheri at Rimna,Karnali,28.683,82.2666,608,60802,6080202,40746321,nearest_beyond_1km,2738.3,40746321,1344.9,1,2026-10-08T18:07:13+05:45,2026-10-08T18:00:00+05:45,25.0,cap_25km,7,607,Jajarkot,60706,Bheri Malika,11,6070611,11.926,,,0
RIV_109,109,Thulo Bheri at Rimna,Karnali,28.683,82.2666,608,60802,6080202,40746321,nearest_beyond_1km,2738.3,40746321,1344.9,1,2026-10-08T18:07:13+05:45,2026-10-08T18:00:00+05:45,25.0,cap_25km,8,607,Jajarkot,60706,Bheri Malika,12,6070612,13.412,,,0
RIV_109,109,Thulo Bheri at Rimna,Karnali,28.683,82.2666,608,60802,6080202,40746321,nearest_beyond_1km,2738.3,40746321,1344.9,1,2026-10-08T18:07:13+05:45,2026-10-08T18:00:00+05:45,25.0,cap_25km,9,608,Rukum West,60806,Chaurjahari,3,6080603,14.082,,,0
RIV_109,109,Thulo Bheri at Rimna,Karnali,28.683,82.2666,608,60802,6080202,40746321,nearest_beyond_1km,2738.3,40746321,1344.9,1,2026-10-08T18:07:13+05:45,2026-10-08T18:00:00+05:45,25.0,cap_25km,10,607,Jajarkot,60706,Bheri Malika,13,6070613,15.599,,,0
RIV_109,109,Thulo Bheri at Rimna,Karnali,28.683,82.2666,608,60802,6080202,40746321,nearest_beyond_1km,2738.3,40746321,1344.9,1,2026-10-08T18:07:13+05:45,2026-10-08T18:00:00+05:45,25.0,cap_25km,11,608,Rukum West,60806,Chaurjahari,1,6080601,16.059,,,0
RIV_109,109,Thulo Bheri at Rimna,Karnali,28.683,82.2666,608,60802,6080202,40746321,nearest_beyond_1km,2738.3,40746321,1344.9,1,2026-10-08T18:07:13+05:45,2026-10-08T18:00:00+05:45,25.0,cap_25km,12,609,Salyan,60902,Kumakh Malika,4,6090204,17.992,Sanipiple Bazar,MKT_01452,1
RIV_109,109,Thulo Bheri at Rimna,Karnali,28.683,82.2666,608,60802,6080202,40746321,nearest_beyond_1km,2738.3,40746321,1344.9,1,2026-10-08T18:07:13+05:45,2026-10-08T18:00:00+05:45,25.0,cap_25km,13,609,Salyan,60902,Kumakh Malika,1,6090201,21.769,Santi Bazar,MKT_01450,1
RIV_110,110,Bheri at Jamu,Karnali,28.77008,81.352052,610,61008,6100805,40742654,nearest,13618.1,40742654,147.9,0,2026-10-08T18:07:13+05:45,2026-10-08T09:00:00+05:45,25.0,cap_25km,1,610,Surkhet,61008,Panchapuri,10,6100810,0.0,,,0
RIV_110,110,Bheri at Jamu,Karnali,28.77008,81.352052,610,61008,6100805,40742654,nearest,13618.1,40742654,147.9,0,2026-10-08T18:07:13+05:45,2026-10-08T09:00:00+05:45,25.0,cap_25km,2,610,Surkhet,61008,Panchapuri,5,6100805,0.705,,,0
RIV_110,110,Bheri at Jamu,Karnali,28.77008,81.352052,610,61008,6100805,40742654,nearest,13618.1,40742654,147.9,0,2026-10-08T18:07:13+05:45,2026-10-08T09:00:00+05:45,25.0,cap_25km,3,610,Surkhet,61009,Chaukune,9,6100909,3.378,,,0
RIV_110,110,Bheri at Jamu,Karnali,28.77008,81.352052,610,61008,6100805,40742654,nearest,13618.1,40742654,147.9,0,2026-10-08T18:07:13+05:45,2026-10-08T09:00:00+05:45,25.0,cap_25km,4,610,Surkhet,61008,Panchapuri,11,6100811,6.733,,,0
RIV_110,110,Bheri at Jamu,Karnali,28.77008,81.352052,610,61008,6100805,40742654,nearest,13618.1,40742654,147.9,0,2026-10-08T18:07:13+05:45,2026-10-08T09:00:00+05:45,25.0,cap_25km,5,708,Kailali,70801,Mohanyal,7,7080107,12.221,,,0
RIV_110,110,Bheri at Jamu,Karnali,28.77008,81.352052,610,61008,6100805,40742654,nearest,13618.1,40742654,147.9,0,2026-10-08T18:07:13+05:45,2026-10-08T09:00:00+05:45,25.0,cap_25km,6,708,Kailali,70807,Lamki Chuha,3,7080703,24.048,PalBazaar Sibir,MKT_01493,1
RIV_112,112,Daraudi Khola at Naya Sangu,Narayani,28.042071,84.629066,401,40109,4010903,40786817,nearest,377.9,40786817,186.1,0,2026-10-08T18:07:13+05:45,2026-10-08T17:50:00+05:45,25.0,cap_25km,1,401,Gorkha,40107,Siranchowk,6,4010706,0.0,,,0
RIV_112,112,Daraudi Khola at Naya Sangu,Narayani,28.042071,84.629066,401,40109,4010903,40786817,nearest,377.9,40786817,186.1,0,2026-10-08T18:07:13+05:45,2026-10-08T17:50:00+05:45,25.0,cap_25km,2,401,Gorkha,40109,Gorkha,3,4010903,0.698,,,0
RIV_112,112,Daraudi Khola at Naya Sangu,Narayani,28.042071,84.629066,401,40109,4010903,40786817,nearest,377.9,40786817,186.1,0,2026-10-08T18:07:13+05:45,2026-10-08T17:50:00+05:45,25.0,cap_25km,3,401,Gorkha,40107,Siranchowk,5,4010705,2.055,,,0
RIV_112,112,Daraudi Khola at Naya Sangu,Narayani,28.042071,84.629066,401,40109,4010903,40786817,nearest,377.9,40786817,186.1,0,2026-10-08T18:07:13+05:45,2026-10-08T17:50:00+05:45,25.0,cap_25km,4,401,Gorkha,40107,Siranchowk,4,4010704,3.344,,,0
RIV_112,112,Daraudi Khola at Naya Sangu,Narayani,28.042071,84.629066,401,40109,4010903,40786817,nearest,377.9,40786817,186.1,0,2026-10-08T18:07:13+05:45,2026-10-08T17:50:00+05:45,25.0,cap_25km,5,401,Gorkha,40108,Palungtar,1,4010801,6.574,,,0
RIV_112,112,Daraudi Khola at Naya Sangu,Narayani,28.042071,84.629066,401,40109,4010903,40786817,nearest,377.9,40786817,186.1,0,2026-10-08T18:07:13+05:45,2026-10-08T17:50:00+05:45,25.0,cap_25km,6,401,Gorkha,40109,Gorkha,5,4010905,7.332,,,0
RIV_112,112,Daraudi Khola at Naya Sangu,Narayani,28.042071,84.629066,401,40109,4010903,40786817,nearest,377.9,40786817,186.1,0,2026-10-08T18:07:13+05:45,2026-10-08T17:50:00+05:45,25.0,cap_25km,7,401,Gorkha,40109,Gorkha,10,4010910,7.988,छेबेटार बजार,MKT_01181,1
RIV_112,112,Daraudi Khola at Naya Sangu,Narayani,28.042071,84.629066,401,40109,4010903,40786817,nearest,377.9,40786817,186.1,0,2026-10-08T18:07:13+05:45,2026-10-08T17:50:00+05:45,25.0,cap_25km,8,401,Gorkha,40108,Palungtar,9,4010809,10.008,,,0
RIV_112,112,Daraudi Khola at Naya Sangu,Narayani,28.042071,84.629066,401,40109,4010903,40786817,nearest,377.9,40786817,186.1,0,2026-10-08T18:07:13+05:45,2026-10-08T17:50:00+05:45,25.0,cap_25km,9,401,Gorkha,40109,Gorkha,12,4010912,12.333,Syauli Bazaar,MKT_01182,1
RIV_112,112,Daraudi Khola at Naya Sangu,Narayani,28.042071,84.629066,401,40109,4010903,40786817,nearest,377.9,40786817,186.1,0,2026-10-08T18:07:13+05:45,2026-10-08T17:50:00+05:45,25.0,cap_25km,10,401,Gorkha,40109,Gorkha,13,4010913,15.559,फेदी बजार,MKT_01183,1
RIV_112,112,Daraudi Khola at Naya Sangu,Narayani,28.042071,84.629066,401,40109,4010903,40786817,nearest,377.9,40786817,186.1,0,2026-10-08T18:07:13+05:45,2026-10-08T17:50:00+05:45,25.0,cap_25km,11,401,Gorkha,40110,Shahid Lakhan,1,4011001,17.447,,,0
RIV_112,112,Daraudi Khola at Naya Sangu,Narayani,28.042071,84.629066,401,40109,4010903,40786817,nearest,377.9,40786817,186.1,0,2026-10-08T18:07:13+05:45,2026-10-08T17:50:00+05:45,25.0,cap_25km,12,401,Gorkha,40110,Shahid Lakhan,2,4011002,18.451,[unnamed commercial landuse],MKT_00737,1
RIV_112,112,Daraudi Khola at Naya Sangu,Narayani,28.042071,84.629066,401,40109,4010903,40786817,nearest,377.9,40786817,186.1,0,2026-10-08T18:07:13+05:45,2026-10-08T17:50:00+05:45,25.0,cap_25km,13,401,Gorkha,40110,Shahid Lakhan,3,4011003,18.665,[unnamed commercial landuse],MKT_00738,1
RIV_112,112,Daraudi Khola at Naya Sangu,Narayani,28.042071,84.629066,401,40109,4010903,40786817,nearest,377.9,40786817,186.1,0,2026-10-08T18:07:13+05:45,2026-10-08T17:50:00+05:45,25.0,cap_25km,14,407,Tanahu,40710,Aanbu Khaireni,3,4071003,21.611,आबूखैरेनी बजार,MKT_01239,1
RIV_112,112,Daraudi Khola at Naya Sangu,Narayani,28.042071,84.629066,401,40109,4010903,40786817,nearest,377.9,40786817,186.1,0,2026-10-08T18:07:13+05:45,2026-10-08T17:50:00+05:45,25.0,cap_25km,15,407,Tanahu,40710,Aanbu Khaireni,4,4071004,23.013,,,0
RIV_114,114,Sinja Khola at Diware,Karnali,29.203031,81.90983,604,60408,6040807,40720182,smallest_ge_min_1km,755.9,40720181,57.2,0,2026-10-08T18:07:13+05:45,2026-10-08T17:50:00+05:45,25.0,cap_25km,1,604,Jumla,60408,Hima,7,6040807,0.0,Baghbazar,MKT_01409,1
RIV_114,114,Sinja Khola at Diware,Karnali,29.203031,81.90983,604,60408,6040807,40720182,smallest_ge_min_1km,755.9,40720181,57.2,0,2026-10-08T18:07:13+05:45,2026-10-08T17:50:00+05:45,25.0,cap_25km,2,605,Kalikot,60507,Tilagupha,1,6050701,0.177,,,0
RIV_114,114,Sinja Khola at Diware,Karnali,29.203031,81.90983,604,60408,6040807,40720182,smallest_ge_min_1km,755.9,40720181,57.2,0,2026-10-08T18:07:13+05:45,2026-10-08T17:50:00+05:45,25.0,cap_25km,3,604,Jumla,60407,Tila,7,6040707,0.334,Trivani-Seribazar Rara,MKT_01400,1
RIV_114,114,Sinja Khola at Diware,Karnali,29.203031,81.90983,604,60408,6040807,40720182,smallest_ge_min_1km,755.9,40720181,57.2,0,2026-10-08T18:07:13+05:45,2026-10-08T17:50:00+05:45,25.0,cap_25km,4,605,Kalikot,60507,Tilagupha,3,6050703,4.123,,,0
RIV_114,114,Sinja Khola at Diware,Karnali,29.203031,81.90983,604,60408,6040807,40720182,smallest_ge_min_1km,755.9,40720181,57.2,0,2026-10-08T18:07:13+05:45,2026-10-08T17:50:00+05:45,25.0,cap_25km,5,605,Kalikot,60507,Tilagupha,2,6050702,4.93,,,0
RIV_114,114,Sinja Khola at Diware,Karnali,29.203031,81.90983,604,60408,6040807,40720182,smallest_ge_min_1km,755.9,40720181,57.2,0,2026-10-08T18:07:13+05:45,2026-10-08T17:50:00+05:45,25.0,cap_25km,6,605,Kalikot,60507,Tilagupha,4,6050704,7.063,,,0
RIV_114,114,Sinja Khola at Diware,Karnali,29.203031,81.90983,604,60408,6040807,40720182,smallest_ge_min_1km,755.9,40720181,57.2,0,2026-10-08T18:07:13+05:45,2026-10-08T17:50:00+05:45,25.0,cap_25km,7,605,Kalikot,60507,Tilagupha,9,6050709,7.624,,,0
RIV_114,114,Sinja Khola at Diware,Karnali,29.203031,81.90983,604,60408,6040807,40720182,smallest_ge_min_1km,755.9,40720181,57.2,0,2026-10-08T18:07:13+05:45,2026-10-08T17:50:00+05:45,25.0,cap_25km,8,605,Kalikot,60507,Tilagupha,5,6050705,10.476,,,0
RIV_114,114,Sinja Khola at Diware,Karnali,29.203031,81.90983,604,60408,6040807,40720182,smallest_ge_min_1km,755.9,40720181,57.2,0,2026-10-08T18:07:13+05:45,2026-10-08T17:50:00+05:45,25.0,cap_25km,9,605,Kalikot,60507,Tilagupha,6,6050706,11.831,,,0
RIV_114,114,Sinja Khola at Diware,Karnali,29.203031,81.90983,604,60408,6040807,40720182,smallest_ge_min_1km,755.9,40720181,57.2,0,2026-10-08T18:07:13+05:45,2026-10-08T17:50:00+05:45,25.0,cap_25km,10,605,Kalikot,60507,Tilagupha,7,6050707,19.787,,,0
RIV_114,114,Sinja Khola at Diware,Karnali,29.203031,81.90983,604,60408,6040807,40720182,smallest_ge_min_1km,755.9,40720181,57.2,0,2026-10-08T18:07:13+05:45,2026-10-08T17:50:00+05:45,25.0,cap_25km,11,605,Kalikot,60507,Tilagupha,8,6050708,21.437,,,0
RIV_114,114,Sinja Khola at Diware,Karnali,29.203031,81.90983,604,60408,6040807,40720182,smallest_ge_min_1km,755.9,40720181,57.2,0,2026-10-08T18:07:13+05:45,2026-10-08T17:50:00+05:45,25.0,cap_25km,12,605,Kalikot,60506,Khandachakra,10,6050610,22.409,,,0
RIV_114,114,Sinja Khola at Diware,Karnali,29.203031,81.90983,604,60408,6040807,40720182,smallest_ge_min_1km,755.9,40720181,57.2,0,2026-10-08T18:07:13+05:45,2026-10-08T17:50:00+05:45,25.0,cap_25km,13,605,Kalikot,60506,Khandachakra,9,6050609,22.89,,,0
RIV_114,114,Sinja Khola at Diware,Karnali,29.203031,81.90983,604,60408,6040807,40720182,smallest_ge_min_1km,755.9,40720181,57.2,0,2026-10-08T18:07:13+05:45,2026-10-08T17:50:00+05:45,25.0,cap_25km,14,605,Kalikot,60506,Khandachakra,8,6050608,23.478,Serabada Bazar,MKT_00308,1
RIV_115,115,Chingar River at Simlekhet(274),Karnali,28.568,81.768,610,61003,6100305,40753544,nearest,158.1,40753544,111.2,0,2026-10-08T18:07:13+05:45,2026-10-08T17:50:00+05:45,25.0,cap_25km,1,610,Surkhet,61003,Lekabeshi,5,6100305,0.0,,,0
RIV_115,115,Chingar River at Simlekhet(274),Karnali,28.568,81.768,610,61003,6100305,40753544,nearest,158.1,40753544,111.2,0,2026-10-08T18:07:13+05:45,2026-10-08T17:50:00+05:45,25.0,cap_25km,2,610,Surkhet,61002,Chingad,6,6100206,0.173,,,0
RIV_115,115,Chingar River at Simlekhet(274),Karnali,28.568,81.768,610,61003,6100305,40753544,nearest,158.1,40753544,111.2,0,2026-10-08T18:07:13+05:45,2026-10-08T17:50:00+05:45,25.0,cap_25km,3,610,Surkhet,61003,Lekabeshi,10,6100310,1.09,Narajale Market Area,MKT_00322,1
RIV_115,115,Chingar River at Simlekhet(274),Karnali,28.568,81.768,610,61003,6100305,40753544,nearest,158.1,40753544,111.2,0,2026-10-08T18:07:13+05:45,2026-10-08T17:50:00+05:45,25.0,cap_25km,4,610,Surkhet,61003,Lekabeshi,7,6100307,4.521,,,0
RIV_115,115,Chingar River at Simlekhet(274),Karnali,28.568,81.768,610,61003,6100305,40753544,nearest,158.1,40753544,111.2,0,2026-10-08T18:07:13+05:45,2026-10-08T17:50:00+05:45,25.0,cap_25km,5,610,Surkhet,61003,Lekabeshi,8,6100308,7.655,Gangate market area,MKT_00321,1
RIV_115,115,Chingar River at Simlekhet(274),Karnali,28.568,81.768,610,61003,6100305,40753544,nearest,158.1,40753544,111.2,0,2026-10-08T18:07:13+05:45,2026-10-08T17:50:00+05:45,25.0,cap_25km,6,610,Surkhet,61005,Bheriganga,13,6100513,14.206,,,0
RIV_115,115,Chingar River at Simlekhet(274),Karnali,28.568,81.768,610,61003,6100305,40753544,nearest,158.1,40753544,111.2,0,2026-10-08T18:07:13+05:45,2026-10-08T17:50:00+05:45,25.0,cap_25km,7,610,Surkhet,61003,Lekabeshi,9,6100309,15.084,,,0
RIV_115,115,Chingar River at Simlekhet(274),Karnali,28.568,81.768,610,61003,6100305,40753544,nearest,158.1,40753544,111.2,0,2026-10-08T18:07:13+05:45,2026-10-08T17:50:00+05:45,25.0,cap_25km,8,610,Surkhet,61006,Birendranagar,11,6100611,16.077,,,0
RIV_115,115,Chingar River at Simlekhet(274),Karnali,28.568,81.768,610,61003,6100305,40753544,nearest,158.1,40753544,111.2,0,2026-10-08T18:07:13+05:45,2026-10-08T17:50:00+05:45,25.0,cap_25km,9,610,Surkhet,61006,Birendranagar,10,6100610,19.513,,,0
RIV_115,115,Chingar River at Simlekhet(274),Karnali,28.568,81.768,610,61003,6100305,40753544,nearest,158.1,40753544,111.2,0,2026-10-08T18:07:13+05:45,2026-10-08T17:50:00+05:45,25.0,cap_25km,10,610,Surkhet,61005,Bheriganga,2,6100502,20.51,,,0
RIV_115,115,Chingar River at Simlekhet(274),Karnali,28.568,81.768,610,61003,6100305,40753544,nearest,158.1,40753544,111.2,0,2026-10-08T18:07:13+05:45,2026-10-08T17:50:00+05:45,25.0,cap_25km,11,610,Surkhet,61006,Birendranagar,9,6100609,22.19,,,0
RIV_115,115,Chingar River at Simlekhet(274),Karnali,28.568,81.768,610,61003,6100305,40753544,nearest,158.1,40753544,111.2,0,2026-10-08T18:07:13+05:45,2026-10-08T17:50:00+05:45,25.0,cap_25km,12,610,Surkhet,61005,Bheriganga,1,6100501,24.674,,,0
RIV_116,116,Manahari Khola at Manahari,Narayani,27.548673,84.827716,312,31204,3120403,40819514,smallest_ge_min_1km,400.3,40819222,83.8,0,2026-10-08T18:07:13+05:45,2026-10-08T17:50:00+05:45,25.0,cap_25km,1,312,Makwanpur,31204,Raksirang,3,3120403,0.0,,,0
RIV_116,116,Manahari Khola at Manahari,Narayani,27.548673,84.827716,312,31204,3120403,40819514,smallest_ge_min_1km,400.3,40819222,83.8,0,2026-10-08T18:07:13+05:45,2026-10-08T17:50:00+05:45,25.0,cap_25km,2,312,Makwanpur,31204,Raksirang,5,3120405,0.066,,,0
RIV_116,116,Manahari Khola at Manahari,Narayani,27.548673,84.827716,312,31204,3120403,40819514,smallest_ge_min_1km,400.3,40819222,83.8,0,2026-10-08T18:07:13+05:45,2026-10-08T17:50:00+05:45,25.0,cap_25km,3,312,Makwanpur,31205,Manahari,8,3120508,0.537,,,0
RIV_116,116,Manahari Khola at Manahari,Narayani,27.548673,84.827716,312,31204,3120403,40819514,smallest_ge_min_1km,400.3,40819222,83.8,0,2026-10-08T18:07:13+05:45,2026-10-08T17:50:00+05:45,25.0,cap_25km,4,312,Makwanpur,31205,Manahari,7,3120507,2.216,,,0
RIV_117,117,Nagmati River at Sundarijal,Bagmati,27.775278,85.438611,306,30603,3060301,40804333,max_upland_1km,12.2,40804333,61.4,0,2026-10-08T18:07:13+05:45,2026-10-08T17:20:00+05:45,25.0,cap_25km,1,306,Kathmandu,30603,Gokarneshwor,1,3060301,0.0,,,0
RIV_117,117,Nagmati River at Sundarijal,Bagmati,27.775278,85.438611,306,30603,3060301,40804333,max_upland_1km,12.2,40804333,61.4,0,2026-10-08T18:07:13+05:45,2026-10-08T17:20:00+05:45,25.0,cap_25km,2,306,Kathmandu,30602,Kageshwori Manahara,2,3060202,3.527,,,0
RIV_117,117,Nagmati River at Sundarijal,Bagmati,27.775278,85.438611,306,30603,3060301,40804333,max_upland_1km,12.2,40804333,61.4,0,2026-10-08T18:07:13+05:45,2026-10-08T17:20:00+05:45,25.0,cap_25km,3,306,Kathmandu,30602,Kageshwori Manahara,3,3060203,5.153,,,0
RIV_117,117,Nagmati River at Sundarijal,Bagmati,27.775278,85.438611,306,30603,3060301,40804333,max_upland_1km,12.2,40804333,61.4,0,2026-10-08T18:07:13+05:45,2026-10-08T17:20:00+05:45,25.0,cap_25km,4,306,Kathmandu,30603,Gokarneshwor,2,3060302,5.364,,,0
RIV_117,117,Nagmati River at Sundarijal,Bagmati,27.775278,85.438611,306,30603,3060301,40804333,max_upland_1km,12.2,40804333,61.4,0,2026-10-08T18:07:13+05:45,2026-10-08T17:20:00+05:45,25.0,cap_25km,5,306,Kathmandu,30603,Gokarneshwor,4,3060304,6.133,[unnamed commercial landuse];[unnamed commercial landuse];Eastern Village De Resort,MKT_00636;MKT_00637;MKT_00638,3
RIV_117,117,Nagmati River at Sundarijal,Bagmati,27.775278,85.438611,306,30603,3060301,40804333,max_upland_1km,12.2,40804333,61.4,0,2026-10-08T18:07:13+05:45,2026-10-08T17:20:00+05:45,25.0,cap_25km,6,306,Kathmandu,30603,Gokarneshwor,9,3060309,8.466,,,0
RIV_117,117,Nagmati River at Sundarijal,Bagmati,27.775278,85.438611,306,30603,3060301,40804333,max_upland_1km,12.2,40804333,61.4,0,2026-10-08T18:07:13+05:45,2026-10-08T17:20:00+05:45,25.0,cap_25km,7,306,Kathmandu,30603,Gokarneshwor,8,3060308,9.008,,,0
RIV_117,117,Nagmati River at Sundarijal,Bagmati,27.775278,85.438611,306,30603,3060301,40804333,max_upland_1km,12.2,40804333,61.4,0,2026-10-08T18:07:13+05:45,2026-10-08T17:20:00+05:45,25.0,cap_25km,8,306,Kathmandu,30603,Gokarneshwor,7,3060307,10.181,[unnamed commercial landuse];Grand Norling Resort Area,MKT_00640;MKT_00641,2
RIV_117,117,Nagmati River at Sundarijal,Bagmati,27.775278,85.438611,306,30603,3060301,40804333,max_upland_1km,12.2,40804333,61.4,0,2026-10-08T18:07:13+05:45,2026-10-08T17:20:00+05:45,25.0,cap_25km,9,306,Kathmandu,30603,Gokarneshwor,6,3060306,10.313,Vegetable Market;tarkari bazar;jorpati sano bazar,MKT_00069;MKT_01005;MKT_01006,3
RIV_117,117,Nagmati River at Sundarijal,Bagmati,27.775278,85.438611,306,30603,3060301,40804333,max_upland_1km,12.2,40804333,61.4,0,2026-10-08T18:07:13+05:45,2026-10-08T17:20:00+05:45,25.0,cap_25km,10,306,Kathmandu,30602,Kageshwori Manahara,8,3060208,11.279,,,0
RIV_117,117,Nagmati River at Sundarijal,Bagmati,27.775278,85.438611,306,30603,3060301,40804333,max_upland_1km,12.2,40804333,61.4,0,2026-10-08T18:07:13+05:45,2026-10-08T17:20:00+05:45,25.0,cap_25km,11,306,Kathmandu,30603,Gokarneshwor,5,3060305,11.911,Yagya Mart;Maya Bazar,MKT_00639;MKT_01004,2
RIV_117,117,Nagmati River at Sundarijal,Bagmati,27.775278,85.438611,306,30603,3060301,40804333,max_upland_1km,12.2,40804333,61.4,0,2026-10-08T18:07:13+05:45,2026-10-08T17:20:00+05:45,25.0,cap_25km,12,306,Kathmandu,30608,Kathmandu,6,3060806,12.799,Miracle Mini Market;Akirti Kastha supplier;muskan carpets;Nagarik Bazaar,MKT_00075;MKT_00657;MKT_00658;MKT_01015,4
RIV_117,117,Nagmati River at Sundarijal,Bagmati,27.775278,85.438611,306,30603,3060301,40804333,max_upland_1km,12.2,40804333,61.4,0,2026-10-08T18:07:13+05:45,2026-10-08T17:20:00+05:45,25.0,cap_25km,13,306,Kathmandu,30608,Kathmandu,8,3060808,13.674,Vegetable Market;Shree Agrawal Rudraksha Bhandar,MKT_00080;MKT_00388,2
RIV_117,117,Nagmati River at Sundarijal,Bagmati,27.775278,85.438611,306,30603,3060301,40804333,max_upland_1km,12.2,40804333,61.4,0,2026-10-08T18:07:13+05:45,2026-10-08T17:20:00+05:45,25.0,cap_25km,14,306,Kathmandu,30608,Kathmandu,9,3060809,15.159,Private Parking;Balwa Roda Bikri Kendra,MKT_00664;MKT_00665,2
RIV_117,117,Nagmati River at Sundarijal,Bagmati,27.775278,85.438611,306,30603,3060301,40804333,max_upland_1km,12.2,40804333,61.4,0,2026-10-08T18:07:13+05:45,2026-10-08T17:20:00+05:45,25.0,cap_25km,15,306,Kathmandu,30608,Kathmandu,31,3060831,16.528,InfoTechs Nepal;NAXA,MKT_00392;MKT_00687,2
RIV_117,117,Nagmati River at Sundarijal,Bagmati,27.775278,85.438611,306,30603,3060301,40804333,max_upland_1km,12.2,40804333,61.4,0,2026-10-08T18:07:13+05:45,2026-10-08T17:20:00+05:45,25.0,cap_25km,16,306,Kathmandu,30608,Kathmandu,32,3060832,17.767,[unnamed marketplace];Pick And Save Store;SLS Suppliers;STORE;Car Workshop;[unnamed commercial landuse];[unnamed commercial landuse];Pratakchya Bazar Bewasaye Sangh;Hukka Bazar And Liquor Shop;Shree Laxmi Sweet And Chaat Pasal;Hongkong Bazar;Shree Ganesh Sweet and Chaat House;Gupta Chaat House;G.S Sweet and Chaat House;Special Panipuri Chaat Pasal;Manohara Tarkari Bazar;मनोहरा तरकारी बजार,MKT_00096;MKT_00393;MKT_00688;MKT_00689;MKT_00690;MKT_00691;MKT_00692;MKT_01059;MKT_01060;MKT_01061;MKT_01062;MKT_01063;MKT_01064;MKT_01065;MKT_01066;MKT_01067;MKT_01068,17
RIV_117,117,Nagmati River at Sundarijal,Bagmati,27.775278,85.438611,306,30603,3060301,40804333,max_upland_1km,12.2,40804333,61.4,0,2026-10-08T18:07:13+05:45,2026-10-08T17:20:00+05:45,25.0,cap_25km,17,308,Lalitpur,30802,Lalitpur,9,3080209,19.1,Balkumari Banquet,MKT_00398,1
RIV_117,117,Nagmati River at Sundarijal,Bagmati,27.775278,85.438611,306,30603,3060301,40804333,max_upland_1km,12.2,40804333,61.4,0,2026-10-08T18:07:13+05:45,2026-10-08T17:20:00+05:45,25.0,cap_25km,18,306,Kathmandu,30608,Kathmandu,10,3060810,19.707,एक्सप्रेस मार्ट;Mini Market;Rolling Plans;Bijulibazar Stop;Bijulibazar Tol Development Committee;Haatti Gaunda Marg;Bijulibazar Marg,MKT_00081;MKT_00389;MKT_00666;MKT_01017;MKT_01018;MKT_01019;MKT_01020,7
RIV_117,117,Nagmati River at Sundarijal,Bagmati,27.775278,85.438611,306,30603,3060301,40804333,max_upland_1km,12.2,40804333,61.4,0,2026-10-08T18:07:13+05:45,2026-10-08T17:20:00+05:45,25.0,cap_25km,19,308,Lalitpur,30802,Lalitpur,11,3080211,20.247,[unnamed commercial landuse],MKT_00710,1
RIV_117,117,Nagmati River at Sundarijal,Bagmati,27.775278,85.438611,306,30603,3060301,40804333,max_upland_1km,12.2,40804333,61.4,0,2026-10-08T18:07:13+05:45,2026-10-08T17:20:00+05:45,25.0,cap_25km,20,308,Lalitpur,30802,Lalitpur,10,3080210,20.403,,,0
RIV_117,117,Nagmati River at Sundarijal,Bagmati,27.775278,85.438611,306,30603,3060301,40804333,max_upland_1km,12.2,40804333,61.4,0,2026-10-08T18:07:13+05:45,2026-10-08T17:20:00+05:45,25.0,cap_25km,21,306,Kathmandu,30608,Kathmandu,11,3060811,20.974,Bluebird Department Store;[unnamed commercial landuse];Nepal Food Corporation;[unnamed commercial landuse];Color Bazar;बिजुलिबजार पुल,MKT_00390;MKT_00667;MKT_00668;MKT_00669;MKT_01021;MKT_01022,6
RIV_117,117,Nagmati River at Sundarijal,Bagmati,27.775278,85.438611,306,30603,3060301,40804333,max_upland_1km,12.2,40804333,61.4,0,2026-10-08T18:07:13+05:45,2026-10-08T17:20:00+05:45,25.0,cap_25km,22,308,Lalitpur,30802,Lalitpur,1,3080201,21.672,,,0
RIV_117,117,Nagmati River at Sundarijal,Bagmati,27.775278,85.438611,306,30603,3060301,40804333,max_upland_1km,12.2,40804333,61.4,0,2026-10-08T18:07:13+05:45,2026-10-08T17:20:00+05:45,25.0,cap_25km,23,306,Kathmandu,30608,Kathmandu,12,3060812,22.605,Nepal Automobile Dealers Association,MKT_00670,1
RIV_117,117,Nagmati River at Sundarijal,Bagmati,27.775278,85.438611,306,30603,3060301,40804333,max_upland_1km,12.2,40804333,61.4,0,2026-10-08T18:07:13+05:45,2026-10-08T17:20:00+05:45,25.0,cap_25km,24,308,Lalitpur,30802,Lalitpur,2,3080202,22.924,Lalitpur 5A Side Fotsal,MKT_00702,1
RIV_117,117,Nagmati River at Sundarijal,Bagmati,27.775278,85.438611,306,30603,3060301,40804333,max_upland_1km,12.2,40804333,61.4,0,2026-10-08T18:07:13+05:45,2026-10-08T17:20:00+05:45,25.0,cap_25km,25,308,Lalitpur,30802,Lalitpur,3,3080203,23.908,किसान बजार;Nepal telecommunication (NTC);GUNA MULTIPURPOSE CO-OPERATIVE;UN Compound;[unnamed commercial landuse];पुल्चोकदेखि मङ्गलबजार सडक;पुल्चोक देखि मङ्गलबजार सडक;पुल्चोक-मङ्गलबजार सडक;पुल्चोकदेखि मङ्गलबजार सडक,MKT_00111;MKT_00703;MKT_00704;MKT_00705;MKT_00706;MKT_01089;MKT_01090;MKT_01091;MKT_01092,9
RIV_117,117,Nagmati River at Sundarijal,Bagmati,27.775278,85.438611,306,30603,3060301,40804333,max_upland_1km,12.2,40804333,61.4,0,2026-10-08T18:07:13+05:45,2026-10-08T17:20:00+05:45,25.0,cap_25km,26,306,Kathmandu,30608,Kathmandu,14,3060814,24.319,Balkhu Vegetable and Fruits Market;TM Market;Rudra Market;[unnamed marketplace];Bhatbhateni Super Store (Kalanki);Success Tution Center;Stationary;Advanced College of Engineering and Management;Khasibazaar;Balkhu kris tatha tarkari bazar,MKT_00084;MKT_00085;MKT_00086;MKT_00087;MKT_00672;MKT_00673;MKT_00674;MKT_00675;MKT_01023;MKT_01024,10
RIV_117,117,Nagmati River at Sundarijal,Bagmati,27.775278,85.438611,306,30603,3060301,40804333,max_upland_1km,12.2,40804333,61.4,0,2026-10-08T18:07:13+05:45,2026-10-08T17:20:00+05:45,25.0,cap_25km,27,306,Kathmandu,30609,Kirtipur,10,3060910,24.736,Naya Bazar;नयाँ बजार,MKT_01075;MKT_01076,2
RIV_119,119,Mohana River at Malakheti,Mohana,28.830786,80.51858,708,70803,7080303,40740556,max_upland_1km,47.7,40740556,566.5,1,2026-10-08T18:07:13+05:45,2026-10-08T17:50:00+05:45,25.0,cap_25km,1,709,Kanchanpur,70901,Krishnapur,5,7090105,0.0,,,0
RIV_119,119,Mohana River at Malakheti,Mohana,28.830786,80.51858,708,70803,7080303,40740556,max_upland_1km,47.7,40740556,566.5,1,2026-10-08T18:07:13+05:45,2026-10-08T17:50:00+05:45,25.0,cap_25km,2,708,Kailali,70803,Godawari,3,7080303,0.205,,,0
RIV_119,119,Mohana River at Malakheti,Mohana,28.830786,80.51858,708,70803,7080303,40740556,max_upland_1km,47.7,40740556,566.5,1,2026-10-08T18:07:13+05:45,2026-10-08T17:50:00+05:45,25.0,cap_25km,3,709,Kanchanpur,70901,Krishnapur,6,7090106,0.893,,,0
RIV_119,119,Mohana River at Malakheti,Mohana,28.830786,80.51858,708,70803,7080303,40740556,max_upland_1km,47.7,40740556,566.5,1,2026-10-08T18:07:13+05:45,2026-10-08T17:50:00+05:45,25.0,cap_25km,4,709,Kanchanpur,70901,Krishnapur,7,7090107,4.326,,,0
RIV_119,119,Mohana River at Malakheti,Mohana,28.830786,80.51858,708,70803,7080303,40740556,max_upland_1km,47.7,40740556,566.5,1,2026-10-08T18:07:13+05:45,2026-10-08T17:50:00+05:45,25.0,cap_25km,5,708,Kailali,70803,Godawari,1,7080301,5.441,,,0
RIV_119,119,Mohana River at Malakheti,Mohana,28.830786,80.51858,708,70803,7080303,40740556,max_upland_1km,47.7,40740556,566.5,1,2026-10-08T18:07:13+05:45,2026-10-08T17:50:00+05:45,25.0,cap_25km,6,708,Kailali,70803,Godawari,5,7080305,6.82,,,0
RIV_119,119,Mohana River at Malakheti,Mohana,28.830786,80.51858,708,70803,7080303,40740556,max_upland_1km,47.7,40740556,566.5,1,2026-10-08T18:07:13+05:45,2026-10-08T17:50:00+05:45,25.0,cap_25km,7,709,Kanchanpur,70901,Krishnapur,8,7090108,8.46,,,0
RIV_119,119,Mohana River at Malakheti,Mohana,28.830786,80.51858,708,70803,7080303,40740556,max_upland_1km,47.7,40740556,566.5,1,2026-10-08T18:07:13+05:45,2026-10-08T17:50:00+05:45,25.0,cap_25km,8,708,Kailali,70813,Dhangadhi,13,7081313,9.3,,,0
RIV_119,119,Mohana River at Malakheti,Mohana,28.830786,80.51858,708,70803,7080303,40740556,max_upland_1km,47.7,40740556,566.5,1,2026-10-08T18:07:13+05:45,2026-10-08T17:50:00+05:45,25.0,cap_25km,9,709,Kanchanpur,70901,Krishnapur,9,7090109,10.68,,,0
RIV_119,119,Mohana River at Malakheti,Mohana,28.830786,80.51858,708,70803,7080303,40740556,max_upland_1km,47.7,40740556,566.5,1,2026-10-08T18:07:13+05:45,2026-10-08T17:50:00+05:45,25.0,cap_25km,10,708,Kailali,70813,Dhangadhi,3,7081303,13.617,,,0
RIV_119,119,Mohana River at Malakheti,Mohana,28.830786,80.51858,708,70803,7080303,40740556,max_upland_1km,47.7,40740556,566.5,1,2026-10-08T18:07:13+05:45,2026-10-08T17:50:00+05:45,25.0,cap_25km,11,708,Kailali,70813,Dhangadhi,2,7081302,19.587,,,0
RIV_119,119,Mohana River at Malakheti,Mohana,28.830786,80.51858,708,70803,7080303,40740556,max_upland_1km,47.7,40740556,566.5,1,2026-10-08T18:07:13+05:45,2026-10-08T17:50:00+05:45,25.0,cap_25km,12,708,Kailali,70813,Dhangadhi,1,7081301,22.87,Shree Trinagar agriculture Haatbazar;त्रिनगर कृषि हाट बजार,MKT_00356;MKT_01502,2
RIV_119,119,Mohana River at Malakheti,Mohana,28.830786,80.51858,708,70803,7080303,40740556,max_upland_1km,47.7,40740556,566.5,1,2026-10-08T18:07:13+05:45,2026-10-08T17:50:00+05:45,25.0,cap_25km,13,708,Kailali,70813,Dhangadhi,9,7081309,23.709,,,0
RIV_121,121,Babai at Bhada  Bridge,Babai,28.188822,81.36565,512,51207,5120711,40778481,nearest,3459.7,40778481,637.0,1,2026-10-08T18:07:13+05:45,2026-10-08T17:50:00+05:45,18.037,left_nepal,1,512,Bardiya,51207,Gulariya,8,5120708,0.0,,,0
RIV_121,121,Babai at Bhada  Bridge,Babai,28.188822,81.36565,512,51207,5120711,40778481,nearest,3459.7,40778481,637.0,1,2026-10-08T18:07:13+05:45,2026-10-08T17:50:00+05:45,18.037,left_nepal,2,512,Bardiya,51207,Gulariya,10,5120710,2.53,,,0
RIV_122,122,Rolwaling River at Bedding,Koshi,27.9,86.37,301,30101,3010109,40796214,nearest,196.8,40796214,367.9,0,2026-10-08T18:07:13+05:45,2026-10-08T17:50:00+05:45,25.0,cap_25km,1,301,Dolakha,30101,Gaurishankar,9,3010109,0.0,,,0
RIV_122,122,Rolwaling River at Bedding,Koshi,27.9,86.37,301,30101,3010109,40796214,nearest,196.8,40796214,367.9,0,2026-10-08T18:07:13+05:45,2026-10-08T17:50:00+05:45,25.0,cap_25km,2,301,Dolakha,30102,Bigu,1,3010201,10.886,,,0
RIV_122,122,Rolwaling River at Bedding,Koshi,27.9,86.37,301,30101,3010109,40796214,nearest,196.8,40796214,367.9,0,2026-10-08T18:07:13+05:45,2026-10-08T17:50:00+05:45,25.0,cap_25km,3,301,Dolakha,30102,Bigu,2,3010202,23.49,,,0
RIV_122,122,Rolwaling River at Bedding,Koshi,27.9,86.37,301,30101,3010109,40796214,nearest,196.8,40796214,367.9,0,2026-10-08T18:07:13+05:45,2026-10-08T17:50:00+05:45,25.0,cap_25km,4,301,Dolakha,30101,Gaurishankar,8,3010108,23.508,,,0
RIV_124,124,Imja Lake Outlet,Koshi,27.899553,86.907325,103,10301,1030104,40796220,nearest,52.7,40796220,41.3,0,2026-10-08T18:07:13+05:45,2026-10-08T17:50:00+05:45,25.0,cap_25km,1,103,Solukhumbu,10301,Khumbu Pasanglhamu,4,1030104,0.0,,,0
RIV_130,130,Lohare Khola at Tallo Dungeshwor,Karnali,28.784518,81.584198,606,60607,6060706,40741777,nearest,1029.0,40741777,23.5,0,2026-10-08T18:07:13+05:45,2026-10-08T17:50:00+05:45,25.0,cap_25km,1,606,Dailekh,60607,Dullu,6,6060706,0.0,,,0
RIV_130,130,Lohare Khola at Tallo Dungeshwor,Karnali,28.784518,81.584198,606,60607,6060706,40741777,nearest,1029.0,40741777,23.5,0,2026-10-08T18:07:13+05:45,2026-10-08T17:50:00+05:45,25.0,cap_25km,2,606,Dailekh,60607,Dullu,1,6060701,0.068,,,0
RIV_130,130,Lohare Khola at Tallo Dungeshwor,Karnali,28.784518,81.584198,606,60607,6060706,40741777,nearest,1029.0,40741777,23.5,0,2026-10-08T18:07:13+05:45,2026-10-08T17:50:00+05:45,25.0,cap_25km,3,606,Dailekh,60611,Gurans,2,6061102,0.61,,,0
RIV_130,130,Lohare Khola at Tallo Dungeshwor,Karnali,28.784518,81.584198,606,60607,6060706,40741777,nearest,1029.0,40741777,23.5,0,2026-10-08T18:07:13+05:45,2026-10-08T17:50:00+05:45,25.0,cap_25km,4,707,Achham,70710,Turmakhand,1,7071001,1.05,,,0
RIV_130,130,Lohare Khola at Tallo Dungeshwor,Karnali,28.784518,81.584198,606,60607,6060706,40741777,nearest,1029.0,40741777,23.5,0,2026-10-08T18:07:13+05:45,2026-10-08T17:50:00+05:45,25.0,cap_25km,5,606,Dailekh,60611,Gurans,1,6061101,6.453,,,0
RIV_130,130,Lohare Khola at Tallo Dungeshwor,Karnali,28.784518,81.584198,606,60607,6060706,40741777,nearest,1029.0,40741777,23.5,0,2026-10-08T18:07:13+05:45,2026-10-08T17:50:00+05:45,25.0,cap_25km,6,610,Surkhet,61007,Barahatal,7,6100707,6.78,,,0
RIV_130,130,Lohare Khola at Tallo Dungeshwor,Karnali,28.784518,81.584198,606,60607,6060706,40741777,nearest,1029.0,40741777,23.5,0,2026-10-08T18:07:13+05:45,2026-10-08T17:50:00+05:45,25.0,cap_25km,7,610,Surkhet,61008,Panchapuri,1,6100801,13.819,,,0
RIV_130,130,Lohare Khola at Tallo Dungeshwor,Karnali,28.784518,81.584198,606,60607,6060706,40741777,nearest,1029.0,40741777,23.5,0,2026-10-08T18:07:13+05:45,2026-10-08T17:50:00+05:45,25.0,cap_25km,8,707,Achham,70710,Turmakhand,2,7071002,18.521,,,0
RIV_130,130,Lohare Khola at Tallo Dungeshwor,Karnali,28.784518,81.584198,606,60607,6060706,40741777,nearest,1029.0,40741777,23.5,0,2026-10-08T18:07:13+05:45,2026-10-08T17:50:00+05:45,25.0,cap_25km,9,610,Surkhet,61008,Panchapuri,7,6100807,24.944,,,0
RIV_133,133,Mugu Karnali  at Dhain,Karnali,29.614088,81.871769,602,60203,6020303,40701573,nearest,5399.7,40701573,55.1,0,2026-10-08T18:07:13+05:45,2026-10-07T18:20:00+05:45,25.0,cap_25km,1,602,Mugu,60203,Soru,3,6020303,0.0,,,0
RIV_133,133,Mugu Karnali  at Dhain,Karnali,29.614088,81.871769,602,60203,6020303,40701573,nearest,5399.7,40701573,55.1,0,2026-10-08T18:07:13+05:45,2026-10-07T18:20:00+05:45,25.0,cap_25km,2,602,Mugu,60203,Soru,10,6020310,0.174,,,0
RIV_133,133,Mugu Karnali  at Dhain,Karnali,29.614088,81.871769,602,60203,6020303,40701573,nearest,5399.7,40701573,55.1,0,2026-10-08T18:07:13+05:45,2026-10-07T18:20:00+05:45,25.0,cap_25km,3,602,Mugu,60203,Soru,11,6020311,0.321,,,0
RIV_133,133,Mugu Karnali  at Dhain,Karnali,29.614088,81.871769,602,60203,6020303,40701573,nearest,5399.7,40701573,55.1,0,2026-10-08T18:07:13+05:45,2026-10-07T18:20:00+05:45,25.0,cap_25km,4,603,Humla,60306,Adanchuli,1,6030601,3.627,,,0
RIV_133,133,Mugu Karnali  at Dhain,Karnali,29.614088,81.871769,602,60203,6020303,40701573,nearest,5399.7,40701573,55.1,0,2026-10-08T18:07:13+05:45,2026-10-07T18:20:00+05:45,25.0,cap_25km,5,603,Humla,60307,Tanjakot,4,6030704,5.142,Tirthasain;Kirthasain,MKT_00293;MKT_00294,2
RIV_133,133,Mugu Karnali  at Dhain,Karnali,29.614088,81.871769,602,60203,6020303,40701573,nearest,5399.7,40701573,55.1,0,2026-10-08T18:07:13+05:45,2026-10-07T18:20:00+05:45,25.0,cap_25km,6,602,Mugu,60204,Khatyad,10,6020410,9.726,,,0
RIV_133,133,Mugu Karnali  at Dhain,Karnali,29.614088,81.871769,602,60203,6020303,40701573,nearest,5399.7,40701573,55.1,0,2026-10-08T18:07:13+05:45,2026-10-07T18:20:00+05:45,25.0,cap_25km,7,603,Humla,60307,Tanjakot,2,6030702,9.968,Kuwadi;Puima,MKT_00290;MKT_00291,2
RIV_133,133,Mugu Karnali  at Dhain,Karnali,29.614088,81.871769,602,60203,6020303,40701573,nearest,5399.7,40701573,55.1,0,2026-10-08T18:07:13+05:45,2026-10-07T18:20:00+05:45,25.0,cap_25km,8,701,Bajura,70101,Himali,5,7010105,12.025,Kuwadi Bazar,MKT_00324,1
RIV_133,133,Mugu Karnali  at Dhain,Karnali,29.614088,81.871769,602,60203,6020303,40701573,nearest,5399.7,40701573,55.1,0,2026-10-08T18:07:13+05:45,2026-10-07T18:20:00+05:45,25.0,cap_25km,9,701,Bajura,70101,Himali,4,7010104,13.15,,,0
RIV_133,133,Mugu Karnali  at Dhain,Karnali,29.614088,81.871769,602,60203,6020303,40701573,nearest,5399.7,40701573,55.1,0,2026-10-08T18:07:13+05:45,2026-10-07T18:20:00+05:45,25.0,cap_25km,10,701,Bajura,70101,Himali,6,7010106,20.483,Dhim Bazar,MKT_00325,1
RIV_133,133,Mugu Karnali  at Dhain,Karnali,29.614088,81.871769,602,60203,6020303,40701573,nearest,5399.7,40701573,55.1,0,2026-10-08T18:07:13+05:45,2026-10-07T18:20:00+05:45,25.0,cap_25km,11,602,Mugu,60204,Khatyad,8,6020408,21.588,,,0
RIV_135,135,Tadi at Belkot,Narayani,27.860094,85.134943,305,30508,3050810,40798925,nearest,664.5,40798925,35.8,0,2026-10-08T18:07:13+05:45,2026-10-08T17:40:00+05:45,25.0,cap_25km,1,305,Nuwakot,30504,Bidur,5,3050405,0.0,,,0
RIV_135,135,Tadi at Belkot,Narayani,27.860094,85.134943,305,30508,3050810,40798925,nearest,664.5,40798925,35.8,0,2026-10-08T18:07:13+05:45,2026-10-08T17:40:00+05:45,25.0,cap_25km,2,305,Nuwakot,30508,Belkotgadhi,8,3050808,1.701,,,0
RIV_135,135,Tadi at Belkot,Narayani,27.860094,85.134943,305,30508,3050810,40798925,nearest,664.5,40798925,35.8,0,2026-10-08T18:07:13+05:45,2026-10-08T17:40:00+05:45,25.0,cap_25km,3,305,Nuwakot,30504,Bidur,3,3050403,3.063,,,0
RIV_135,135,Tadi at Belkot,Narayani,27.860094,85.134943,305,30508,3050810,40798925,nearest,664.5,40798925,35.8,0,2026-10-08T18:07:13+05:45,2026-10-08T17:40:00+05:45,25.0,cap_25km,4,305,Nuwakot,30508,Belkotgadhi,7,3050807,5.955,,,0
RIV_135,135,Tadi at Belkot,Narayani,27.860094,85.134943,305,30508,3050810,40798925,nearest,664.5,40798925,35.8,0,2026-10-08T18:07:13+05:45,2026-10-08T17:40:00+05:45,25.0,cap_25km,5,305,Nuwakot,30507,Tarakeshwor,4,3050704,8.53,,,0
RIV_135,135,Tadi at Belkot,Narayani,27.860094,85.134943,305,30508,3050810,40798925,nearest,664.5,40798925,35.8,0,2026-10-08T18:07:13+05:45,2026-10-08T17:40:00+05:45,25.0,cap_25km,6,305,Nuwakot,30507,Tarakeshwor,2,3050702,12.952,,,0
RIV_135,135,Tadi at Belkot,Narayani,27.860094,85.134943,305,30508,3050810,40798925,nearest,664.5,40798925,35.8,0,2026-10-08T18:07:13+05:45,2026-10-08T17:40:00+05:45,25.0,cap_25km,7,305,Nuwakot,30508,Belkotgadhi,5,3050805,15.107,,,0
RIV_135,135,Tadi at Belkot,Narayani,27.860094,85.134943,305,30508,3050810,40798925,nearest,664.5,40798925,35.8,0,2026-10-08T18:07:13+05:45,2026-10-08T17:40:00+05:45,25.0,cap_25km,8,304,Dhading,30411,Galchhi,1,3041101,17.053,,,0
RIV_135,135,Tadi at Belkot,Narayani,27.860094,85.134943,305,30508,3050810,40798925,nearest,664.5,40798925,35.8,0,2026-10-08T18:07:13+05:45,2026-10-08T17:40:00+05:45,25.0,cap_25km,9,304,Dhading,30411,Galchhi,8,3041108,18.214,,,0
RIV_135,135,Tadi at Belkot,Narayani,27.860094,85.134943,305,30508,3050810,40798925,nearest,664.5,40798925,35.8,0,2026-10-08T18:07:13+05:45,2026-10-08T17:40:00+05:45,25.0,cap_25km,10,304,Dhading,30411,Galchhi,6,3041106,19.917,[unnamed commercial landuse],MKT_00632,1
RIV_135,135,Tadi at Belkot,Narayani,27.860094,85.134943,305,30508,3050810,40798925,nearest,664.5,40798925,35.8,0,2026-10-08T18:07:13+05:45,2026-10-08T17:40:00+05:45,25.0,cap_25km,11,304,Dhading,30411,Galchhi,4,3041104,23.669,Sital Bajar,MKT_00631,1
RIV_135,135,Tadi at Belkot,Narayani,27.860094,85.134943,305,30508,3050810,40798925,nearest,664.5,40798925,35.8,0,2026-10-08T18:07:13+05:45,2026-10-08T17:40:00+05:45,25.0,cap_25km,12,304,Dhading,30411,Galchhi,2,3041102,24.299,,,0
RIV_136,136,Tamor River at Triveni,Koshi,26.9152,87.1638,107,10706,1070610,40860193,nearest,6081.6,40860193,204.6,0,2026-10-08T18:07:13+05:45,2026-10-08T18:00:00+05:45,25.0,cap_25km,1,107,Dhankuta,10705,Khalsa Chhintang Sahidbhumi,1,1070501,0.0,,,0
RIV_136,136,Tamor River at Triveni,Koshi,26.9152,87.1638,107,10706,1070610,40860193,nearest,6081.6,40860193,204.6,0,2026-10-08T18:07:13+05:45,2026-10-08T18:00:00+05:45,25.0,cap_25km,2,114,Udaya Pur,11401,Belaka,7,1140107,0.701,,,0
RIV_136,136,Tamor River at Triveni,Koshi,26.9152,87.1638,107,10706,1070610,40860193,nearest,6081.6,40860193,204.6,0,2026-10-08T18:07:13+05:45,2026-10-08T18:00:00+05:45,25.0,cap_25km,3,107,Dhankuta,10706,Sangurigadhi,10,1070610,2.339,,,0
RIV_136,136,Tamor River at Triveni,Koshi,26.9152,87.1638,107,10706,1070610,40860193,nearest,6081.6,40860193,204.6,0,2026-10-08T18:07:13+05:45,2026-10-08T18:00:00+05:45,25.0,cap_25km,4,113,Sunsari,11302,Baraha,1,1130201,4.78,,,0
RIV_136,136,Tamor River at Triveni,Koshi,26.9152,87.1638,107,10706,1070610,40860193,nearest,6081.6,40860193,204.6,0,2026-10-08T18:07:13+05:45,2026-10-08T18:00:00+05:45,25.0,cap_25km,5,114,Udaya Pur,11401,Belaka,8,1140108,6.497,,,0
RIV_136,136,Tamor River at Triveni,Koshi,26.9152,87.1638,107,10706,1070610,40860193,nearest,6081.6,40860193,204.6,0,2026-10-08T18:07:13+05:45,2026-10-08T18:00:00+05:45,25.0,cap_25km,6,113,Sunsari,11302,Baraha,2,1130202,14.397,,,0
RIV_136,136,Tamor River at Triveni,Koshi,26.9152,87.1638,107,10706,1070610,40860193,nearest,6081.6,40860193,204.6,0,2026-10-08T18:07:13+05:45,2026-10-08T18:00:00+05:45,25.0,cap_25km,7,114,Udaya Pur,11401,Belaka,9,1140109,19.738,"Mirmire, Lalbazar",MKT_00929,1
RIV_136,136,Tamor River at Triveni,Koshi,26.9152,87.1638,107,10706,1070610,40860193,nearest,6081.6,40860193,204.6,0,2026-10-08T18:07:13+05:45,2026-10-08T18:00:00+05:45,25.0,cap_25km,8,113,Sunsari,11302,Baraha,6,1130206,22.143,[unnamed commercial landuse],MKT_00472,1
RIV_139,139,West Seti at Banga,Karnali,28.974343,81.116627,706,70607,7060703,40731788,nearest,7395.5,40731788,304.9,0,2026-10-08T18:07:13+05:45,2026-10-08T18:00:00+05:45,25.0,cap_25km,1,706,Doti,70607,Bogatan,3,7060703,0.0,,,0
RIV_139,139,West Seti at Banga,Karnali,28.974343,81.116627,706,70607,7060703,40731788,nearest,7395.5,40731788,304.9,0,2026-10-08T18:07:13+05:45,2026-10-08T18:00:00+05:45,25.0,cap_25km,2,707,Achham,70709,Dhakari,4,7070904,0.652,,,0
RIV_139,139,West Seti at Banga,Karnali,28.974343,81.116627,706,70607,7060703,40731788,nearest,7395.5,40731788,304.9,0,2026-10-08T18:07:13+05:45,2026-10-08T18:00:00+05:45,25.0,cap_25km,3,610,Surkhet,61009,Chaukune,1,6100901,2.897,,,0
RIV_139,139,West Seti at Banga,Karnali,28.974343,81.116627,706,70607,7060703,40731788,nearest,7395.5,40731788,304.9,0,2026-10-08T18:07:13+05:45,2026-10-08T18:00:00+05:45,25.0,cap_25km,4,706,Doti,70607,Bogatan,2,7060702,6.001,,,0
RIV_139,139,West Seti at Banga,Karnali,28.974343,81.116627,706,70607,7060703,40731788,nearest,7395.5,40731788,304.9,0,2026-10-08T18:07:13+05:45,2026-10-08T18:00:00+05:45,25.0,cap_25km,5,706,Doti,70607,Bogatan,1,7060701,8.38,,,0
RIV_139,139,West Seti at Banga,Karnali,28.974343,81.116627,706,70607,7060703,40731788,nearest,7395.5,40731788,304.9,0,2026-10-08T18:07:13+05:45,2026-10-08T18:00:00+05:45,25.0,cap_25km,6,708,Kailali,70801,Mohanyal,2,7080102,19.577,,,0
RIV_139,139,West Seti at Banga,Karnali,28.974343,81.116627,706,70607,7060703,40731788,nearest,7395.5,40731788,304.9,0,2026-10-08T18:07:13+05:45,2026-10-08T18:00:00+05:45,25.0,cap_25km,7,610,Surkhet,61009,Chaukune,2,6100902,23.82,,,0
RIV_143,143,Tsho Rolpa Lake at Outlet,Koshi,27.86915,86.462423,301,30101,3010109,40798938,nearest,79.1,40798938,417.3,0,2026-10-08T18:07:13+05:45,2026-10-08T17:55:00+05:45,25.0,cap_25km,1,301,Dolakha,30101,Gaurishankar,9,3010109,0.0,,,0
RIV_143,143,Tsho Rolpa Lake at Outlet,Koshi,27.86915,86.462423,301,30101,3010109,40798938,nearest,79.1,40798938,417.3,0,2026-10-08T18:07:13+05:45,2026-10-08T17:55:00+05:45,25.0,cap_25km,2,301,Dolakha,30102,Bigu,1,3010201,21.166,,,0
RIV_144,144,Rawa Khola at Gaikhure,Koshi,27.27194,86.67333,105,10503,1050303,40837717,nearest,3726.5,40837717,102.6,0,2026-10-08T18:07:13+05:45,2026-10-08T17:50:00+05:45,25.0,cap_25km,1,105,Khotang,10503,Lamidanda,4,1050304,0.0,,,0
RIV_144,144,Rawa Khola at Gaikhure,Koshi,27.27194,86.67333,105,10503,1050303,40837717,nearest,3726.5,40837717,102.6,0,2026-10-08T18:07:13+05:45,2026-10-08T17:50:00+05:45,25.0,cap_25km,2,105,Khotang,10503,Lamidanda,3,1050303,0.117,,,0
RIV_144,144,Rawa Khola at Gaikhure,Koshi,27.27194,86.67333,105,10503,1050303,40837717,nearest,3726.5,40837717,102.6,0,2026-10-08T18:07:13+05:45,2026-10-08T17:50:00+05:45,25.0,cap_25km,3,104,Okhaldhunga,10401,Chishankhu Gadhi,3,1040103,0.622,,,0
RIV_144,144,Rawa Khola at Gaikhure,Koshi,27.27194,86.67333,105,10503,1050303,40837717,nearest,3726.5,40837717,102.6,0,2026-10-08T18:07:13+05:45,2026-10-08T17:50:00+05:45,25.0,cap_25km,4,104,Okhaldhunga,10401,Chishankhu Gadhi,6,1040106,1.668,,,0
RIV_144,144,Rawa Khola at Gaikhure,Koshi,27.27194,86.67333,105,10503,1050303,40837717,nearest,3726.5,40837717,102.6,0,2026-10-08T18:07:13+05:45,2026-10-08T17:50:00+05:45,25.0,cap_25km,5,104,Okhaldhunga,10402,Siddhicharan,1,1040201,5.287,,,0
RIV_144,144,Rawa Khola at Gaikhure,Koshi,27.27194,86.67333,105,10503,1050303,40837717,nearest,3726.5,40837717,102.6,0,2026-10-08T18:07:13+05:45,2026-10-08T17:50:00+05:45,25.0,cap_25km,6,105,Khotang,10504,Halesi Tuwachung,9,1050409,7.846,,,0
RIV_144,144,Rawa Khola at Gaikhure,Koshi,27.27194,86.67333,105,10503,1050303,40837717,nearest,3726.5,40837717,102.6,0,2026-10-08T18:07:13+05:45,2026-10-08T17:50:00+05:45,25.0,cap_25km,7,105,Khotang,10504,Halesi Tuwachung,6,1050406,12.251,,,0
RIV_144,144,Rawa Khola at Gaikhure,Koshi,27.27194,86.67333,105,10503,1050303,40837717,nearest,3726.5,40837717,102.6,0,2026-10-08T18:07:13+05:45,2026-10-08T17:50:00+05:45,25.0,cap_25km,8,105,Khotang,10504,Halesi Tuwachung,4,1050404,14.571,,,0
RIV_144,144,Rawa Khola at Gaikhure,Koshi,27.27194,86.67333,105,10503,1050303,40837717,nearest,3726.5,40837717,102.6,0,2026-10-08T18:07:13+05:45,2026-10-08T17:50:00+05:45,25.0,cap_25km,9,104,Okhaldhunga,10408,Manebhanjyang,1,1040801,15.197,,,0
RIV_144,144,Rawa Khola at Gaikhure,Koshi,27.27194,86.67333,105,10503,1050303,40837717,nearest,3726.5,40837717,102.6,0,2026-10-08T18:07:13+05:45,2026-10-08T17:50:00+05:45,25.0,cap_25km,10,104,Okhaldhunga,10408,Manebhanjyang,2,1040802,18.368,,,0
RIV_144,144,Rawa Khola at Gaikhure,Koshi,27.27194,86.67333,105,10503,1050303,40837717,nearest,3726.5,40837717,102.6,0,2026-10-08T18:07:13+05:45,2026-10-08T17:50:00+05:45,25.0,cap_25km,11,104,Okhaldhunga,10408,Manebhanjyang,3,1040803,20.238,,,0
RIV_144,144,Rawa Khola at Gaikhure,Koshi,27.27194,86.67333,105,10503,1050303,40837717,nearest,3726.5,40837717,102.6,0,2026-10-08T18:07:13+05:45,2026-10-08T17:50:00+05:45,25.0,cap_25km,12,105,Khotang,10504,Halesi Tuwachung,3,1050403,20.689,,,0
RIV_144,144,Rawa Khola at Gaikhure,Koshi,27.27194,86.67333,105,10503,1050303,40837717,nearest,3726.5,40837717,102.6,0,2026-10-08T18:07:13+05:45,2026-10-08T17:50:00+05:45,25.0,cap_25km,13,105,Khotang,10504,Halesi Tuwachung,1,1050401,21.871,,,0
RIV_144,144,Rawa Khola at Gaikhure,Koshi,27.27194,86.67333,105,10503,1050303,40837717,nearest,3726.5,40837717,102.6,0,2026-10-08T18:07:13+05:45,2026-10-08T17:50:00+05:45,25.0,cap_25km,14,104,Okhaldhunga,10408,Manebhanjyang,6,1040806,24.954,,,0
RIV_145,145,Badigad at Rudrabeni,Narayani,27.972,83.4669,504,50412,5041202,40791649,nearest,1999.3,40791649,208.7,0,2026-10-08T18:07:13+05:45,2026-10-08T17:50:00+05:45,25.0,cap_25km,1,504,Gulmi,50412,Ruru,2,5041202,0.0,,,0
RIV_145,145,Badigad at Rudrabeni,Narayani,27.972,83.4669,504,50412,5041202,40791649,nearest,1999.3,40791649,208.7,0,2026-10-08T18:07:13+05:45,2026-10-08T17:50:00+05:45,25.0,cap_25km,2,409,Syangja,40911,Kaligandaki,2,4091102,0.419,,,0
RIV_145,145,Badigad at Rudrabeni,Narayani,27.972,83.4669,504,50412,5041202,40791649,nearest,1999.3,40791649,208.7,0,2026-10-08T18:07:13+05:45,2026-10-08T17:50:00+05:45,25.0,cap_25km,3,409,Syangja,40911,Kaligandaki,1,4091101,2.574,,,0
RIV_145,145,Badigad at Rudrabeni,Narayani,27.972,83.4669,504,50412,5041202,40791649,nearest,1999.3,40791649,208.7,0,2026-10-08T18:07:13+05:45,2026-10-08T17:50:00+05:45,25.0,cap_25km,4,504,Gulmi,50412,Ruru,1,5041201,4.541,,,0
RIV_145,145,Badigad at Rudrabeni,Narayani,27.972,83.4669,504,50412,5041202,40791649,nearest,1999.3,40791649,208.7,0,2026-10-08T18:07:13+05:45,2026-10-08T17:50:00+05:45,25.0,cap_25km,5,506,Palpa,50605,Tansen,14,5060514,6.864,,,0
RIV_145,145,Badigad at Rudrabeni,Narayani,27.972,83.4669,504,50412,5041202,40791649,nearest,1999.3,40791649,208.7,0,2026-10-08T18:07:13+05:45,2026-10-08T17:50:00+05:45,25.0,cap_25km,6,506,Palpa,50605,Tansen,13,5060513,12.896,,,0
RIV_145,145,Badigad at Rudrabeni,Narayani,27.972,83.4669,504,50412,5041202,40791649,nearest,1999.3,40791649,208.7,0,2026-10-08T18:07:13+05:45,2026-10-08T17:50:00+05:45,25.0,cap_25km,7,506,Palpa,50604,Baganaskali,7,5060407,17.215,,,0
RIV_145,145,Badigad at Rudrabeni,Narayani,27.972,83.4669,504,50412,5041202,40791649,nearest,1999.3,40791649,208.7,0,2026-10-08T18:07:13+05:45,2026-10-08T17:50:00+05:45,25.0,cap_25km,8,409,Syangja,40911,Kaligandaki,3,4091103,17.904,,,0
RIV_145,145,Badigad at Rudrabeni,Narayani,27.972,83.4669,504,50412,5041202,40791649,nearest,1999.3,40791649,208.7,0,2026-10-08T18:07:13+05:45,2026-10-08T17:50:00+05:45,25.0,cap_25km,9,506,Palpa,50604,Baganaskali,6,5060406,20.243,,,0
RIV_145,145,Badigad at Rudrabeni,Narayani,27.972,83.4669,504,50412,5041202,40791649,nearest,1999.3,40791649,208.7,0,2026-10-08T18:07:13+05:45,2026-10-08T17:50:00+05:45,25.0,cap_25km,10,409,Syangja,40911,Kaligandaki,7,4091107,22.464,,,0
RIV_147,147,Tinau at Butwal,Tinau,27.74381,83.462251,506,50608,5060802,40814804,nearest,572.9,40814804,230.2,0,2026-10-08T18:07:13+05:45,2026-10-08T18:00:00+05:45,25.0,cap_25km,1,506,Palpa,50608,Tinau,3,5060803,0.0,,,0
RIV_147,147,Tinau at Butwal,Tinau,27.74381,83.462251,506,50608,5060802,40814804,nearest,572.9,40814804,230.2,0,2026-10-08T18:07:13+05:45,2026-10-08T18:00:00+05:45,25.0,cap_25km,2,506,Palpa,50608,Tinau,2,5060802,0.862,,,0
RIV_147,147,Tinau at Butwal,Tinau,27.74381,83.462251,506,50608,5060802,40814804,nearest,572.9,40814804,230.2,0,2026-10-08T18:07:13+05:45,2026-10-08T18:00:00+05:45,25.0,cap_25km,3,508,Rupandehi,50802,Butwal,1,5080201,2.574,,,0
RIV_147,147,Tinau at Butwal,Tinau,27.74381,83.462251,506,50608,5060802,40814804,nearest,572.9,40814804,230.2,0,2026-10-08T18:07:13+05:45,2026-10-08T18:00:00+05:45,25.0,cap_25km,4,508,Rupandehi,50802,Butwal,3,5080203,3.153,,,0
RIV_147,147,Tinau at Butwal,Tinau,27.74381,83.462251,506,50608,5060802,40814804,nearest,572.9,40814804,230.2,0,2026-10-08T18:07:13+05:45,2026-10-08T18:00:00+05:45,25.0,cap_25km,5,508,Rupandehi,50802,Butwal,5,5080205,4.156,Hatbazar Line,MKT_01287,1
RIV_147,147,Tinau at Butwal,Tinau,27.74381,83.462251,506,50608,5060802,40814804,nearest,572.9,40814804,230.2,0,2026-10-08T18:07:13+05:45,2026-10-08T18:00:00+05:45,25.0,cap_25km,6,508,Rupandehi,50802,Butwal,11,5080211,4.955,,,0
RIV_147,147,Tinau at Butwal,Tinau,27.74381,83.462251,506,50608,5060802,40814804,nearest,572.9,40814804,230.2,0,2026-10-08T18:07:13+05:45,2026-10-08T18:00:00+05:45,25.0,cap_25km,7,508,Rupandehi,50802,Butwal,17,5080217,7.595,[unnamed marketplace],MKT_00167,1
RIV_147,147,Tinau at Butwal,Tinau,27.74381,83.462251,506,50608,5060802,40814804,nearest,572.9,40814804,230.2,0,2026-10-08T18:07:13+05:45,2026-10-08T18:00:00+05:45,25.0,cap_25km,8,508,Rupandehi,50808,Tilottama,3,5080803,9.448,हाटबजार लाइन;हाटबजार पथ;हाटबजार पथ ख,MKT_01289;MKT_01290;MKT_01291,3
RIV_147,147,Tinau at Butwal,Tinau,27.74381,83.462251,506,50608,5060802,40814804,nearest,572.9,40814804,230.2,0,2026-10-08T18:07:13+05:45,2026-10-08T18:00:00+05:45,25.0,cap_25km,9,508,Rupandehi,50802,Butwal,18,5080218,11.561,,,0
RIV_147,147,Tinau at Butwal,Tinau,27.74381,83.462251,506,50608,5060802,40814804,nearest,572.9,40814804,230.2,0,2026-10-08T18:07:13+05:45,2026-10-08T18:00:00+05:45,25.0,cap_25km,10,508,Rupandehi,50808,Tilottama,6,5080806,12.648,,,0
RIV_147,147,Tinau at Butwal,Tinau,27.74381,83.462251,506,50608,5060802,40814804,nearest,572.9,40814804,230.2,0,2026-10-08T18:07:13+05:45,2026-10-08T18:00:00+05:45,25.0,cap_25km,11,508,Rupandehi,50806,Suddhodhan,3,5080603,15.74,,,0
RIV_147,147,Tinau at Butwal,Tinau,27.74381,83.462251,506,50608,5060802,40814804,nearest,572.9,40814804,230.2,0,2026-10-08T18:07:13+05:45,2026-10-08T18:00:00+05:45,25.0,cap_25km,12,508,Rupandehi,50808,Tilottama,13,5080813,16.508,,,0
RIV_147,147,Tinau at Butwal,Tinau,27.74381,83.462251,506,50608,5060802,40814804,nearest,572.9,40814804,230.2,0,2026-10-08T18:07:13+05:45,2026-10-08T18:00:00+05:45,25.0,cap_25km,13,508,Rupandehi,50808,Tilottama,14,5080814,18.666,,,0
RIV_147,147,Tinau at Butwal,Tinau,27.74381,83.462251,506,50608,5060802,40814804,nearest,572.9,40814804,230.2,0,2026-10-08T18:07:13+05:45,2026-10-08T18:00:00+05:45,25.0,cap_25km,14,508,Rupandehi,50807,Siyari,7,5080707,19.351,,,0
RIV_147,147,Tinau at Butwal,Tinau,27.74381,83.462251,506,50608,5060802,40814804,nearest,572.9,40814804,230.2,0,2026-10-08T18:07:13+05:45,2026-10-08T18:00:00+05:45,25.0,cap_25km,15,508,Rupandehi,50807,Siyari,3,5080703,22.353,,,0
RIV_147,147,Tinau at Butwal,Tinau,27.74381,83.462251,506,50608,5060802,40814804,nearest,572.9,40814804,230.2,0,2026-10-08T18:07:13+05:45,2026-10-08T18:00:00+05:45,25.0,cap_25km,16,508,Rupandehi,50807,Siyari,2,5080702,23.661,,,0
RIV_147,147,Tinau at Butwal,Tinau,27.74381,83.462251,506,50608,5060802,40814804,nearest,572.9,40814804,230.2,0,2026-10-08T18:07:13+05:45,2026-10-08T18:00:00+05:45,25.0,cap_25km,17,508,Rupandehi,50807,Siyari,1,5080701,24.846,टाईगर प्यालेस,MKT_00794,1
RIV_148,148,Dumre Khola at Kalimati,Tinau,27.796588,83.533467,506,50605,5060508,40802941,nearest,90.7,40802941,147.5,0,2026-10-08T18:07:13+05:45,2026-10-08T17:50:00+05:45,25.0,cap_25km,1,506,Palpa,50605,Tansen,8,5060508,0.0,,,0
RIV_148,148,Dumre Khola at Kalimati,Tinau,27.796588,83.533467,506,50605,5060508,40802941,nearest,90.7,40802941,147.5,0,2026-10-08T18:07:13+05:45,2026-10-08T17:50:00+05:45,25.0,cap_25km,2,506,Palpa,50608,Tinau,5,5060805,1.265,,,0
RIV_148,148,Dumre Khola at Kalimati,Tinau,27.796588,83.533467,506,50605,5060508,40802941,nearest,90.7,40802941,147.5,0,2026-10-08T18:07:13+05:45,2026-10-08T17:50:00+05:45,25.0,cap_25km,3,506,Palpa,50608,Tinau,4,5060804,4.685,,,0
RIV_148,148,Dumre Khola at Kalimati,Tinau,27.796588,83.533467,506,50605,5060508,40802941,nearest,90.7,40802941,147.5,0,2026-10-08T18:07:13+05:45,2026-10-08T17:50:00+05:45,25.0,cap_25km,4,506,Palpa,50608,Tinau,6,5060806,6.795,,,0
RIV_148,148,Dumre Khola at Kalimati,Tinau,27.796588,83.533467,506,50605,5060508,40802941,nearest,90.7,40802941,147.5,0,2026-10-08T18:07:13+05:45,2026-10-08T17:50:00+05:45,25.0,cap_25km,5,506,Palpa,50608,Tinau,3,5060803,7.242,,,0
RIV_148,148,Dumre Khola at Kalimati,Tinau,27.796588,83.533467,506,50605,5060508,40802941,nearest,90.7,40802941,147.5,0,2026-10-08T18:07:13+05:45,2026-10-08T17:50:00+05:45,25.0,cap_25km,6,506,Palpa,50608,Tinau,2,5060802,12.437,,,0
RIV_148,148,Dumre Khola at Kalimati,Tinau,27.796588,83.533467,506,50605,5060508,40802941,nearest,90.7,40802941,147.5,0,2026-10-08T18:07:13+05:45,2026-10-08T17:50:00+05:45,25.0,cap_25km,7,508,Rupandehi,50802,Butwal,1,5080201,16.442,,,0
RIV_148,148,Dumre Khola at Kalimati,Tinau,27.796588,83.533467,506,50605,5060508,40802941,nearest,90.7,40802941,147.5,0,2026-10-08T18:07:13+05:45,2026-10-08T17:50:00+05:45,25.0,cap_25km,8,508,Rupandehi,50802,Butwal,3,5080203,17.021,,,0
RIV_148,148,Dumre Khola at Kalimati,Tinau,27.796588,83.533467,506,50605,5060508,40802941,nearest,90.7,40802941,147.5,0,2026-10-08T18:07:13+05:45,2026-10-08T17:50:00+05:45,25.0,cap_25km,9,508,Rupandehi,50802,Butwal,5,5080205,18.024,Hatbazar Line,MKT_01287,1
RIV_148,148,Dumre Khola at Kalimati,Tinau,27.796588,83.533467,506,50605,5060508,40802941,nearest,90.7,40802941,147.5,0,2026-10-08T18:07:13+05:45,2026-10-08T17:50:00+05:45,25.0,cap_25km,10,508,Rupandehi,50802,Butwal,11,5080211,18.823,,,0
RIV_148,148,Dumre Khola at Kalimati,Tinau,27.796588,83.533467,506,50605,5060508,40802941,nearest,90.7,40802941,147.5,0,2026-10-08T18:07:13+05:45,2026-10-08T17:50:00+05:45,25.0,cap_25km,11,508,Rupandehi,50802,Butwal,17,5080217,21.463,[unnamed marketplace],MKT_00167,1
RIV_148,148,Dumre Khola at Kalimati,Tinau,27.796588,83.533467,506,50605,5060508,40802941,nearest,90.7,40802941,147.5,0,2026-10-08T18:07:13+05:45,2026-10-08T17:50:00+05:45,25.0,cap_25km,12,508,Rupandehi,50808,Tilottama,3,5080803,23.316,हाटबजार लाइन;हाटबजार पथ;हाटबजार पथ ख,MKT_01289;MKT_01290;MKT_01291,3
RIV_149,149,Marsyangdi at Bhakundabesi,Narayani,28.2031524,84.4014369,406,40605,4060502,40776632,nearest,3013.6,40776632,63.5,0,2026-10-08T18:07:13+05:45,2026-10-08T18:00:00+05:45,25.0,cap_25km,1,406,Lamjung,40605,Bensi Shahar,10,4060510,0.0,,,0
RIV_149,149,Marsyangdi at Bhakundabesi,Narayani,28.2031524,84.4014369,406,40605,4060502,40776632,nearest,3013.6,40776632,63.5,0,2026-10-08T18:07:13+05:45,2026-10-08T18:00:00+05:45,25.0,cap_25km,2,406,Lamjung,40605,Bensi Shahar,2,4060502,0.09,,,0
RIV_149,149,Marsyangdi at Bhakundabesi,Narayani,28.2031524,84.4014369,406,40605,4060502,40776632,nearest,3013.6,40776632,63.5,0,2026-10-08T18:07:13+05:45,2026-10-08T18:00:00+05:45,25.0,cap_25km,3,406,Lamjung,40605,Bensi Shahar,11,4060511,0.746,,,0
RIV_149,149,Marsyangdi at Bhakundabesi,Narayani,28.2031524,84.4014369,406,40605,4060502,40776632,nearest,3013.6,40776632,63.5,0,2026-10-08T18:07:13+05:45,2026-10-08T18:00:00+05:45,25.0,cap_25km,4,406,Lamjung,40605,Bensi Shahar,1,4060501,2.2,,,0
RIV_149,149,Marsyangdi at Bhakundabesi,Narayani,28.2031524,84.4014369,406,40605,4060502,40776632,nearest,3013.6,40776632,63.5,0,2026-10-08T18:07:13+05:45,2026-10-08T18:00:00+05:45,25.0,cap_25km,5,406,Lamjung,40606,Sundarbazar,8,4060608,6.47,,,0
RIV_149,149,Marsyangdi at Bhakundabesi,Narayani,28.2031524,84.4014369,406,40605,4060502,40776632,nearest,3013.6,40776632,63.5,0,2026-10-08T18:07:13+05:45,2026-10-08T18:00:00+05:45,25.0,cap_25km,6,406,Lamjung,40601,Dordi,2,4060102,7.804,,,0
RIV_149,149,Marsyangdi at Bhakundabesi,Narayani,28.2031524,84.4014369,406,40605,4060502,40776632,nearest,3013.6,40776632,63.5,0,2026-10-08T18:07:13+05:45,2026-10-08T18:00:00+05:45,25.0,cap_25km,7,406,Lamjung,40601,Dordi,1,4060101,8.233,,,0
RIV_149,149,Marsyangdi at Bhakundabesi,Narayani,28.2031524,84.4014369,406,40605,4060502,40776632,nearest,3013.6,40776632,63.5,0,2026-10-08T18:07:13+05:45,2026-10-08T18:00:00+05:45,25.0,cap_25km,8,406,Lamjung,40606,Sundarbazar,9,4060609,9.4,,,0
RIV_149,149,Marsyangdi at Bhakundabesi,Narayani,28.2031524,84.4014369,406,40605,4060502,40776632,nearest,3013.6,40776632,63.5,0,2026-10-08T18:07:13+05:45,2026-10-08T18:00:00+05:45,25.0,cap_25km,9,406,Lamjung,40607,Rainas,8,4060708,10.024,,,0
RIV_149,149,Marsyangdi at Bhakundabesi,Narayani,28.2031524,84.4014369,406,40605,4060502,40776632,nearest,3013.6,40776632,63.5,0,2026-10-08T18:07:13+05:45,2026-10-08T18:00:00+05:45,25.0,cap_25km,10,406,Lamjung,40606,Sundarbazar,7,4060607,11.108,Paudi Bazar;Sundar Bazar Police station,MKT_01229;MKT_01230,2
RIV_149,149,Marsyangdi at Bhakundabesi,Narayani,28.2031524,84.4014369,406,40605,4060502,40776632,nearest,3013.6,40776632,63.5,0,2026-10-08T18:07:13+05:45,2026-10-08T18:00:00+05:45,25.0,cap_25km,11,407,Tanahu,40701,Bhanu,10,4070110,14.03,कालीमाटी बजार,MKT_01232,1
RIV_149,149,Marsyangdi at Bhakundabesi,Narayani,28.2031524,84.4014369,406,40605,4060502,40776632,nearest,3013.6,40776632,63.5,0,2026-10-08T18:07:13+05:45,2026-10-08T18:00:00+05:45,25.0,cap_25km,12,406,Lamjung,40607,Rainas,6,4060706,15.636,,,0
RIV_149,149,Marsyangdi at Bhakundabesi,Narayani,28.2031524,84.4014369,406,40605,4060502,40776632,nearest,3013.6,40776632,63.5,0,2026-10-08T18:07:13+05:45,2026-10-08T18:00:00+05:45,25.0,cap_25km,13,406,Lamjung,40607,Rainas,7,4060707,16.264,,,0
RIV_149,149,Marsyangdi at Bhakundabesi,Narayani,28.2031524,84.4014369,406,40605,4060502,40776632,nearest,3013.6,40776632,63.5,0,2026-10-08T18:07:13+05:45,2026-10-08T18:00:00+05:45,25.0,cap_25km,14,407,Tanahu,40701,Bhanu,9,4070109,17.661,,,0
RIV_149,149,Marsyangdi at Bhakundabesi,Narayani,28.2031524,84.4014369,406,40605,4060502,40776632,nearest,3013.6,40776632,63.5,0,2026-10-08T18:07:13+05:45,2026-10-08T18:00:00+05:45,25.0,cap_25km,15,407,Tanahu,40701,Bhanu,8,4070108,20.721,,,0
RIV_149,149,Marsyangdi at Bhakundabesi,Narayani,28.2031524,84.4014369,406,40605,4060502,40776632,nearest,3013.6,40776632,63.5,0,2026-10-08T18:07:13+05:45,2026-10-08T18:00:00+05:45,25.0,cap_25km,16,401,Gorkha,40108,Palungtar,5,4010805,20.948,पालुङटार बजार,MKT_01178,1
RIV_149,149,Marsyangdi at Bhakundabesi,Narayani,28.2031524,84.4014369,406,40605,4060502,40776632,nearest,3013.6,40776632,63.5,0,2026-10-08T18:07:13+05:45,2026-10-08T18:00:00+05:45,25.0,cap_25km,17,401,Gorkha,40108,Palungtar,6,4010806,24.097,Pouwatar Bazar,MKT_00136,1
RIV_149,149,Marsyangdi at Bhakundabesi,Narayani,28.2031524,84.4014369,406,40605,4060502,40776632,nearest,3013.6,40776632,63.5,0,2026-10-08T18:07:13+05:45,2026-10-08T18:00:00+05:45,25.0,cap_25km,18,407,Tanahu,40701,Bhanu,3,4070103,24.551,,,0
RIV_152,152,Humla Karnali at Bihichhada,Karnali,29.654137,81.883093,603,60306,6030603,40700638,nearest,9075.9,40700638,178.9,0,2026-10-08T18:07:13+05:45,2026-10-08T17:50:00+05:45,25.0,cap_25km,1,603,Humla,60306,Adanchuli,3,6030603,0.0,Local Hotel;Shreenagar,MKT_00286;MKT_00287,2
RIV_152,152,Humla Karnali at Bihichhada,Karnali,29.654137,81.883093,603,60306,6030603,40700638,nearest,9075.9,40700638,178.9,0,2026-10-08T18:07:13+05:45,2026-10-08T17:50:00+05:45,25.0,cap_25km,2,602,Mugu,60203,Soru,3,6020303,0.197,,,0
RIV_152,152,Humla Karnali at Bihichhada,Karnali,29.654137,81.883093,603,60306,6030603,40700638,nearest,9075.9,40700638,178.9,0,2026-10-08T18:07:13+05:45,2026-10-08T17:50:00+05:45,25.0,cap_25km,3,603,Humla,60306,Adanchuli,2,6030602,0.935,Gulfagaad,MKT_00285,1
RIV_152,152,Humla Karnali at Bihichhada,Karnali,29.654137,81.883093,603,60306,6030603,40700638,nearest,9075.9,40700638,178.9,0,2026-10-08T18:07:13+05:45,2026-10-08T17:50:00+05:45,25.0,cap_25km,4,603,Humla,60306,Adanchuli,1,6030601,2.652,,,0
RIV_152,152,Humla Karnali at Bihichhada,Karnali,29.654137,81.883093,603,60306,6030603,40700638,nearest,9075.9,40700638,178.9,0,2026-10-08T18:07:13+05:45,2026-10-08T17:50:00+05:45,25.0,cap_25km,5,602,Mugu,60203,Soru,11,6020311,4.907,,,0
RIV_152,152,Humla Karnali at Bihichhada,Karnali,29.654137,81.883093,603,60306,6030603,40700638,nearest,9075.9,40700638,178.9,0,2026-10-08T18:07:13+05:45,2026-10-08T17:50:00+05:45,25.0,cap_25km,6,603,Humla,60307,Tanjakot,4,6030704,8.015,Tirthasain;Kirthasain,MKT_00293;MKT_00294,2
RIV_152,152,Humla Karnali at Bihichhada,Karnali,29.654137,81.883093,603,60306,6030603,40700638,nearest,9075.9,40700638,178.9,0,2026-10-08T18:07:13+05:45,2026-10-08T17:50:00+05:45,25.0,cap_25km,7,602,Mugu,60204,Khatyad,10,6020410,12.599,,,0
RIV_152,152,Humla Karnali at Bihichhada,Karnali,29.654137,81.883093,603,60306,6030603,40700638,nearest,9075.9,40700638,178.9,0,2026-10-08T18:07:13+05:45,2026-10-08T17:50:00+05:45,25.0,cap_25km,8,603,Humla,60307,Tanjakot,2,6030702,12.842,Kuwadi;Puima,MKT_00290;MKT_00291,2
RIV_152,152,Humla Karnali at Bihichhada,Karnali,29.654137,81.883093,603,60306,6030603,40700638,nearest,9075.9,40700638,178.9,0,2026-10-08T18:07:13+05:45,2026-10-08T17:50:00+05:45,25.0,cap_25km,9,701,Bajura,70101,Himali,5,7010105,14.899,Kuwadi Bazar,MKT_00324,1
RIV_152,152,Humla Karnali at Bihichhada,Karnali,29.654137,81.883093,603,60306,6030603,40700638,nearest,9075.9,40700638,178.9,0,2026-10-08T18:07:13+05:45,2026-10-08T17:50:00+05:45,25.0,cap_25km,10,701,Bajura,70101,Himali,4,7010104,16.024,,,0
RIV_152,152,Humla Karnali at Bihichhada,Karnali,29.654137,81.883093,603,60306,6030603,40700638,nearest,9075.9,40700638,178.9,0,2026-10-08T18:07:13+05:45,2026-10-08T17:50:00+05:45,25.0,cap_25km,11,701,Bajura,70101,Himali,6,7010106,23.357,Dhim Bazar,MKT_00325,1
RIV_152,152,Humla Karnali at Bihichhada,Karnali,29.654137,81.883093,603,60306,6030603,40700638,nearest,9075.9,40700638,178.9,0,2026-10-08T18:07:13+05:45,2026-10-08T17:50:00+05:45,25.0,cap_25km,12,602,Mugu,60204,Khatyad,8,6020408,24.461,,,0
RIV_153,153,Humla Karnali at Jaur (Sarkegad),Karnali,29.779998,81.948703,603,60305,6030504,40694664,nearest,7430.5,40694664,34.0,0,2026-10-08T18:07:13+05:45,2026-10-08T17:50:00+05:45,25.0,cap_25km,1,603,Humla,60305,Sarkegad,4,6030504,0.0,Sarkegaad bazar;Sauli Bazar;Shanti Bazar,MKT_00284;MKT_01382;MKT_01383,3
RIV_153,153,Humla Karnali at Jaur (Sarkegad),Karnali,29.779998,81.948703,603,60305,6030504,40694664,nearest,7430.5,40694664,34.0,0,2026-10-08T18:07:13+05:45,2026-10-08T17:50:00+05:45,25.0,cap_25km,2,603,Humla,60305,Sarkegad,5,6030505,4.814,,,0
RIV_153,153,Humla Karnali at Jaur (Sarkegad),Karnali,29.779998,81.948703,603,60305,6030504,40694664,nearest,7430.5,40694664,34.0,0,2026-10-08T18:07:13+05:45,2026-10-08T17:50:00+05:45,25.0,cap_25km,3,603,Humla,60301,Chankheli,6,6030106,5.11,,,0
RIV_153,153,Humla Karnali at Jaur (Sarkegad),Karnali,29.779998,81.948703,603,60305,6030504,40694664,nearest,7430.5,40694664,34.0,0,2026-10-08T18:07:13+05:45,2026-10-08T17:50:00+05:45,25.0,cap_25km,4,603,Humla,60305,Sarkegad,1,6030501,8.76,Balukuna,MKT_00281,1
RIV_153,153,Humla Karnali at Jaur (Sarkegad),Karnali,29.779998,81.948703,603,60305,6030504,40694664,nearest,7430.5,40694664,34.0,0,2026-10-08T18:07:13+05:45,2026-10-08T17:50:00+05:45,25.0,cap_25km,5,602,Mugu,60203,Soru,5,6020305,10.88,,,0
RIV_153,153,Humla Karnali at Jaur (Sarkegad),Karnali,29.779998,81.948703,603,60305,6030504,40694664,nearest,7430.5,40694664,34.0,0,2026-10-08T18:07:13+05:45,2026-10-08T17:50:00+05:45,25.0,cap_25km,6,602,Mugu,60203,Soru,4,6020304,15.076,,,0
RIV_153,153,Humla Karnali at Jaur (Sarkegad),Karnali,29.779998,81.948703,603,60305,6030504,40694664,nearest,7430.5,40694664,34.0,0,2026-10-08T18:07:13+05:45,2026-10-08T17:50:00+05:45,25.0,cap_25km,7,603,Humla,60306,Adanchuli,3,6030603,22.753,Local Hotel;Shreenagar,MKT_00286;MKT_00287,2
RIV_153,153,Humla Karnali at Jaur (Sarkegad),Karnali,29.779998,81.948703,603,60305,6030504,40694664,nearest,7430.5,40694664,34.0,0,2026-10-08T18:07:13+05:45,2026-10-08T17:50:00+05:45,25.0,cap_25km,8,602,Mugu,60203,Soru,1,6020301,23.891,,,0
RIV_159,159,Madi river at Benipatan,Narayani,27.970405,84.266532,407,40702,4070203,40791652,nearest,1132.8,40791652,41.5,0,2026-10-08T18:07:13+05:45,2026-10-08T18:00:00+05:45,25.0,cap_25km,1,407,Tanahu,40702,Byas,3,4070203,0.0,,,0
RIV_159,159,Madi river at Benipatan,Narayani,27.970405,84.266532,407,40702,4070203,40791652,nearest,1132.8,40791652,41.5,0,2026-10-08T18:07:13+05:45,2026-10-08T18:00:00+05:45,25.0,cap_25km,2,407,Tanahu,40707,Rhishing,1,4070701,0.288,,,0
RIV_159,159,Madi river at Benipatan,Narayani,27.970405,84.266532,407,40702,4070203,40791652,nearest,1132.8,40791652,41.5,0,2026-10-08T18:07:13+05:45,2026-10-08T18:00:00+05:45,25.0,cap_25km,3,407,Tanahu,40702,Byas,13,4070213,1.858,,,0
RIV_159,159,Madi river at Benipatan,Narayani,27.970405,84.266532,407,40702,4070203,40791652,nearest,1132.8,40791652,41.5,0,2026-10-08T18:07:13+05:45,2026-10-08T18:00:00+05:45,25.0,cap_25km,4,407,Tanahu,40702,Byas,14,4070214,8.609,,,0
RIV_159,159,Madi river at Benipatan,Narayani,27.970405,84.266532,407,40702,4070203,40791652,nearest,1132.8,40791652,41.5,0,2026-10-08T18:07:13+05:45,2026-10-08T18:00:00+05:45,25.0,cap_25km,5,407,Tanahu,40707,Rhishing,3,4070703,10.055,,,0
RIV_159,159,Madi river at Benipatan,Narayani,27.970405,84.266532,407,40702,4070203,40791652,nearest,1132.8,40791652,41.5,0,2026-10-08T18:07:13+05:45,2026-10-08T18:00:00+05:45,25.0,cap_25km,6,407,Tanahu,40708,Devghat,3,4070803,14.835,,,0
RIV_159,159,Madi river at Benipatan,Narayani,27.970405,84.266532,407,40702,4070203,40791652,nearest,1132.8,40791652,41.5,0,2026-10-08T18:07:13+05:45,2026-10-08T18:00:00+05:45,25.0,cap_25km,7,407,Tanahu,40709,Bandipur,6,4070906,15.46,,,0
RIV_159,159,Madi river at Benipatan,Narayani,27.970405,84.266532,407,40702,4070203,40791652,nearest,1132.8,40791652,41.5,0,2026-10-08T18:07:13+05:45,2026-10-08T18:00:00+05:45,25.0,cap_25km,8,407,Tanahu,40708,Devghat,4,4070804,22.961,,,0
RIV_163,163,Rara Daha at Sen,Karnali,29.529,82.066,602,60202,6020209,40706385,nearest_beyond_1km,25.6,40706385,1768.1,1,2026-10-08T18:07:13+05:45,2026-10-08T18:00:00+05:45,25.0,cap_25km,1,602,Mugu,60202,Chhayanath Rara,9,6020209,0.0,,,0
RIV_163,163,Rara Daha at Sen,Karnali,29.529,82.066,602,60202,6020209,40706385,nearest_beyond_1km,25.6,40706385,1768.1,1,2026-10-08T18:07:13+05:45,2026-10-08T18:00:00+05:45,25.0,cap_25km,2,602,Mugu,60203,Soru,8,6020308,4.028,Badiya Mela;Tarapani Bajar,MKT_00260;MKT_00261,2
RIV_163,163,Rara Daha at Sen,Karnali,29.529,82.066,602,60202,6020209,40706385,nearest_beyond_1km,25.6,40706385,1768.1,1,2026-10-08T18:07:13+05:45,2026-10-08T18:00:00+05:45,25.0,cap_25km,3,602,Mugu,60204,Khatyad,1,6020401,5.839,,,0
RIV_163,163,Rara Daha at Sen,Karnali,29.529,82.066,602,60202,6020209,40706385,nearest_beyond_1km,25.6,40706385,1768.1,1,2026-10-08T18:07:13+05:45,2026-10-08T18:00:00+05:45,25.0,cap_25km,4,602,Mugu,60204,Khatyad,2,6020402,11.235,,,0
RIV_163,163,Rara Daha at Sen,Karnali,29.529,82.066,602,60202,6020209,40706385,nearest_beyond_1km,25.6,40706385,1768.1,1,2026-10-08T18:07:13+05:45,2026-10-08T18:00:00+05:45,25.0,cap_25km,5,602,Mugu,60204,Khatyad,3,6020403,12.788,,,0
RIV_163,163,Rara Daha at Sen,Karnali,29.529,82.066,602,60202,6020209,40706385,nearest_beyond_1km,25.6,40706385,1768.1,1,2026-10-08T18:07:13+05:45,2026-10-08T18:00:00+05:45,25.0,cap_25km,6,602,Mugu,60204,Khatyad,4,6020404,16.813,Gumtha Bazar;Talibazar;Talibagar Bazaar;Talibagar Bazar to Birabagar;Kerai to Talibagar Bazaar;Talibagar Bazaar to Juika,MKT_00262;MKT_01376;MKT_01377;MKT_01378;MKT_01379;MKT_01380,6
RIV_163,163,Rara Daha at Sen,Karnali,29.529,82.066,602,60202,6020209,40706385,nearest_beyond_1km,25.6,40706385,1768.1,1,2026-10-08T18:07:13+05:45,2026-10-08T18:00:00+05:45,25.0,cap_25km,7,602,Mugu,60204,Khatyad,7,6020407,17.364,Gumtha Bazar,MKT_00264,1
RIV_163,163,Rara Daha at Sen,Karnali,29.529,82.066,602,60202,6020209,40706385,nearest_beyond_1km,25.6,40706385,1768.1,1,2026-10-08T18:07:13+05:45,2026-10-08T18:00:00+05:45,25.0,cap_25km,8,602,Mugu,60204,Khatyad,6,6020406,20.774,Talibagar Bazar to Birabagar,MKT_01381,1
RIV_163,163,Rara Daha at Sen,Karnali,29.529,82.066,602,60202,6020209,40706385,nearest_beyond_1km,25.6,40706385,1768.1,1,2026-10-08T18:07:13+05:45,2026-10-08T18:00:00+05:45,25.0,cap_25km,9,602,Mugu,60204,Khatyad,11,6020411,23.185,,,0
RIV_163,163,Rara Daha at Sen,Karnali,29.529,82.066,602,60202,6020209,40706385,nearest_beyond_1km,25.6,40706385,1768.1,1,2026-10-08T18:07:13+05:45,2026-10-08T18:00:00+05:45,25.0,cap_25km,10,602,Mugu,60204,Khatyad,9,6020409,24.278,,,0
RIV_164,164,Saru Gad at Jajarkot,Karnali,28.640678,82.030897,610,61001,6100101,40750460,nearest,11494.1,40750460,126.5,0,2026-10-08T18:07:13+05:45,2026-10-07T02:50:00+05:45,25.0,cap_25km,1,609,Salyan,60903,Banagad Kupinde,2,6090302,0.0,,,0
RIV_164,164,Saru Gad at Jajarkot,Karnali,28.640678,82.030897,610,61001,6100101,40750460,nearest,11494.1,40750460,126.5,0,2026-10-08T18:07:13+05:45,2026-10-07T02:50:00+05:45,25.0,cap_25km,2,610,Surkhet,61001,Simta,1,6100101,0.708,,,0
RIV_164,164,Saru Gad at Jajarkot,Karnali,28.640678,82.030897,610,61001,6100101,40750460,nearest,11494.1,40750460,126.5,0,2026-10-08T18:07:13+05:45,2026-10-07T02:50:00+05:45,25.0,cap_25km,3,610,Surkhet,61001,Simta,3,6100103,2.131,,,0
RIV_164,164,Saru Gad at Jajarkot,Karnali,28.640678,82.030897,610,61001,6100101,40750460,nearest,11494.1,40750460,126.5,0,2026-10-08T18:07:13+05:45,2026-10-07T02:50:00+05:45,25.0,cap_25km,4,609,Salyan,60903,Banagad Kupinde,3,6090303,8.516,,,0
RIV_164,164,Saru Gad at Jajarkot,Karnali,28.640678,82.030897,610,61001,6100101,40750460,nearest,11494.1,40750460,126.5,0,2026-10-08T18:07:13+05:45,2026-10-07T02:50:00+05:45,25.0,cap_25km,5,610,Surkhet,61001,Simta,4,6100104,8.685,,,0
RIV_164,164,Saru Gad at Jajarkot,Karnali,28.640678,82.030897,610,61001,6100101,40750460,nearest,11494.1,40750460,126.5,0,2026-10-08T18:07:13+05:45,2026-10-07T02:50:00+05:45,25.0,cap_25km,6,609,Salyan,60903,Banagad Kupinde,1,6090301,9.707,,,0
RIV_164,164,Saru Gad at Jajarkot,Karnali,28.640678,82.030897,610,61001,6100101,40750460,nearest,11494.1,40750460,126.5,0,2026-10-08T18:07:13+05:45,2026-10-07T02:50:00+05:45,25.0,cap_25km,7,610,Surkhet,61001,Simta,6,6100106,12.147,,,0
RIV_164,164,Saru Gad at Jajarkot,Karnali,28.640678,82.030897,610,61001,6100101,40750460,nearest,11494.1,40750460,126.5,0,2026-10-08T18:07:13+05:45,2026-10-07T02:50:00+05:45,25.0,cap_25km,8,610,Surkhet,61001,Simta,7,6100107,22.902,,,0
RIV_165,165,Kamala at Ranibas,Kamala,27.079444,86.028333,311,31105,3110513,40850535,nearest,525.2,40850535,123.9,0,2026-10-08T18:07:13+05:45,2026-10-08T16:40:00+05:45,25.0,cap_25km,1,311,Sindhuli,31105,Kamalamai,13,3110513,0.0,,,0
RIV_165,165,Kamala at Ranibas,Kamala,27.079444,86.028333,311,31105,3110513,40850535,nearest,525.2,40850535,123.9,0,2026-10-08T18:07:13+05:45,2026-10-08T16:40:00+05:45,25.0,cap_25km,2,311,Sindhuli,31105,Kamalamai,14,3110514,2.299,,,0
RIV_165,165,Kamala at Ranibas,Kamala,27.079444,86.028333,311,31105,3110513,40850535,nearest,525.2,40850535,123.9,0,2026-10-08T18:07:13+05:45,2026-10-08T16:40:00+05:45,25.0,cap_25km,3,311,Sindhuli,31101,Dudhouli,2,3110102,7.49,,,0
RIV_165,165,Kamala at Ranibas,Kamala,27.079444,86.028333,311,31105,3110513,40850535,nearest,525.2,40850535,123.9,0,2026-10-08T18:07:13+05:45,2026-10-08T16:40:00+05:45,25.0,cap_25km,4,311,Sindhuli,31101,Dudhouli,3,3110103,7.916,,,0
RIV_165,165,Kamala at Ranibas,Kamala,27.079444,86.028333,311,31105,3110513,40850535,nearest,525.2,40850535,123.9,0,2026-10-08T18:07:13+05:45,2026-10-08T16:40:00+05:45,25.0,cap_25km,5,311,Sindhuli,31101,Dudhouli,1,3110101,13.87,,,0
RIV_165,165,Kamala at Ranibas,Kamala,27.079444,86.028333,311,31105,3110513,40850535,nearest,525.2,40850535,123.9,0,2026-10-08T18:07:13+05:45,2026-10-08T16:40:00+05:45,25.0,cap_25km,6,311,Sindhuli,31101,Dudhouli,4,3110104,16.735,,,0
RIV_165,165,Kamala at Ranibas,Kamala,27.079444,86.028333,311,31105,3110513,40850535,nearest,525.2,40850535,123.9,0,2026-10-08T18:07:13+05:45,2026-10-08T16:40:00+05:45,25.0,cap_25km,7,311,Sindhuli,31101,Dudhouli,6,3110106,18.461,,,0
RIV_165,165,Kamala at Ranibas,Kamala,27.079444,86.028333,311,31105,3110513,40850535,nearest,525.2,40850535,123.9,0,2026-10-08T18:07:13+05:45,2026-10-08T16:40:00+05:45,25.0,cap_25km,8,311,Sindhuli,31101,Dudhouli,5,3110105,22.718,,,0
RIV_166,166,Budhiganga River at Kakarsant,Karnali,29.179,81.215,707,70704,7070408,40721949,nearest,1369.6,40721949,40.7,0,2026-10-08T18:07:13+05:45,2026-10-08T17:40:00+05:45,25.0,cap_25km,1,707,Achham,70704,Sanphebagar,8,7070408,0.0,,,0
RIV_166,166,Budhiganga River at Kakarsant,Karnali,29.179,81.215,707,70704,7070408,40721949,nearest,1369.6,40721949,40.7,0,2026-10-08T18:07:13+05:45,2026-10-08T17:40:00+05:45,25.0,cap_25km,2,707,Achham,70705,Chaurpati,4,7070504,0.564,,,0
RIV_166,166,Budhiganga River at Kakarsant,Karnali,29.179,81.215,707,70704,7070408,40721949,nearest,1369.6,40721949,40.7,0,2026-10-08T18:07:13+05:45,2026-10-08T17:40:00+05:45,25.0,cap_25km,3,707,Achham,70706,Mangalsen,3,7070603,2.964,,,0
RIV_166,166,Budhiganga River at Kakarsant,Karnali,29.179,81.215,707,70704,7070408,40721949,nearest,1369.6,40721949,40.7,0,2026-10-08T18:07:13+05:45,2026-10-08T17:40:00+05:45,25.0,cap_25km,4,707,Achham,70706,Mangalsen,2,7070602,5.491,,,0
RIV_166,166,Budhiganga River at Kakarsant,Karnali,29.179,81.215,707,70704,7070408,40721949,nearest,1369.6,40721949,40.7,0,2026-10-08T18:07:13+05:45,2026-10-08T17:40:00+05:45,25.0,cap_25km,5,707,Achham,70705,Chaurpati,1,7070501,7.365,,,0
RIV_166,166,Budhiganga River at Kakarsant,Karnali,29.179,81.215,707,70704,7070408,40721949,nearest,1369.6,40721949,40.7,0,2026-10-08T18:07:13+05:45,2026-10-08T17:40:00+05:45,25.0,cap_25km,6,707,Achham,70706,Mangalsen,1,7070601,12.32,,,0
RIV_166,166,Budhiganga River at Kakarsant,Karnali,29.179,81.215,707,70704,7070408,40721949,nearest,1369.6,40721949,40.7,0,2026-10-08T18:07:13+05:45,2026-10-08T17:40:00+05:45,25.0,cap_25km,7,706,Doti,70607,Bogatan,7,7060707,15.938,,,0
RIV_166,166,Budhiganga River at Kakarsant,Karnali,29.179,81.215,707,70704,7070408,40721949,nearest,1369.6,40721949,40.7,0,2026-10-08T18:07:13+05:45,2026-10-08T17:40:00+05:45,25.0,cap_25km,8,707,Achham,70706,Mangalsen,13,7070613,16.488,,,0
RIV_166,166,Budhiganga River at Kakarsant,Karnali,29.179,81.215,707,70704,7070408,40721949,nearest,1369.6,40721949,40.7,0,2026-10-08T18:07:13+05:45,2026-10-08T17:40:00+05:45,25.0,cap_25km,9,706,Doti,70607,Bogatan,3,7060703,20.63,,,0
RIV_167,167,West Seti River at Chainpur,Karnali,29.555,81.215,702,70205,7020501,40704001,smallest_ge_min_1km,2009.3,40706967,144.8,0,2026-10-08T18:07:13+05:45,2026-10-08T18:00:00+05:45,25.0,cap_25km,1,702,Bajhang,70205,Masta,1,7020501,0.0,,,0
RIV_167,167,West Seti River at Chainpur,Karnali,29.555,81.215,702,70205,7020501,40704001,smallest_ge_min_1km,2009.3,40706967,144.8,0,2026-10-08T18:07:13+05:45,2026-10-08T18:00:00+05:45,25.0,cap_25km,2,702,Bajhang,70206,Jayaprithbi,3,7020603,0.901,,,0
RIV_167,167,West Seti River at Chainpur,Karnali,29.555,81.215,702,70205,7020501,40704001,smallest_ge_min_1km,2009.3,40706967,144.8,0,2026-10-08T18:07:13+05:45,2026-10-08T18:00:00+05:45,25.0,cap_25km,3,702,Bajhang,70206,Jayaprithbi,10,7020610,1.516,,,0
RIV_167,167,West Seti River at Chainpur,Karnali,29.555,81.215,702,70205,7020501,40704001,smallest_ge_min_1km,2009.3,40706967,144.8,0,2026-10-08T18:07:13+05:45,2026-10-08T18:00:00+05:45,25.0,cap_25km,4,702,Bajhang,70206,Jayaprithbi,5,7020605,1.981,,,0
RIV_167,167,West Seti River at Chainpur,Karnali,29.555,81.215,702,70205,7020501,40704001,smallest_ge_min_1km,2009.3,40706967,144.8,0,2026-10-08T18:07:13+05:45,2026-10-08T18:00:00+05:45,25.0,cap_25km,5,702,Bajhang,70206,Jayaprithbi,9,7020609,2.675,,,0
RIV_167,167,West Seti River at Chainpur,Karnali,29.555,81.215,702,70205,7020501,40704001,smallest_ge_min_1km,2009.3,40706967,144.8,0,2026-10-08T18:07:13+05:45,2026-10-08T18:00:00+05:45,25.0,cap_25km,6,702,Bajhang,70206,Jayaprithbi,6,7020606,5.88,,,0
RIV_167,167,West Seti River at Chainpur,Karnali,29.555,81.215,702,70205,7020501,40704001,smallest_ge_min_1km,2009.3,40706967,144.8,0,2026-10-08T18:07:13+05:45,2026-10-08T18:00:00+05:45,25.0,cap_25km,7,702,Bajhang,70206,Jayaprithbi,7,7020607,7.821,,,0
RIV_167,167,West Seti River at Chainpur,Karnali,29.555,81.215,702,70205,7020501,40704001,smallest_ge_min_1km,2009.3,40706967,144.8,0,2026-10-08T18:07:13+05:45,2026-10-08T18:00:00+05:45,25.0,cap_25km,8,702,Bajhang,70212,Khaptad Chhanna,2,7021202,10.744,,,0
RIV_167,167,West Seti River at Chainpur,Karnali,29.555,81.215,702,70205,7020501,40704001,smallest_ge_min_1km,2009.3,40706967,144.8,0,2026-10-08T18:07:13+05:45,2026-10-08T18:00:00+05:45,25.0,cap_25km,9,702,Bajhang,70211,Thalara,9,7021109,11.215,,,0
RIV_167,167,West Seti River at Chainpur,Karnali,29.555,81.215,702,70205,7020501,40704001,smallest_ge_min_1km,2009.3,40706967,144.8,0,2026-10-08T18:07:13+05:45,2026-10-08T18:00:00+05:45,25.0,cap_25km,10,702,Bajhang,70207,Chhabis Pathibhara,1,7020701,11.54,,,0
RIV_167,167,West Seti River at Chainpur,Karnali,29.555,81.215,702,70205,7020501,40704001,smallest_ge_min_1km,2009.3,40706967,144.8,0,2026-10-08T18:07:13+05:45,2026-10-08T18:00:00+05:45,25.0,cap_25km,11,702,Bajhang,70208,Durgathali,2,7020802,19.185,,,0
RIV_167,167,West Seti River at Chainpur,Karnali,29.555,81.215,702,70205,7020501,40704001,smallest_ge_min_1km,2009.3,40706967,144.8,0,2026-10-08T18:07:13+05:45,2026-10-08T18:00:00+05:45,25.0,cap_25km,12,702,Bajhang,70211,Thalara,6,7021106,21.817,थलारा कलेक्सन सेन्टर,MKT_00344,1
RIV_167,167,West Seti River at Chainpur,Karnali,29.555,81.215,702,70205,7020501,40704001,smallest_ge_min_1km,2009.3,40706967,144.8,0,2026-10-08T18:07:13+05:45,2026-10-08T18:00:00+05:45,25.0,cap_25km,13,702,Bajhang,70211,Thalara,3,7021103,23.754,,,0
RIV_167,167,West Seti River at Chainpur,Karnali,29.555,81.215,702,70205,7020501,40704001,smallest_ge_min_1km,2009.3,40706967,144.8,0,2026-10-08T18:07:13+05:45,2026-10-08T18:00:00+05:45,25.0,cap_25km,14,702,Bajhang,70209,Kedarsyun,9,7020909,24.909,,,0
RIV_168,168,Kuwadi River at Rigin(209),Karnali,29.604,81.759,701,70101,7010105,40701754,nearest,818.5,40701754,250.2,0,2026-10-08T18:07:13+05:45,2026-10-08T17:50:00+05:45,25.0,cap_25km,1,603,Humla,60307,Tanjakot,2,6030702,0.0,Kuwadi;Puima,MKT_00290;MKT_00291,2
RIV_168,168,Kuwadi River at Rigin(209),Karnali,29.604,81.759,701,70101,7010105,40701754,nearest,818.5,40701754,250.2,0,2026-10-08T18:07:13+05:45,2026-10-08T17:50:00+05:45,25.0,cap_25km,2,701,Bajura,70101,Himali,5,7010105,0.82,Kuwadi Bazar,MKT_00324,1
RIV_168,168,Kuwadi River at Rigin(209),Karnali,29.604,81.759,701,70101,7010105,40701754,nearest,818.5,40701754,250.2,0,2026-10-08T18:07:13+05:45,2026-10-08T17:50:00+05:45,25.0,cap_25km,3,602,Mugu,60204,Khatyad,10,6020410,1.521,,,0
RIV_168,168,Kuwadi River at Rigin(209),Karnali,29.604,81.759,701,70101,7010105,40701754,nearest,818.5,40701754,250.2,0,2026-10-08T18:07:13+05:45,2026-10-08T17:50:00+05:45,25.0,cap_25km,4,701,Bajura,70101,Himali,4,7010104,2.546,,,0
RIV_168,168,Kuwadi River at Rigin(209),Karnali,29.604,81.759,701,70101,7010105,40701754,nearest,818.5,40701754,250.2,0,2026-10-08T18:07:13+05:45,2026-10-08T17:50:00+05:45,25.0,cap_25km,5,701,Bajura,70101,Himali,6,7010106,9.879,Dhim Bazar,MKT_00325,1
RIV_168,168,Kuwadi River at Rigin(209),Karnali,29.604,81.759,701,70101,7010105,40701754,nearest,818.5,40701754,250.2,0,2026-10-08T18:07:13+05:45,2026-10-08T17:50:00+05:45,25.0,cap_25km,6,602,Mugu,60204,Khatyad,8,6020408,10.983,,,0
RIV_168,168,Kuwadi River at Rigin(209),Karnali,29.604,81.759,701,70101,7010105,40701754,nearest,818.5,40701754,250.2,0,2026-10-08T18:07:13+05:45,2026-10-08T17:50:00+05:45,25.0,cap_25km,7,701,Bajura,70101,Himali,7,7010107,14.949,Badhu Bazar;Badhu Bazar,MKT_00326;MKT_01461,2
RIV_168,168,Kuwadi River at Rigin(209),Karnali,29.604,81.759,701,70101,7010105,40701754,nearest,818.5,40701754,250.2,0,2026-10-08T18:07:13+05:45,2026-10-08T17:50:00+05:45,25.0,cap_25km,8,701,Bajura,70104,Swami Kartik,5,7010405,15.87,,,0
RIV_168,168,Kuwadi River at Rigin(209),Karnali,29.604,81.759,701,70101,7010105,40701754,nearest,818.5,40701754,250.2,0,2026-10-08T18:07:13+05:45,2026-10-08T17:50:00+05:45,25.0,cap_25km,9,701,Bajura,70104,Swami Kartik,4,7010404,18.689,,,0
RIV_168,168,Kuwadi River at Rigin(209),Karnali,29.604,81.759,701,70101,7010105,40701754,nearest,818.5,40701754,250.2,0,2026-10-08T18:07:13+05:45,2026-10-08T17:50:00+05:45,25.0,cap_25km,10,701,Bajura,70105,Pandab Gufa,1,7010501,23.867,Piluchaur bazar,MKT_00332,1
RIV_168,168,Kuwadi River at Rigin(209),Karnali,29.604,81.759,701,70101,7010105,40701754,nearest,818.5,40701754,250.2,0,2026-10-08T18:07:13+05:45,2026-10-08T17:50:00+05:45,25.0,cap_25km,11,701,Bajura,70105,Pandab Gufa,2,7010502,24.723,,,0
RIV_173,173,Kharpu Khola HS,Karnali,29.9433,81.8569,603,60302,6030205,40686951,nearest,5694.0,40686951,14.6,0,2026-10-08T18:07:13+05:45,2026-10-08T17:40:00+05:45,25.0,cap_25km,1,603,Humla,60302,Kharpunath,5,6030205,0.0,"Yanchu Bazaar, Kharpunath;Kharpunath Bazar;Yanchu bazar;Bokchegauda",MKT_00267;MKT_00268;MKT_00269;MKT_00270,4
RIV_173,173,Kharpu Khola HS,Karnali,29.9433,81.8569,603,60302,6030205,40686951,nearest,5694.0,40686951,14.6,0,2026-10-08T18:07:13+05:45,2026-10-08T17:40:00+05:45,25.0,cap_25km,2,603,Humla,60302,Kharpunath,4,6030204,1.891,,,0
RIV_173,173,Kharpu Khola HS,Karnali,29.9433,81.8569,603,60302,6030205,40686951,nearest,5694.0,40686951,14.6,0,2026-10-08T18:07:13+05:45,2026-10-08T17:40:00+05:45,25.0,cap_25km,3,603,Humla,60302,Kharpunath,3,6030203,5.751,,,0
RIV_173,173,Kharpu Khola HS,Karnali,29.9433,81.8569,603,60302,6030205,40686951,nearest,5694.0,40686951,14.6,0,2026-10-08T18:07:13+05:45,2026-10-08T17:40:00+05:45,25.0,cap_25km,4,603,Humla,60302,Kharpunath,1,6030201,7.106,Sunakhada,MKT_00266,1
RIV_173,173,Kharpu Khola HS,Karnali,29.9433,81.8569,603,60302,6030205,40686951,nearest,5694.0,40686951,14.6,0,2026-10-08T18:07:13+05:45,2026-10-08T17:40:00+05:45,25.0,cap_25km,5,603,Humla,60302,Kharpunath,2,6030202,11.628,,,0
RIV_173,173,Kharpu Khola HS,Karnali,29.9433,81.8569,603,60302,6030205,40686951,nearest,5694.0,40686951,14.6,0,2026-10-08T18:07:13+05:45,2026-10-08T17:40:00+05:45,25.0,cap_25km,6,603,Humla,60305,Sarkegad,6,6030506,17.567,,,0
RIV_173,173,Kharpu Khola HS,Karnali,29.9433,81.8569,603,60302,6030205,40686951,nearest,5694.0,40686951,14.6,0,2026-10-08T18:07:13+05:45,2026-10-08T17:40:00+05:45,25.0,cap_25km,7,603,Humla,60305,Sarkegad,3,6030503,18.719,Kolte;Jilu,MKT_00282;MKT_00283,2
RIV_173,173,Kharpu Khola HS,Karnali,29.9433,81.8569,603,60302,6030205,40686951,nearest,5694.0,40686951,14.6,0,2026-10-08T18:07:13+05:45,2026-10-08T17:40:00+05:45,25.0,cap_25km,8,603,Humla,60305,Sarkegad,2,6030502,20.502,,,0
RIV_175,175,West Rapti River at Raptisonari,West Rapti,28.06376,81.844892,511,51101,5110105,40785190,nearest,5767.8,40785190,554.5,1,2026-10-08T18:07:13+05:45,2026-10-08T17:50:00+05:45,25.0,cap_25km,1,511,Banke,51101,Rapti Sonari,5,5110105,0.0,,,0
RIV_175,175,West Rapti River at Raptisonari,West Rapti,28.06376,81.844892,511,51101,5110105,40785190,nearest,5767.8,40785190,554.5,1,2026-10-08T18:07:13+05:45,2026-10-08T17:50:00+05:45,25.0,cap_25km,2,511,Banke,51101,Rapti Sonari,2,5110102,1.271,,,0
RIV_175,175,West Rapti River at Raptisonari,West Rapti,28.06376,81.844892,511,51101,5110105,40785190,nearest,5767.8,40785190,554.5,1,2026-10-08T18:07:13+05:45,2026-10-08T17:50:00+05:45,25.0,cap_25km,3,511,Banke,51101,Rapti Sonari,8,5110108,7.96,,,0
RIV_175,175,West Rapti River at Raptisonari,West Rapti,28.06376,81.844892,511,51101,5110105,40785190,nearest,5767.8,40785190,554.5,1,2026-10-08T18:07:13+05:45,2026-10-08T17:50:00+05:45,25.0,cap_25km,4,511,Banke,51101,Rapti Sonari,6,5110106,8.551,,,0
RIV_175,175,West Rapti River at Raptisonari,West Rapti,28.06376,81.844892,511,51101,5110105,40785190,nearest,5767.8,40785190,554.5,1,2026-10-08T18:07:13+05:45,2026-10-08T17:50:00+05:45,25.0,cap_25km,5,511,Banke,51107,Duduwa,3,5110703,17.877,,,0
RIV_175,175,West Rapti River at Raptisonari,West Rapti,28.06376,81.844892,511,51101,5110105,40785190,nearest,5767.8,40785190,554.5,1,2026-10-08T18:07:13+05:45,2026-10-08T17:50:00+05:45,25.0,cap_25km,6,511,Banke,51107,Duduwa,2,5110702,21.596,Betahani Market,MKT_00243,1
RIV_175,175,West Rapti River at Raptisonari,West Rapti,28.06376,81.844892,511,51101,5110105,40785190,nearest,5767.8,40785190,554.5,1,2026-10-08T18:07:13+05:45,2026-10-08T17:50:00+05:45,25.0,cap_25km,7,511,Banke,51101,Rapti Sonari,7,5110107,23.767,,,0
RIV_177,177,Kateni River at Ratanpur,Karnali,28.558,80.816,708,70812,7081205,40755819,nearest,57.1,40755819,589.2,1,2026-10-08T18:07:13+05:45,2026-10-08T17:50:00+05:45,25.0,cap_25km,1,708,Kailali,70812,Kailari,1,7081201,0.0,,,0
RIV_177,177,Kateni River at Ratanpur,Karnali,28.558,80.816,708,70812,7081205,40755819,nearest,57.1,40755819,589.2,1,2026-10-08T18:07:13+05:45,2026-10-08T17:50:00+05:45,25.0,cap_25km,2,708,Kailali,70812,Kailari,5,7081205,0.129,Pabera Mandi,MKT_01501,1
RIV_177,177,Kateni River at Ratanpur,Karnali,28.558,80.816,708,70812,7081205,40755819,nearest,57.1,40755819,589.2,1,2026-10-08T18:07:13+05:45,2026-10-08T17:50:00+05:45,25.0,cap_25km,3,708,Kailali,70812,Kailari,7,7081207,2.785,,,0
RIV_177,177,Kateni River at Ratanpur,Karnali,28.558,80.816,708,70812,7081205,40755819,nearest,57.1,40755819,589.2,1,2026-10-08T18:07:13+05:45,2026-10-08T17:50:00+05:45,25.0,cap_25km,4,708,Kailali,70811,Bhajani,7,7081107,17.82,Ganeshman Bazar;[unnamed retail landuse],MKT_00352;MKT_00422,2
RIV_177,177,Kateni River at Ratanpur,Karnali,28.558,80.816,708,70812,7081205,40755819,nearest,57.1,40755819,589.2,1,2026-10-08T18:07:13+05:45,2026-10-08T17:50:00+05:45,25.0,cap_25km,5,708,Kailali,70811,Bhajani,5,7081105,23.24,,,0
RIV_178,178,Rupali Gad at Rupal,Mahakali,29.324,80.394,705,70504,7050403,40715078,max_upland_1km,18.9,40715078,24.4,0,2026-10-08T18:07:13+05:45,2026-10-08T17:50:00+05:45,25.0,cap_25km,1,705,Dadeldhura,70504,Bhageshwor,3,7050403,0.0,,,0
RIV_178,178,Rupali Gad at Rupal,Mahakali,29.324,80.394,705,70504,7050403,40715078,max_upland_1km,18.9,40715078,24.4,0,2026-10-08T18:07:13+05:45,2026-10-08T17:50:00+05:45,25.0,cap_25km,2,704,Baitadi,70408,Melauli,9,7040809,3.373,,,0
RIV_178,178,Rupali Gad at Rupal,Mahakali,29.324,80.394,705,70504,7050403,40715078,max_upland_1km,18.9,40715078,24.4,0,2026-10-08T18:07:13+05:45,2026-10-08T17:50:00+05:45,25.0,cap_25km,3,704,Baitadi,70407,Shivanath,4,7040704,6.33,,,0
RIV_178,178,Rupali Gad at Rupal,Mahakali,29.324,80.394,705,70504,7050403,40715078,max_upland_1km,18.9,40715078,24.4,0,2026-10-08T18:07:13+05:45,2026-10-08T17:50:00+05:45,25.0,cap_25km,4,705,Dadeldhura,70504,Bhageshwor,1,7050401,8.083,,,0
RIV_178,178,Rupali Gad at Rupal,Mahakali,29.324,80.394,705,70504,7050403,40715078,max_upland_1km,18.9,40715078,24.4,0,2026-10-08T18:07:13+05:45,2026-10-08T17:50:00+05:45,25.0,cap_25km,5,704,Baitadi,70407,Shivanath,2,7040702,8.516,,,0
RIV_179,179,Sakayal Gad at Dadaban,Karnali,29.308,80.703,705,70507,7050703,40715283,nearest,184.6,40715283,269.0,0,2026-10-08T18:07:13+05:45,2026-10-08T18:00:00+05:45,25.0,cap_25km,1,705,Dadeldhura,70501,Nawadurga,3,7050103,0.0,,,0
RIV_179,179,Sakayal Gad at Dadaban,Karnali,29.308,80.703,705,70507,7050703,40715283,nearest,184.6,40715283,269.0,0,2026-10-08T18:07:13+05:45,2026-10-08T18:00:00+05:45,25.0,cap_25km,2,705,Dadeldhura,70507,Ganyapdhura,3,7050703,0.854,,,0
RIV_179,179,Sakayal Gad at Dadaban,Karnali,29.308,80.703,705,70507,7050703,40715283,nearest,184.6,40715283,269.0,0,2026-10-08T18:07:13+05:45,2026-10-08T18:00:00+05:45,25.0,cap_25km,3,705,Dadeldhura,70501,Nawadurga,4,7050104,2.437,,,0
RIV_179,179,Sakayal Gad at Dadaban,Karnali,29.308,80.703,705,70507,7050703,40715283,nearest,184.6,40715283,269.0,0,2026-10-08T18:07:13+05:45,2026-10-08T18:00:00+05:45,25.0,cap_25km,4,706,Doti,70604,Shikhar,10,7060410,6.494,,,0
RIV_179,179,Sakayal Gad at Dadaban,Karnali,29.308,80.703,705,70507,7050703,40715283,nearest,184.6,40715283,269.0,0,2026-10-08T18:07:13+05:45,2026-10-08T18:00:00+05:45,25.0,cap_25km,5,706,Doti,70604,Shikhar,11,7060411,8.031,,,0
RIV_179,179,Sakayal Gad at Dadaban,Karnali,29.308,80.703,705,70507,7050703,40715283,nearest,184.6,40715283,269.0,0,2026-10-08T18:07:13+05:45,2026-10-08T18:00:00+05:45,25.0,cap_25km,6,706,Doti,70604,Shikhar,8,7060408,13.11,,,0
RIV_179,179,Sakayal Gad at Dadaban,Karnali,29.308,80.703,705,70507,7050703,40715283,nearest,184.6,40715283,269.0,0,2026-10-08T18:07:13+05:45,2026-10-08T18:00:00+05:45,25.0,cap_25km,7,706,Doti,70605,Dipayal Silgadhi,1,7060501,16.715,,,0
RIV_179,179,Sakayal Gad at Dadaban,Karnali,29.308,80.703,705,70507,7050703,40715283,nearest,184.6,40715283,269.0,0,2026-10-08T18:07:13+05:45,2026-10-08T18:00:00+05:45,25.0,cap_25km,8,706,Doti,70604,Shikhar,6,7060406,17.864,,,0
RIV_179,179,Sakayal Gad at Dadaban,Karnali,29.308,80.703,705,70507,7050703,40715283,nearest,184.6,40715283,269.0,0,2026-10-08T18:07:13+05:45,2026-10-08T18:00:00+05:45,25.0,cap_25km,9,706,Doti,70604,Shikhar,3,7060403,24.432,,,0
RIV_179,179,Sakayal Gad at Dadaban,Karnali,29.308,80.703,705,70507,7050703,40715283,nearest,184.6,40715283,269.0,0,2026-10-08T18:07:13+05:45,2026-10-08T18:00:00+05:45,25.0,cap_25km,10,706,Doti,70605,Dipayal Silgadhi,3,7060503,24.52,,,0
RIV_180,180,Ghuruwa River at Kharetti,Mohana,28.61,80.749,708,70812,7081204,40751623,nearest,223.8,40751623,417.4,0,2026-10-08T18:07:13+05:45,2026-10-08T17:50:00+05:45,25.0,cap_25km,1,708,Kailali,70812,Kailari,6,7081206,0.0,,,0
RIV_180,180,Ghuruwa River at Kharetti,Mohana,28.61,80.749,708,70812,7081204,40751623,nearest,223.8,40751623,417.4,0,2026-10-08T18:07:13+05:45,2026-10-08T17:50:00+05:45,25.0,cap_25km,2,708,Kailali,70812,Kailari,3,7081203,2.774,,,0
RIV_180,180,Ghuruwa River at Kharetti,Mohana,28.61,80.749,708,70812,7081204,40751623,nearest,223.8,40751623,417.4,0,2026-10-08T18:07:13+05:45,2026-10-08T17:50:00+05:45,25.0,cap_25km,3,708,Kailali,70813,Dhangadhi,19,7081319,3.492,,,0
RIV_180,180,Ghuruwa River at Kharetti,Mohana,28.61,80.749,708,70812,7081204,40751623,nearest,223.8,40751623,417.4,0,2026-10-08T18:07:13+05:45,2026-10-08T17:50:00+05:45,25.0,cap_25km,4,708,Kailali,70812,Kailari,5,7081205,11.43,Pabera Mandi,MKT_01501,1
RIV_180,180,Ghuruwa River at Kharetti,Mohana,28.61,80.749,708,70812,7081204,40751623,nearest,223.8,40751623,417.4,0,2026-10-08T18:07:13+05:45,2026-10-08T17:50:00+05:45,25.0,cap_25km,5,708,Kailali,70812,Kailari,7,7081207,14.101,,,0
RIV_181,181,Sihali River,Mahakali,28.913,80.323,709,70902,7090205,40737679,max_upland_1km,20.7,40737679,196.2,0,2026-10-08T18:07:13+05:45,2026-10-08T18:00:00+05:45,25.0,cap_25km,1,709,Kanchanpur,70902,Shuklaphanta,5,7090205,0.0,,,0
RIV_181,181,Sihali River,Mahakali,28.913,80.323,709,70902,7090205,40737679,max_upland_1km,20.7,40737679,196.2,0,2026-10-08T18:07:13+05:45,2026-10-08T18:00:00+05:45,25.0,cap_25km,2,709,Kanchanpur,70902,Shuklaphanta,4,7090204,4.665,,,0
RIV_181,181,Sihali River,Mahakali,28.913,80.323,709,70902,7090205,40737679,max_upland_1km,20.7,40737679,196.2,0,2026-10-08T18:07:13+05:45,2026-10-08T18:00:00+05:45,25.0,cap_25km,3,709,Kanchanpur,70902,Shuklaphanta,3,7090203,5.868,,,0
RIV_181,181,Sihali River,Mahakali,28.913,80.323,709,70902,7090205,40737679,max_upland_1km,20.7,40737679,196.2,0,2026-10-08T18:07:13+05:45,2026-10-08T18:00:00+05:45,25.0,cap_25km,4,709,Kanchanpur,70902,Shuklaphanta,2,7090202,8.14,,,0
RIV_181,181,Sihali River,Mahakali,28.913,80.323,709,70902,7090205,40737679,max_upland_1km,20.7,40737679,196.2,0,2026-10-08T18:07:13+05:45,2026-10-08T18:00:00+05:45,25.0,cap_25km,5,709,Kanchanpur,70902,Shuklaphanta,12,7090212,10.127,,,0
RIV_181,181,Sihali River,Mahakali,28.913,80.323,709,70902,7090205,40737679,max_upland_1km,20.7,40737679,196.2,0,2026-10-08T18:07:13+05:45,2026-10-08T18:00:00+05:45,25.0,cap_25km,6,709,Kanchanpur,70906,Laljhadi,4,7090604,16.239,,,0
RIV_181,181,Sihali River,Mahakali,28.913,80.323,709,70902,7090205,40737679,max_upland_1km,20.7,40737679,196.2,0,2026-10-08T18:07:13+05:45,2026-10-08T18:00:00+05:45,25.0,cap_25km,7,709,Kanchanpur,70906,Laljhadi,3,7090603,20.145,,,0
RIV_182,182,Sunigad River,Karnali,29.59,81.219,702,70204,7020401,40703103,nearest,211.2,40703103,48.7,0,2026-10-08T18:07:13+05:45,2026-10-08T17:50:00+05:45,25.0,cap_25km,1,702,Bajhang,70204,Talkot,1,7020401,0.0,,,0
RIV_182,182,Sunigad River,Karnali,29.59,81.219,702,70204,7020401,40703103,nearest,211.2,40703103,48.7,0,2026-10-08T18:07:13+05:45,2026-10-08T17:50:00+05:45,25.0,cap_25km,2,702,Bajhang,70206,Jayaprithbi,11,7020611,0.134,,,0
RIV_182,182,Sunigad River,Karnali,29.59,81.219,702,70204,7020401,40703103,nearest,211.2,40703103,48.7,0,2026-10-08T18:07:13+05:45,2026-10-08T17:50:00+05:45,25.0,cap_25km,3,702,Bajhang,70205,Masta,4,7020504,2.837,,,0
RIV_182,182,Sunigad River,Karnali,29.59,81.219,702,70204,7020401,40703103,nearest,211.2,40703103,48.7,0,2026-10-08T18:07:13+05:45,2026-10-08T17:50:00+05:45,25.0,cap_25km,4,702,Bajhang,70205,Masta,1,7020501,3.247,,,0
RIV_182,182,Sunigad River,Karnali,29.59,81.219,702,70204,7020401,40703103,nearest,211.2,40703103,48.7,0,2026-10-08T18:07:13+05:45,2026-10-08T17:50:00+05:45,25.0,cap_25km,5,702,Bajhang,70206,Jayaprithbi,3,7020603,5.693,,,0
RIV_182,182,Sunigad River,Karnali,29.59,81.219,702,70204,7020401,40703103,nearest,211.2,40703103,48.7,0,2026-10-08T18:07:13+05:45,2026-10-08T17:50:00+05:45,25.0,cap_25km,6,702,Bajhang,70206,Jayaprithbi,10,7020610,6.307,,,0
RIV_182,182,Sunigad River,Karnali,29.59,81.219,702,70204,7020401,40703103,nearest,211.2,40703103,48.7,0,2026-10-08T18:07:13+05:45,2026-10-08T17:50:00+05:45,25.0,cap_25km,7,702,Bajhang,70206,Jayaprithbi,5,7020605,6.772,,,0
RIV_182,182,Sunigad River,Karnali,29.59,81.219,702,70204,7020401,40703103,nearest,211.2,40703103,48.7,0,2026-10-08T18:07:13+05:45,2026-10-08T17:50:00+05:45,25.0,cap_25km,8,702,Bajhang,70206,Jayaprithbi,9,7020609,7.467,,,0
RIV_182,182,Sunigad River,Karnali,29.59,81.219,702,70204,7020401,40703103,nearest,211.2,40703103,48.7,0,2026-10-08T18:07:13+05:45,2026-10-08T17:50:00+05:45,25.0,cap_25km,9,702,Bajhang,70206,Jayaprithbi,6,7020606,10.672,,,0
RIV_182,182,Sunigad River,Karnali,29.59,81.219,702,70204,7020401,40703103,nearest,211.2,40703103,48.7,0,2026-10-08T18:07:13+05:45,2026-10-08T17:50:00+05:45,25.0,cap_25km,10,702,Bajhang,70206,Jayaprithbi,7,7020607,12.612,,,0
RIV_182,182,Sunigad River,Karnali,29.59,81.219,702,70204,7020401,40703103,nearest,211.2,40703103,48.7,0,2026-10-08T18:07:13+05:45,2026-10-08T17:50:00+05:45,25.0,cap_25km,11,702,Bajhang,70212,Khaptad Chhanna,2,7021202,15.535,,,0
RIV_182,182,Sunigad River,Karnali,29.59,81.219,702,70204,7020401,40703103,nearest,211.2,40703103,48.7,0,2026-10-08T18:07:13+05:45,2026-10-08T17:50:00+05:45,25.0,cap_25km,12,702,Bajhang,70211,Thalara,9,7021109,16.006,,,0
RIV_182,182,Sunigad River,Karnali,29.59,81.219,702,70204,7020401,40703103,nearest,211.2,40703103,48.7,0,2026-10-08T18:07:13+05:45,2026-10-08T17:50:00+05:45,25.0,cap_25km,13,702,Bajhang,70207,Chhabis Pathibhara,1,7020701,16.331,,,0
RIV_182,182,Sunigad River,Karnali,29.59,81.219,702,70204,7020401,40703103,nearest,211.2,40703103,48.7,0,2026-10-08T18:07:13+05:45,2026-10-08T17:50:00+05:45,25.0,cap_25km,14,702,Bajhang,70208,Durgathali,2,7020802,23.976,,,0
RIV_184,184,Tila Nala at Raralihi Nagma,Karnali,29.228,81.952,604,60407,6040702,40719166,nearest,1667.6,40719166,73.3,0,2026-10-08T18:07:13+05:45,2026-10-08T17:50:00+05:45,25.0,cap_25km,1,604,Jumla,60407,Tila,2,6040702,0.0,Seribazar;Triveni-Seribazar;Seribazar-Rara-Nagma;Triveni-Seribazar Rara;Seribazar Rara,MKT_00295;MKT_01387;MKT_01388;MKT_01389;MKT_01390,5
RIV_184,184,Tila Nala at Raralihi Nagma,Karnali,29.228,81.952,604,60407,6040702,40719166,nearest,1667.6,40719166,73.3,0,2026-10-08T18:07:13+05:45,2026-10-08T17:50:00+05:45,25.0,cap_25km,2,604,Jumla,60407,Tila,7,6040707,0.697,Trivani-Seribazar Rara,MKT_01400,1
RIV_184,184,Tila Nala at Raralihi Nagma,Karnali,29.228,81.952,604,60407,6040702,40719166,nearest,1667.6,40719166,73.3,0,2026-10-08T18:07:13+05:45,2026-10-08T17:50:00+05:45,25.0,cap_25km,3,604,Jumla,60407,Tila,1,6040701,0.864,Seribazar-Rara-Nagma;Seribazar-Rara-Nagma;Seribazar-Rara-Nagma,MKT_01384;MKT_01385;MKT_01386,3
RIV_184,184,Tila Nala at Raralihi Nagma,Karnali,29.228,81.952,604,60407,6040702,40719166,nearest,1667.6,40719166,73.3,0,2026-10-08T18:07:13+05:45,2026-10-08T17:50:00+05:45,25.0,cap_25km,4,604,Jumla,60408,Hima,7,6040807,5.321,Baghbazar,MKT_01409,1
RIV_184,184,Tila Nala at Raralihi Nagma,Karnali,29.228,81.952,604,60407,6040702,40719166,nearest,1667.6,40719166,73.3,0,2026-10-08T18:07:13+05:45,2026-10-08T17:50:00+05:45,25.0,cap_25km,5,605,Kalikot,60507,Tilagupha,1,6050701,5.463,,,0
RIV_184,184,Tila Nala at Raralihi Nagma,Karnali,29.228,81.952,604,60407,6040702,40719166,nearest,1667.6,40719166,73.3,0,2026-10-08T18:07:13+05:45,2026-10-08T17:50:00+05:45,25.0,cap_25km,6,605,Kalikot,60507,Tilagupha,3,6050703,9.409,,,0
RIV_184,184,Tila Nala at Raralihi Nagma,Karnali,29.228,81.952,604,60407,6040702,40719166,nearest,1667.6,40719166,73.3,0,2026-10-08T18:07:13+05:45,2026-10-08T17:50:00+05:45,25.0,cap_25km,7,605,Kalikot,60507,Tilagupha,2,6050702,10.217,,,0
RIV_184,184,Tila Nala at Raralihi Nagma,Karnali,29.228,81.952,604,60407,6040702,40719166,nearest,1667.6,40719166,73.3,0,2026-10-08T18:07:13+05:45,2026-10-08T17:50:00+05:45,25.0,cap_25km,8,605,Kalikot,60507,Tilagupha,4,6050704,12.349,,,0
RIV_184,184,Tila Nala at Raralihi Nagma,Karnali,29.228,81.952,604,60407,6040702,40719166,nearest,1667.6,40719166,73.3,0,2026-10-08T18:07:13+05:45,2026-10-08T17:50:00+05:45,25.0,cap_25km,9,605,Kalikot,60507,Tilagupha,9,6050709,12.91,,,0
RIV_184,184,Tila Nala at Raralihi Nagma,Karnali,29.228,81.952,604,60407,6040702,40719166,nearest,1667.6,40719166,73.3,0,2026-10-08T18:07:13+05:45,2026-10-08T17:50:00+05:45,25.0,cap_25km,10,605,Kalikot,60507,Tilagupha,5,6050705,15.763,,,0
RIV_184,184,Tila Nala at Raralihi Nagma,Karnali,29.228,81.952,604,60407,6040702,40719166,nearest,1667.6,40719166,73.3,0,2026-10-08T18:07:13+05:45,2026-10-08T17:50:00+05:45,25.0,cap_25km,11,605,Kalikot,60507,Tilagupha,6,6050706,17.117,,,0
RIV_185,185,Nikash Khola HS,Karnali,28.544321,81.597442,610,61006,6100609,40755006,nearest,97.8,40755006,63.5,0,2026-10-08T18:07:13+05:45,2026-10-08T17:50:00+05:45,25.0,cap_25km,1,610,Surkhet,61006,Birendranagar,9,6100609,0.0,,,0
RIV_185,185,Nikash Khola HS,Karnali,28.544321,81.597442,610,61006,6100609,40755006,nearest,97.8,40755006,63.5,0,2026-10-08T18:07:13+05:45,2026-10-08T17:50:00+05:45,25.0,cap_25km,2,610,Surkhet,61006,Birendranagar,2,6100602,0.139,,,0
RIV_185,185,Nikash Khola HS,Karnali,28.544321,81.597442,610,61006,6100609,40755006,nearest,97.8,40755006,63.5,0,2026-10-08T18:07:13+05:45,2026-10-08T17:50:00+05:45,25.0,cap_25km,3,610,Surkhet,61007,Barahatal,2,6100702,8.639,,,0
RIV_185,185,Nikash Khola HS,Karnali,28.544321,81.597442,610,61006,6100609,40755006,nearest,97.8,40755006,63.5,0,2026-10-08T18:07:13+05:45,2026-10-08T17:50:00+05:45,25.0,cap_25km,4,610,Surkhet,61007,Barahatal,3,6100703,19.889,,,0
RIV_185,185,Nikash Khola HS,Karnali,28.544321,81.597442,610,61006,6100609,40755006,nearest,97.8,40755006,63.5,0,2026-10-08T18:07:13+05:45,2026-10-08T17:50:00+05:45,25.0,cap_25km,5,610,Surkhet,61007,Barahatal,4,6100704,20.29,,,0
RIV_187,187,Mahakali at Dodhara Chandani (4 Lane Bridge),Mahakali,28.945463,80.103442,709,70905,7090501,40734166,nearest,15416.0,40734166,945.9,1,2026-10-08T18:07:13+05:45,2026-10-08T17:50:00+05:45,14.117,left_nepal,1,709,Kanchanpur,70904,Bhimdatta,12,7090412,0.0,,,0
RIV_187,187,Mahakali at Dodhara Chandani (4 Lane Bridge),Mahakali,28.945463,80.103442,709,70905,7090501,40734166,nearest,15416.0,40734166,945.9,1,2026-10-08T18:07:13+05:45,2026-10-08T17:50:00+05:45,14.117,left_nepal,2,709,Kanchanpur,70904,Bhimdatta,13,7090413,0.327,,,0
RIV_188,188,Dhobi Khola at Chabahil,Bagmati,27.721801,85.344395,306,30608,3060804,40810101,max_upland_1km,34.8,40810101,123.6,0,2026-10-08T18:07:13+05:45,2026-10-08T17:50:00+05:45,25.0,cap_25km,1,306,Kathmandu,30608,Kathmandu,4,3060804,0.0,[unnamed retail landuse];[unnamed commercial landuse];[unnamed commercial landuse];Batazoo Commercial Building 02;[unnamed commercial landuse];Nagarik Bazar,MKT_00387;MKT_00652;MKT_00653;MKT_00654;MKT_00655;MKT_01014,6
RIV_188,188,Dhobi Khola at Chabahil,Bagmati,27.721801,85.344395,306,30608,3060804,40810101,max_upland_1km,34.8,40810101,123.6,0,2026-10-08T18:07:13+05:45,2026-10-08T17:50:00+05:45,25.0,cap_25km,2,306,Kathmandu,30608,Kathmandu,7,3060807,0.181,KK Mart;Vegetable Market;तरकारी बजार;चाहबिल तरकारी बजार;Plaza Area;Charumati Pre-test Service Center;Clothings Gents_Rupesh Shah;Vacant shop;Rachu Clothing_ Female Designers' Clothing;Tarkari Bazar,MKT_00076;MKT_00077;MKT_00078;MKT_00079;MKT_00659;MKT_00660;MKT_00661;MKT_00662;MKT_00663;MKT_01016,10
RIV_188,188,Dhobi Khola at Chabahil,Bagmati,27.721801,85.344395,306,30608,3060804,40810101,max_upland_1km,34.8,40810101,123.6,0,2026-10-08T18:07:13+05:45,2026-10-08T17:50:00+05:45,25.0,cap_25km,3,306,Kathmandu,30608,Kathmandu,5,3060805,0.563,[unnamed marketplace];Big Mart;[unnamed commercial landuse],MKT_00073;MKT_00074;MKT_00656,3
RIV_188,188,Dhobi Khola at Chabahil,Bagmati,27.721801,85.344395,306,30608,3060804,40810101,max_upland_1km,34.8,40810101,123.6,0,2026-10-08T18:07:13+05:45,2026-10-08T17:50:00+05:45,25.0,cap_25km,4,306,Kathmandu,30608,Kathmandu,30,3060830,1.555,Dillibazaar stop;डिल्लीबजार;Dillibazaar Sub-Post Office;Dillibazar Central Jail;नापी कार्यालय डिल्लीबजार,MKT_01054;MKT_01055;MKT_01056;MKT_01057;MKT_01058,5
RIV_188,188,Dhobi Khola at Chabahil,Bagmati,27.721801,85.344395,306,30608,3060804,40810101,max_upland_1km,34.8,40810101,123.6,0,2026-10-08T18:07:13+05:45,2026-10-08T17:50:00+05:45,25.0,cap_25km,5,306,Kathmandu,30608,Kathmandu,29,3060829,2.562,डिल्लीबजार मार्ग;Dillibazar Sadak;Dilli Bazar Height Marg;डिल्लिबजार सडक,MKT_01050;MKT_01051;MKT_01052;MKT_01053,4
RIV_188,188,Dhobi Khola at Chabahil,Bagmati,27.721801,85.344395,306,30608,3060804,40810101,max_upland_1km,34.8,40810101,123.6,0,2026-10-08T18:07:13+05:45,2026-10-08T17:50:00+05:45,25.0,cap_25km,6,306,Kathmandu,30608,Kathmandu,10,3060810,3.02,एक्सप्रेस मार्ट;Mini Market;Rolling Plans;Bijulibazar Stop;Bijulibazar Tol Development Committee;Haatti Gaunda Marg;Bijulibazar Marg,MKT_00081;MKT_00389;MKT_00666;MKT_01017;MKT_01018;MKT_01019;MKT_01020,7
RIV_188,188,Dhobi Khola at Chabahil,Bagmati,27.721801,85.344395,306,30608,3060804,40810101,max_upland_1km,34.8,40810101,123.6,0,2026-10-08T18:07:13+05:45,2026-10-08T17:50:00+05:45,25.0,cap_25km,7,306,Kathmandu,30608,Kathmandu,11,3060811,4.133,Bluebird Department Store;[unnamed commercial landuse];Nepal Food Corporation;[unnamed commercial landuse];Color Bazar;बिजुलिबजार पुल,MKT_00390;MKT_00667;MKT_00668;MKT_00669;MKT_01021;MKT_01022,6
RIV_188,188,Dhobi Khola at Chabahil,Bagmati,27.721801,85.344395,306,30608,3060804,40810101,max_upland_1km,34.8,40810101,123.6,0,2026-10-08T18:07:13+05:45,2026-10-08T17:50:00+05:45,25.0,cap_25km,8,308,Lalitpur,30802,Lalitpur,11,3080211,4.827,[unnamed commercial landuse],MKT_00710,1
RIV_188,188,Dhobi Khola at Chabahil,Bagmati,27.721801,85.344395,306,30608,3060804,40810101,max_upland_1km,34.8,40810101,123.6,0,2026-10-08T18:07:13+05:45,2026-10-08T17:50:00+05:45,25.0,cap_25km,9,308,Lalitpur,30802,Lalitpur,10,3080210,4.887,,,0
RIV_188,188,Dhobi Khola at Chabahil,Bagmati,27.721801,85.344395,306,30608,3060804,40810101,max_upland_1km,34.8,40810101,123.6,0,2026-10-08T18:07:13+05:45,2026-10-08T17:50:00+05:45,25.0,cap_25km,10,308,Lalitpur,30802,Lalitpur,1,3080201,6.156,,,0
RIV_188,188,Dhobi Khola at Chabahil,Bagmati,27.721801,85.344395,306,30608,3060804,40810101,max_upland_1km,34.8,40810101,123.6,0,2026-10-08T18:07:13+05:45,2026-10-08T17:50:00+05:45,25.0,cap_25km,11,306,Kathmandu,30608,Kathmandu,12,3060812,7.09,Nepal Automobile Dealers Association,MKT_00670,1
RIV_188,188,Dhobi Khola at Chabahil,Bagmati,27.721801,85.344395,306,30608,3060804,40810101,max_upland_1km,34.8,40810101,123.6,0,2026-10-08T18:07:13+05:45,2026-10-08T17:50:00+05:45,25.0,cap_25km,12,308,Lalitpur,30802,Lalitpur,2,3080202,7.409,Lalitpur 5A Side Fotsal,MKT_00702,1
RIV_188,188,Dhobi Khola at Chabahil,Bagmati,27.721801,85.344395,306,30608,3060804,40810101,max_upland_1km,34.8,40810101,123.6,0,2026-10-08T18:07:13+05:45,2026-10-08T17:50:00+05:45,25.0,cap_25km,13,308,Lalitpur,30802,Lalitpur,3,3080203,8.392,किसान बजार;Nepal telecommunication (NTC);GUNA MULTIPURPOSE CO-OPERATIVE;UN Compound;[unnamed commercial landuse];पुल्चोकदेखि मङ्गलबजार सडक;पुल्चोक देखि मङ्गलबजार सडक;पुल्चोक-मङ्गलबजार सडक;पुल्चोकदेखि मङ्गलबजार सडक,MKT_00111;MKT_00703;MKT_00704;MKT_00705;MKT_00706;MKT_01089;MKT_01090;MKT_01091;MKT_01092,9
RIV_188,188,Dhobi Khola at Chabahil,Bagmati,27.721801,85.344395,306,30608,3060804,40810101,max_upland_1km,34.8,40810101,123.6,0,2026-10-08T18:07:13+05:45,2026-10-08T17:50:00+05:45,25.0,cap_25km,14,306,Kathmandu,30608,Kathmandu,14,3060814,8.804,Balkhu Vegetable and Fruits Market;TM Market;Rudra Market;[unnamed marketplace];Bhatbhateni Super Store (Kalanki);Success Tution Center;Stationary;Advanced College of Engineering and Management;Khasibazaar;Balkhu kris tatha tarkari bazar,MKT_00084;MKT_00085;MKT_00086;MKT_00087;MKT_00672;MKT_00673;MKT_00674;MKT_00675;MKT_01023;MKT_01024,10
RIV_188,188,Dhobi Khola at Chabahil,Bagmati,27.721801,85.344395,306,30608,3060804,40810101,max_upland_1km,34.8,40810101,123.6,0,2026-10-08T18:07:13+05:45,2026-10-08T17:50:00+05:45,25.0,cap_25km,15,306,Kathmandu,30609,Kirtipur,10,3060910,9.22,Naya Bazar;नयाँ बजार,MKT_01075;MKT_01076,2
RIV_188,188,Dhobi Khola at Chabahil,Bagmati,27.721801,85.344395,306,30608,3060804,40810101,max_upland_1km,34.8,40810101,123.6,0,2026-10-08T18:07:13+05:45,2026-10-08T17:50:00+05:45,25.0,cap_25km,16,308,Lalitpur,30802,Lalitpur,4,3080204,9.859,miraze enterprises;Ara Apparels;Shaligram Village Complex & Nirvana Wellness Centre,MKT_00112;MKT_00397;MKT_00707,3
RIV_188,188,Dhobi Khola at Chabahil,Bagmati,27.721801,85.344395,306,30608,3060804,40810101,max_upland_1km,34.8,40810101,123.6,0,2026-10-08T18:07:13+05:45,2026-10-08T17:50:00+05:45,25.0,cap_25km,17,306,Kathmandu,30609,Kirtipur,6,3060906,11.372,Tarkari bajar;N.B store,MKT_00098;MKT_00099,2
RIV_188,188,Dhobi Khola at Chabahil,Bagmati,27.721801,85.344395,306,30608,3060804,40810101,max_upland_1km,34.8,40810101,123.6,0,2026-10-08T18:07:13+05:45,2026-10-08T17:50:00+05:45,25.0,cap_25km,18,308,Lalitpur,30802,Lalitpur,18,3080218,11.965,RB Genreral Store;Sudhima's Nursery,MKT_00399;MKT_00714,2
RIV_188,188,Dhobi Khola at Chabahil,Bagmati,27.721801,85.344395,306,30608,3060804,40810101,max_upland_1km,34.8,40810101,123.6,0,2026-10-08T18:07:13+05:45,2026-10-08T17:50:00+05:45,25.0,cap_25km,19,308,Lalitpur,30802,Lalitpur,21,3080221,12.447,,,0
RIV_188,188,Dhobi Khola at Chabahil,Bagmati,27.721801,85.344395,306,30608,3060804,40810101,max_upland_1km,34.8,40810101,123.6,0,2026-10-08T18:07:13+05:45,2026-10-08T17:50:00+05:45,25.0,cap_25km,20,306,Kathmandu,30611,Dakshinkali,1,3061101,15.072,,,0
RIV_188,188,Dhobi Khola at Chabahil,Bagmati,27.721801,85.344395,306,30608,3060804,40810101,max_upland_1km,34.8,40810101,123.6,0,2026-10-08T18:07:13+05:45,2026-10-08T17:50:00+05:45,25.0,cap_25km,21,306,Kathmandu,30611,Dakshinkali,2,3061102,15.294,,,0
RIV_188,188,Dhobi Khola at Chabahil,Bagmati,27.721801,85.344395,306,30608,3060804,40810101,max_upland_1km,34.8,40810101,123.6,0,2026-10-08T18:07:13+05:45,2026-10-08T17:50:00+05:45,25.0,cap_25km,22,308,Lalitpur,30802,Lalitpur,22,3080222,15.497,[unnamed retail landuse],MKT_00400,1
RIV_188,188,Dhobi Khola at Chabahil,Bagmati,27.721801,85.344395,306,30608,3060804,40810101,max_upland_1km,34.8,40810101,123.6,0,2026-10-08T18:07:13+05:45,2026-10-08T17:50:00+05:45,25.0,cap_25km,23,308,Lalitpur,30803,Godawari,8,3080308,18.763,,,0
RIV_188,188,Dhobi Khola at Chabahil,Bagmati,27.721801,85.344395,306,30608,3060804,40810101,max_upland_1km,34.8,40810101,123.6,0,2026-10-08T18:07:13+05:45,2026-10-08T17:50:00+05:45,25.0,cap_25km,24,306,Kathmandu,30611,Dakshinkali,7,3061107,20.052,,,0
RIV_188,188,Dhobi Khola at Chabahil,Bagmati,27.721801,85.344395,306,30608,3060804,40810101,max_upland_1km,34.8,40810101,123.6,0,2026-10-08T18:07:13+05:45,2026-10-08T17:50:00+05:45,25.0,cap_25km,25,306,Kathmandu,30611,Dakshinkali,8,3061108,20.602,,,0
RIV_188,188,Dhobi Khola at Chabahil,Bagmati,27.721801,85.344395,306,30608,3060804,40810101,max_upland_1km,34.8,40810101,123.6,0,2026-10-08T18:07:13+05:45,2026-10-08T17:50:00+05:45,25.0,cap_25km,26,308,Lalitpur,30803,Godawari,7,3080307,21.475,,,0
RIV_188,188,Dhobi Khola at Chabahil,Bagmati,27.721801,85.344395,306,30608,3060804,40810101,max_upland_1km,34.8,40810101,123.6,0,2026-10-08T18:07:13+05:45,2026-10-08T17:50:00+05:45,25.0,cap_25km,27,312,Makwanpur,31201,Indrasarowar,3,3120103,24.034,,,0
RIV_189,189,Dhobi Khola at Kapan,Bagmati,27.74356779,85.351314,306,30604,3060408,40810101,max_upland_1km,34.8,40810101,75.8,0,2026-10-08T18:07:13+05:45,2026-10-08T17:50:00+05:45,25.0,cap_25km,1,306,Kathmandu,30604,Budhanilkhantha,11,3060411,0.0,[unnamed commercial landuse];vanjayang bazar,MKT_00643;MKT_01007,2
RIV_189,189,Dhobi Khola at Kapan,Bagmati,27.74356779,85.351314,306,30604,3060408,40810101,max_upland_1km,34.8,40810101,75.8,0,2026-10-08T18:07:13+05:45,2026-10-08T17:50:00+05:45,25.0,cap_25km,2,306,Kathmandu,30604,Budhanilkhantha,10,3060410,0.156,,,0
RIV_189,189,Dhobi Khola at Kapan,Bagmati,27.74356779,85.351314,306,30604,3060408,40810101,max_upland_1km,34.8,40810101,75.8,0,2026-10-08T18:07:13+05:45,2026-10-08T17:50:00+05:45,25.0,cap_25km,3,306,Kathmandu,30604,Budhanilkhantha,8,3060408,0.387,,,0
RIV_189,189,Dhobi Khola at Kapan,Bagmati,27.74356779,85.351314,306,30604,3060408,40810101,max_upland_1km,34.8,40810101,75.8,0,2026-10-08T18:07:13+05:45,2026-10-08T17:50:00+05:45,25.0,cap_25km,4,306,Kathmandu,30604,Budhanilkhantha,9,3060409,0.945,Lamichhane Khadyanna Store;Miracle Party Venue,MKT_00384;MKT_00642,2
RIV_189,189,Dhobi Khola at Kapan,Bagmati,27.74356779,85.351314,306,30604,3060408,40810101,max_upland_1km,34.8,40810101,75.8,0,2026-10-08T18:07:13+05:45,2026-10-08T17:50:00+05:45,25.0,cap_25km,5,306,Kathmandu,30608,Kathmandu,6,3060806,1.8,Miracle Mini Market;Akirti Kastha supplier;muskan carpets;Nagarik Bazaar,MKT_00075;MKT_00657;MKT_00658;MKT_01015,4
RIV_189,189,Dhobi Khola at Kapan,Bagmati,27.74356779,85.351314,306,30604,3060408,40810101,max_upland_1km,34.8,40810101,75.8,0,2026-10-08T18:07:13+05:45,2026-10-08T17:50:00+05:45,25.0,cap_25km,6,306,Kathmandu,30608,Kathmandu,7,3060807,2.13,KK Mart;Vegetable Market;तरकारी बजार;चाहबिल तरकारी बजार;Plaza Area;Charumati Pre-test Service Center;Clothings Gents_Rupesh Shah;Vacant shop;Rachu Clothing_ Female Designers' Clothing;Tarkari Bazar,MKT_00076;MKT_00077;MKT_00078;MKT_00079;MKT_00659;MKT_00660;MKT_00661;MKT_00662;MKT_00663;MKT_01016,10
RIV_189,189,Dhobi Khola at Kapan,Bagmati,27.74356779,85.351314,306,30604,3060408,40810101,max_upland_1km,34.8,40810101,75.8,0,2026-10-08T18:07:13+05:45,2026-10-08T17:50:00+05:45,25.0,cap_25km,7,306,Kathmandu,30608,Kathmandu,4,3060804,2.694,[unnamed retail landuse];[unnamed commercial landuse];[unnamed commercial landuse];Batazoo Commercial Building 02;[unnamed commercial landuse];Nagarik Bazar,MKT_00387;MKT_00652;MKT_00653;MKT_00654;MKT_00655;MKT_01014,6
RIV_189,189,Dhobi Khola at Kapan,Bagmati,27.74356779,85.351314,306,30604,3060408,40810101,max_upland_1km,34.8,40810101,75.8,0,2026-10-08T18:07:13+05:45,2026-10-08T17:50:00+05:45,25.0,cap_25km,8,306,Kathmandu,30608,Kathmandu,5,3060805,3.354,[unnamed marketplace];Big Mart;[unnamed commercial landuse],MKT_00073;MKT_00074;MKT_00656,3
RIV_189,189,Dhobi Khola at Kapan,Bagmati,27.74356779,85.351314,306,30604,3060408,40810101,max_upland_1km,34.8,40810101,75.8,0,2026-10-08T18:07:13+05:45,2026-10-08T17:50:00+05:45,25.0,cap_25km,9,306,Kathmandu,30608,Kathmandu,30,3060830,4.346,Dillibazaar stop;डिल्लीबजार;Dillibazaar Sub-Post Office;Dillibazar Central Jail;नापी कार्यालय डिल्लीबजार,MKT_01054;MKT_01055;MKT_01056;MKT_01057;MKT_01058,5
RIV_189,189,Dhobi Khola at Kapan,Bagmati,27.74356779,85.351314,306,30604,3060408,40810101,max_upland_1km,34.8,40810101,75.8,0,2026-10-08T18:07:13+05:45,2026-10-08T17:50:00+05:45,25.0,cap_25km,10,306,Kathmandu,30608,Kathmandu,29,3060829,5.354,डिल्लीबजार मार्ग;Dillibazar Sadak;Dilli Bazar Height Marg;डिल्लिबजार सडक,MKT_01050;MKT_01051;MKT_01052;MKT_01053,4
RIV_189,189,Dhobi Khola at Kapan,Bagmati,27.74356779,85.351314,306,30604,3060408,40810101,max_upland_1km,34.8,40810101,75.8,0,2026-10-08T18:07:13+05:45,2026-10-08T17:50:00+05:45,25.0,cap_25km,11,306,Kathmandu,30608,Kathmandu,10,3060810,5.811,एक्सप्रेस मार्ट;Mini Market;Rolling Plans;Bijulibazar Stop;Bijulibazar Tol Development Committee;Haatti Gaunda Marg;Bijulibazar Marg,MKT_00081;MKT_00389;MKT_00666;MKT_01017;MKT_01018;MKT_01019;MKT_01020,7
RIV_189,189,Dhobi Khola at Kapan,Bagmati,27.74356779,85.351314,306,30604,3060408,40810101,max_upland_1km,34.8,40810101,75.8,0,2026-10-08T18:07:13+05:45,2026-10-08T17:50:00+05:45,25.0,cap_25km,12,306,Kathmandu,30608,Kathmandu,11,3060811,6.925,Bluebird Department Store;[unnamed commercial landuse];Nepal Food Corporation;[unnamed commercial landuse];Color Bazar;बिजुलिबजार पुल,MKT_00390;MKT_00667;MKT_00668;MKT_00669;MKT_01021;MKT_01022,6
RIV_189,189,Dhobi Khola at Kapan,Bagmati,27.74356779,85.351314,306,30604,3060408,40810101,max_upland_1km,34.8,40810101,75.8,0,2026-10-08T18:07:13+05:45,2026-10-08T17:50:00+05:45,25.0,cap_25km,13,308,Lalitpur,30802,Lalitpur,11,3080211,7.619,[unnamed commercial landuse],MKT_00710,1
RIV_189,189,Dhobi Khola at Kapan,Bagmati,27.74356779,85.351314,306,30604,3060408,40810101,max_upland_1km,34.8,40810101,75.8,0,2026-10-08T18:07:13+05:45,2026-10-08T17:50:00+05:45,25.0,cap_25km,14,308,Lalitpur,30802,Lalitpur,10,3080210,7.679,,,0
RIV_189,189,Dhobi Khola at Kapan,Bagmati,27.74356779,85.351314,306,30604,3060408,40810101,max_upland_1km,34.8,40810101,75.8,0,2026-10-08T18:07:13+05:45,2026-10-08T17:50:00+05:45,25.0,cap_25km,15,308,Lalitpur,30802,Lalitpur,1,3080201,8.948,,,0
RIV_189,189,Dhobi Khola at Kapan,Bagmati,27.74356779,85.351314,306,30604,3060408,40810101,max_upland_1km,34.8,40810101,75.8,0,2026-10-08T18:07:13+05:45,2026-10-08T17:50:00+05:45,25.0,cap_25km,16,306,Kathmandu,30608,Kathmandu,12,3060812,9.881,Nepal Automobile Dealers Association,MKT_00670,1
RIV_189,189,Dhobi Khola at Kapan,Bagmati,27.74356779,85.351314,306,30604,3060408,40810101,max_upland_1km,34.8,40810101,75.8,0,2026-10-08T18:07:13+05:45,2026-10-08T17:50:00+05:45,25.0,cap_25km,17,308,Lalitpur,30802,Lalitpur,2,3080202,10.201,Lalitpur 5A Side Fotsal,MKT_00702,1
RIV_189,189,Dhobi Khola at Kapan,Bagmati,27.74356779,85.351314,306,30604,3060408,40810101,max_upland_1km,34.8,40810101,75.8,0,2026-10-08T18:07:13+05:45,2026-10-08T17:50:00+05:45,25.0,cap_25km,18,308,Lalitpur,30802,Lalitpur,3,3080203,11.184,किसान बजार;Nepal telecommunication (NTC);GUNA MULTIPURPOSE CO-OPERATIVE;UN Compound;[unnamed commercial landuse];पुल्चोकदेखि मङ्गलबजार सडक;पुल्चोक देखि मङ्गलबजार सडक;पुल्चोक-मङ्गलबजार सडक;पुल्चोकदेखि मङ्गलबजार सडक,MKT_00111;MKT_00703;MKT_00704;MKT_00705;MKT_00706;MKT_01089;MKT_01090;MKT_01091;MKT_01092,9
RIV_189,189,Dhobi Khola at Kapan,Bagmati,27.74356779,85.351314,306,30604,3060408,40810101,max_upland_1km,34.8,40810101,75.8,0,2026-10-08T18:07:13+05:45,2026-10-08T17:50:00+05:45,25.0,cap_25km,19,306,Kathmandu,30608,Kathmandu,14,3060814,11.596,Balkhu Vegetable and Fruits Market;TM Market;Rudra Market;[unnamed marketplace];Bhatbhateni Super Store (Kalanki);Success Tution Center;Stationary;Advanced College of Engineering and Management;Khasibazaar;Balkhu kris tatha tarkari bazar,MKT_00084;MKT_00085;MKT_00086;MKT_00087;MKT_00672;MKT_00673;MKT_00674;MKT_00675;MKT_01023;MKT_01024,10
RIV_189,189,Dhobi Khola at Kapan,Bagmati,27.74356779,85.351314,306,30604,3060408,40810101,max_upland_1km,34.8,40810101,75.8,0,2026-10-08T18:07:13+05:45,2026-10-08T17:50:00+05:45,25.0,cap_25km,20,306,Kathmandu,30609,Kirtipur,10,3060910,12.012,Naya Bazar;नयाँ बजार,MKT_01075;MKT_01076,2
RIV_189,189,Dhobi Khola at Kapan,Bagmati,27.74356779,85.351314,306,30604,3060408,40810101,max_upland_1km,34.8,40810101,75.8,0,2026-10-08T18:07:13+05:45,2026-10-08T17:50:00+05:45,25.0,cap_25km,21,308,Lalitpur,30802,Lalitpur,4,3080204,12.651,miraze enterprises;Ara Apparels;Shaligram Village Complex & Nirvana Wellness Centre,MKT_00112;MKT_00397;MKT_00707,3
RIV_189,189,Dhobi Khola at Kapan,Bagmati,27.74356779,85.351314,306,30604,3060408,40810101,max_upland_1km,34.8,40810101,75.8,0,2026-10-08T18:07:13+05:45,2026-10-08T17:50:00+05:45,25.0,cap_25km,22,306,Kathmandu,30609,Kirtipur,6,3060906,14.164,Tarkari bajar;N.B store,MKT_00098;MKT_00099,2
RIV_189,189,Dhobi Khola at Kapan,Bagmati,27.74356779,85.351314,306,30604,3060408,40810101,max_upland_1km,34.8,40810101,75.8,0,2026-10-08T18:07:13+05:45,2026-10-08T17:50:00+05:45,25.0,cap_25km,23,308,Lalitpur,30802,Lalitpur,18,3080218,14.756,RB Genreral Store;Sudhima's Nursery,MKT_00399;MKT_00714,2
RIV_189,189,Dhobi Khola at Kapan,Bagmati,27.74356779,85.351314,306,30604,3060408,40810101,max_upland_1km,34.8,40810101,75.8,0,2026-10-08T18:07:13+05:45,2026-10-08T17:50:00+05:45,25.0,cap_25km,24,308,Lalitpur,30802,Lalitpur,21,3080221,15.239,,,0
RIV_189,189,Dhobi Khola at Kapan,Bagmati,27.74356779,85.351314,306,30604,3060408,40810101,max_upland_1km,34.8,40810101,75.8,0,2026-10-08T18:07:13+05:45,2026-10-08T17:50:00+05:45,25.0,cap_25km,25,306,Kathmandu,30611,Dakshinkali,1,3061101,17.864,,,0
RIV_189,189,Dhobi Khola at Kapan,Bagmati,27.74356779,85.351314,306,30604,3060408,40810101,max_upland_1km,34.8,40810101,75.8,0,2026-10-08T18:07:13+05:45,2026-10-08T17:50:00+05:45,25.0,cap_25km,26,306,Kathmandu,30611,Dakshinkali,2,3061102,18.086,,,0
RIV_189,189,Dhobi Khola at Kapan,Bagmati,27.74356779,85.351314,306,30604,3060408,40810101,max_upland_1km,34.8,40810101,75.8,0,2026-10-08T18:07:13+05:45,2026-10-08T17:50:00+05:45,25.0,cap_25km,27,308,Lalitpur,30802,Lalitpur,22,3080222,18.289,[unnamed retail landuse],MKT_00400,1
RIV_189,189,Dhobi Khola at Kapan,Bagmati,27.74356779,85.351314,306,30604,3060408,40810101,max_upland_1km,34.8,40810101,75.8,0,2026-10-08T18:07:13+05:45,2026-10-08T17:50:00+05:45,25.0,cap_25km,28,308,Lalitpur,30803,Godawari,8,3080308,21.555,,,0
RIV_189,189,Dhobi Khola at Kapan,Bagmati,27.74356779,85.351314,306,30604,3060408,40810101,max_upland_1km,34.8,40810101,75.8,0,2026-10-08T18:07:13+05:45,2026-10-08T17:50:00+05:45,25.0,cap_25km,29,306,Kathmandu,30611,Dakshinkali,7,3061107,22.843,,,0
RIV_189,189,Dhobi Khola at Kapan,Bagmati,27.74356779,85.351314,306,30604,3060408,40810101,max_upland_1km,34.8,40810101,75.8,0,2026-10-08T18:07:13+05:45,2026-10-08T17:50:00+05:45,25.0,cap_25km,30,306,Kathmandu,30611,Dakshinkali,8,3061108,23.394,,,0
RIV_189,189,Dhobi Khola at Kapan,Bagmati,27.74356779,85.351314,306,30604,3060408,40810101,max_upland_1km,34.8,40810101,75.8,0,2026-10-08T18:07:13+05:45,2026-10-08T17:50:00+05:45,25.0,cap_25km,31,308,Lalitpur,30803,Godawari,7,3080307,24.267,,,0
RIV_190,190,Khodku Khola at Jharuwarasi,Bagmati,27.62023374,85.344716,308,30803,3080314,40815598,max_upland_1km,28.1,40815598,126.6,0,2026-10-08T18:07:13+05:45,2026-10-08T18:00:00+05:45,25.0,cap_25km,1,308,Lalitpur,30803,Godawari,14,3080314,0.0,,,0
RIV_190,190,Khodku Khola at Jharuwarasi,Bagmati,27.62023374,85.344716,308,30803,3080314,40815598,max_upland_1km,28.1,40815598,126.6,0,2026-10-08T18:07:13+05:45,2026-10-08T18:00:00+05:45,25.0,cap_25km,2,308,Lalitpur,30803,Godawari,13,3080313,0.469,,,0
RIV_190,190,Khodku Khola at Jharuwarasi,Bagmati,27.62023374,85.344716,308,30803,3080314,40815598,max_upland_1km,28.1,40815598,126.6,0,2026-10-08T18:07:13+05:45,2026-10-08T18:00:00+05:45,25.0,cap_25km,3,308,Lalitpur,30802,Lalitpur,24,3080224,0.638,,,0
RIV_190,190,Khodku Khola at Jharuwarasi,Bagmati,27.62023374,85.344716,308,30803,3080314,40815598,max_upland_1km,28.1,40815598,126.6,0,2026-10-08T18:07:13+05:45,2026-10-08T18:00:00+05:45,25.0,cap_25km,4,308,Lalitpur,30802,Lalitpur,29,3080229,1.445,,,0
RIV_190,190,Khodku Khola at Jharuwarasi,Bagmati,27.62023374,85.344716,308,30803,3080314,40815598,max_upland_1km,28.1,40815598,126.6,0,2026-10-08T18:07:13+05:45,2026-10-08T18:00:00+05:45,25.0,cap_25km,5,308,Lalitpur,30802,Lalitpur,28,3080228,1.736,Ta Chapa;CAR & BIKE Wash;Tarkari Bazar,MKT_00402;MKT_00715;MKT_01108,3
RIV_190,190,Khodku Khola at Jharuwarasi,Bagmati,27.62023374,85.344716,308,30803,3080314,40815598,max_upland_1km,28.1,40815598,126.6,0,2026-10-08T18:07:13+05:45,2026-10-08T18:00:00+05:45,25.0,cap_25km,6,308,Lalitpur,30802,Lalitpur,23,3080223,2.268,,,0
RIV_190,190,Khodku Khola at Jharuwarasi,Bagmati,27.62023374,85.344716,308,30803,3080314,40815598,max_upland_1km,28.1,40815598,126.6,0,2026-10-08T18:07:13+05:45,2026-10-08T18:00:00+05:45,25.0,cap_25km,7,308,Lalitpur,30802,Lalitpur,15,3080215,3.379,Aarambha Energy (आरम्भ इनर्जी ),MKT_00712,1
RIV_190,190,Khodku Khola at Jharuwarasi,Bagmati,27.62023374,85.344716,308,30803,3080314,40815598,max_upland_1km,28.1,40815598,126.6,0,2026-10-08T18:07:13+05:45,2026-10-08T18:00:00+05:45,25.0,cap_25km,8,308,Lalitpur,30801,Mahalaxmi,4,3080104,3.631,,,0
RIV_190,190,Khodku Khola at Jharuwarasi,Bagmati,27.62023374,85.344716,308,30803,3080314,40815598,max_upland_1km,28.1,40815598,126.6,0,2026-10-08T18:07:13+05:45,2026-10-08T18:00:00+05:45,25.0,cap_25km,9,308,Lalitpur,30801,Mahalaxmi,1,3080101,3.942,,,0
RIV_190,190,Khodku Khola at Jharuwarasi,Bagmati,27.62023374,85.344716,308,30803,3080314,40815598,max_upland_1km,28.1,40815598,126.6,0,2026-10-08T18:07:13+05:45,2026-10-08T18:00:00+05:45,25.0,cap_25km,10,308,Lalitpur,30802,Lalitpur,17,3080217,4.517,Hero Honda training Center;मङ्गलबजारदेखि ग्वारकोसम्म;मङ्गलबजारदेखि ग्वारकोसम्म,MKT_00713;MKT_01106;MKT_01107,3
RIV_190,190,Khodku Khola at Jharuwarasi,Bagmati,27.62023374,85.344716,308,30803,3080314,40815598,max_upland_1km,28.1,40815598,126.6,0,2026-10-08T18:07:13+05:45,2026-10-08T18:00:00+05:45,25.0,cap_25km,11,308,Lalitpur,30801,Mahalaxmi,2,3080102,5.29,,,0
RIV_190,190,Khodku Khola at Jharuwarasi,Bagmati,27.62023374,85.344716,308,30803,3080314,40815598,max_upland_1km,28.1,40815598,126.6,0,2026-10-08T18:07:13+05:45,2026-10-08T18:00:00+05:45,25.0,cap_25km,12,308,Lalitpur,30802,Lalitpur,8,3080208,5.617,Chaat House,MKT_01095,1
RIV_190,190,Khodku Khola at Jharuwarasi,Bagmati,27.62023374,85.344716,308,30803,3080314,40815598,max_upland_1km,28.1,40815598,126.6,0,2026-10-08T18:07:13+05:45,2026-10-08T18:00:00+05:45,25.0,cap_25km,13,308,Lalitpur,30802,Lalitpur,9,3080209,6.164,Balkumari Banquet,MKT_00398,1
RIV_190,190,Khodku Khola at Jharuwarasi,Bagmati,27.62023374,85.344716,308,30803,3080314,40815598,max_upland_1km,28.1,40815598,126.6,0,2026-10-08T18:07:13+05:45,2026-10-08T18:00:00+05:45,25.0,cap_25km,14,306,Kathmandu,30608,Kathmandu,32,3060832,6.332,[unnamed marketplace];Pick And Save Store;SLS Suppliers;STORE;Car Workshop;[unnamed commercial landuse];[unnamed commercial landuse];Pratakchya Bazar Bewasaye Sangh;Hukka Bazar And Liquor Shop;Shree Laxmi Sweet And Chaat Pasal;Hongkong Bazar;Shree Ganesh Sweet and Chaat House;Gupta Chaat House;G.S Sweet and Chaat House;Special Panipuri Chaat Pasal;Manohara Tarkari Bazar;मनोहरा तरकारी बजार,MKT_00096;MKT_00393;MKT_00688;MKT_00689;MKT_00690;MKT_00691;MKT_00692;MKT_01059;MKT_01060;MKT_01061;MKT_01062;MKT_01063;MKT_01064;MKT_01065;MKT_01066;MKT_01067;MKT_01068,17
RIV_190,190,Khodku Khola at Jharuwarasi,Bagmati,27.62023374,85.344716,308,30803,3080314,40815598,max_upland_1km,28.1,40815598,126.6,0,2026-10-08T18:07:13+05:45,2026-10-08T18:00:00+05:45,25.0,cap_25km,15,306,Kathmandu,30608,Kathmandu,31,3060831,7.762,InfoTechs Nepal;NAXA,MKT_00392;MKT_00687,2
RIV_190,190,Khodku Khola at Jharuwarasi,Bagmati,27.62023374,85.344716,308,30803,3080314,40815598,max_upland_1km,28.1,40815598,126.6,0,2026-10-08T18:07:13+05:45,2026-10-08T18:00:00+05:45,25.0,cap_25km,16,306,Kathmandu,30608,Kathmandu,10,3060810,8.065,एक्सप्रेस मार्ट;Mini Market;Rolling Plans;Bijulibazar Stop;Bijulibazar Tol Development Committee;Haatti Gaunda Marg;Bijulibazar Marg,MKT_00081;MKT_00389;MKT_00666;MKT_01017;MKT_01018;MKT_01019;MKT_01020,7
RIV_190,190,Khodku Khola at Jharuwarasi,Bagmati,27.62023374,85.344716,308,30803,3080314,40815598,max_upland_1km,28.1,40815598,126.6,0,2026-10-08T18:07:13+05:45,2026-10-08T18:00:00+05:45,25.0,cap_25km,17,308,Lalitpur,30802,Lalitpur,11,3080211,8.605,[unnamed commercial landuse],MKT_00710,1
RIV_190,190,Khodku Khola at Jharuwarasi,Bagmati,27.62023374,85.344716,308,30803,3080314,40815598,max_upland_1km,28.1,40815598,126.6,0,2026-10-08T18:07:13+05:45,2026-10-08T18:00:00+05:45,25.0,cap_25km,18,308,Lalitpur,30802,Lalitpur,10,3080210,8.76,,,0
RIV_190,190,Khodku Khola at Jharuwarasi,Bagmati,27.62023374,85.344716,308,30803,3080314,40815598,max_upland_1km,28.1,40815598,126.6,0,2026-10-08T18:07:13+05:45,2026-10-08T18:00:00+05:45,25.0,cap_25km,19,306,Kathmandu,30608,Kathmandu,11,3060811,9.332,Bluebird Department Store;[unnamed commercial landuse];Nepal Food Corporation;[unnamed commercial landuse];Color Bazar;बिजुलिबजार पुल,MKT_00390;MKT_00667;MKT_00668;MKT_00669;MKT_01021;MKT_01022,6
RIV_190,190,Khodku Khola at Jharuwarasi,Bagmati,27.62023374,85.344716,308,30803,3080314,40815598,max_upland_1km,28.1,40815598,126.6,0,2026-10-08T18:07:13+05:45,2026-10-08T18:00:00+05:45,25.0,cap_25km,20,308,Lalitpur,30802,Lalitpur,1,3080201,10.029,,,0
RIV_190,190,Khodku Khola at Jharuwarasi,Bagmati,27.62023374,85.344716,308,30803,3080314,40815598,max_upland_1km,28.1,40815598,126.6,0,2026-10-08T18:07:13+05:45,2026-10-08T18:00:00+05:45,25.0,cap_25km,21,306,Kathmandu,30608,Kathmandu,12,3060812,10.962,Nepal Automobile Dealers Association,MKT_00670,1
RIV_190,190,Khodku Khola at Jharuwarasi,Bagmati,27.62023374,85.344716,308,30803,3080314,40815598,max_upland_1km,28.1,40815598,126.6,0,2026-10-08T18:07:13+05:45,2026-10-08T18:00:00+05:45,25.0,cap_25km,22,308,Lalitpur,30802,Lalitpur,2,3080202,11.282,Lalitpur 5A Side Fotsal,MKT_00702,1
RIV_190,190,Khodku Khola at Jharuwarasi,Bagmati,27.62023374,85.344716,308,30803,3080314,40815598,max_upland_1km,28.1,40815598,126.6,0,2026-10-08T18:07:13+05:45,2026-10-08T18:00:00+05:45,25.0,cap_25km,23,308,Lalitpur,30802,Lalitpur,3,3080203,12.265,किसान बजार;Nepal telecommunication (NTC);GUNA MULTIPURPOSE CO-OPERATIVE;UN Compound;[unnamed commercial landuse];पुल्चोकदेखि मङ्गलबजार सडक;पुल्चोक देखि मङ्गलबजार सडक;पुल्चोक-मङ्गलबजार सडक;पुल्चोकदेखि मङ्गलबजार सडक,MKT_00111;MKT_00703;MKT_00704;MKT_00705;MKT_00706;MKT_01089;MKT_01090;MKT_01091;MKT_01092,9
RIV_190,190,Khodku Khola at Jharuwarasi,Bagmati,27.62023374,85.344716,308,30803,3080314,40815598,max_upland_1km,28.1,40815598,126.6,0,2026-10-08T18:07:13+05:45,2026-10-08T18:00:00+05:45,25.0,cap_25km,24,306,Kathmandu,30608,Kathmandu,14,3060814,12.677,Balkhu Vegetable and Fruits Market;TM Market;Rudra Market;[unnamed marketplace];Bhatbhateni Super Store (Kalanki);Success Tution Center;Stationary;Advanced College of Engineering and Management;Khasibazaar;Balkhu kris tatha tarkari bazar,MKT_00084;MKT_00085;MKT_00086;MKT_00087;MKT_00672;MKT_00673;MKT_00674;MKT_00675;MKT_01023;MKT_01024,10
RIV_190,190,Khodku Khola at Jharuwarasi,Bagmati,27.62023374,85.344716,308,30803,3080314,40815598,max_upland_1km,28.1,40815598,126.6,0,2026-10-08T18:07:13+05:45,2026-10-08T18:00:00+05:45,25.0,cap_25km,25,306,Kathmandu,30609,Kirtipur,10,3060910,13.093,Naya Bazar;नयाँ बजार,MKT_01075;MKT_01076,2
RIV_190,190,Khodku Khola at Jharuwarasi,Bagmati,27.62023374,85.344716,308,30803,3080314,40815598,max_upland_1km,28.1,40815598,126.6,0,2026-10-08T18:07:13+05:45,2026-10-08T18:00:00+05:45,25.0,cap_25km,26,308,Lalitpur,30802,Lalitpur,4,3080204,13.732,miraze enterprises;Ara Apparels;Shaligram Village Complex & Nirvana Wellness Centre,MKT_00112;MKT_00397;MKT_00707,3
RIV_190,190,Khodku Khola at Jharuwarasi,Bagmati,27.62023374,85.344716,308,30803,3080314,40815598,max_upland_1km,28.1,40815598,126.6,0,2026-10-08T18:07:13+05:45,2026-10-08T18:00:00+05:45,25.0,cap_25km,27,306,Kathmandu,30609,Kirtipur,6,3060906,15.245,Tarkari bajar;N.B store,MKT_00098;MKT_00099,2
RIV_190,190,Khodku Khola at Jharuwarasi,Bagmati,27.62023374,85.344716,308,30803,3080314,40815598,max_upland_1km,28.1,40815598,126.6,0,2026-10-08T18:07:13+05:45,2026-10-08T18:00:00+05:45,25.0,cap_25km,28,308,Lalitpur,30802,Lalitpur,18,3080218,15.837,RB Genreral Store;Sudhima's Nursery,MKT_00399;MKT_00714,2
RIV_190,190,Khodku Khola at Jharuwarasi,Bagmati,27.62023374,85.344716,308,30803,3080314,40815598,max_upland_1km,28.1,40815598,126.6,0,2026-10-08T18:07:13+05:45,2026-10-08T18:00:00+05:45,25.0,cap_25km,29,308,Lalitpur,30802,Lalitpur,21,3080221,16.32,,,0
RIV_190,190,Khodku Khola at Jharuwarasi,Bagmati,27.62023374,85.344716,308,30803,3080314,40815598,max_upland_1km,28.1,40815598,126.6,0,2026-10-08T18:07:13+05:45,2026-10-08T18:00:00+05:45,25.0,cap_25km,30,306,Kathmandu,30611,Dakshinkali,1,3061101,18.945,,,0
RIV_190,190,Khodku Khola at Jharuwarasi,Bagmati,27.62023374,85.344716,308,30803,3080314,40815598,max_upland_1km,28.1,40815598,126.6,0,2026-10-08T18:07:13+05:45,2026-10-08T18:00:00+05:45,25.0,cap_25km,31,306,Kathmandu,30611,Dakshinkali,2,3061102,19.167,,,0
RIV_190,190,Khodku Khola at Jharuwarasi,Bagmati,27.62023374,85.344716,308,30803,3080314,40815598,max_upland_1km,28.1,40815598,126.6,0,2026-10-08T18:07:13+05:45,2026-10-08T18:00:00+05:45,25.0,cap_25km,32,308,Lalitpur,30802,Lalitpur,22,3080222,19.37,[unnamed retail landuse],MKT_00400,1
RIV_190,190,Khodku Khola at Jharuwarasi,Bagmati,27.62023374,85.344716,308,30803,3080314,40815598,max_upland_1km,28.1,40815598,126.6,0,2026-10-08T18:07:13+05:45,2026-10-08T18:00:00+05:45,25.0,cap_25km,33,308,Lalitpur,30803,Godawari,8,3080308,22.636,,,0
RIV_190,190,Khodku Khola at Jharuwarasi,Bagmati,27.62023374,85.344716,308,30803,3080314,40815598,max_upland_1km,28.1,40815598,126.6,0,2026-10-08T18:07:13+05:45,2026-10-08T18:00:00+05:45,25.0,cap_25km,34,306,Kathmandu,30611,Dakshinkali,7,3061107,23.924,,,0
RIV_190,190,Khodku Khola at Jharuwarasi,Bagmati,27.62023374,85.344716,308,30803,3080314,40815598,max_upland_1km,28.1,40815598,126.6,0,2026-10-08T18:07:13+05:45,2026-10-08T18:00:00+05:45,25.0,cap_25km,35,306,Kathmandu,30611,Dakshinkali,8,3061108,24.475,,,0
RIV_191,191,Karnali at Benighat,Karnali,28.96,81.12,610,61009,6100901,40733275,nearest,22732.3,40733275,244.9,0,2026-10-08T18:07:13+05:45,2026-10-08T17:40:00+05:45,25.0,cap_25km,1,707,Achham,70709,Dhakari,4,7070904,0.0,,,0
RIV_191,191,Karnali at Benighat,Karnali,28.96,81.12,610,61009,6100901,40733275,nearest,22732.3,40733275,244.9,0,2026-10-08T18:07:13+05:45,2026-10-08T17:40:00+05:45,25.0,cap_25km,2,610,Surkhet,61009,Chaukune,1,6100901,0.684,,,0
RIV_191,191,Karnali at Benighat,Karnali,28.96,81.12,610,61009,6100901,40733275,nearest,22732.3,40733275,244.9,0,2026-10-08T18:07:13+05:45,2026-10-08T17:40:00+05:45,25.0,cap_25km,3,706,Doti,70607,Bogatan,3,7060703,2.054,,,0
RIV_191,191,Karnali at Benighat,Karnali,28.96,81.12,610,61009,6100901,40733275,nearest,22732.3,40733275,244.9,0,2026-10-08T18:07:13+05:45,2026-10-08T17:40:00+05:45,25.0,cap_25km,4,706,Doti,70607,Bogatan,2,7060702,5.79,,,0
RIV_191,191,Karnali at Benighat,Karnali,28.96,81.12,610,61009,6100901,40733275,nearest,22732.3,40733275,244.9,0,2026-10-08T18:07:13+05:45,2026-10-08T17:40:00+05:45,25.0,cap_25km,5,706,Doti,70607,Bogatan,1,7060701,8.169,,,0
RIV_191,191,Karnali at Benighat,Karnali,28.96,81.12,610,61009,6100901,40733275,nearest,22732.3,40733275,244.9,0,2026-10-08T18:07:13+05:45,2026-10-08T17:40:00+05:45,25.0,cap_25km,6,708,Kailali,70801,Mohanyal,2,7080102,19.366,,,0
RIV_191,191,Karnali at Benighat,Karnali,28.96,81.12,610,61009,6100901,40733275,nearest,22732.3,40733275,244.9,0,2026-10-08T18:07:13+05:45,2026-10-08T17:40:00+05:45,25.0,cap_25km,7,610,Surkhet,61009,Chaukune,2,6100902,23.608,,,0
RIV_192,192,Kakrighat River,Mahakali,29.344,80.413,705,70503,7050306,40713727,nearest,310.9,40713727,97.8,0,2026-10-08T18:07:13+05:45,2026-10-08T17:50:00+05:45,25.0,cap_25km,1,705,Dadeldhura,70503,Ajayameru,6,7050306,0.0,,,0
RIV_192,192,Kakrighat River,Mahakali,29.344,80.413,705,70503,7050306,40713727,nearest,310.9,40713727,97.8,0,2026-10-08T18:07:13+05:45,2026-10-08T17:50:00+05:45,25.0,cap_25km,2,705,Dadeldhura,70504,Bhageshwor,3,7050403,0.656,,,0
RIV_192,192,Kakrighat River,Mahakali,29.344,80.413,705,70503,7050306,40713727,nearest,310.9,40713727,97.8,0,2026-10-08T18:07:13+05:45,2026-10-08T17:50:00+05:45,25.0,cap_25km,3,704,Baitadi,70408,Melauli,8,7040808,2.037,,,0
RIV_192,192,Kakrighat River,Mahakali,29.344,80.413,705,70503,7050306,40713727,nearest,310.9,40713727,97.8,0,2026-10-08T18:07:13+05:45,2026-10-08T17:50:00+05:45,25.0,cap_25km,4,704,Baitadi,70408,Melauli,9,7040809,2.602,,,0
RIV_192,192,Kakrighat River,Mahakali,29.344,80.413,705,70503,7050306,40713727,nearest,310.9,40713727,97.8,0,2026-10-08T18:07:13+05:45,2026-10-08T17:50:00+05:45,25.0,cap_25km,5,704,Baitadi,70407,Shivanath,4,7040704,7.083,,,0
RIV_192,192,Kakrighat River,Mahakali,29.344,80.413,705,70503,7050306,40713727,nearest,310.9,40713727,97.8,0,2026-10-08T18:07:13+05:45,2026-10-08T17:50:00+05:45,25.0,cap_25km,6,705,Dadeldhura,70504,Bhageshwor,1,7050401,8.836,,,0
RIV_192,192,Kakrighat River,Mahakali,29.344,80.413,705,70503,7050306,40713727,nearest,310.9,40713727,97.8,0,2026-10-08T18:07:13+05:45,2026-10-08T17:50:00+05:45,25.0,cap_25km,7,704,Baitadi,70407,Shivanath,2,7040702,9.269,,,0
RIV_193,193,Kalanga Gad,Karnali,29.47,80.898,702,70209,7020902,40708896,nearest,559.9,40708896,8.1,0,2026-10-08T18:07:13+05:45,2026-10-08T17:50:00+05:45,25.0,cap_25km,1,702,Bajhang,70209,Kedarsyun,2,7020902,0.0,,,0
RIV_193,193,Kalanga Gad,Karnali,29.47,80.898,702,70209,7020902,40708896,nearest,559.9,40708896,8.1,0,2026-10-08T18:07:13+05:45,2026-10-08T17:50:00+05:45,25.0,cap_25km,2,702,Bajhang,70210,Bitthadchir,9,7021009,0.939,,,0
RIV_193,193,Kalanga Gad,Karnali,29.47,80.898,702,70209,7020902,40708896,nearest,559.9,40708896,8.1,0,2026-10-08T18:07:13+05:45,2026-10-08T17:50:00+05:45,25.0,cap_25km,3,702,Bajhang,70209,Kedarsyun,1,7020901,1.911,,,0
RIV_193,193,Kalanga Gad,Karnali,29.47,80.898,702,70209,7020902,40708896,nearest,559.9,40708896,8.1,0,2026-10-08T18:07:13+05:45,2026-10-08T17:50:00+05:45,25.0,cap_25km,4,706,Doti,70602,Sayal,1,7060201,3.26,,,0
RIV_193,193,Kalanga Gad,Karnali,29.47,80.898,702,70209,7020902,40708896,nearest,559.9,40708896,8.1,0,2026-10-08T18:07:13+05:45,2026-10-08T17:50:00+05:45,25.0,cap_25km,5,704,Baitadi,70410,Sigas,7,7041007,3.727,,,0
RIV_193,193,Kalanga Gad,Karnali,29.47,80.898,702,70209,7020902,40708896,nearest,559.9,40708896,8.1,0,2026-10-08T18:07:13+05:45,2026-10-08T17:50:00+05:45,25.0,cap_25km,6,706,Doti,70603,Aadarsha,6,7060306,7.813,,,0
RIV_193,193,Kalanga Gad,Karnali,29.47,80.898,702,70209,7020902,40708896,nearest,559.9,40708896,8.1,0,2026-10-08T18:07:13+05:45,2026-10-08T17:50:00+05:45,25.0,cap_25km,7,704,Baitadi,70410,Sigas,6,7041006,9.312,,,0
RIV_193,193,Kalanga Gad,Karnali,29.47,80.898,702,70209,7020902,40708896,nearest,559.9,40708896,8.1,0,2026-10-08T18:07:13+05:45,2026-10-08T17:50:00+05:45,25.0,cap_25km,8,704,Baitadi,70410,Sigas,5,7041005,11.952,,,0
RIV_193,193,Kalanga Gad,Karnali,29.47,80.898,702,70209,7020902,40708896,nearest,559.9,40708896,8.1,0,2026-10-08T18:07:13+05:45,2026-10-08T17:50:00+05:45,25.0,cap_25km,9,706,Doti,70603,Aadarsha,5,7060305,19.955,,,0
RIV_193,193,Kalanga Gad,Karnali,29.47,80.898,702,70209,7020902,40708896,nearest,559.9,40708896,8.1,0,2026-10-08T18:07:13+05:45,2026-10-08T17:50:00+05:45,25.0,cap_25km,10,705,Dadeldhura,70501,Nawadurga,5,7050105,23.476,,,0
RIV_193,193,Kalanga Gad,Karnali,29.47,80.898,702,70209,7020902,40708896,nearest,559.9,40708896,8.1,0,2026-10-08T18:07:13+05:45,2026-10-08T17:50:00+05:45,25.0,cap_25km,11,705,Dadeldhura,70501,Nawadurga,4,7050104,24.585,,,0
RIV_194,194,Sirsagad River,Mahakali,29.169,80.329,705,70505,7050503,40721759,nearest,86.2,40721759,146.9,0,2026-10-08T18:07:13+05:45,2026-10-08T15:00:00+05:45,25.0,cap_25km,1,705,Dadeldhura,70505,Parashuram,3,7050503,0.0,,,0
RIV_194,194,Sirsagad River,Mahakali,29.169,80.329,705,70505,7050503,40721759,nearest,86.2,40721759,146.9,0,2026-10-08T18:07:13+05:45,2026-10-08T15:00:00+05:45,25.0,cap_25km,2,705,Dadeldhura,70505,Parashuram,5,7050505,19.136,,,0
RIV_194,194,Sirsagad River,Mahakali,29.169,80.329,705,70505,7050503,40721759,nearest,86.2,40721759,146.9,0,2026-10-08T18:07:13+05:45,2026-10-08T15:00:00+05:45,25.0,cap_25km,3,705,Dadeldhura,70505,Parashuram,6,7050506,23.307,,,0
RIV_195,195,Balkhu Khola at Balambu,Bagmati,27.692285,85.25073,306,30610,3061012,40810099,max_upland_1km,27.6,40810099,162.3,0,2026-10-08T18:07:13+05:45,2026-10-08T17:50:00+05:45,25.0,cap_25km,1,306,Kathmandu,30610,Chandragiri,12,3061012,0.0,Mat Factory,MKT_00694,1
RIV_195,195,Balkhu Khola at Balambu,Bagmati,27.692285,85.25073,306,30610,3061012,40810099,max_upland_1km,27.6,40810099,162.3,0,2026-10-08T18:07:13+05:45,2026-10-08T17:50:00+05:45,25.0,cap_25km,2,306,Kathmandu,30610,Chandragiri,14,3061014,0.718,,,0
RIV_195,195,Balkhu Khola at Balambu,Bagmati,27.692285,85.25073,306,30610,3061012,40810099,max_upland_1km,27.6,40810099,162.3,0,2026-10-08T18:07:13+05:45,2026-10-08T17:50:00+05:45,25.0,cap_25km,3,306,Kathmandu,30610,Chandragiri,11,3061011,1.187,Frooti Factory,MKT_00394,1
RIV_195,195,Balkhu Khola at Balambu,Bagmati,27.692285,85.25073,306,30610,3061012,40810099,max_upland_1km,27.6,40810099,162.3,0,2026-10-08T18:07:13+05:45,2026-10-08T17:50:00+05:45,25.0,cap_25km,4,306,Kathmandu,30610,Chandragiri,15,3061015,1.283,,,0
RIV_195,195,Balkhu Khola at Balambu,Bagmati,27.692285,85.25073,306,30610,3061012,40810099,max_upland_1km,27.6,40810099,162.3,0,2026-10-08T18:07:13+05:45,2026-10-08T17:50:00+05:45,25.0,cap_25km,5,306,Kathmandu,30609,Kirtipur,3,3060903,2.642,,,0
RIV_195,195,Balkhu Khola at Balambu,Bagmati,27.692285,85.25073,306,30610,3061012,40810099,max_upland_1km,27.6,40810099,162.3,0,2026-10-08T18:07:13+05:45,2026-10-08T17:50:00+05:45,25.0,cap_25km,6,306,Kathmandu,30609,Kirtipur,2,3060902,2.912,,,0
RIV_195,195,Balkhu Khola at Balambu,Bagmati,27.692285,85.25073,306,30610,3061012,40810099,max_upland_1km,27.6,40810099,162.3,0,2026-10-08T18:07:13+05:45,2026-10-08T17:50:00+05:45,25.0,cap_25km,7,306,Kathmandu,30609,Kirtipur,1,3060901,3.673,Shulav Market;Khashi Bazar Youth Club;नया बजारको बाटो,MKT_00097;MKT_01069;MKT_01070,3
RIV_195,195,Balkhu Khola at Balambu,Bagmati,27.692285,85.25073,306,30610,3061012,40810099,max_upland_1km,27.6,40810099,162.3,0,2026-10-08T18:07:13+05:45,2026-10-08T17:50:00+05:45,25.0,cap_25km,8,306,Kathmandu,30608,Kathmandu,14,3060814,4.291,Balkhu Vegetable and Fruits Market;TM Market;Rudra Market;[unnamed marketplace];Bhatbhateni Super Store (Kalanki);Success Tution Center;Stationary;Advanced College of Engineering and Management;Khasibazaar;Balkhu kris tatha tarkari bazar,MKT_00084;MKT_00085;MKT_00086;MKT_00087;MKT_00672;MKT_00673;MKT_00674;MKT_00675;MKT_01023;MKT_01024,10
RIV_195,195,Balkhu Khola at Balambu,Bagmati,27.692285,85.25073,306,30610,3061012,40810099,max_upland_1km,27.6,40810099,162.3,0,2026-10-08T18:07:13+05:45,2026-10-08T17:50:00+05:45,25.0,cap_25km,9,306,Kathmandu,30609,Kirtipur,10,3060910,6.568,Naya Bazar;नयाँ बजार,MKT_01075;MKT_01076,2
RIV_195,195,Balkhu Khola at Balambu,Bagmati,27.692285,85.25073,306,30610,3061012,40810099,max_upland_1km,27.6,40810099,162.3,0,2026-10-08T18:07:13+05:45,2026-10-08T17:50:00+05:45,25.0,cap_25km,10,308,Lalitpur,30802,Lalitpur,3,3080203,6.947,किसान बजार;Nepal telecommunication (NTC);GUNA MULTIPURPOSE CO-OPERATIVE;UN Compound;[unnamed commercial landuse];पुल्चोकदेखि मङ्गलबजार सडक;पुल्चोक देखि मङ्गलबजार सडक;पुल्चोक-मङ्गलबजार सडक;पुल्चोकदेखि मङ्गलबजार सडक,MKT_00111;MKT_00703;MKT_00704;MKT_00705;MKT_00706;MKT_01089;MKT_01090;MKT_01091;MKT_01092,9
RIV_195,195,Balkhu Khola at Balambu,Bagmati,27.692285,85.25073,306,30610,3061012,40810099,max_upland_1km,27.6,40810099,162.3,0,2026-10-08T18:07:13+05:45,2026-10-08T17:50:00+05:45,25.0,cap_25km,11,308,Lalitpur,30802,Lalitpur,4,3080204,7.207,miraze enterprises;Ara Apparels;Shaligram Village Complex & Nirvana Wellness Centre,MKT_00112;MKT_00397;MKT_00707,3
RIV_195,195,Balkhu Khola at Balambu,Bagmati,27.692285,85.25073,306,30610,3061012,40810099,max_upland_1km,27.6,40810099,162.3,0,2026-10-08T18:07:13+05:45,2026-10-08T17:50:00+05:45,25.0,cap_25km,12,306,Kathmandu,30609,Kirtipur,6,3060906,8.719,Tarkari bajar;N.B store,MKT_00098;MKT_00099,2
RIV_195,195,Balkhu Khola at Balambu,Bagmati,27.692285,85.25073,306,30610,3061012,40810099,max_upland_1km,27.6,40810099,162.3,0,2026-10-08T18:07:13+05:45,2026-10-08T17:50:00+05:45,25.0,cap_25km,13,308,Lalitpur,30802,Lalitpur,18,3080218,9.312,RB Genreral Store;Sudhima's Nursery,MKT_00399;MKT_00714,2
RIV_195,195,Balkhu Khola at Balambu,Bagmati,27.692285,85.25073,306,30610,3061012,40810099,max_upland_1km,27.6,40810099,162.3,0,2026-10-08T18:07:13+05:45,2026-10-08T17:50:00+05:45,25.0,cap_25km,14,308,Lalitpur,30802,Lalitpur,21,3080221,9.795,,,0
RIV_195,195,Balkhu Khola at Balambu,Bagmati,27.692285,85.25073,306,30610,3061012,40810099,max_upland_1km,27.6,40810099,162.3,0,2026-10-08T18:07:13+05:45,2026-10-08T17:50:00+05:45,25.0,cap_25km,15,306,Kathmandu,30611,Dakshinkali,1,3061101,12.42,,,0
RIV_195,195,Balkhu Khola at Balambu,Bagmati,27.692285,85.25073,306,30610,3061012,40810099,max_upland_1km,27.6,40810099,162.3,0,2026-10-08T18:07:13+05:45,2026-10-08T17:50:00+05:45,25.0,cap_25km,16,306,Kathmandu,30611,Dakshinkali,2,3061102,12.641,,,0
RIV_195,195,Balkhu Khola at Balambu,Bagmati,27.692285,85.25073,306,30610,3061012,40810099,max_upland_1km,27.6,40810099,162.3,0,2026-10-08T18:07:13+05:45,2026-10-08T17:50:00+05:45,25.0,cap_25km,17,308,Lalitpur,30802,Lalitpur,22,3080222,12.844,[unnamed retail landuse],MKT_00400,1
RIV_195,195,Balkhu Khola at Balambu,Bagmati,27.692285,85.25073,306,30610,3061012,40810099,max_upland_1km,27.6,40810099,162.3,0,2026-10-08T18:07:13+05:45,2026-10-08T17:50:00+05:45,25.0,cap_25km,18,308,Lalitpur,30803,Godawari,8,3080308,16.111,,,0
RIV_195,195,Balkhu Khola at Balambu,Bagmati,27.692285,85.25073,306,30610,3061012,40810099,max_upland_1km,27.6,40810099,162.3,0,2026-10-08T18:07:13+05:45,2026-10-08T17:50:00+05:45,25.0,cap_25km,19,306,Kathmandu,30611,Dakshinkali,7,3061107,17.399,,,0
RIV_195,195,Balkhu Khola at Balambu,Bagmati,27.692285,85.25073,306,30610,3061012,40810099,max_upland_1km,27.6,40810099,162.3,0,2026-10-08T18:07:13+05:45,2026-10-08T17:50:00+05:45,25.0,cap_25km,20,306,Kathmandu,30611,Dakshinkali,8,3061108,17.949,,,0
RIV_195,195,Balkhu Khola at Balambu,Bagmati,27.692285,85.25073,306,30610,3061012,40810099,max_upland_1km,27.6,40810099,162.3,0,2026-10-08T18:07:13+05:45,2026-10-08T17:50:00+05:45,25.0,cap_25km,21,308,Lalitpur,30803,Godawari,7,3080307,18.823,,,0
RIV_195,195,Balkhu Khola at Balambu,Bagmati,27.692285,85.25073,306,30610,3061012,40810099,max_upland_1km,27.6,40810099,162.3,0,2026-10-08T18:07:13+05:45,2026-10-08T17:50:00+05:45,25.0,cap_25km,22,312,Makwanpur,31201,Indrasarowar,3,3120103,21.382,,,0
RIV_195,195,Balkhu Khola at Balambu,Bagmati,27.692285,85.25073,306,30610,3061012,40810099,max_upland_1km,27.6,40810099,162.3,0,2026-10-08T18:07:13+05:45,2026-10-08T17:50:00+05:45,25.0,cap_25km,23,308,Lalitpur,30806,Bagmati,1,3080601,23.332,,,0
RIV_196,196,Godawari Khola at Thaiba,Bagmati,27.623968,85.353719,308,30803,3080301,40815334,max_upland_1km,30.1,40815334,109.1,0,2026-10-08T18:07:13+05:45,2026-10-08T17:50:00+05:45,25.0,cap_25km,1,308,Lalitpur,30803,Godawari,1,3080301,0.0,,,0
RIV_196,196,Godawari Khola at Thaiba,Bagmati,27.623968,85.353719,308,30803,3080301,40815334,max_upland_1km,30.1,40815334,109.1,0,2026-10-08T18:07:13+05:45,2026-10-08T17:50:00+05:45,25.0,cap_25km,2,308,Lalitpur,30803,Godawari,14,3080314,0.158,,,0
RIV_196,196,Godawari Khola at Thaiba,Bagmati,27.623968,85.353719,308,30803,3080301,40815334,max_upland_1km,30.1,40815334,109.1,0,2026-10-08T18:07:13+05:45,2026-10-08T17:50:00+05:45,25.0,cap_25km,3,308,Lalitpur,30801,Mahalaxmi,6,3080106,0.922,,,0
RIV_196,196,Godawari Khola at Thaiba,Bagmati,27.623968,85.353719,308,30803,3080301,40815334,max_upland_1km,30.1,40815334,109.1,0,2026-10-08T18:07:13+05:45,2026-10-08T17:50:00+05:45,25.0,cap_25km,4,308,Lalitpur,30801,Mahalaxmi,8,3080108,1.901,,,0
RIV_196,196,Godawari Khola at Thaiba,Bagmati,27.623968,85.353719,308,30803,3080301,40815334,max_upland_1km,30.1,40815334,109.1,0,2026-10-08T18:07:13+05:45,2026-10-08T17:50:00+05:45,25.0,cap_25km,5,308,Lalitpur,30801,Mahalaxmi,5,3080105,3.328,,,0
RIV_196,196,Godawari Khola at Thaiba,Bagmati,27.623968,85.353719,308,30803,3080301,40815334,max_upland_1km,30.1,40815334,109.1,0,2026-10-08T18:07:13+05:45,2026-10-08T17:50:00+05:45,25.0,cap_25km,6,308,Lalitpur,30801,Mahalaxmi,7,3080107,4.044,,,0
RIV_196,196,Godawari Khola at Thaiba,Bagmati,27.623968,85.353719,308,30803,3080301,40815334,max_upland_1km,30.1,40815334,109.1,0,2026-10-08T18:07:13+05:45,2026-10-08T17:50:00+05:45,25.0,cap_25km,7,307,Bhaktapur,30704,Suryabinayak,2,3070402,5.049,,,0
RIV_196,196,Godawari Khola at Thaiba,Bagmati,27.623968,85.353719,308,30803,3080301,40815334,max_upland_1km,30.1,40815334,109.1,0,2026-10-08T18:07:13+05:45,2026-10-08T17:50:00+05:45,25.0,cap_25km,8,307,Bhaktapur,30703,Madhyapur Thimi,1,3070301,6.388,Nibes Sweets andChaat;Srijana Sweets and Chaat House,MKT_01079;MKT_01080,2
RIV_196,196,Godawari Khola at Thaiba,Bagmati,27.623968,85.353719,308,30803,3080301,40815334,max_upland_1km,30.1,40815334,109.1,0,2026-10-08T18:07:13+05:45,2026-10-08T17:50:00+05:45,25.0,cap_25km,9,306,Kathmandu,30608,Kathmandu,32,3060832,6.95,[unnamed marketplace];Pick And Save Store;SLS Suppliers;STORE;Car Workshop;[unnamed commercial landuse];[unnamed commercial landuse];Pratakchya Bazar Bewasaye Sangh;Hukka Bazar And Liquor Shop;Shree Laxmi Sweet And Chaat Pasal;Hongkong Bazar;Shree Ganesh Sweet and Chaat House;Gupta Chaat House;G.S Sweet and Chaat House;Special Panipuri Chaat Pasal;Manohara Tarkari Bazar;मनोहरा तरकारी बजार,MKT_00096;MKT_00393;MKT_00688;MKT_00689;MKT_00690;MKT_00691;MKT_00692;MKT_01059;MKT_01060;MKT_01061;MKT_01062;MKT_01063;MKT_01064;MKT_01065;MKT_01066;MKT_01067;MKT_01068,17
RIV_196,196,Godawari Khola at Thaiba,Bagmati,27.623968,85.353719,308,30803,3080301,40815334,max_upland_1km,30.1,40815334,109.1,0,2026-10-08T18:07:13+05:45,2026-10-08T17:50:00+05:45,25.0,cap_25km,10,308,Lalitpur,30801,Mahalaxmi,3,3080103,7.336,,,0
RIV_196,196,Godawari Khola at Thaiba,Bagmati,27.623968,85.353719,308,30803,3080301,40815334,max_upland_1km,30.1,40815334,109.1,0,2026-10-08T18:07:13+05:45,2026-10-08T17:50:00+05:45,25.0,cap_25km,11,308,Lalitpur,30802,Lalitpur,9,3080209,9.023,Balkumari Banquet,MKT_00398,1
RIV_196,196,Godawari Khola at Thaiba,Bagmati,27.623968,85.353719,308,30803,3080301,40815334,max_upland_1km,30.1,40815334,109.1,0,2026-10-08T18:07:13+05:45,2026-10-08T17:50:00+05:45,25.0,cap_25km,12,306,Kathmandu,30608,Kathmandu,31,3060831,9.338,InfoTechs Nepal;NAXA,MKT_00392;MKT_00687,2
RIV_196,196,Godawari Khola at Thaiba,Bagmati,27.623968,85.353719,308,30803,3080301,40815334,max_upland_1km,30.1,40815334,109.1,0,2026-10-08T18:07:13+05:45,2026-10-08T17:50:00+05:45,25.0,cap_25km,13,306,Kathmandu,30608,Kathmandu,10,3060810,9.64,एक्सप्रेस मार्ट;Mini Market;Rolling Plans;Bijulibazar Stop;Bijulibazar Tol Development Committee;Haatti Gaunda Marg;Bijulibazar Marg,MKT_00081;MKT_00389;MKT_00666;MKT_01017;MKT_01018;MKT_01019;MKT_01020,7
RIV_196,196,Godawari Khola at Thaiba,Bagmati,27.623968,85.353719,308,30803,3080301,40815334,max_upland_1km,30.1,40815334,109.1,0,2026-10-08T18:07:13+05:45,2026-10-08T17:50:00+05:45,25.0,cap_25km,14,308,Lalitpur,30802,Lalitpur,11,3080211,10.18,[unnamed commercial landuse],MKT_00710,1
RIV_196,196,Godawari Khola at Thaiba,Bagmati,27.623968,85.353719,308,30803,3080301,40815334,max_upland_1km,30.1,40815334,109.1,0,2026-10-08T18:07:13+05:45,2026-10-08T17:50:00+05:45,25.0,cap_25km,15,308,Lalitpur,30802,Lalitpur,10,3080210,10.336,,,0
RIV_196,196,Godawari Khola at Thaiba,Bagmati,27.623968,85.353719,308,30803,3080301,40815334,max_upland_1km,30.1,40815334,109.1,0,2026-10-08T18:07:13+05:45,2026-10-08T17:50:00+05:45,25.0,cap_25km,16,306,Kathmandu,30608,Kathmandu,11,3060811,10.907,Bluebird Department Store;[unnamed commercial landuse];Nepal Food Corporation;[unnamed commercial landuse];Color Bazar;बिजुलिबजार पुल,MKT_00390;MKT_00667;MKT_00668;MKT_00669;MKT_01021;MKT_01022,6
RIV_196,196,Godawari Khola at Thaiba,Bagmati,27.623968,85.353719,308,30803,3080301,40815334,max_upland_1km,30.1,40815334,109.1,0,2026-10-08T18:07:13+05:45,2026-10-08T17:50:00+05:45,25.0,cap_25km,17,308,Lalitpur,30802,Lalitpur,1,3080201,11.604,,,0
RIV_196,196,Godawari Khola at Thaiba,Bagmati,27.623968,85.353719,308,30803,3080301,40815334,max_upland_1km,30.1,40815334,109.1,0,2026-10-08T18:07:13+05:45,2026-10-08T17:50:00+05:45,25.0,cap_25km,18,306,Kathmandu,30608,Kathmandu,12,3060812,12.538,Nepal Automobile Dealers Association,MKT_00670,1
RIV_196,196,Godawari Khola at Thaiba,Bagmati,27.623968,85.353719,308,30803,3080301,40815334,max_upland_1km,30.1,40815334,109.1,0,2026-10-08T18:07:13+05:45,2026-10-08T17:50:00+05:45,25.0,cap_25km,19,308,Lalitpur,30802,Lalitpur,2,3080202,12.857,Lalitpur 5A Side Fotsal,MKT_00702,1
RIV_196,196,Godawari Khola at Thaiba,Bagmati,27.623968,85.353719,308,30803,3080301,40815334,max_upland_1km,30.1,40815334,109.1,0,2026-10-08T18:07:13+05:45,2026-10-08T17:50:00+05:45,25.0,cap_25km,20,308,Lalitpur,30802,Lalitpur,3,3080203,13.841,किसान बजार;Nepal telecommunication (NTC);GUNA MULTIPURPOSE CO-OPERATIVE;UN Compound;[unnamed commercial landuse];पुल्चोकदेखि मङ्गलबजार सडक;पुल्चोक देखि मङ्गलबजार सडक;पुल्चोक-मङ्गलबजार सडक;पुल्चोकदेखि मङ्गलबजार सडक,MKT_00111;MKT_00703;MKT_00704;MKT_00705;MKT_00706;MKT_01089;MKT_01090;MKT_01091;MKT_01092,9
RIV_196,196,Godawari Khola at Thaiba,Bagmati,27.623968,85.353719,308,30803,3080301,40815334,max_upland_1km,30.1,40815334,109.1,0,2026-10-08T18:07:13+05:45,2026-10-08T17:50:00+05:45,25.0,cap_25km,21,306,Kathmandu,30608,Kathmandu,14,3060814,14.252,Balkhu Vegetable and Fruits Market;TM Market;Rudra Market;[unnamed marketplace];Bhatbhateni Super Store (Kalanki);Success Tution Center;Stationary;Advanced College of Engineering and Management;Khasibazaar;Balkhu kris tatha tarkari bazar,MKT_00084;MKT_00085;MKT_00086;MKT_00087;MKT_00672;MKT_00673;MKT_00674;MKT_00675;MKT_01023;MKT_01024,10
RIV_196,196,Godawari Khola at Thaiba,Bagmati,27.623968,85.353719,308,30803,3080301,40815334,max_upland_1km,30.1,40815334,109.1,0,2026-10-08T18:07:13+05:45,2026-10-08T17:50:00+05:45,25.0,cap_25km,22,306,Kathmandu,30609,Kirtipur,10,3060910,14.668,Naya Bazar;नयाँ बजार,MKT_01075;MKT_01076,2
RIV_196,196,Godawari Khola at Thaiba,Bagmati,27.623968,85.353719,308,30803,3080301,40815334,max_upland_1km,30.1,40815334,109.1,0,2026-10-08T18:07:13+05:45,2026-10-08T17:50:00+05:45,25.0,cap_25km,23,308,Lalitpur,30802,Lalitpur,4,3080204,15.307,miraze enterprises;Ara Apparels;Shaligram Village Complex & Nirvana Wellness Centre,MKT_00112;MKT_00397;MKT_00707,3
RIV_196,196,Godawari Khola at Thaiba,Bagmati,27.623968,85.353719,308,30803,3080301,40815334,max_upland_1km,30.1,40815334,109.1,0,2026-10-08T18:07:13+05:45,2026-10-08T17:50:00+05:45,25.0,cap_25km,24,306,Kathmandu,30609,Kirtipur,6,3060906,16.82,Tarkari bajar;N.B store,MKT_00098;MKT_00099,2
RIV_196,196,Godawari Khola at Thaiba,Bagmati,27.623968,85.353719,308,30803,3080301,40815334,max_upland_1km,30.1,40815334,109.1,0,2026-10-08T18:07:13+05:45,2026-10-08T17:50:00+05:45,25.0,cap_25km,25,308,Lalitpur,30802,Lalitpur,18,3080218,17.413,RB Genreral Store;Sudhima's Nursery,MKT_00399;MKT_00714,2
RIV_196,196,Godawari Khola at Thaiba,Bagmati,27.623968,85.353719,308,30803,3080301,40815334,max_upland_1km,30.1,40815334,109.1,0,2026-10-08T18:07:13+05:45,2026-10-08T17:50:00+05:45,25.0,cap_25km,26,308,Lalitpur,30802,Lalitpur,21,3080221,17.896,,,0
RIV_196,196,Godawari Khola at Thaiba,Bagmati,27.623968,85.353719,308,30803,3080301,40815334,max_upland_1km,30.1,40815334,109.1,0,2026-10-08T18:07:13+05:45,2026-10-08T17:50:00+05:45,25.0,cap_25km,27,306,Kathmandu,30611,Dakshinkali,1,3061101,20.521,,,0
RIV_196,196,Godawari Khola at Thaiba,Bagmati,27.623968,85.353719,308,30803,3080301,40815334,max_upland_1km,30.1,40815334,109.1,0,2026-10-08T18:07:13+05:45,2026-10-08T17:50:00+05:45,25.0,cap_25km,28,306,Kathmandu,30611,Dakshinkali,2,3061102,20.742,,,0
RIV_196,196,Godawari Khola at Thaiba,Bagmati,27.623968,85.353719,308,30803,3080301,40815334,max_upland_1km,30.1,40815334,109.1,0,2026-10-08T18:07:13+05:45,2026-10-08T17:50:00+05:45,25.0,cap_25km,29,308,Lalitpur,30802,Lalitpur,22,3080222,20.945,[unnamed retail landuse],MKT_00400,1
RIV_196,196,Godawari Khola at Thaiba,Bagmati,27.623968,85.353719,308,30803,3080301,40815334,max_upland_1km,30.1,40815334,109.1,0,2026-10-08T18:07:13+05:45,2026-10-08T17:50:00+05:45,25.0,cap_25km,30,308,Lalitpur,30803,Godawari,8,3080308,24.211,,,0
RIV_197,197,Hanumante Khola at Jagati,Bagmati,27.668698,85.431669,307,30702,3070205,40811199,nearest,58.7,40811199,5.8,0,2026-10-08T18:07:13+05:45,2026-10-08T18:00:00+05:45,25.0,cap_25km,1,307,Bhaktapur,30702,Bhaktapur,5,3070205,0.0,Ajima Open Market,MKT_00104,1
RIV_197,197,Hanumante Khola at Jagati,Bagmati,27.668698,85.431669,307,30702,3070205,40811199,nearest,58.7,40811199,5.8,0,2026-10-08T18:07:13+05:45,2026-10-08T18:00:00+05:45,25.0,cap_25km,2,307,Bhaktapur,30702,Bhaktapur,4,3070204,0.223,MINI SHOP,MKT_00103,1
RIV_197,197,Hanumante Khola at Jagati,Bagmati,27.668698,85.431669,307,30702,3070205,40811199,nearest,58.7,40811199,5.8,0,2026-10-08T18:07:13+05:45,2026-10-08T18:00:00+05:45,25.0,cap_25km,3,307,Bhaktapur,30702,Bhaktapur,3,3070203,0.664,,,0
RIV_197,197,Hanumante Khola at Jagati,Bagmati,27.668698,85.431669,307,30702,3070205,40811199,nearest,58.7,40811199,5.8,0,2026-10-08T18:07:13+05:45,2026-10-08T18:00:00+05:45,25.0,cap_25km,4,307,Bhaktapur,30702,Bhaktapur,1,3070201,0.858,,,0
RIV_197,197,Hanumante Khola at Jagati,Bagmati,27.668698,85.431669,307,30702,3070205,40811199,nearest,58.7,40811199,5.8,0,2026-10-08T18:07:13+05:45,2026-10-08T18:00:00+05:45,25.0,cap_25km,5,307,Bhaktapur,30703,Madhyapur Thimi,9,3070309,3.267,Gagan Hotel,MKT_00701,1
RIV_197,197,Hanumante Khola at Jagati,Bagmati,27.668698,85.431669,307,30702,3070205,40811199,nearest,58.7,40811199,5.8,0,2026-10-08T18:07:13+05:45,2026-10-08T18:00:00+05:45,25.0,cap_25km,6,307,Bhaktapur,30703,Madhyapur Thimi,5,3070305,3.712,[unnamed commercial landuse],MKT_00700,1
RIV_197,197,Hanumante Khola at Jagati,Bagmati,27.668698,85.431669,307,30702,3070205,40811199,nearest,58.7,40811199,5.8,0,2026-10-08T18:07:13+05:45,2026-10-08T18:00:00+05:45,25.0,cap_25km,7,307,Bhaktapur,30703,Madhyapur Thimi,4,3070304,4.422,,,0
RIV_197,197,Hanumante Khola at Jagati,Bagmati,27.668698,85.431669,307,30702,3070205,40811199,nearest,58.7,40811199,5.8,0,2026-10-08T18:07:13+05:45,2026-10-08T18:00:00+05:45,25.0,cap_25km,8,307,Bhaktapur,30704,Suryabinayak,4,3070404,5.096,,,0
RIV_197,197,Hanumante Khola at Jagati,Bagmati,27.668698,85.431669,307,30702,3070205,40811199,nearest,58.7,40811199,5.8,0,2026-10-08T18:07:13+05:45,2026-10-08T18:00:00+05:45,25.0,cap_25km,9,307,Bhaktapur,30704,Suryabinayak,3,3070403,5.322,,,0
RIV_197,197,Hanumante Khola at Jagati,Bagmati,27.668698,85.431669,307,30702,3070205,40811199,nearest,58.7,40811199,5.8,0,2026-10-08T18:07:13+05:45,2026-10-08T18:00:00+05:45,25.0,cap_25km,10,307,Bhaktapur,30703,Madhyapur Thimi,3,3070303,5.985,"Shrestha Nirman Sewa;Chardobato Tarkari Bazar, Chardobato Fruits and vegetable Market;ठुलो असन;E Point Electronics Bazaar;Akash Sweets and Chaat;New Jay Nepal Sweet And Chaat House;Jay Nepal Chaat House and Sweets House;udaypur meat bazaar",MKT_00395;MKT_00698;MKT_00699;MKT_01082;MKT_01083;MKT_01084;MKT_01085;MKT_01086,8
RIV_197,197,Hanumante Khola at Jagati,Bagmati,27.668698,85.431669,307,30702,3070205,40811199,nearest,58.7,40811199,5.8,0,2026-10-08T18:07:13+05:45,2026-10-08T18:00:00+05:45,25.0,cap_25km,11,307,Bhaktapur,30704,Suryabinayak,2,3070402,7.586,,,0
RIV_197,197,Hanumante Khola at Jagati,Bagmati,27.668698,85.431669,307,30702,3070205,40811199,nearest,58.7,40811199,5.8,0,2026-10-08T18:07:13+05:45,2026-10-08T18:00:00+05:45,25.0,cap_25km,12,308,Lalitpur,30801,Mahalaxmi,5,3080105,8.218,,,0
RIV_197,197,Hanumante Khola at Jagati,Bagmati,27.668698,85.431669,307,30702,3070205,40811199,nearest,58.7,40811199,5.8,0,2026-10-08T18:07:13+05:45,2026-10-08T18:00:00+05:45,25.0,cap_25km,13,307,Bhaktapur,30703,Madhyapur Thimi,1,3070301,8.483,Nibes Sweets andChaat;Srijana Sweets and Chaat House,MKT_01079;MKT_01080,2
RIV_197,197,Hanumante Khola at Jagati,Bagmati,27.668698,85.431669,307,30702,3070205,40811199,nearest,58.7,40811199,5.8,0,2026-10-08T18:07:13+05:45,2026-10-08T18:00:00+05:45,25.0,cap_25km,14,306,Kathmandu,30608,Kathmandu,32,3060832,9.045,[unnamed marketplace];Pick And Save Store;SLS Suppliers;STORE;Car Workshop;[unnamed commercial landuse];[unnamed commercial landuse];Pratakchya Bazar Bewasaye Sangh;Hukka Bazar And Liquor Shop;Shree Laxmi Sweet And Chaat Pasal;Hongkong Bazar;Shree Ganesh Sweet and Chaat House;Gupta Chaat House;G.S Sweet and Chaat House;Special Panipuri Chaat Pasal;Manohara Tarkari Bazar;मनोहरा तरकारी बजार,MKT_00096;MKT_00393;MKT_00688;MKT_00689;MKT_00690;MKT_00691;MKT_00692;MKT_01059;MKT_01060;MKT_01061;MKT_01062;MKT_01063;MKT_01064;MKT_01065;MKT_01066;MKT_01067;MKT_01068,17
RIV_197,197,Hanumante Khola at Jagati,Bagmati,27.668698,85.431669,307,30702,3070205,40811199,nearest,58.7,40811199,5.8,0,2026-10-08T18:07:13+05:45,2026-10-08T18:00:00+05:45,25.0,cap_25km,15,308,Lalitpur,30801,Mahalaxmi,3,3080103,9.432,,,0
RIV_197,197,Hanumante Khola at Jagati,Bagmati,27.668698,85.431669,307,30702,3070205,40811199,nearest,58.7,40811199,5.8,0,2026-10-08T18:07:13+05:45,2026-10-08T18:00:00+05:45,25.0,cap_25km,16,308,Lalitpur,30802,Lalitpur,9,3080209,11.119,Balkumari Banquet,MKT_00398,1
RIV_197,197,Hanumante Khola at Jagati,Bagmati,27.668698,85.431669,307,30702,3070205,40811199,nearest,58.7,40811199,5.8,0,2026-10-08T18:07:13+05:45,2026-10-08T18:00:00+05:45,25.0,cap_25km,17,306,Kathmandu,30608,Kathmandu,31,3060831,11.434,InfoTechs Nepal;NAXA,MKT_00392;MKT_00687,2
RIV_197,197,Hanumante Khola at Jagati,Bagmati,27.668698,85.431669,307,30702,3070205,40811199,nearest,58.7,40811199,5.8,0,2026-10-08T18:07:13+05:45,2026-10-08T18:00:00+05:45,25.0,cap_25km,18,306,Kathmandu,30608,Kathmandu,10,3060810,11.736,एक्सप्रेस मार्ट;Mini Market;Rolling Plans;Bijulibazar Stop;Bijulibazar Tol Development Committee;Haatti Gaunda Marg;Bijulibazar Marg,MKT_00081;MKT_00389;MKT_00666;MKT_01017;MKT_01018;MKT_01019;MKT_01020,7
RIV_197,197,Hanumante Khola at Jagati,Bagmati,27.668698,85.431669,307,30702,3070205,40811199,nearest,58.7,40811199,5.8,0,2026-10-08T18:07:13+05:45,2026-10-08T18:00:00+05:45,25.0,cap_25km,19,308,Lalitpur,30802,Lalitpur,11,3080211,12.276,[unnamed commercial landuse],MKT_00710,1
RIV_197,197,Hanumante Khola at Jagati,Bagmati,27.668698,85.431669,307,30702,3070205,40811199,nearest,58.7,40811199,5.8,0,2026-10-08T18:07:13+05:45,2026-10-08T18:00:00+05:45,25.0,cap_25km,20,308,Lalitpur,30802,Lalitpur,10,3080210,12.431,,,0
RIV_197,197,Hanumante Khola at Jagati,Bagmati,27.668698,85.431669,307,30702,3070205,40811199,nearest,58.7,40811199,5.8,0,2026-10-08T18:07:13+05:45,2026-10-08T18:00:00+05:45,25.0,cap_25km,21,306,Kathmandu,30608,Kathmandu,11,3060811,13.003,Bluebird Department Store;[unnamed commercial landuse];Nepal Food Corporation;[unnamed commercial landuse];Color Bazar;बिजुलिबजार पुल,MKT_00390;MKT_00667;MKT_00668;MKT_00669;MKT_01021;MKT_01022,6
RIV_197,197,Hanumante Khola at Jagati,Bagmati,27.668698,85.431669,307,30702,3070205,40811199,nearest,58.7,40811199,5.8,0,2026-10-08T18:07:13+05:45,2026-10-08T18:00:00+05:45,25.0,cap_25km,22,308,Lalitpur,30802,Lalitpur,1,3080201,13.7,,,0
RIV_197,197,Hanumante Khola at Jagati,Bagmati,27.668698,85.431669,307,30702,3070205,40811199,nearest,58.7,40811199,5.8,0,2026-10-08T18:07:13+05:45,2026-10-08T18:00:00+05:45,25.0,cap_25km,23,306,Kathmandu,30608,Kathmandu,12,3060812,14.634,Nepal Automobile Dealers Association,MKT_00670,1
RIV_197,197,Hanumante Khola at Jagati,Bagmati,27.668698,85.431669,307,30702,3070205,40811199,nearest,58.7,40811199,5.8,0,2026-10-08T18:07:13+05:45,2026-10-08T18:00:00+05:45,25.0,cap_25km,24,308,Lalitpur,30802,Lalitpur,2,3080202,14.953,Lalitpur 5A Side Fotsal,MKT_00702,1
RIV_197,197,Hanumante Khola at Jagati,Bagmati,27.668698,85.431669,307,30702,3070205,40811199,nearest,58.7,40811199,5.8,0,2026-10-08T18:07:13+05:45,2026-10-08T18:00:00+05:45,25.0,cap_25km,25,308,Lalitpur,30802,Lalitpur,3,3080203,15.936,किसान बजार;Nepal telecommunication (NTC);GUNA MULTIPURPOSE CO-OPERATIVE;UN Compound;[unnamed commercial landuse];पुल्चोकदेखि मङ्गलबजार सडक;पुल्चोक देखि मङ्गलबजार सडक;पुल्चोक-मङ्गलबजार सडक;पुल्चोकदेखि मङ्गलबजार सडक,MKT_00111;MKT_00703;MKT_00704;MKT_00705;MKT_00706;MKT_01089;MKT_01090;MKT_01091;MKT_01092,9
RIV_197,197,Hanumante Khola at Jagati,Bagmati,27.668698,85.431669,307,30702,3070205,40811199,nearest,58.7,40811199,5.8,0,2026-10-08T18:07:13+05:45,2026-10-08T18:00:00+05:45,25.0,cap_25km,26,306,Kathmandu,30608,Kathmandu,14,3060814,16.348,Balkhu Vegetable and Fruits Market;TM Market;Rudra Market;[unnamed marketplace];Bhatbhateni Super Store (Kalanki);Success Tution Center;Stationary;Advanced College of Engineering and Management;Khasibazaar;Balkhu kris tatha tarkari bazar,MKT_00084;MKT_00085;MKT_00086;MKT_00087;MKT_00672;MKT_00673;MKT_00674;MKT_00675;MKT_01023;MKT_01024,10
RIV_197,197,Hanumante Khola at Jagati,Bagmati,27.668698,85.431669,307,30702,3070205,40811199,nearest,58.7,40811199,5.8,0,2026-10-08T18:07:13+05:45,2026-10-08T18:00:00+05:45,25.0,cap_25km,27,306,Kathmandu,30609,Kirtipur,10,3060910,16.764,Naya Bazar;नयाँ बजार,MKT_01075;MKT_01076,2
RIV_197,197,Hanumante Khola at Jagati,Bagmati,27.668698,85.431669,307,30702,3070205,40811199,nearest,58.7,40811199,5.8,0,2026-10-08T18:07:13+05:45,2026-10-08T18:00:00+05:45,25.0,cap_25km,28,308,Lalitpur,30802,Lalitpur,4,3080204,17.403,miraze enterprises;Ara Apparels;Shaligram Village Complex & Nirvana Wellness Centre,MKT_00112;MKT_00397;MKT_00707,3
RIV_197,197,Hanumante Khola at Jagati,Bagmati,27.668698,85.431669,307,30702,3070205,40811199,nearest,58.7,40811199,5.8,0,2026-10-08T18:07:13+05:45,2026-10-08T18:00:00+05:45,25.0,cap_25km,29,306,Kathmandu,30609,Kirtipur,6,3060906,18.916,Tarkari bajar;N.B store,MKT_00098;MKT_00099,2
RIV_197,197,Hanumante Khola at Jagati,Bagmati,27.668698,85.431669,307,30702,3070205,40811199,nearest,58.7,40811199,5.8,0,2026-10-08T18:07:13+05:45,2026-10-08T18:00:00+05:45,25.0,cap_25km,30,308,Lalitpur,30802,Lalitpur,18,3080218,19.509,RB Genreral Store;Sudhima's Nursery,MKT_00399;MKT_00714,2
RIV_197,197,Hanumante Khola at Jagati,Bagmati,27.668698,85.431669,307,30702,3070205,40811199,nearest,58.7,40811199,5.8,0,2026-10-08T18:07:13+05:45,2026-10-08T18:00:00+05:45,25.0,cap_25km,31,308,Lalitpur,30802,Lalitpur,21,3080221,19.992,,,0
RIV_197,197,Hanumante Khola at Jagati,Bagmati,27.668698,85.431669,307,30702,3070205,40811199,nearest,58.7,40811199,5.8,0,2026-10-08T18:07:13+05:45,2026-10-08T18:00:00+05:45,25.0,cap_25km,32,306,Kathmandu,30611,Dakshinkali,1,3061101,22.616,,,0
RIV_197,197,Hanumante Khola at Jagati,Bagmati,27.668698,85.431669,307,30702,3070205,40811199,nearest,58.7,40811199,5.8,0,2026-10-08T18:07:13+05:45,2026-10-08T18:00:00+05:45,25.0,cap_25km,33,306,Kathmandu,30611,Dakshinkali,2,3061102,22.838,,,0
RIV_197,197,Hanumante Khola at Jagati,Bagmati,27.668698,85.431669,307,30702,3070205,40811199,nearest,58.7,40811199,5.8,0,2026-10-08T18:07:13+05:45,2026-10-08T18:00:00+05:45,25.0,cap_25km,34,308,Lalitpur,30802,Lalitpur,22,3080222,23.041,[unnamed retail landuse],MKT_00400,1
RIV_198,198,Hanumante Khola at Kausaltar,Bagmati,27.672794,85.365522,307,30703,3070303,40811197,nearest,99.8,40811197,13.6,0,2026-10-08T18:07:13+05:45,2026-10-08T17:50:00+05:45,25.0,cap_25km,1,307,Bhaktapur,30703,Madhyapur Thimi,3,3070303,0.0,"Shrestha Nirman Sewa;Chardobato Tarkari Bazar, Chardobato Fruits and vegetable Market;ठुलो असन;E Point Electronics Bazaar;Akash Sweets and Chaat;New Jay Nepal Sweet And Chaat House;Jay Nepal Chaat House and Sweets House;udaypur meat bazaar",MKT_00395;MKT_00698;MKT_00699;MKT_01082;MKT_01083;MKT_01084;MKT_01085;MKT_01086,8
RIV_198,198,Hanumante Khola at Kausaltar,Bagmati,27.672794,85.365522,307,30703,3070303,40811197,nearest,99.8,40811197,13.6,0,2026-10-08T18:07:13+05:45,2026-10-08T17:50:00+05:45,25.0,cap_25km,2,307,Bhaktapur,30704,Suryabinayak,2,3070402,0.025,,,0
RIV_198,198,Hanumante Khola at Kausaltar,Bagmati,27.672794,85.365522,307,30703,3070303,40811197,nearest,99.8,40811197,13.6,0,2026-10-08T18:07:13+05:45,2026-10-08T17:50:00+05:45,25.0,cap_25km,3,308,Lalitpur,30801,Mahalaxmi,5,3080105,0.657,,,0
RIV_198,198,Hanumante Khola at Kausaltar,Bagmati,27.672794,85.365522,307,30703,3070303,40811197,nearest,99.8,40811197,13.6,0,2026-10-08T18:07:13+05:45,2026-10-08T17:50:00+05:45,25.0,cap_25km,4,307,Bhaktapur,30703,Madhyapur Thimi,1,3070301,0.923,Nibes Sweets andChaat;Srijana Sweets and Chaat House,MKT_01079;MKT_01080,2
RIV_198,198,Hanumante Khola at Kausaltar,Bagmati,27.672794,85.365522,307,30703,3070303,40811197,nearest,99.8,40811197,13.6,0,2026-10-08T18:07:13+05:45,2026-10-08T17:50:00+05:45,25.0,cap_25km,5,306,Kathmandu,30608,Kathmandu,32,3060832,1.485,[unnamed marketplace];Pick And Save Store;SLS Suppliers;STORE;Car Workshop;[unnamed commercial landuse];[unnamed commercial landuse];Pratakchya Bazar Bewasaye Sangh;Hukka Bazar And Liquor Shop;Shree Laxmi Sweet And Chaat Pasal;Hongkong Bazar;Shree Ganesh Sweet and Chaat House;Gupta Chaat House;G.S Sweet and Chaat House;Special Panipuri Chaat Pasal;Manohara Tarkari Bazar;मनोहरा तरकारी बजार,MKT_00096;MKT_00393;MKT_00688;MKT_00689;MKT_00690;MKT_00691;MKT_00692;MKT_01059;MKT_01060;MKT_01061;MKT_01062;MKT_01063;MKT_01064;MKT_01065;MKT_01066;MKT_01067;MKT_01068,17
RIV_198,198,Hanumante Khola at Kausaltar,Bagmati,27.672794,85.365522,307,30703,3070303,40811197,nearest,99.8,40811197,13.6,0,2026-10-08T18:07:13+05:45,2026-10-08T17:50:00+05:45,25.0,cap_25km,6,308,Lalitpur,30801,Mahalaxmi,3,3080103,1.871,,,0
RIV_198,198,Hanumante Khola at Kausaltar,Bagmati,27.672794,85.365522,307,30703,3070303,40811197,nearest,99.8,40811197,13.6,0,2026-10-08T18:07:13+05:45,2026-10-08T17:50:00+05:45,25.0,cap_25km,7,308,Lalitpur,30802,Lalitpur,9,3080209,3.558,Balkumari Banquet,MKT_00398,1
RIV_198,198,Hanumante Khola at Kausaltar,Bagmati,27.672794,85.365522,307,30703,3070303,40811197,nearest,99.8,40811197,13.6,0,2026-10-08T18:07:13+05:45,2026-10-08T17:50:00+05:45,25.0,cap_25km,8,306,Kathmandu,30608,Kathmandu,31,3060831,3.873,InfoTechs Nepal;NAXA,MKT_00392;MKT_00687,2
RIV_198,198,Hanumante Khola at Kausaltar,Bagmati,27.672794,85.365522,307,30703,3070303,40811197,nearest,99.8,40811197,13.6,0,2026-10-08T18:07:13+05:45,2026-10-08T17:50:00+05:45,25.0,cap_25km,9,306,Kathmandu,30608,Kathmandu,10,3060810,4.175,एक्सप्रेस मार्ट;Mini Market;Rolling Plans;Bijulibazar Stop;Bijulibazar Tol Development Committee;Haatti Gaunda Marg;Bijulibazar Marg,MKT_00081;MKT_00389;MKT_00666;MKT_01017;MKT_01018;MKT_01019;MKT_01020,7
RIV_198,198,Hanumante Khola at Kausaltar,Bagmati,27.672794,85.365522,307,30703,3070303,40811197,nearest,99.8,40811197,13.6,0,2026-10-08T18:07:13+05:45,2026-10-08T17:50:00+05:45,25.0,cap_25km,10,308,Lalitpur,30802,Lalitpur,11,3080211,4.715,[unnamed commercial landuse],MKT_00710,1
RIV_198,198,Hanumante Khola at Kausaltar,Bagmati,27.672794,85.365522,307,30703,3070303,40811197,nearest,99.8,40811197,13.6,0,2026-10-08T18:07:13+05:45,2026-10-08T17:50:00+05:45,25.0,cap_25km,11,308,Lalitpur,30802,Lalitpur,10,3080210,4.871,,,0
RIV_198,198,Hanumante Khola at Kausaltar,Bagmati,27.672794,85.365522,307,30703,3070303,40811197,nearest,99.8,40811197,13.6,0,2026-10-08T18:07:13+05:45,2026-10-08T17:50:00+05:45,25.0,cap_25km,12,306,Kathmandu,30608,Kathmandu,11,3060811,5.442,Bluebird Department Store;[unnamed commercial landuse];Nepal Food Corporation;[unnamed commercial landuse];Color Bazar;बिजुलिबजार पुल,MKT_00390;MKT_00667;MKT_00668;MKT_00669;MKT_01021;MKT_01022,6
RIV_198,198,Hanumante Khola at Kausaltar,Bagmati,27.672794,85.365522,307,30703,3070303,40811197,nearest,99.8,40811197,13.6,0,2026-10-08T18:07:13+05:45,2026-10-08T17:50:00+05:45,25.0,cap_25km,13,308,Lalitpur,30802,Lalitpur,1,3080201,6.139,,,0
RIV_198,198,Hanumante Khola at Kausaltar,Bagmati,27.672794,85.365522,307,30703,3070303,40811197,nearest,99.8,40811197,13.6,0,2026-10-08T18:07:13+05:45,2026-10-08T17:50:00+05:45,25.0,cap_25km,14,306,Kathmandu,30608,Kathmandu,12,3060812,7.073,Nepal Automobile Dealers Association,MKT_00670,1
RIV_198,198,Hanumante Khola at Kausaltar,Bagmati,27.672794,85.365522,307,30703,3070303,40811197,nearest,99.8,40811197,13.6,0,2026-10-08T18:07:13+05:45,2026-10-08T17:50:00+05:45,25.0,cap_25km,15,308,Lalitpur,30802,Lalitpur,2,3080202,7.392,Lalitpur 5A Side Fotsal,MKT_00702,1
RIV_198,198,Hanumante Khola at Kausaltar,Bagmati,27.672794,85.365522,307,30703,3070303,40811197,nearest,99.8,40811197,13.6,0,2026-10-08T18:07:13+05:45,2026-10-08T17:50:00+05:45,25.0,cap_25km,16,308,Lalitpur,30802,Lalitpur,3,3080203,8.376,किसान बजार;Nepal telecommunication (NTC);GUNA MULTIPURPOSE CO-OPERATIVE;UN Compound;[unnamed commercial landuse];पुल्चोकदेखि मङ्गलबजार सडक;पुल्चोक देखि मङ्गलबजार सडक;पुल्चोक-मङ्गलबजार सडक;पुल्चोकदेखि मङ्गलबजार सडक,MKT_00111;MKT_00703;MKT_00704;MKT_00705;MKT_00706;MKT_01089;MKT_01090;MKT_01091;MKT_01092,9
RIV_198,198,Hanumante Khola at Kausaltar,Bagmati,27.672794,85.365522,307,30703,3070303,40811197,nearest,99.8,40811197,13.6,0,2026-10-08T18:07:13+05:45,2026-10-08T17:50:00+05:45,25.0,cap_25km,17,306,Kathmandu,30608,Kathmandu,14,3060814,8.787,Balkhu Vegetable and Fruits Market;TM Market;Rudra Market;[unnamed marketplace];Bhatbhateni Super Store (Kalanki);Success Tution Center;Stationary;Advanced College of Engineering and Management;Khasibazaar;Balkhu kris tatha tarkari bazar,MKT_00084;MKT_00085;MKT_00086;MKT_00087;MKT_00672;MKT_00673;MKT_00674;MKT_00675;MKT_01023;MKT_01024,10
RIV_198,198,Hanumante Khola at Kausaltar,Bagmati,27.672794,85.365522,307,30703,3070303,40811197,nearest,99.8,40811197,13.6,0,2026-10-08T18:07:13+05:45,2026-10-08T17:50:00+05:45,25.0,cap_25km,18,306,Kathmandu,30609,Kirtipur,10,3060910,9.203,Naya Bazar;नयाँ बजार,MKT_01075;MKT_01076,2
RIV_198,198,Hanumante Khola at Kausaltar,Bagmati,27.672794,85.365522,307,30703,3070303,40811197,nearest,99.8,40811197,13.6,0,2026-10-08T18:07:13+05:45,2026-10-08T17:50:00+05:45,25.0,cap_25km,19,308,Lalitpur,30802,Lalitpur,4,3080204,9.842,miraze enterprises;Ara Apparels;Shaligram Village Complex & Nirvana Wellness Centre,MKT_00112;MKT_00397;MKT_00707,3
RIV_198,198,Hanumante Khola at Kausaltar,Bagmati,27.672794,85.365522,307,30703,3070303,40811197,nearest,99.8,40811197,13.6,0,2026-10-08T18:07:13+05:45,2026-10-08T17:50:00+05:45,25.0,cap_25km,20,306,Kathmandu,30609,Kirtipur,6,3060906,11.355,Tarkari bajar;N.B store,MKT_00098;MKT_00099,2
RIV_198,198,Hanumante Khola at Kausaltar,Bagmati,27.672794,85.365522,307,30703,3070303,40811197,nearest,99.8,40811197,13.6,0,2026-10-08T18:07:13+05:45,2026-10-08T17:50:00+05:45,25.0,cap_25km,21,308,Lalitpur,30802,Lalitpur,18,3080218,11.948,RB Genreral Store;Sudhima's Nursery,MKT_00399;MKT_00714,2
RIV_198,198,Hanumante Khola at Kausaltar,Bagmati,27.672794,85.365522,307,30703,3070303,40811197,nearest,99.8,40811197,13.6,0,2026-10-08T18:07:13+05:45,2026-10-08T17:50:00+05:45,25.0,cap_25km,22,308,Lalitpur,30802,Lalitpur,21,3080221,12.431,,,0
RIV_198,198,Hanumante Khola at Kausaltar,Bagmati,27.672794,85.365522,307,30703,3070303,40811197,nearest,99.8,40811197,13.6,0,2026-10-08T18:07:13+05:45,2026-10-08T17:50:00+05:45,25.0,cap_25km,23,306,Kathmandu,30611,Dakshinkali,1,3061101,15.056,,,0
RIV_198,198,Hanumante Khola at Kausaltar,Bagmati,27.672794,85.365522,307,30703,3070303,40811197,nearest,99.8,40811197,13.6,0,2026-10-08T18:07:13+05:45,2026-10-08T17:50:00+05:45,25.0,cap_25km,24,306,Kathmandu,30611,Dakshinkali,2,3061102,15.277,,,0
RIV_198,198,Hanumante Khola at Kausaltar,Bagmati,27.672794,85.365522,307,30703,3070303,40811197,nearest,99.8,40811197,13.6,0,2026-10-08T18:07:13+05:45,2026-10-08T17:50:00+05:45,25.0,cap_25km,25,308,Lalitpur,30802,Lalitpur,22,3080222,15.48,[unnamed retail landuse],MKT_00400,1
RIV_198,198,Hanumante Khola at Kausaltar,Bagmati,27.672794,85.365522,307,30703,3070303,40811197,nearest,99.8,40811197,13.6,0,2026-10-08T18:07:13+05:45,2026-10-08T17:50:00+05:45,25.0,cap_25km,26,308,Lalitpur,30803,Godawari,8,3080308,18.746,,,0
RIV_198,198,Hanumante Khola at Kausaltar,Bagmati,27.672794,85.365522,307,30703,3070303,40811197,nearest,99.8,40811197,13.6,0,2026-10-08T18:07:13+05:45,2026-10-08T17:50:00+05:45,25.0,cap_25km,27,306,Kathmandu,30611,Dakshinkali,7,3061107,20.035,,,0
RIV_198,198,Hanumante Khola at Kausaltar,Bagmati,27.672794,85.365522,307,30703,3070303,40811197,nearest,99.8,40811197,13.6,0,2026-10-08T18:07:13+05:45,2026-10-08T17:50:00+05:45,25.0,cap_25km,28,306,Kathmandu,30611,Dakshinkali,8,3061108,20.585,,,0
RIV_198,198,Hanumante Khola at Kausaltar,Bagmati,27.672794,85.365522,307,30703,3070303,40811197,nearest,99.8,40811197,13.6,0,2026-10-08T18:07:13+05:45,2026-10-08T17:50:00+05:45,25.0,cap_25km,29,308,Lalitpur,30803,Godawari,7,3080307,21.458,,,0
RIV_198,198,Hanumante Khola at Kausaltar,Bagmati,27.672794,85.365522,307,30703,3070303,40811197,nearest,99.8,40811197,13.6,0,2026-10-08T18:07:13+05:45,2026-10-08T17:50:00+05:45,25.0,cap_25km,30,312,Makwanpur,31201,Indrasarowar,3,3120103,24.017,,,0
RIV_199,199,Kamala River at Mai sthan,Kamala,27.166405,85.90232,311,31105,3110511,40846337,nearest,158.7,40846337,155.7,0,2026-10-08T18:07:13+05:45,2026-10-08T17:50:00+05:45,25.0,cap_25km,1,311,Sindhuli,31105,Kamalamai,11,3110511,0.0,,,0
RIV_199,199,Kamala River at Mai sthan,Kamala,27.166405,85.90232,311,31105,3110511,40846337,nearest,158.7,40846337,155.7,0,2026-10-08T18:07:13+05:45,2026-10-08T17:50:00+05:45,25.0,cap_25km,2,311,Sindhuli,31105,Kamalamai,8,3110508,0.779,,,0
RIV_199,199,Kamala River at Mai sthan,Kamala,27.166405,85.90232,311,31105,3110511,40846337,nearest,158.7,40846337,155.7,0,2026-10-08T18:07:13+05:45,2026-10-08T17:50:00+05:45,25.0,cap_25km,3,311,Sindhuli,31105,Kamalamai,10,3110510,2.37,,,0
RIV_199,199,Kamala River at Mai sthan,Kamala,27.166405,85.90232,311,31105,3110511,40846337,nearest,158.7,40846337,155.7,0,2026-10-08T18:07:13+05:45,2026-10-08T17:50:00+05:45,25.0,cap_25km,4,311,Sindhuli,31105,Kamalamai,9,3110509,9.991,,,0
RIV_199,199,Kamala River at Mai sthan,Kamala,27.166405,85.90232,311,31105,3110511,40846337,nearest,158.7,40846337,155.7,0,2026-10-08T18:07:13+05:45,2026-10-08T17:50:00+05:45,25.0,cap_25km,5,311,Sindhuli,31105,Kamalamai,13,3110513,15.179,,,0
RIV_199,199,Kamala River at Mai sthan,Kamala,27.166405,85.90232,311,31105,3110511,40846337,nearest,158.7,40846337,155.7,0,2026-10-08T18:07:13+05:45,2026-10-08T17:50:00+05:45,25.0,cap_25km,6,311,Sindhuli,31105,Kamalamai,14,3110514,20.448,,,0
RIV_200,200,Chandi Khola at Chapur,Bagmati,27.113396,85.371086,206,20601,2060104,40857082,nearest,183.0,40857082,181.5,0,2026-10-08T18:07:13+05:45,2026-10-08T17:50:00+05:45,25.0,cap_25km,1,206,Rautahat,20601,Chandrapur,2,2060102,0.0,[unnamed commercial landuse],MKT_00581,1
RIV_200,200,Chandi Khola at Chapur,Bagmati,27.113396,85.371086,206,20601,2060104,40857082,nearest,183.0,40857082,181.5,0,2026-10-08T18:07:13+05:45,2026-10-08T17:50:00+05:45,25.0,cap_25km,2,206,Rautahat,20601,Chandrapur,5,2060105,1.344,,,0
RIV_200,200,Chandi Khola at Chapur,Bagmati,27.113396,85.371086,206,20601,2060104,40857082,nearest,183.0,40857082,181.5,0,2026-10-08T18:07:13+05:45,2026-10-08T17:50:00+05:45,25.0,cap_25km,3,206,Rautahat,20605,Brindaban,1,2060501,1.86,,,0
RIV_200,200,Chandi Khola at Chapur,Bagmati,27.113396,85.371086,206,20601,2060104,40857082,nearest,183.0,40857082,181.5,0,2026-10-08T18:07:13+05:45,2026-10-08T17:50:00+05:45,25.0,cap_25km,4,206,Rautahat,20601,Chandrapur,8,2060108,1.979,,,0
RIV_200,200,Chandi Khola at Chapur,Bagmati,27.113396,85.371086,206,20601,2060104,40857082,nearest,183.0,40857082,181.5,0,2026-10-08T18:07:13+05:45,2026-10-08T17:50:00+05:45,25.0,cap_25km,5,206,Rautahat,20601,Chandrapur,9,2060109,4.105,,,0
RIV_200,200,Chandi Khola at Chapur,Bagmati,27.113396,85.371086,206,20601,2060104,40857082,nearest,183.0,40857082,181.5,0,2026-10-08T18:07:13+05:45,2026-10-08T17:50:00+05:45,25.0,cap_25km,6,206,Rautahat,20601,Chandrapur,10,2060110,7.57,,,0
RIV_200,200,Chandi Khola at Chapur,Bagmati,27.113396,85.371086,206,20601,2060104,40857082,nearest,183.0,40857082,181.5,0,2026-10-08T18:07:13+05:45,2026-10-08T17:50:00+05:45,25.0,cap_25km,7,206,Rautahat,20605,Brindaban,2,2060502,11.591,,,0
RIV_200,200,Chandi Khola at Chapur,Bagmati,27.113396,85.371086,206,20601,2060104,40857082,nearest,183.0,40857082,181.5,0,2026-10-08T18:07:13+05:45,2026-10-08T17:50:00+05:45,25.0,cap_25km,8,206,Rautahat,20605,Brindaban,4,2060504,14.119,,,0
RIV_200,200,Chandi Khola at Chapur,Bagmati,27.113396,85.371086,206,20601,2060104,40857082,nearest,183.0,40857082,181.5,0,2026-10-08T18:07:13+05:45,2026-10-08T17:50:00+05:45,25.0,cap_25km,9,206,Rautahat,20605,Brindaban,5,2060505,15.768,,,0
RIV_200,200,Chandi Khola at Chapur,Bagmati,27.113396,85.371086,206,20601,2060104,40857082,nearest,183.0,40857082,181.5,0,2026-10-08T18:07:13+05:45,2026-10-08T17:50:00+05:45,25.0,cap_25km,10,206,Rautahat,20608,Garuda,9,2060809,17.449,,,0
RIV_200,200,Chandi Khola at Chapur,Bagmati,27.113396,85.371086,206,20601,2060104,40857082,nearest,183.0,40857082,181.5,0,2026-10-08T18:07:13+05:45,2026-10-08T17:50:00+05:45,25.0,cap_25km,11,206,Rautahat,20608,Garuda,8,2060808,20.032,,,0
RIV_200,200,Chandi Khola at Chapur,Bagmati,27.113396,85.371086,206,20601,2060104,40857082,nearest,183.0,40857082,181.5,0,2026-10-08T18:07:13+05:45,2026-10-08T17:50:00+05:45,25.0,cap_25km,12,206,Rautahat,20608,Garuda,4,2060804,21.624,,,0
RIV_200,200,Chandi Khola at Chapur,Bagmati,27.113396,85.371086,206,20601,2060104,40857082,nearest,183.0,40857082,181.5,0,2026-10-08T18:07:13+05:45,2026-10-08T17:50:00+05:45,25.0,cap_25km,13,206,Rautahat,20608,Garuda,5,2060805,23.467,,,0
RIV_200,200,Chandi Khola at Chapur,Bagmati,27.113396,85.371086,206,20601,2060104,40857082,nearest,183.0,40857082,181.5,0,2026-10-08T18:07:13+05:45,2026-10-08T17:50:00+05:45,25.0,cap_25km,14,206,Rautahat,20608,Garuda,2,2060802,23.852,,,0
RIV_200,200,Chandi Khola at Chapur,Bagmati,27.113396,85.371086,206,20601,2060104,40857082,nearest,183.0,40857082,181.5,0,2026-10-08T18:07:13+05:45,2026-10-08T17:50:00+05:45,25.0,cap_25km,15,206,Rautahat,20608,Garuda,3,2060803,24.976,,,0
RIV_202,202,Dudhaura Khola at Gadimai,Basin From Siwalik Zone or Southern Block 2B,27.154046,85.000865,207,20703,2070314,40845510,nearest,72.5,40845510,72.8,0,2026-10-08T18:07:13+05:45,2026-10-08T17:50:00+05:45,25.0,cap_25km,1,207,Bara,20703,Jitpur Simara,4,2070304,0.0,[unnamed commercial landuse];[unnamed commercial landuse];[unnamed commercial landuse];[unnamed commercial landuse];[unnamed commercial landuse],MKT_00604;MKT_00605;MKT_00606;MKT_00607;MKT_00608,5
RIV_202,202,Dudhaura Khola at Gadimai,Basin From Siwalik Zone or Southern Block 2B,27.154046,85.000865,207,20703,2070314,40845510,nearest,72.5,40845510,72.8,0,2026-10-08T18:07:13+05:45,2026-10-08T17:50:00+05:45,25.0,cap_25km,2,207,Bara,20703,Jitpur Simara,11,2070311,1.624,,,0
RIV_202,202,Dudhaura Khola at Gadimai,Basin From Siwalik Zone or Southern Block 2B,27.154046,85.000865,207,20703,2070314,40845510,nearest,72.5,40845510,72.8,0,2026-10-08T18:07:13+05:45,2026-10-08T17:50:00+05:45,25.0,cap_25km,3,207,Bara,20703,Jitpur Simara,5,2070305,1.993,[unnamed commercial landuse];[unnamed commercial landuse];[unnamed commercial landuse];[unnamed commercial landuse],MKT_00609;MKT_00610;MKT_00611;MKT_00612,4
RIV_202,202,Dudhaura Khola at Gadimai,Basin From Siwalik Zone or Southern Block 2B,27.154046,85.000865,207,20703,2070314,40845510,nearest,72.5,40845510,72.8,0,2026-10-08T18:07:13+05:45,2026-10-08T17:50:00+05:45,25.0,cap_25km,4,207,Bara,20703,Jitpur Simara,20,2070320,6.349,,,0
RIV_202,202,Dudhaura Khola at Gadimai,Basin From Siwalik Zone or Southern Block 2B,27.154046,85.000865,207,20703,2070314,40845510,nearest,72.5,40845510,72.8,0,2026-10-08T18:07:13+05:45,2026-10-08T17:50:00+05:45,25.0,cap_25km,5,207,Bara,20703,Jitpur Simara,8,2070308,8.334,[unnamed commercial landuse];[unnamed commercial landuse];[unnamed commercial landuse],MKT_00613;MKT_00614;MKT_00615,3
RIV_202,202,Dudhaura Khola at Gadimai,Basin From Siwalik Zone or Southern Block 2B,27.154046,85.000865,207,20703,2070314,40845510,nearest,72.5,40845510,72.8,0,2026-10-08T18:07:13+05:45,2026-10-08T17:50:00+05:45,25.0,cap_25km,6,207,Bara,20703,Jitpur Simara,24,2070324,9.236,,,0
RIV_202,202,Dudhaura Khola at Gadimai,Basin From Siwalik Zone or Southern Block 2B,27.154046,85.000865,207,20703,2070314,40845510,nearest,72.5,40845510,72.8,0,2026-10-08T18:07:13+05:45,2026-10-08T17:50:00+05:45,25.0,cap_25km,7,207,Bara,20705,Prasauni,7,2070507,10.592,,,0
RIV_202,202,Dudhaura Khola at Gadimai,Basin From Siwalik Zone or Southern Block 2B,27.154046,85.000865,207,20703,2070314,40845510,nearest,72.5,40845510,72.8,0,2026-10-08T18:07:13+05:45,2026-10-08T17:50:00+05:45,25.0,cap_25km,8,207,Bara,20705,Prasauni,5,2070505,12.798,,,0
RIV_202,202,Dudhaura Khola at Gadimai,Basin From Siwalik Zone or Southern Block 2B,27.154046,85.000865,207,20703,2070314,40845510,nearest,72.5,40845510,72.8,0,2026-10-08T18:07:13+05:45,2026-10-08T17:50:00+05:45,25.0,cap_25km,9,207,Bara,20705,Prasauni,6,2070506,14.082,,,0
RIV_202,202,Dudhaura Khola at Gadimai,Basin From Siwalik Zone or Southern Block 2B,27.154046,85.000865,207,20703,2070314,40845510,nearest,72.5,40845510,72.8,0,2026-10-08T18:07:13+05:45,2026-10-08T17:50:00+05:45,25.0,cap_25km,10,207,Bara,20708,Kalaiya,23,2070823,14.666,,,0
RIV_202,202,Dudhaura Khola at Gadimai,Basin From Siwalik Zone or Southern Block 2B,27.154046,85.000865,207,20703,2070314,40845510,nearest,72.5,40845510,72.8,0,2026-10-08T18:07:13+05:45,2026-10-08T17:50:00+05:45,25.0,cap_25km,11,207,Bara,20708,Kalaiya,18,2070818,16.23,,,0
RIV_202,202,Dudhaura Khola at Gadimai,Basin From Siwalik Zone or Southern Block 2B,27.154046,85.000865,207,20703,2070314,40845510,nearest,72.5,40845510,72.8,0,2026-10-08T18:07:13+05:45,2026-10-08T17:50:00+05:45,25.0,cap_25km,12,207,Bara,20707,Pheta,1,2070701,17.359,,,0
RIV_202,202,Dudhaura Khola at Gadimai,Basin From Siwalik Zone or Southern Block 2B,27.154046,85.000865,207,20703,2070314,40845510,nearest,72.5,40845510,72.8,0,2026-10-08T18:07:13+05:45,2026-10-08T17:50:00+05:45,25.0,cap_25km,13,207,Bara,20706,Bishrampur,5,2070605,21.857,,,0
RIV_202,202,Dudhaura Khola at Gadimai,Basin From Siwalik Zone or Southern Block 2B,27.154046,85.000865,207,20703,2070314,40845510,nearest,72.5,40845510,72.8,0,2026-10-08T18:07:13+05:45,2026-10-08T17:50:00+05:45,25.0,cap_25km,14,207,Bara,20706,Bishrampur,2,2070602,23.525,,,0
RIV_203,203,Lal Bakiya Khola at Nijghad,Lalbakaiya,27.18042,85.170949,207,20701,2070104,40843168,smallest_ge_min_1km,401.4,40843169,236.5,0,2026-10-08T18:07:13+05:45,2026-10-08T17:50:00+05:45,25.0,cap_25km,1,207,Bara,20701,Nijagadh,4,2070104,0.0,,,0
RIV_203,203,Lal Bakiya Khola at Nijghad,Lalbakaiya,27.18042,85.170949,207,20701,2070104,40843168,smallest_ge_min_1km,401.4,40843169,236.5,0,2026-10-08T18:07:13+05:45,2026-10-08T17:50:00+05:45,25.0,cap_25km,2,207,Bara,20702,Kolhabi,2,2070202,0.131,,,0
RIV_203,203,Lal Bakiya Khola at Nijghad,Lalbakaiya,27.18042,85.170949,207,20701,2070104,40843168,smallest_ge_min_1km,401.4,40843169,236.5,0,2026-10-08T18:07:13+05:45,2026-10-08T17:50:00+05:45,25.0,cap_25km,3,207,Bara,20701,Nijagadh,9,2070109,3.077,,,0
RIV_203,203,Lal Bakiya Khola at Nijghad,Lalbakaiya,27.18042,85.170949,207,20701,2070104,40843168,smallest_ge_min_1km,401.4,40843169,236.5,0,2026-10-08T18:07:13+05:45,2026-10-08T17:50:00+05:45,25.0,cap_25km,4,207,Bara,20701,Nijagadh,3,2070103,3.247,,,0
RIV_203,203,Lal Bakiya Khola at Nijghad,Lalbakaiya,27.18042,85.170949,207,20701,2070104,40843168,smallest_ge_min_1km,401.4,40843169,236.5,0,2026-10-08T18:07:13+05:45,2026-10-08T17:50:00+05:45,25.0,cap_25km,5,206,Rautahat,20602,Gujara,3,2060203,9.066,,,0
RIV_203,203,Lal Bakiya Khola at Nijghad,Lalbakaiya,27.18042,85.170949,207,20701,2070104,40843168,smallest_ge_min_1km,401.4,40843169,236.5,0,2026-10-08T18:07:13+05:45,2026-10-08T17:50:00+05:45,25.0,cap_25km,6,206,Rautahat,20603,Phatuwa Bijayapur,11,2060311,9.973,,,0
RIV_203,203,Lal Bakiya Khola at Nijghad,Lalbakaiya,27.18042,85.170949,207,20701,2070104,40843168,smallest_ge_min_1km,401.4,40843169,236.5,0,2026-10-08T18:07:13+05:45,2026-10-08T17:50:00+05:45,25.0,cap_25km,7,206,Rautahat,20602,Gujara,4,2060204,16.121,,,0
RIV_203,203,Lal Bakiya Khola at Nijghad,Lalbakaiya,27.18042,85.170949,207,20701,2070104,40843168,smallest_ge_min_1km,401.4,40843169,236.5,0,2026-10-08T18:07:13+05:45,2026-10-08T17:50:00+05:45,25.0,cap_25km,8,206,Rautahat,20604,Katahariya,1,2060401,17.446,,,0
RIV_203,203,Lal Bakiya Khola at Nijghad,Lalbakaiya,27.18042,85.170949,207,20701,2070104,40843168,smallest_ge_min_1km,401.4,40843169,236.5,0,2026-10-08T18:07:13+05:45,2026-10-08T17:50:00+05:45,25.0,cap_25km,9,206,Rautahat,20603,Phatuwa Bijayapur,9,2060309,20.343,,,0
RIV_203,203,Lal Bakiya Khola at Nijghad,Lalbakaiya,27.18042,85.170949,207,20701,2070104,40843168,smallest_ge_min_1km,401.4,40843169,236.5,0,2026-10-08T18:07:13+05:45,2026-10-08T17:50:00+05:45,25.0,cap_25km,10,206,Rautahat,20603,Phatuwa Bijayapur,8,2060308,20.971,,,0
RIV_203,203,Lal Bakiya Khola at Nijghad,Lalbakaiya,27.18042,85.170949,207,20701,2070104,40843168,smallest_ge_min_1km,401.4,40843169,236.5,0,2026-10-08T18:07:13+05:45,2026-10-08T17:50:00+05:45,25.0,cap_25km,11,206,Rautahat,20604,Katahariya,3,2060403,23.051,,,0
RIV_203,203,Lal Bakiya Khola at Nijghad,Lalbakaiya,27.18042,85.170949,207,20701,2070104,40843168,smallest_ge_min_1km,401.4,40843169,236.5,0,2026-10-08T18:07:13+05:45,2026-10-08T17:50:00+05:45,25.0,cap_25km,12,206,Rautahat,20603,Phatuwa Bijayapur,7,2060307,23.762,,,0
RIV_205,205,Ratu River at Lalghad,Ratu,26.983797,85.910493,204,20401,2040101,40864739,nearest,131.4,40864739,125.4,0,2026-10-08T18:07:13+05:45,2026-10-08T03:10:00+05:45,25.0,cap_25km,1,204,Mahottari,20401,Bardibas,1,2040101,0.0,,,0
RIV_205,205,Ratu River at Lalghad,Ratu,26.983797,85.910493,204,20401,2040101,40864739,nearest,131.4,40864739,125.4,0,2026-10-08T18:07:13+05:45,2026-10-08T03:10:00+05:45,25.0,cap_25km,2,204,Mahottari,20401,Bardibas,14,2040114,0.065,,,0
RIV_205,205,Ratu River at Lalghad,Ratu,26.983797,85.910493,204,20401,2040101,40864739,nearest,131.4,40864739,125.4,0,2026-10-08T18:07:13+05:45,2026-10-08T03:10:00+05:45,25.0,cap_25km,3,204,Mahottari,20401,Bardibas,2,2040102,1.752,,,0
RIV_205,205,Ratu River at Lalghad,Ratu,26.983797,85.910493,204,20401,2040101,40864739,nearest,131.4,40864739,125.4,0,2026-10-08T18:07:13+05:45,2026-10-08T03:10:00+05:45,25.0,cap_25km,4,204,Mahottari,20401,Bardibas,6,2040106,3.586,,,0
RIV_205,205,Ratu River at Lalghad,Ratu,26.983797,85.910493,204,20401,2040101,40864739,nearest,131.4,40864739,125.4,0,2026-10-08T18:07:13+05:45,2026-10-08T03:10:00+05:45,25.0,cap_25km,5,204,Mahottari,20401,Bardibas,7,2040107,6.474,,,0
RIV_205,205,Ratu River at Lalghad,Ratu,26.983797,85.910493,204,20401,2040101,40864739,nearest,131.4,40864739,125.4,0,2026-10-08T18:07:13+05:45,2026-10-08T03:10:00+05:45,25.0,cap_25km,6,204,Mahottari,20401,Bardibas,13,2040113,9.277,,,0
RIV_205,205,Ratu River at Lalghad,Ratu,26.983797,85.910493,204,20401,2040101,40864739,nearest,131.4,40864739,125.4,0,2026-10-08T18:07:13+05:45,2026-10-08T03:10:00+05:45,25.0,cap_25km,7,204,Mahottari,20401,Bardibas,9,2040109,9.882,Durga ma.vPashupati Nagar Patlaya Bazar,MKT_00944,1
RIV_205,205,Ratu River at Lalghad,Ratu,26.983797,85.910493,204,20401,2040101,40864739,nearest,131.4,40864739,125.4,0,2026-10-08T18:07:13+05:45,2026-10-08T03:10:00+05:45,25.0,cap_25km,8,204,Mahottari,20405,Bhangaha,5,2040505,11.047,,,0
RIV_205,205,Ratu River at Lalghad,Ratu,26.983797,85.910493,204,20401,2040101,40864739,nearest,131.4,40864739,125.4,0,2026-10-08T18:07:13+05:45,2026-10-08T03:10:00+05:45,25.0,cap_25km,9,204,Mahottari,20401,Bardibas,12,2040112,12.923,,,0
RIV_205,205,Ratu River at Lalghad,Ratu,26.983797,85.910493,204,20401,2040101,40864739,nearest,131.4,40864739,125.4,0,2026-10-08T18:07:13+05:45,2026-10-08T03:10:00+05:45,25.0,cap_25km,10,204,Mahottari,20405,Bhangaha,6,2040506,13.167,,,0
RIV_205,205,Ratu River at Lalghad,Ratu,26.983797,85.910493,204,20401,2040101,40864739,nearest,131.4,40864739,125.4,0,2026-10-08T18:07:13+05:45,2026-10-08T03:10:00+05:45,25.0,cap_25km,11,204,Mahottari,20405,Bhangaha,7,2040507,14.885,,,0
RIV_205,205,Ratu River at Lalghad,Ratu,26.983797,85.910493,204,20401,2040101,40864739,nearest,131.4,40864739,125.4,0,2026-10-08T18:07:13+05:45,2026-10-08T03:10:00+05:45,25.0,cap_25km,12,204,Mahottari,20405,Bhangaha,1,2040501,19.93,,,0
RIV_205,205,Ratu River at Lalghad,Ratu,26.983797,85.910493,204,20401,2040101,40864739,nearest,131.4,40864739,125.4,0,2026-10-08T18:07:13+05:45,2026-10-08T03:10:00+05:45,25.0,cap_25km,13,204,Mahottari,20407,Balawa,11,2040711,21.326,,,0
RIV_205,205,Ratu River at Lalghad,Ratu,26.983797,85.910493,204,20401,2040101,40864739,nearest,131.4,40864739,125.4,0,2026-10-08T18:07:13+05:45,2026-10-08T03:10:00+05:45,25.0,cap_25km,14,204,Mahottari,20406,Loharpatti,6,2040606,23.654,बजार टोल,MKT_00948,1
RIV_205,205,Ratu River at Lalghad,Ratu,26.983797,85.910493,204,20401,2040101,40864739,nearest,131.4,40864739,125.4,0,2026-10-08T18:07:13+05:45,2026-10-08T03:10:00+05:45,25.0,cap_25km,15,204,Mahottari,20406,Loharpatti,5,2040605,24.468,,,0
RIV_206,206,Baruwa Bridge at Gaighat,Koshi,26.815065,86.705307,114,11403,1140310,40866277,nearest,52.3,40866277,34.2,0,2026-10-08T18:07:13+05:45,2026-10-08T17:50:00+05:45,25.0,cap_25km,1,114,Udaya Pur,11403,Triyuga,11,1140311,0.0,Tarkari Bazzar;Tarkari bazaar,MKT_00025;MKT_00026,2
RIV_206,206,Baruwa Bridge at Gaighat,Koshi,26.815065,86.705307,114,11403,1140310,40866277,nearest,52.3,40866277,34.2,0,2026-10-08T18:07:13+05:45,2026-10-08T17:50:00+05:45,25.0,cap_25km,2,114,Udaya Pur,11403,Triyuga,10,1140310,0.129,खसी बजार,MKT_00024,1
RIV_206,206,Baruwa Bridge at Gaighat,Koshi,26.815065,86.705307,114,11403,1140310,40866277,nearest,52.3,40866277,34.2,0,2026-10-08T18:07:13+05:45,2026-10-08T17:50:00+05:45,25.0,cap_25km,3,114,Udaya Pur,11403,Triyuga,13,1140313,1.921,,,0
RIV_206,206,Baruwa Bridge at Gaighat,Koshi,26.815065,86.705307,114,11403,1140310,40866277,nearest,52.3,40866277,34.2,0,2026-10-08T18:07:13+05:45,2026-10-08T17:50:00+05:45,25.0,cap_25km,4,114,Udaya Pur,11403,Triyuga,12,1140312,4.431,,,0
RIV_206,206,Baruwa Bridge at Gaighat,Koshi,26.815065,86.705307,114,11403,1140310,40866277,nearest,52.3,40866277,34.2,0,2026-10-08T18:07:13+05:45,2026-10-08T17:50:00+05:45,25.0,cap_25km,5,114,Udaya Pur,11403,Triyuga,2,1140302,7.234,,,0
RIV_206,206,Baruwa Bridge at Gaighat,Koshi,26.815065,86.705307,114,11403,1140310,40866277,nearest,52.3,40866277,34.2,0,2026-10-08T18:07:13+05:45,2026-10-08T17:50:00+05:45,25.0,cap_25km,6,114,Udaya Pur,11403,Triyuga,1,1140301,11.279,,,0
RIV_206,206,Baruwa Bridge at Gaighat,Koshi,26.815065,86.705307,114,11403,1140310,40866277,nearest,52.3,40866277,34.2,0,2026-10-08T18:07:13+05:45,2026-10-08T17:50:00+05:45,25.0,cap_25km,7,114,Udaya Pur,11402,Chaudandigadhi,10,1140210,13.813,,,0
RIV_206,206,Baruwa Bridge at Gaighat,Koshi,26.815065,86.705307,114,11403,1140310,40866277,nearest,52.3,40866277,34.2,0,2026-10-08T18:07:13+05:45,2026-10-08T17:50:00+05:45,25.0,cap_25km,8,114,Udaya Pur,11402,Chaudandigadhi,9,1140209,19.083,,,0
RIV_206,206,Baruwa Bridge at Gaighat,Koshi,26.815065,86.705307,114,11403,1140310,40866277,nearest,52.3,40866277,34.2,0,2026-10-08T18:07:13+05:45,2026-10-08T17:50:00+05:45,25.0,cap_25km,9,114,Udaya Pur,11402,Chaudandigadhi,6,1140206,24.472,,,0
RIV_206,206,Baruwa Bridge at Gaighat,Koshi,26.815065,86.705307,114,11403,1140310,40866277,nearest,52.3,40866277,34.2,0,2026-10-08T18:07:13+05:45,2026-10-08T17:50:00+05:45,25.0,cap_25km,10,114,Udaya Pur,11402,Chaudandigadhi,5,1140205,24.995,,,0
RIV_207,207,Biring River at East West Highway,Mechi,26.64039,87.934586,111,11104,1110408,40876354,nearest_beyond_1km,5.9,40876354,1371.8,1,2026-10-08T18:07:13+05:45,2026-10-08T17:50:00+05:45,25.0,cap_25km,1,111,Jhapa,11104,Kankai,7,1110407,0.0,,,0
RIV_207,207,Biring River at East West Highway,Mechi,26.64039,87.934586,111,11104,1110408,40876354,nearest_beyond_1km,5.9,40876354,1371.8,1,2026-10-08T18:07:13+05:45,2026-10-08T17:50:00+05:45,25.0,cap_25km,2,111,Jhapa,11104,Kankai,1,1110401,0.546,,,0
RIV_207,207,Biring River at East West Highway,Mechi,26.64039,87.934586,111,11104,1110408,40876354,nearest_beyond_1km,5.9,40876354,1371.8,1,2026-10-08T18:07:13+05:45,2026-10-08T17:50:00+05:45,25.0,cap_25km,3,111,Jhapa,11104,Kankai,2,1110402,1.848,,,0
RIV_207,207,Biring River at East West Highway,Mechi,26.64039,87.934586,111,11104,1110408,40876354,nearest_beyond_1km,5.9,40876354,1371.8,1,2026-10-08T18:07:13+05:45,2026-10-08T17:50:00+05:45,25.0,cap_25km,4,111,Jhapa,11104,Kankai,3,1110403,1.861,Surunga market,MKT_00008,1
RIV_207,207,Biring River at East West Highway,Mechi,26.64039,87.934586,111,11104,1110408,40876354,nearest_beyond_1km,5.9,40876354,1371.8,1,2026-10-08T18:07:13+05:45,2026-10-08T17:50:00+05:45,25.0,cap_25km,5,111,Jhapa,11104,Kankai,6,1110406,4.852,,,0
RIV_207,207,Biring River at East West Highway,Mechi,26.64039,87.934586,111,11104,1110408,40876354,nearest_beyond_1km,5.9,40876354,1371.8,1,2026-10-08T18:07:13+05:45,2026-10-08T17:50:00+05:45,25.0,cap_25km,6,111,Jhapa,11104,Kankai,5,1110405,5.475,,,0
RIV_207,207,Biring River at East West Highway,Mechi,26.64039,87.934586,111,11104,1110408,40876354,nearest_beyond_1km,5.9,40876354,1371.8,1,2026-10-08T18:07:13+05:45,2026-10-08T17:50:00+05:45,25.0,cap_25km,7,111,Jhapa,11110,Jhapa,6,1111006,9.905,,,0
RIV_207,207,Biring River at East West Highway,Mechi,26.64039,87.934586,111,11104,1110408,40876354,nearest_beyond_1km,5.9,40876354,1371.8,1,2026-10-08T18:07:13+05:45,2026-10-08T17:50:00+05:45,25.0,cap_25km,8,111,Jhapa,11110,Jhapa,7,1111007,13.325,,,0
RIV_207,207,Biring River at East West Highway,Mechi,26.64039,87.934586,111,11104,1110408,40876354,nearest_beyond_1km,5.9,40876354,1371.8,1,2026-10-08T18:07:13+05:45,2026-10-08T17:50:00+05:45,25.0,cap_25km,9,111,Jhapa,11110,Jhapa,4,1111004,18.306,,,0
RIV_207,207,Biring River at East West Highway,Mechi,26.64039,87.934586,111,11104,1110408,40876354,nearest_beyond_1km,5.9,40876354,1371.8,1,2026-10-08T18:07:13+05:45,2026-10-08T17:50:00+05:45,25.0,cap_25km,10,111,Jhapa,11110,Jhapa,2,1111002,21.673,"NIC, Jhapa Bazar;MeroMF, Jhapa Bazar Branch",MKT_00906;MKT_00907,2
RIV_207,207,Biring River at East West Highway,Mechi,26.64039,87.934586,111,11104,1110408,40876354,nearest_beyond_1km,5.9,40876354,1371.8,1,2026-10-08T18:07:13+05:45,2026-10-08T17:50:00+05:45,25.0,cap_25km,11,111,Jhapa,11110,Jhapa,1,1111001,24.648,,,0
RIV_209,209,Budhikhola at  Duhabi,Keshaliya,26.598001,87.287292,113,11307,1130703,40882009,nearest,282.4,40882009,175.9,0,2026-10-08T18:07:13+05:45,2026-10-08T17:50:00+05:45,25.0,cap_25km,1,113,Sunsari,11307,Duhabi,3,1130703,0.0,[unnamed commercial landuse];[unnamed commercial landuse];[unnamed commercial landuse];[unnamed commercial landuse];[unnamed commercial landuse];[unnamed commercial landuse];[unnamed commercial landuse];[unnamed commercial landuse];[unnamed commercial landuse];[unnamed commercial landuse],MKT_00480;MKT_00481;MKT_00482;MKT_00483;MKT_00484;MKT_00485;MKT_00486;MKT_00487;MKT_00488;MKT_00489,10
RIV_209,209,Budhikhola at  Duhabi,Keshaliya,26.598001,87.287292,113,11307,1130703,40882009,nearest,282.4,40882009,175.9,0,2026-10-08T18:07:13+05:45,2026-10-08T17:50:00+05:45,25.0,cap_25km,2,112,Morang,11213,Budhiganga,6,1121306,0.533,,,0
RIV_209,209,Budhikhola at  Duhabi,Keshaliya,26.598001,87.287292,113,11307,1130703,40882009,nearest,282.4,40882009,175.9,0,2026-10-08T18:07:13+05:45,2026-10-08T17:50:00+05:45,25.0,cap_25km,3,113,Sunsari,11307,Duhabi,4,1130704,1.867,,,0
RIV_209,209,Budhikhola at  Duhabi,Keshaliya,26.598001,87.287292,113,11307,1130703,40882009,nearest,282.4,40882009,175.9,0,2026-10-08T18:07:13+05:45,2026-10-08T17:50:00+05:45,25.0,cap_25km,4,112,Morang,11213,Budhiganga,5,1121305,2.742,[unnamed commercial landuse];[unnamed commercial landuse];[unnamed commercial landuse],MKT_00461;MKT_00462;MKT_00463,3
RIV_209,209,Budhikhola at  Duhabi,Keshaliya,26.598001,87.287292,113,11307,1130703,40882009,nearest,282.4,40882009,175.9,0,2026-10-08T18:07:13+05:45,2026-10-08T17:50:00+05:45,25.0,cap_25km,5,113,Sunsari,11307,Duhabi,6,1130706,4.611,[unnamed commercial landuse];[unnamed commercial landuse];[unnamed commercial landuse],MKT_00492;MKT_00493;MKT_00494,3
RIV_209,209,Budhikhola at  Duhabi,Keshaliya,26.598001,87.287292,113,11307,1130703,40882009,nearest,282.4,40882009,175.9,0,2026-10-08T18:07:13+05:45,2026-10-08T17:50:00+05:45,25.0,cap_25km,6,112,Morang,11213,Budhiganga,4,1121304,5.141,[unnamed retail landuse];[unnamed commercial landuse];[unnamed commercial landuse];[unnamed commercial landuse],MKT_00367;MKT_00458;MKT_00459;MKT_00460,4
RIV_209,209,Budhikhola at  Duhabi,Keshaliya,26.598001,87.287292,113,11307,1130703,40882009,nearest,282.4,40882009,175.9,0,2026-10-08T18:07:13+05:45,2026-10-08T17:50:00+05:45,25.0,cap_25km,7,112,Morang,11213,Budhiganga,3,1121303,7.414,[unnamed retail landuse];[unnamed commercial landuse];[unnamed commercial landuse];[unnamed commercial landuse],MKT_00366;MKT_00455;MKT_00456;MKT_00457,4
RIV_209,209,Budhikhola at  Duhabi,Keshaliya,26.598001,87.287292,113,11307,1130703,40882009,nearest,282.4,40882009,175.9,0,2026-10-08T18:07:13+05:45,2026-10-08T17:50:00+05:45,25.0,cap_25km,8,113,Sunsari,11307,Duhabi,7,1130707,8.321,,,0
RIV_209,209,Budhikhola at  Duhabi,Keshaliya,26.598001,87.287292,113,11307,1130703,40882009,nearest,282.4,40882009,175.9,0,2026-10-08T18:07:13+05:45,2026-10-08T17:50:00+05:45,25.0,cap_25km,9,113,Sunsari,11307,Duhabi,12,1130712,10.886,[unnamed marketplace];[unnamed marketplace],MKT_00022;MKT_00023,2
RIV_209,209,Budhikhola at  Duhabi,Keshaliya,26.598001,87.287292,113,11307,1130703,40882009,nearest,282.4,40882009,175.9,0,2026-10-08T18:07:13+05:45,2026-10-08T17:50:00+05:45,25.0,cap_25km,10,113,Sunsari,11312,Barju,1,1131201,15.017,,,0
RIV_209,209,Budhikhola at  Duhabi,Keshaliya,26.598001,87.287292,113,11307,1130703,40882009,nearest,282.4,40882009,175.9,0,2026-10-08T18:07:13+05:45,2026-10-08T17:50:00+05:45,25.0,cap_25km,11,113,Sunsari,11312,Barju,2,1131202,17.765,,,0
RIV_209,209,Budhikhola at  Duhabi,Keshaliya,26.598001,87.287292,113,11307,1130703,40882009,nearest,282.4,40882009,175.9,0,2026-10-08T18:07:13+05:45,2026-10-08T17:50:00+05:45,25.0,cap_25km,12,112,Morang,11214,Biratnagar,6,1121406,20.679,[unnamed retail landuse],MKT_00370,1
RIV_209,209,Budhikhola at  Duhabi,Keshaliya,26.598001,87.287292,113,11307,1130703,40882009,nearest,282.4,40882009,175.9,0,2026-10-08T18:07:13+05:45,2026-10-08T17:50:00+05:45,25.0,cap_25km,13,112,Morang,11214,Biratnagar,11,1121411,21.184,New Gudari Bazar;New Gudari Bazaar,MKT_00020;MKT_00021,2
RIV_209,209,Budhikhola at  Duhabi,Keshaliya,26.598001,87.287292,113,11307,1130703,40882009,nearest,282.4,40882009,175.9,0,2026-10-08T18:07:13+05:45,2026-10-08T17:50:00+05:45,25.0,cap_25km,14,112,Morang,11214,Biratnagar,12,1121412,22.569,,,0
RIV_209,209,Budhikhola at  Duhabi,Keshaliya,26.598001,87.287292,113,11307,1130703,40882009,nearest,282.4,40882009,175.9,0,2026-10-08T18:07:13+05:45,2026-10-08T17:50:00+05:45,25.0,cap_25km,15,112,Morang,11214,Biratnagar,16,1121416,23.996,,,0
RIV_210,210,Keshaliya Khola at East West Highway,Keshaliya,26.65885,87.317154,112,11204,1120407,40876794,nearest,133.4,40876794,2.2,0,2026-10-08T18:07:13+05:45,2026-10-07T23:50:00+05:45,25.0,cap_25km,1,112,Morang,11204,Sundarharaicha,7,1120407,0.0,,,0
RIV_210,210,Keshaliya Khola at East West Highway,Keshaliya,26.65885,87.317154,112,11204,1120407,40876794,nearest,133.4,40876794,2.2,0,2026-10-08T18:07:13+05:45,2026-10-07T23:50:00+05:45,25.0,cap_25km,2,112,Morang,11204,Sundarharaicha,3,1120403,0.01,"DIPROSC, Gachhiya Bazar,Morang",MKT_00918,1
RIV_210,210,Keshaliya Khola at East West Highway,Keshaliya,26.65885,87.317154,112,11204,1120407,40876794,nearest,133.4,40876794,2.2,0,2026-10-08T18:07:13+05:45,2026-10-07T23:50:00+05:45,25.0,cap_25km,3,112,Morang,11204,Sundarharaicha,4,1120404,0.118,Schoolterrein,MKT_00439,1
RIV_210,210,Keshaliya Khola at East West Highway,Keshaliya,26.65885,87.317154,112,11204,1120407,40876794,nearest,133.4,40876794,2.2,0,2026-10-08T18:07:13+05:45,2026-10-07T23:50:00+05:45,25.0,cap_25km,4,112,Morang,11213,Budhiganga,6,1121306,5.201,,,0
RIV_210,210,Keshaliya Khola at East West Highway,Keshaliya,26.65885,87.317154,112,11204,1120407,40876794,nearest,133.4,40876794,2.2,0,2026-10-08T18:07:13+05:45,2026-10-07T23:50:00+05:45,25.0,cap_25km,5,113,Sunsari,11306,Itahari,11,1130611,5.261,,,0
RIV_210,210,Keshaliya Khola at East West Highway,Keshaliya,26.65885,87.317154,112,11204,1120407,40876794,nearest,133.4,40876794,2.2,0,2026-10-08T18:07:13+05:45,2026-10-07T23:50:00+05:45,25.0,cap_25km,6,113,Sunsari,11307,Duhabi,3,1130703,6.983,[unnamed commercial landuse];[unnamed commercial landuse];[unnamed commercial landuse];[unnamed commercial landuse];[unnamed commercial landuse];[unnamed commercial landuse];[unnamed commercial landuse];[unnamed commercial landuse];[unnamed commercial landuse];[unnamed commercial landuse],MKT_00480;MKT_00481;MKT_00482;MKT_00483;MKT_00484;MKT_00485;MKT_00486;MKT_00487;MKT_00488;MKT_00489,10
RIV_210,210,Keshaliya Khola at East West Highway,Keshaliya,26.65885,87.317154,112,11204,1120407,40876794,nearest,133.4,40876794,2.2,0,2026-10-08T18:07:13+05:45,2026-10-07T23:50:00+05:45,25.0,cap_25km,7,113,Sunsari,11307,Duhabi,4,1130704,9.813,,,0
RIV_210,210,Keshaliya Khola at East West Highway,Keshaliya,26.65885,87.317154,112,11204,1120407,40876794,nearest,133.4,40876794,2.2,0,2026-10-08T18:07:13+05:45,2026-10-07T23:50:00+05:45,25.0,cap_25km,8,112,Morang,11213,Budhiganga,5,1121305,10.687,[unnamed commercial landuse];[unnamed commercial landuse];[unnamed commercial landuse],MKT_00461;MKT_00462;MKT_00463,3
RIV_210,210,Keshaliya Khola at East West Highway,Keshaliya,26.65885,87.317154,112,11204,1120407,40876794,nearest,133.4,40876794,2.2,0,2026-10-08T18:07:13+05:45,2026-10-07T23:50:00+05:45,25.0,cap_25km,9,113,Sunsari,11307,Duhabi,6,1130706,12.556,[unnamed commercial landuse];[unnamed commercial landuse];[unnamed commercial landuse],MKT_00492;MKT_00493;MKT_00494,3
RIV_210,210,Keshaliya Khola at East West Highway,Keshaliya,26.65885,87.317154,112,11204,1120407,40876794,nearest,133.4,40876794,2.2,0,2026-10-08T18:07:13+05:45,2026-10-07T23:50:00+05:45,25.0,cap_25km,10,112,Morang,11213,Budhiganga,4,1121304,13.087,[unnamed retail landuse];[unnamed commercial landuse];[unnamed commercial landuse];[unnamed commercial landuse],MKT_00367;MKT_00458;MKT_00459;MKT_00460,4
RIV_210,210,Keshaliya Khola at East West Highway,Keshaliya,26.65885,87.317154,112,11204,1120407,40876794,nearest,133.4,40876794,2.2,0,2026-10-08T18:07:13+05:45,2026-10-07T23:50:00+05:45,25.0,cap_25km,11,112,Morang,11213,Budhiganga,3,1121303,15.36,[unnamed retail landuse];[unnamed commercial landuse];[unnamed commercial landuse];[unnamed commercial landuse],MKT_00366;MKT_00455;MKT_00456;MKT_00457,4
RIV_210,210,Keshaliya Khola at East West Highway,Keshaliya,26.65885,87.317154,112,11204,1120407,40876794,nearest,133.4,40876794,2.2,0,2026-10-08T18:07:13+05:45,2026-10-07T23:50:00+05:45,25.0,cap_25km,12,113,Sunsari,11307,Duhabi,7,1130707,16.267,,,0
RIV_210,210,Keshaliya Khola at East West Highway,Keshaliya,26.65885,87.317154,112,11204,1120407,40876794,nearest,133.4,40876794,2.2,0,2026-10-08T18:07:13+05:45,2026-10-07T23:50:00+05:45,25.0,cap_25km,13,113,Sunsari,11307,Duhabi,12,1130712,18.831,[unnamed marketplace];[unnamed marketplace],MKT_00022;MKT_00023,2
RIV_210,210,Keshaliya Khola at East West Highway,Keshaliya,26.65885,87.317154,112,11204,1120407,40876794,nearest,133.4,40876794,2.2,0,2026-10-08T18:07:13+05:45,2026-10-07T23:50:00+05:45,25.0,cap_25km,14,113,Sunsari,11312,Barju,1,1131201,22.963,,,0
RIV_211,211,Lohandra Khola at East West Highway,Keshaliya,26.661169,87.408989,112,11205,1120502,40875861,nearest,98.5,40875861,142.1,0,2026-10-08T18:07:13+05:45,2026-10-08T17:50:00+05:45,25.0,cap_25km,1,112,Morang,11205,Belbari,2,1120502,0.0,[unnamed marketplace];Sukrabarey Bazaar,MKT_00016;MKT_00440,2
RIV_211,211,Lohandra Khola at East West Highway,Keshaliya,26.661169,87.408989,112,11205,1120502,40875861,nearest,98.5,40875861,142.1,0,2026-10-08T18:07:13+05:45,2026-10-08T17:50:00+05:45,25.0,cap_25km,2,112,Morang,11205,Belbari,1,1120501,0.016,,,0
RIV_211,211,Lohandra Khola at East West Highway,Keshaliya,26.661169,87.408989,112,11205,1120502,40875861,nearest,98.5,40875861,142.1,0,2026-10-08T18:07:13+05:45,2026-10-08T17:50:00+05:45,25.0,cap_25km,3,112,Morang,11205,Belbari,3,1120503,0.073,,,0
RIV_211,211,Lohandra Khola at East West Highway,Keshaliya,26.661169,87.408989,112,11205,1120502,40875861,nearest,98.5,40875861,142.1,0,2026-10-08T18:07:13+05:45,2026-10-08T17:50:00+05:45,25.0,cap_25km,4,112,Morang,11204,Sundarharaicha,11,1120411,2.212,,,0
RIV_211,211,Lohandra Khola at East West Highway,Keshaliya,26.661169,87.408989,112,11205,1120502,40875861,nearest,98.5,40875861,142.1,0,2026-10-08T18:07:13+05:45,2026-10-08T17:50:00+05:45,25.0,cap_25km,5,112,Morang,11204,Sundarharaicha,1,1120401,3.677,,,0
RIV_211,211,Lohandra Khola at East West Highway,Keshaliya,26.661169,87.408989,112,11205,1120502,40875861,nearest,98.5,40875861,142.1,0,2026-10-08T18:07:13+05:45,2026-10-08T17:50:00+05:45,25.0,cap_25km,6,112,Morang,11205,Belbari,4,1120504,4.088,,,0
RIV_211,211,Lohandra Khola at East West Highway,Keshaliya,26.661169,87.408989,112,11205,1120502,40875861,nearest,98.5,40875861,142.1,0,2026-10-08T18:07:13+05:45,2026-10-08T17:50:00+05:45,25.0,cap_25km,7,112,Morang,11212,Gramthan,7,1121207,7.347,,,0
RIV_211,211,Lohandra Khola at East West Highway,Keshaliya,26.661169,87.408989,112,11205,1120502,40875861,nearest,98.5,40875861,142.1,0,2026-10-08T18:07:13+05:45,2026-10-08T17:50:00+05:45,25.0,cap_25km,8,112,Morang,11205,Belbari,5,1120505,7.749,,,0
RIV_211,211,Lohandra Khola at East West Highway,Keshaliya,26.661169,87.408989,112,11205,1120502,40875861,nearest,98.5,40875861,142.1,0,2026-10-08T18:07:13+05:45,2026-10-08T17:50:00+05:45,25.0,cap_25km,9,112,Morang,11212,Gramthan,6,1121206,10.965,,,0
RIV_211,211,Lohandra Khola at East West Highway,Keshaliya,26.661169,87.408989,112,11205,1120502,40875861,nearest,98.5,40875861,142.1,0,2026-10-08T18:07:13+05:45,2026-10-08T17:50:00+05:45,25.0,cap_25km,10,112,Morang,11212,Gramthan,4,1121204,12.803,,,0
RIV_211,211,Lohandra Khola at East West Highway,Keshaliya,26.661169,87.408989,112,11205,1120502,40875861,nearest,98.5,40875861,142.1,0,2026-10-08T18:07:13+05:45,2026-10-08T17:50:00+05:45,25.0,cap_25km,11,112,Morang,11211,Rangeli,1,1121101,15.762,,,0
RIV_211,211,Lohandra Khola at East West Highway,Keshaliya,26.661169,87.408989,112,11205,1120502,40875861,nearest,98.5,40875861,142.1,0,2026-10-08T18:07:13+05:45,2026-10-08T17:50:00+05:45,25.0,cap_25km,12,112,Morang,11215,Katahari,7,1121507,17.576,,,0
RIV_211,211,Lohandra Khola at East West Highway,Keshaliya,26.661169,87.408989,112,11205,1120502,40875861,nearest,98.5,40875861,142.1,0,2026-10-08T18:07:13+05:45,2026-10-08T17:50:00+05:45,25.0,cap_25km,13,112,Morang,11216,Dhanapalthan,5,1121605,18.8,,,0
RIV_211,211,Lohandra Khola at East West Highway,Keshaliya,26.661169,87.408989,112,11205,1120502,40875861,nearest,98.5,40875861,142.1,0,2026-10-08T18:07:13+05:45,2026-10-08T17:50:00+05:45,25.0,cap_25km,14,112,Morang,11216,Dhanapalthan,6,1121606,23.025,,,0
RIV_211,211,Lohandra Khola at East West Highway,Keshaliya,26.661169,87.408989,112,11205,1120502,40875861,nearest,98.5,40875861,142.1,0,2026-10-08T18:07:13+05:45,2026-10-08T17:50:00+05:45,25.0,cap_25km,15,112,Morang,11215,Katahari,6,1121506,23.086,,,0
RIV_212,212,Lohandra Khola at Shisbeni,Keshaliya,26.467707,87.359287,112,11216,1121606,40886350,nearest,277.3,40886350,115.5,0,2026-10-08T18:07:13+05:45,2026-10-08T18:00:00+05:45,23.849,left_nepal,1,112,Morang,11215,Katahari,6,1121506,0.0,,,0
RIV_212,212,Lohandra Khola at Shisbeni,Keshaliya,26.467707,87.359287,112,11216,1121606,40886350,nearest,277.3,40886350,115.5,0,2026-10-08T18:07:13+05:45,2026-10-08T18:00:00+05:45,23.849,left_nepal,2,112,Morang,11216,Dhanapalthan,6,1121606,0.103,,,0
RIV_212,212,Lohandra Khola at Shisbeni,Keshaliya,26.467707,87.359287,112,11216,1121606,40886350,nearest,277.3,40886350,115.5,0,2026-10-08T18:07:13+05:45,2026-10-08T18:00:00+05:45,23.849,left_nepal,3,112,Morang,11217,Jahada,4,1121704,0.203,,,0
RIV_212,212,Lohandra Khola at Shisbeni,Keshaliya,26.467707,87.359287,112,11216,1121606,40886350,nearest,277.3,40886350,115.5,0,2026-10-08T18:07:13+05:45,2026-10-08T18:00:00+05:45,23.849,left_nepal,4,112,Morang,11215,Katahari,4,1121504,0.885,,,0
RIV_212,212,Lohandra Khola at Shisbeni,Keshaliya,26.467707,87.359287,112,11216,1121606,40886350,nearest,277.3,40886350,115.5,0,2026-10-08T18:07:13+05:45,2026-10-08T18:00:00+05:45,23.849,left_nepal,5,112,Morang,11217,Jahada,3,1121703,5.592,,,0
RIV_212,212,Lohandra Khola at Shisbeni,Keshaliya,26.467707,87.359287,112,11216,1121606,40886350,nearest,277.3,40886350,115.5,0,2026-10-08T18:07:13+05:45,2026-10-08T18:00:00+05:45,23.849,left_nepal,6,112,Morang,11217,Jahada,2,1121702,6.343,,,0
RIV_212,212,Lohandra Khola at Shisbeni,Keshaliya,26.467707,87.359287,112,11216,1121606,40886350,nearest,277.3,40886350,115.5,0,2026-10-08T18:07:13+05:45,2026-10-08T18:00:00+05:45,23.849,left_nepal,7,112,Morang,11217,Jahada,5,1121705,6.544,,,0
RIV_212,212,Lohandra Khola at Shisbeni,Keshaliya,26.467707,87.359287,112,11216,1121606,40886350,nearest,277.3,40886350,115.5,0,2026-10-08T18:07:13+05:45,2026-10-08T18:00:00+05:45,23.849,left_nepal,8,112,Morang,11217,Jahada,7,1121707,8.416,,,0
RIV_212,212,Lohandra Khola at Shisbeni,Keshaliya,26.467707,87.359287,112,11216,1121606,40886350,nearest,277.3,40886350,115.5,0,2026-10-08T18:07:13+05:45,2026-10-08T18:00:00+05:45,23.849,left_nepal,9,112,Morang,11217,Jahada,1,1121701,14.793,,,0
RIV_213,213,Ninda khola at  East West Highway,Mechi,26.660345,88.107933,111,11101,1110108,40877306,nearest,124.8,40877306,811.5,1,2026-10-08T18:07:13+05:45,2026-10-08T18:00:00+05:45,14.006,left_nepal,1,111,Jhapa,11101,Mechinagar,8,1110108,0.0,,,0
RIV_213,213,Ninda khola at  East West Highway,Mechi,26.660345,88.107933,111,11101,1110108,40877306,nearest,124.8,40877306,811.5,1,2026-10-08T18:07:13+05:45,2026-10-08T18:00:00+05:45,14.006,left_nepal,2,111,Jhapa,11101,Mechinagar,7,1110107,1.073,,,0
RIV_213,213,Ninda khola at  East West Highway,Mechi,26.660345,88.107933,111,11101,1110108,40877306,nearest,124.8,40877306,811.5,1,2026-10-08T18:07:13+05:45,2026-10-08T18:00:00+05:45,14.006,left_nepal,3,111,Jhapa,11101,Mechinagar,15,1110115,8.52,,,0
RIV_214,214,Sardu Khola at Madan Bhandari Highway,Keshaliya,26.729242,87.19529,113,11302,1130204,40872007,nearest,69.7,40872007,570.9,1,2026-10-08T18:07:13+05:45,2026-10-08T18:00:00+05:45,25.0,cap_25km,1,113,Sunsari,11302,Baraha,4,1130204,0.0,,,0
RIV_214,214,Sardu Khola at Madan Bhandari Highway,Keshaliya,26.729242,87.19529,113,11302,1130204,40872007,nearest,69.7,40872007,570.9,1,2026-10-08T18:07:13+05:45,2026-10-08T18:00:00+05:45,25.0,cap_25km,2,113,Sunsari,11305,Ramdhuni,4,1130504,2.988,,,0
RIV_214,214,Sardu Khola at Madan Bhandari Highway,Keshaliya,26.729242,87.19529,113,11302,1130204,40872007,nearest,69.7,40872007,570.9,1,2026-10-08T18:07:13+05:45,2026-10-08T18:00:00+05:45,25.0,cap_25km,3,113,Sunsari,11305,Ramdhuni,2,1130502,7.952,,,0
RIV_214,214,Sardu Khola at Madan Bhandari Highway,Keshaliya,26.729242,87.19529,113,11302,1130204,40872007,nearest,69.7,40872007,570.9,1,2026-10-08T18:07:13+05:45,2026-10-08T18:00:00+05:45,25.0,cap_25km,4,113,Sunsari,11305,Ramdhuni,8,1130508,8.943,,,0
RIV_214,214,Sardu Khola at Madan Bhandari Highway,Keshaliya,26.729242,87.19529,113,11302,1130204,40872007,nearest,69.7,40872007,570.9,1,2026-10-08T18:07:13+05:45,2026-10-08T18:00:00+05:45,25.0,cap_25km,5,113,Sunsari,11305,Ramdhuni,9,1130509,12.428,,,0
RIV_214,214,Sardu Khola at Madan Bhandari Highway,Keshaliya,26.729242,87.19529,113,11302,1130204,40872007,nearest,69.7,40872007,570.9,1,2026-10-08T18:07:13+05:45,2026-10-08T18:00:00+05:45,25.0,cap_25km,6,113,Sunsari,11309,Inaruwa,8,1130908,13.686,,,0
RIV_214,214,Sardu Khola at Madan Bhandari Highway,Keshaliya,26.729242,87.19529,113,11302,1130204,40872007,nearest,69.7,40872007,570.9,1,2026-10-08T18:07:13+05:45,2026-10-08T18:00:00+05:45,25.0,cap_25km,7,113,Sunsari,11309,Inaruwa,4,1130904,16.207,,,0
RIV_214,214,Sardu Khola at Madan Bhandari Highway,Keshaliya,26.729242,87.19529,113,11302,1130204,40872007,nearest,69.7,40872007,570.9,1,2026-10-08T18:07:13+05:45,2026-10-08T18:00:00+05:45,25.0,cap_25km,8,113,Sunsari,11304,Bhokraha,4,1130404,17.434,,,0
RIV_214,214,Sardu Khola at Madan Bhandari Highway,Keshaliya,26.729242,87.19529,113,11302,1130204,40872007,nearest,69.7,40872007,570.9,1,2026-10-08T18:07:13+05:45,2026-10-08T18:00:00+05:45,25.0,cap_25km,9,113,Sunsari,11304,Bhokraha,5,1130405,18.146,,,0
RIV_214,214,Sardu Khola at Madan Bhandari Highway,Keshaliya,26.729242,87.19529,113,11302,1130204,40872007,nearest,69.7,40872007,570.9,1,2026-10-08T18:07:13+05:45,2026-10-08T18:00:00+05:45,25.0,cap_25km,10,113,Sunsari,11304,Bhokraha,7,1130407,20.258,,,0
RIV_214,214,Sardu Khola at Madan Bhandari Highway,Keshaliya,26.729242,87.19529,113,11302,1130204,40872007,nearest,69.7,40872007,570.9,1,2026-10-08T18:07:13+05:45,2026-10-08T18:00:00+05:45,25.0,cap_25km,11,113,Sunsari,11309,Inaruwa,9,1130909,23.89,,,0
RIV_214,214,Sardu Khola at Madan Bhandari Highway,Keshaliya,26.729242,87.19529,113,11302,1130204,40872007,nearest,69.7,40872007,570.9,1,2026-10-08T18:07:13+05:45,2026-10-08T18:00:00+05:45,25.0,cap_25km,12,113,Sunsari,11309,Inaruwa,10,1130910,24.791,,,0
RIV_216,216,Seuti Khola at Bihibare Bazar,Keshaliya,26.704172,87.211555,113,11305,1130506,40874014,nearest,74.4,40874014,687.0,1,2026-10-08T18:07:13+05:45,2026-10-08T18:00:00+05:45,25.0,cap_25km,1,113,Sunsari,11305,Ramdhuni,7,1130507,0.0,,,0
RIV_216,216,Seuti Khola at Bihibare Bazar,Keshaliya,26.704172,87.211555,113,11305,1130506,40874014,nearest,74.4,40874014,687.0,1,2026-10-08T18:07:13+05:45,2026-10-08T18:00:00+05:45,25.0,cap_25km,2,113,Sunsari,11305,Ramdhuni,3,1130503,0.158,,,0
RIV_216,216,Seuti Khola at Bihibare Bazar,Keshaliya,26.704172,87.211555,113,11305,1130506,40874014,nearest,74.4,40874014,687.0,1,2026-10-08T18:07:13+05:45,2026-10-08T18:00:00+05:45,25.0,cap_25km,3,113,Sunsari,11305,Ramdhuni,2,1130502,4.489,,,0
RIV_216,216,Seuti Khola at Bihibare Bazar,Keshaliya,26.704172,87.211555,113,11305,1130506,40874014,nearest,74.4,40874014,687.0,1,2026-10-08T18:07:13+05:45,2026-10-08T18:00:00+05:45,25.0,cap_25km,4,113,Sunsari,11305,Ramdhuni,4,1130504,5.997,,,0
RIV_216,216,Seuti Khola at Bihibare Bazar,Keshaliya,26.704172,87.211555,113,11305,1130506,40874014,nearest,74.4,40874014,687.0,1,2026-10-08T18:07:13+05:45,2026-10-08T18:00:00+05:45,25.0,cap_25km,5,113,Sunsari,11305,Ramdhuni,8,1130508,7.639,,,0
RIV_216,216,Seuti Khola at Bihibare Bazar,Keshaliya,26.704172,87.211555,113,11305,1130506,40874014,nearest,74.4,40874014,687.0,1,2026-10-08T18:07:13+05:45,2026-10-08T18:00:00+05:45,25.0,cap_25km,6,113,Sunsari,11305,Ramdhuni,9,1130509,12.853,,,0
RIV_216,216,Seuti Khola at Bihibare Bazar,Keshaliya,26.704172,87.211555,113,11305,1130506,40874014,nearest,74.4,40874014,687.0,1,2026-10-08T18:07:13+05:45,2026-10-08T18:00:00+05:45,25.0,cap_25km,7,113,Sunsari,11309,Inaruwa,8,1130908,14.111,,,0
RIV_216,216,Seuti Khola at Bihibare Bazar,Keshaliya,26.704172,87.211555,113,11305,1130506,40874014,nearest,74.4,40874014,687.0,1,2026-10-08T18:07:13+05:45,2026-10-08T18:00:00+05:45,25.0,cap_25km,8,113,Sunsari,11309,Inaruwa,4,1130904,16.632,,,0
RIV_216,216,Seuti Khola at Bihibare Bazar,Keshaliya,26.704172,87.211555,113,11305,1130506,40874014,nearest,74.4,40874014,687.0,1,2026-10-08T18:07:13+05:45,2026-10-08T18:00:00+05:45,25.0,cap_25km,9,113,Sunsari,11304,Bhokraha,4,1130404,17.86,,,0
RIV_216,216,Seuti Khola at Bihibare Bazar,Keshaliya,26.704172,87.211555,113,11305,1130506,40874014,nearest,74.4,40874014,687.0,1,2026-10-08T18:07:13+05:45,2026-10-08T18:00:00+05:45,25.0,cap_25km,10,113,Sunsari,11304,Bhokraha,5,1130405,18.571,,,0
RIV_216,216,Seuti Khola at Bihibare Bazar,Keshaliya,26.704172,87.211555,113,11305,1130506,40874014,nearest,74.4,40874014,687.0,1,2026-10-08T18:07:13+05:45,2026-10-08T18:00:00+05:45,25.0,cap_25km,11,113,Sunsari,11304,Bhokraha,7,1130407,20.683,,,0
RIV_216,216,Seuti Khola at Bihibare Bazar,Keshaliya,26.704172,87.211555,113,11305,1130506,40874014,nearest,74.4,40874014,687.0,1,2026-10-08T18:07:13+05:45,2026-10-08T18:00:00+05:45,25.0,cap_25km,12,113,Sunsari,11309,Inaruwa,9,1130909,24.315,,,0
RIV_217,217,Sunsari Khola at EW Highway,Keshaliya,26.604353,87.128845,113,11309,1130904,40878574,nearest,268.3,40878574,270.9,0,2026-10-08T18:07:13+05:45,2026-10-08T18:00:00+05:45,19.505,left_nepal,1,113,Sunsari,11304,Bhokraha,4,1130404,0.0,,,0
RIV_217,217,Sunsari Khola at EW Highway,Keshaliya,26.604353,87.128845,113,11309,1130904,40878574,nearest,268.3,40878574,270.9,0,2026-10-08T18:07:13+05:45,2026-10-08T18:00:00+05:45,19.505,left_nepal,2,113,Sunsari,11304,Bhokraha,5,1130405,0.264,,,0
RIV_217,217,Sunsari Khola at EW Highway,Keshaliya,26.604353,87.128845,113,11309,1130904,40878574,nearest,268.3,40878574,270.9,0,2026-10-08T18:07:13+05:45,2026-10-08T18:00:00+05:45,19.505,left_nepal,3,113,Sunsari,11304,Bhokraha,7,1130407,2.376,,,0
RIV_217,217,Sunsari Khola at EW Highway,Keshaliya,26.604353,87.128845,113,11309,1130904,40878574,nearest,268.3,40878574,270.9,0,2026-10-08T18:07:13+05:45,2026-10-08T18:00:00+05:45,19.505,left_nepal,4,113,Sunsari,11309,Inaruwa,9,1130909,6.008,,,0
RIV_217,217,Sunsari Khola at EW Highway,Keshaliya,26.604353,87.128845,113,11309,1130904,40878574,nearest,268.3,40878574,270.9,0,2026-10-08T18:07:13+05:45,2026-10-08T18:00:00+05:45,19.505,left_nepal,5,113,Sunsari,11309,Inaruwa,10,1130910,6.909,,,0
RIV_217,217,Sunsari Khola at EW Highway,Keshaliya,26.604353,87.128845,113,11309,1130904,40878574,nearest,268.3,40878574,270.9,0,2026-10-08T18:07:13+05:45,2026-10-08T18:00:00+05:45,19.505,left_nepal,6,113,Sunsari,11310,Harinagara,1,1131001,8.941,,,0
RIV_217,217,Sunsari Khola at EW Highway,Keshaliya,26.604353,87.128845,113,11309,1130904,40878574,nearest,268.3,40878574,270.9,0,2026-10-08T18:07:13+05:45,2026-10-08T18:00:00+05:45,19.505,left_nepal,7,113,Sunsari,11304,Bhokraha,8,1130408,10.933,,,0
RIV_217,217,Sunsari Khola at EW Highway,Keshaliya,26.604353,87.128845,113,11309,1130904,40878574,nearest,268.3,40878574,270.9,0,2026-10-08T18:07:13+05:45,2026-10-08T18:00:00+05:45,19.505,left_nepal,8,113,Sunsari,11310,Harinagara,2,1131002,11.473,,,0
RIV_217,217,Sunsari Khola at EW Highway,Keshaliya,26.604353,87.128845,113,11309,1130904,40878574,nearest,268.3,40878574,270.9,0,2026-10-08T18:07:13+05:45,2026-10-08T18:00:00+05:45,19.505,left_nepal,9,113,Sunsari,11310,Harinagara,5,1131005,12.772,,,0
RIV_217,217,Sunsari Khola at EW Highway,Keshaliya,26.604353,87.128845,113,11309,1130904,40878574,nearest,268.3,40878574,270.9,0,2026-10-08T18:07:13+05:45,2026-10-08T18:00:00+05:45,19.505,left_nepal,10,113,Sunsari,11310,Harinagara,4,1131004,14.481,,,0
RIV_217,217,Sunsari Khola at EW Highway,Keshaliya,26.604353,87.128845,113,11309,1130904,40878574,nearest,268.3,40878574,270.9,0,2026-10-08T18:07:13+05:45,2026-10-08T18:00:00+05:45,19.505,left_nepal,11,113,Sunsari,11310,Harinagara,6,1131006,16.74,,,0
RIV_221,221,Khado River at East West Highway,Balan-Khado,26.626486,86.726257,201,20104,2010401,40880092,smallest_ge_min_1km,71.2,40877563,860.7,1,2026-10-08T18:07:13+05:45,2026-10-07T23:40:00+05:45,25.0,cap_25km,1,201,Saptari,20104,Rupani,6,2010406,0.0,,,0
RIV_221,221,Khado River at East West Highway,Balan-Khado,26.626486,86.726257,201,20104,2010401,40880092,smallest_ge_min_1km,71.2,40877563,860.7,1,2026-10-08T18:07:13+05:45,2026-10-07T23:40:00+05:45,25.0,cap_25km,2,201,Saptari,20104,Rupani,2,2010402,2.673,,,0
RIV_221,221,Khado River at East West Highway,Balan-Khado,26.626486,86.726257,201,20104,2010401,40880092,smallest_ge_min_1km,71.2,40877563,860.7,1,2026-10-08T18:07:13+05:45,2026-10-07T23:40:00+05:45,25.0,cap_25km,3,201,Saptari,20104,Rupani,5,2010405,3.567,,,0
RIV_221,221,Khado River at East West Highway,Balan-Khado,26.626486,86.726257,201,20104,2010401,40880092,smallest_ge_min_1km,71.2,40877563,860.7,1,2026-10-08T18:07:13+05:45,2026-10-07T23:40:00+05:45,25.0,cap_25km,4,201,Saptari,20103,Agnisair Krishna Sabaran,3,2010303,5.565,,,0
RIV_221,221,Khado River at East West Highway,Balan-Khado,26.626486,86.726257,201,20104,2010401,40880092,smallest_ge_min_1km,71.2,40877563,860.7,1,2026-10-08T18:07:13+05:45,2026-10-07T23:40:00+05:45,25.0,cap_25km,5,201,Saptari,20113,Rajbiraj,10,2011310,5.599,,,0
RIV_221,221,Khado River at East West Highway,Balan-Khado,26.626486,86.726257,201,20104,2010401,40880092,smallest_ge_min_1km,71.2,40877563,860.7,1,2026-10-08T18:07:13+05:45,2026-10-07T23:40:00+05:45,25.0,cap_25km,6,201,Saptari,20114,Mahadewa,1,2011401,9.369,,,0
RIV_221,221,Khado River at East West Highway,Balan-Khado,26.626486,86.726257,201,20104,2010401,40880092,smallest_ge_min_1km,71.2,40877563,860.7,1,2026-10-08T18:07:13+05:45,2026-10-07T23:40:00+05:45,25.0,cap_25km,7,201,Saptari,20113,Rajbiraj,1,2011301,10.493,,,0
RIV_221,221,Khado River at East West Highway,Balan-Khado,26.626486,86.726257,201,20104,2010401,40880092,smallest_ge_min_1km,71.2,40877563,860.7,1,2026-10-08T18:07:13+05:45,2026-10-07T23:40:00+05:45,25.0,cap_25km,8,201,Saptari,20114,Mahadewa,2,2011402,11.449,,,0
RIV_221,221,Khado River at East West Highway,Balan-Khado,26.626486,86.726257,201,20104,2010401,40880092,smallest_ge_min_1km,71.2,40877563,860.7,1,2026-10-08T18:07:13+05:45,2026-10-07T23:40:00+05:45,25.0,cap_25km,9,201,Saptari,20113,Rajbiraj,15,2011315,12.877,,,0
RIV_221,221,Khado River at East West Highway,Balan-Khado,26.626486,86.726257,201,20104,2010401,40880092,smallest_ge_min_1km,71.2,40877563,860.7,1,2026-10-08T18:07:13+05:45,2026-10-07T23:40:00+05:45,25.0,cap_25km,10,201,Saptari,20113,Rajbiraj,13,2011313,15.637,,,0
RIV_221,221,Khado River at East West Highway,Balan-Khado,26.626486,86.726257,201,20104,2010401,40880092,smallest_ge_min_1km,71.2,40877563,860.7,1,2026-10-08T18:07:13+05:45,2026-10-07T23:40:00+05:45,25.0,cap_25km,11,201,Saptari,20113,Rajbiraj,12,2011312,17.374,,,0
RIV_221,221,Khado River at East West Highway,Balan-Khado,26.626486,86.726257,201,20104,2010401,40880092,smallest_ge_min_1km,71.2,40877563,860.7,1,2026-10-08T18:07:13+05:45,2026-10-07T23:40:00+05:45,25.0,cap_25km,12,201,Saptari,20117,Tilathi Koiladi,2,2011702,18.742,,,0
RIV_221,221,Khado River at East West Highway,Balan-Khado,26.626486,86.726257,201,20104,2010401,40880092,smallest_ge_min_1km,71.2,40877563,860.7,1,2026-10-08T18:07:13+05:45,2026-10-07T23:40:00+05:45,25.0,cap_25km,13,201,Saptari,20118,Chhinnamasta,1,2011801,18.839,,,0
RIV_221,221,Khado River at East West Highway,Balan-Khado,26.626486,86.726257,201,20104,2010401,40880092,smallest_ge_min_1km,71.2,40877563,860.7,1,2026-10-08T18:07:13+05:45,2026-10-07T23:40:00+05:45,25.0,cap_25km,14,201,Saptari,20118,Chhinnamasta,5,2011805,20.721,,,0
RIV_221,221,Khado River at East West Highway,Balan-Khado,26.626486,86.726257,201,20104,2010401,40880092,smallest_ge_min_1km,71.2,40877563,860.7,1,2026-10-08T18:07:13+05:45,2026-10-07T23:40:00+05:45,25.0,cap_25km,15,201,Saptari,20118,Chhinnamasta,4,2011804,22.033,,,0
RIV_222,222,Ratu River at BP Highway,Ratu,27.07,85.938,204,20401,2040103,40853188,nearest,64.6,40853188,157.0,0,2026-10-08T18:07:13+05:45,2026-10-08T17:50:00+05:45,25.0,cap_25km,1,204,Mahottari,20401,Bardibas,3,2040103,0.0,,,0
RIV_222,222,Ratu River at BP Highway,Ratu,27.07,85.938,204,20401,2040103,40853188,nearest,64.6,40853188,157.0,0,2026-10-08T18:07:13+05:45,2026-10-08T17:50:00+05:45,25.0,cap_25km,2,203,Dhanusa,20303,Mithila,11,2030311,1.468,,,0
RIV_222,222,Ratu River at BP Highway,Ratu,27.07,85.938,204,20401,2040103,40853188,nearest,64.6,40853188,157.0,0,2026-10-08T18:07:13+05:45,2026-10-08T17:50:00+05:45,25.0,cap_25km,3,203,Dhanusa,20303,Mithila,10,2030310,11.856,,,0
RIV_222,222,Ratu River at BP Highway,Ratu,27.07,85.938,204,20401,2040103,40853188,nearest,64.6,40853188,157.0,0,2026-10-08T18:07:13+05:45,2026-10-08T17:50:00+05:45,25.0,cap_25km,4,204,Mahottari,20401,Bardibas,1,2040101,12.82,,,0
RIV_222,222,Ratu River at BP Highway,Ratu,27.07,85.938,204,20401,2040103,40853188,nearest,64.6,40853188,157.0,0,2026-10-08T18:07:13+05:45,2026-10-08T17:50:00+05:45,25.0,cap_25km,5,204,Mahottari,20401,Bardibas,14,2040114,13.271,,,0
RIV_222,222,Ratu River at BP Highway,Ratu,27.07,85.938,204,20401,2040103,40853188,nearest,64.6,40853188,157.0,0,2026-10-08T18:07:13+05:45,2026-10-08T17:50:00+05:45,25.0,cap_25km,6,204,Mahottari,20401,Bardibas,2,2040102,14.958,,,0
RIV_222,222,Ratu River at BP Highway,Ratu,27.07,85.938,204,20401,2040103,40853188,nearest,64.6,40853188,157.0,0,2026-10-08T18:07:13+05:45,2026-10-08T17:50:00+05:45,25.0,cap_25km,7,204,Mahottari,20401,Bardibas,6,2040106,16.792,,,0
RIV_222,222,Ratu River at BP Highway,Ratu,27.07,85.938,204,20401,2040103,40853188,nearest,64.6,40853188,157.0,0,2026-10-08T18:07:13+05:45,2026-10-08T17:50:00+05:45,25.0,cap_25km,8,204,Mahottari,20401,Bardibas,7,2040107,19.68,,,0
RIV_222,222,Ratu River at BP Highway,Ratu,27.07,85.938,204,20401,2040103,40853188,nearest,64.6,40853188,157.0,0,2026-10-08T18:07:13+05:45,2026-10-08T17:50:00+05:45,25.0,cap_25km,9,204,Mahottari,20401,Bardibas,13,2040113,22.483,,,0
RIV_222,222,Ratu River at BP Highway,Ratu,27.07,85.938,204,20401,2040103,40853188,nearest,64.6,40853188,157.0,0,2026-10-08T18:07:13+05:45,2026-10-08T17:50:00+05:45,25.0,cap_25km,10,204,Mahottari,20401,Bardibas,9,2040109,23.087,Durga ma.vPashupati Nagar Patlaya Bazar,MKT_00944,1
RIV_222,222,Ratu River at BP Highway,Ratu,27.07,85.938,204,20401,2040103,40853188,nearest,64.6,40853188,157.0,0,2026-10-08T18:07:13+05:45,2026-10-08T17:50:00+05:45,25.0,cap_25km,11,204,Mahottari,20405,Bhangaha,5,2040505,24.253,,,0
RIV_225,225,Naugra Gad,Mahakali,29.694,80.613,703,70307,7030702,40698046,nearest,206.6,40698046,251.1,0,2026-10-08T18:07:13+05:45,2026-10-08T15:30:00+05:45,25.0,cap_25km,1,703,Darchula,70307,Shailyashikhar,2,7030702,0.0,,,0
RIV_225,225,Naugra Gad,Mahakali,29.694,80.613,703,70307,7030702,40698046,nearest,206.6,40698046,251.1,0,2026-10-08T18:07:13+05:45,2026-10-08T15:30:00+05:45,25.0,cap_25km,2,704,Baitadi,70401,Dilasaini,3,7040103,1.121,,,0
RIV_225,225,Naugra Gad,Mahakali,29.694,80.613,703,70307,7030702,40698046,nearest,206.6,40698046,251.1,0,2026-10-08T18:07:13+05:45,2026-10-08T15:30:00+05:45,25.0,cap_25km,3,703,Darchula,70307,Shailyashikhar,3,7030703,2.616,,,0
RIV_225,225,Naugra Gad,Mahakali,29.694,80.613,703,70307,7030702,40698046,nearest,206.6,40698046,251.1,0,2026-10-08T18:07:13+05:45,2026-10-08T15:30:00+05:45,25.0,cap_25km,4,703,Darchula,70307,Shailyashikhar,9,7030709,4.874,,,0
RIV_225,225,Naugra Gad,Mahakali,29.694,80.613,703,70307,7030702,40698046,nearest,206.6,40698046,251.1,0,2026-10-08T18:07:13+05:45,2026-10-08T15:30:00+05:45,25.0,cap_25km,5,704,Baitadi,70401,Dilasaini,5,7040105,6.049,mini gokule setigaun,MKT_00345,1
RIV_225,225,Naugra Gad,Mahakali,29.694,80.613,703,70307,7030702,40698046,nearest,206.6,40698046,251.1,0,2026-10-08T18:07:13+05:45,2026-10-08T15:30:00+05:45,25.0,cap_25km,6,704,Baitadi,70401,Dilasaini,6,7040106,11.08,,,0
RIV_225,225,Naugra Gad,Mahakali,29.694,80.613,703,70307,7030702,40698046,nearest,206.6,40698046,251.1,0,2026-10-08T18:07:13+05:45,2026-10-08T15:30:00+05:45,25.0,cap_25km,7,703,Darchula,70309,Lekam,1,7030901,11.462,,,0
RIV_225,225,Naugra Gad,Mahakali,29.694,80.613,703,70307,7030702,40698046,nearest,206.6,40698046,251.1,0,2026-10-08T18:07:13+05:45,2026-10-08T15:30:00+05:45,25.0,cap_25km,8,704,Baitadi,70402,Dogada Kedar,6,7040206,13.529,,,0
RIV_225,225,Naugra Gad,Mahakali,29.694,80.613,703,70307,7030702,40698046,nearest,206.6,40698046,251.1,0,2026-10-08T18:07:13+05:45,2026-10-08T15:30:00+05:45,25.0,cap_25km,9,703,Darchula,70309,Lekam,2,7030902,16.417,,,0
RIV_225,225,Naugra Gad,Mahakali,29.694,80.613,703,70307,7030702,40698046,nearest,206.6,40698046,251.1,0,2026-10-08T18:07:13+05:45,2026-10-08T15:30:00+05:45,25.0,cap_25km,10,704,Baitadi,70402,Dogada Kedar,5,7040205,18.511,,,0
RIV_225,225,Naugra Gad,Mahakali,29.694,80.613,703,70307,7030702,40698046,nearest,206.6,40698046,251.1,0,2026-10-08T18:07:13+05:45,2026-10-08T15:30:00+05:45,25.0,cap_25km,11,704,Baitadi,70405,Dasharathchand,6,7040506,21.041,,,0
RIV_225,225,Naugra Gad,Mahakali,29.694,80.613,703,70307,7030702,40698046,nearest,206.6,40698046,251.1,0,2026-10-08T18:07:13+05:45,2026-10-08T15:30:00+05:45,25.0,cap_25km,12,703,Darchula,70309,Lekam,3,7030903,21.54,,,0
RIV_226,226,Pathariya River,Mohana,28.501,81.049,708,70810,7081006,40757329,nearest_beyond_1km,230.8,40757329,1080.2,1,2026-10-08T18:07:13+05:45,2026-10-08T17:50:00+05:45,18.667,left_nepal,1,708,Kailali,70811,Bhajani,8,7081108,0.0,Janakpur Chowk;Godchaura Bazar;Dabbalpul Bazar Godchaura,MKT_00353;MKT_01499;MKT_01500,3
RIV_226,226,Pathariya River,Mohana,28.501,81.049,708,70810,7081006,40757329,nearest_beyond_1km,230.8,40757329,1080.2,1,2026-10-08T18:07:13+05:45,2026-10-08T17:50:00+05:45,18.667,left_nepal,2,708,Kailali,70811,Bhajani,6,7081106,0.736,Nawalpur Bazar Bhajani,MKT_01498,1
RIV_226,226,Pathariya River,Mohana,28.501,81.049,708,70810,7081006,40757329,nearest_beyond_1km,230.8,40757329,1080.2,1,2026-10-08T18:07:13+05:45,2026-10-08T17:50:00+05:45,18.667,left_nepal,3,708,Kailali,70811,Bhajani,3,7081103,6.902,"Kada bazar, bhajani;krishna clinic, kada bazar",MKT_00351;MKT_01497,2
RIV_226,226,Pathariya River,Mohana,28.501,81.049,708,70810,7081006,40757329,nearest_beyond_1km,230.8,40757329,1080.2,1,2026-10-08T18:07:13+05:45,2026-10-08T17:50:00+05:45,18.667,left_nepal,4,708,Kailali,70810,Tikapur,7,7081007,9.288,,,0
RIV_226,226,Pathariya River,Mohana,28.501,81.049,708,70810,7081006,40757329,nearest_beyond_1km,230.8,40757329,1080.2,1,2026-10-08T18:07:13+05:45,2026-10-08T17:50:00+05:45,18.667,left_nepal,5,708,Kailali,70810,Tikapur,9,7081009,12.175,,,0
RIV_226,226,Pathariya River,Mohana,28.501,81.049,708,70810,7081006,40757329,nearest_beyond_1km,230.8,40757329,1080.2,1,2026-10-08T18:07:13+05:45,2026-10-08T17:50:00+05:45,18.667,left_nepal,6,708,Kailali,70810,Tikapur,8,7081008,13.095,,,0
RIV_227,227,Jhinjhari River,West Rapti,28.159,81.775,511,51101,5110109,40781518,nearest,75.7,40781518,635.4,1,2026-10-08T18:07:13+05:45,2026-10-08T18:00:00+05:45,25.0,cap_25km,1,511,Banke,51101,Rapti Sonari,9,5110109,0.0,,,0
RIV_227,227,Jhinjhari River,West Rapti,28.159,81.775,511,51101,5110109,40781518,nearest,75.7,40781518,635.4,1,2026-10-08T18:07:13+05:45,2026-10-08T18:00:00+05:45,25.0,cap_25km,2,511,Banke,51101,Rapti Sonari,8,5110108,2.985,,,0
RIV_227,227,Jhinjhari River,West Rapti,28.159,81.775,511,51101,5110109,40781518,nearest,75.7,40781518,635.4,1,2026-10-08T18:07:13+05:45,2026-10-08T18:00:00+05:45,25.0,cap_25km,3,511,Banke,51101,Rapti Sonari,2,5110102,6.437,,,0
RIV_227,227,Jhinjhari River,West Rapti,28.159,81.775,511,51101,5110109,40781518,nearest,75.7,40781518,635.4,1,2026-10-08T18:07:13+05:45,2026-10-08T18:00:00+05:45,25.0,cap_25km,4,511,Banke,51101,Rapti Sonari,6,5110106,12.658,,,0
RIV_227,227,Jhinjhari River,West Rapti,28.159,81.775,511,51101,5110109,40781518,nearest,75.7,40781518,635.4,1,2026-10-08T18:07:13+05:45,2026-10-08T18:00:00+05:45,25.0,cap_25km,5,511,Banke,51107,Duduwa,3,5110703,15.763,,,0
RIV_227,227,Jhinjhari River,West Rapti,28.159,81.775,511,51101,5110109,40781518,nearest,75.7,40781518,635.4,1,2026-10-08T18:07:13+05:45,2026-10-08T18:00:00+05:45,25.0,cap_25km,6,511,Banke,51107,Duduwa,2,5110702,19.482,Betahani Market,MKT_00243,1
RIV_227,227,Jhinjhari River,West Rapti,28.159,81.775,511,51101,5110109,40781518,nearest,75.7,40781518,635.4,1,2026-10-08T18:07:13+05:45,2026-10-08T18:00:00+05:45,25.0,cap_25km,7,511,Banke,51101,Rapti Sonari,7,5110107,21.653,,,0
RIV_227,227,Jhinjhari River,West Rapti,28.159,81.775,511,51101,5110109,40781518,nearest,75.7,40781518,635.4,1,2026-10-08T18:07:13+05:45,2026-10-08T18:00:00+05:45,25.0,cap_25km,8,511,Banke,51107,Duduwa,1,5110701,24.895,,,0
RIV_230,230,Kailash River,Karnali,29.162,81.309,707,70706,7070611,40721956,smallest_ge_min_1km,197.1,40723156,318.9,0,2026-10-08T18:07:13+05:45,2026-10-08T17:50:00+05:45,25.0,cap_25km,1,707,Achham,70706,Mangalsen,12,7070612,0.0,,,0
RIV_230,230,Kailash River,Karnali,29.162,81.309,707,70706,7070611,40721956,smallest_ge_min_1km,197.1,40723156,318.9,0,2026-10-08T18:07:13+05:45,2026-10-08T17:50:00+05:45,25.0,cap_25km,2,707,Achham,70707,Bannigadhi Jayagadh,5,7070705,0.319,,,0
RIV_230,230,Kailash River,Karnali,29.162,81.309,707,70706,7070611,40721956,smallest_ge_min_1km,197.1,40723156,318.9,0,2026-10-08T18:07:13+05:45,2026-10-08T17:50:00+05:45,25.0,cap_25km,3,707,Achham,70706,Mangalsen,11,7070611,0.759,,,0
RIV_230,230,Kailash River,Karnali,29.162,81.309,707,70706,7070611,40721956,smallest_ge_min_1km,197.1,40723156,318.9,0,2026-10-08T18:07:13+05:45,2026-10-08T17:50:00+05:45,25.0,cap_25km,4,707,Achham,70706,Mangalsen,10,7070610,0.863,,,0
RIV_230,230,Kailash River,Karnali,29.162,81.309,707,70706,7070611,40721956,smallest_ge_min_1km,197.1,40723156,318.9,0,2026-10-08T18:07:13+05:45,2026-10-08T17:50:00+05:45,25.0,cap_25km,5,707,Achham,70706,Mangalsen,9,7070609,2.404,,,0
RIV_230,230,Kailash River,Karnali,29.162,81.309,707,70706,7070611,40721956,smallest_ge_min_1km,197.1,40723156,318.9,0,2026-10-08T18:07:13+05:45,2026-10-08T17:50:00+05:45,25.0,cap_25km,6,707,Achham,70707,Bannigadhi Jayagadh,4,7070704,3.821,,,0
RIV_230,230,Kailash River,Karnali,29.162,81.309,707,70706,7070611,40721956,smallest_ge_min_1km,197.1,40723156,318.9,0,2026-10-08T18:07:13+05:45,2026-10-08T17:50:00+05:45,25.0,cap_25km,7,707,Achham,70706,Mangalsen,4,7070604,4.95,,,0
RIV_230,230,Kailash River,Karnali,29.162,81.309,707,70706,7070611,40721956,smallest_ge_min_1km,197.1,40723156,318.9,0,2026-10-08T18:07:13+05:45,2026-10-08T17:50:00+05:45,25.0,cap_25km,8,707,Achham,70707,Bannigadhi Jayagadh,2,7070702,5.967,,,0
RIV_230,230,Kailash River,Karnali,29.162,81.309,707,70706,7070611,40721956,smallest_ge_min_1km,197.1,40723156,318.9,0,2026-10-08T18:07:13+05:45,2026-10-08T17:50:00+05:45,25.0,cap_25km,9,707,Achham,70704,Sanphebagar,8,7070408,6.217,,,0
RIV_230,230,Kailash River,Karnali,29.162,81.309,707,70706,7070611,40721956,smallest_ge_min_1km,197.1,40723156,318.9,0,2026-10-08T18:07:13+05:45,2026-10-08T17:50:00+05:45,25.0,cap_25km,10,707,Achham,70706,Mangalsen,3,7070603,8.15,,,0
RIV_230,230,Kailash River,Karnali,29.162,81.309,707,70706,7070611,40721956,smallest_ge_min_1km,197.1,40723156,318.9,0,2026-10-08T18:07:13+05:45,2026-10-08T17:50:00+05:45,25.0,cap_25km,11,707,Achham,70705,Chaurpati,4,7070504,11.306,,,0
RIV_230,230,Kailash River,Karnali,29.162,81.309,707,70706,7070611,40721956,smallest_ge_min_1km,197.1,40723156,318.9,0,2026-10-08T18:07:13+05:45,2026-10-08T17:50:00+05:45,25.0,cap_25km,12,707,Achham,70706,Mangalsen,2,7070602,14.502,,,0
RIV_230,230,Kailash River,Karnali,29.162,81.309,707,70706,7070611,40721956,smallest_ge_min_1km,197.1,40723156,318.9,0,2026-10-08T18:07:13+05:45,2026-10-08T17:50:00+05:45,25.0,cap_25km,13,707,Achham,70705,Chaurpati,1,7070501,16.376,,,0
RIV_230,230,Kailash River,Karnali,29.162,81.309,707,70706,7070611,40721956,smallest_ge_min_1km,197.1,40723156,318.9,0,2026-10-08T18:07:13+05:45,2026-10-08T17:50:00+05:45,25.0,cap_25km,14,707,Achham,70706,Mangalsen,1,7070601,21.331,,,0
RIV_230,230,Kailash River,Karnali,29.162,81.309,707,70706,7070611,40721956,smallest_ge_min_1km,197.1,40723156,318.9,0,2026-10-08T18:07:13+05:45,2026-10-08T17:50:00+05:45,25.0,cap_25km,15,706,Doti,70607,Bogatan,7,7060707,24.949,,,0
RIV_232,232,Salinadi Sankhu Telemetry,Bagmati,27.74412,85.47802,306,30601,3060105,40807947,max_upland_1km,16.0,40807947,41.8,0,2026-10-08T18:07:13+05:45,2026-10-08T17:50:00+05:45,25.0,cap_25km,1,306,Kathmandu,30601,Shankharapur,4,3060104,0.0,,,0
RIV_232,232,Salinadi Sankhu Telemetry,Bagmati,27.74412,85.47802,306,30601,3060105,40807947,max_upland_1km,16.0,40807947,41.8,0,2026-10-08T18:07:13+05:45,2026-10-08T17:50:00+05:45,25.0,cap_25km,2,306,Kathmandu,30601,Shankharapur,5,3060105,0.178,,,0
RIV_232,232,Salinadi Sankhu Telemetry,Bagmati,27.74412,85.47802,306,30601,3060105,40807947,max_upland_1km,16.0,40807947,41.8,0,2026-10-08T18:07:13+05:45,2026-10-08T17:50:00+05:45,25.0,cap_25km,3,306,Kathmandu,30601,Shankharapur,7,3060107,0.775,,,0
RIV_232,232,Salinadi Sankhu Telemetry,Bagmati,27.74412,85.47802,306,30601,3060105,40807947,max_upland_1km,16.0,40807947,41.8,0,2026-10-08T18:07:13+05:45,2026-10-08T17:50:00+05:45,25.0,cap_25km,4,306,Kathmandu,30601,Shankharapur,6,3060106,2.066,TVS Showroom;Malpot Office;[unnamed commercial landuse],MKT_00383;MKT_00634;MKT_00635,3
RIV_232,232,Salinadi Sankhu Telemetry,Bagmati,27.74412,85.47802,306,30601,3060105,40807947,max_upland_1km,16.0,40807947,41.8,0,2026-10-08T18:07:13+05:45,2026-10-08T17:50:00+05:45,25.0,cap_25km,5,307,Bhaktapur,30701,Changunarayan,5,3070105,3.062,,,0
RIV_232,232,Salinadi Sankhu Telemetry,Bagmati,27.74412,85.47802,306,30601,3060105,40807947,max_upland_1km,16.0,40807947,41.8,0,2026-10-08T18:07:13+05:45,2026-10-08T17:50:00+05:45,25.0,cap_25km,6,307,Bhaktapur,30701,Changunarayan,4,3070104,4.879,,,0
RIV_232,232,Salinadi Sankhu Telemetry,Bagmati,27.74412,85.47802,306,30601,3060105,40807947,max_upland_1km,16.0,40807947,41.8,0,2026-10-08T18:07:13+05:45,2026-10-08T17:50:00+05:45,25.0,cap_25km,7,306,Kathmandu,30601,Shankharapur,9,3060109,5.544,,,0
RIV_232,232,Salinadi Sankhu Telemetry,Bagmati,27.74412,85.47802,306,30601,3060105,40807947,max_upland_1km,16.0,40807947,41.8,0,2026-10-08T18:07:13+05:45,2026-10-08T17:50:00+05:45,25.0,cap_25km,8,306,Kathmandu,30602,Kageshwori Manahara,4,3060204,7.207,,,0
RIV_232,232,Salinadi Sankhu Telemetry,Bagmati,27.74412,85.47802,306,30601,3060105,40807947,max_upland_1km,16.0,40807947,41.8,0,2026-10-08T18:07:13+05:45,2026-10-08T17:50:00+05:45,25.0,cap_25km,9,306,Kathmandu,30602,Kageshwori Manahara,5,3060205,9.017,,,0
RIV_232,232,Salinadi Sankhu Telemetry,Bagmati,27.74412,85.47802,306,30601,3060105,40807947,max_upland_1km,16.0,40807947,41.8,0,2026-10-08T18:07:13+05:45,2026-10-08T17:50:00+05:45,25.0,cap_25km,10,306,Kathmandu,30602,Kageshwori Manahara,6,3060206,9.677,,,0
RIV_232,232,Salinadi Sankhu Telemetry,Bagmati,27.74412,85.47802,306,30601,3060105,40807947,max_upland_1km,16.0,40807947,41.8,0,2026-10-08T18:07:13+05:45,2026-10-08T17:50:00+05:45,25.0,cap_25km,11,307,Bhaktapur,30701,Changunarayan,1,3070101,10.249,,,0
RIV_232,232,Salinadi Sankhu Telemetry,Bagmati,27.74412,85.47802,306,30601,3060105,40807947,max_upland_1km,16.0,40807947,41.8,0,2026-10-08T18:07:13+05:45,2026-10-08T17:50:00+05:45,25.0,cap_25km,12,306,Kathmandu,30602,Kageshwori Manahara,7,3060207,11.294,,,0
RIV_232,232,Salinadi Sankhu Telemetry,Bagmati,27.74412,85.47802,306,30601,3060105,40807947,max_upland_1km,16.0,40807947,41.8,0,2026-10-08T18:07:13+05:45,2026-10-08T17:50:00+05:45,25.0,cap_25km,13,307,Bhaktapur,30703,Madhyapur Thimi,8,3070308,11.967,,,0
RIV_232,232,Salinadi Sankhu Telemetry,Bagmati,27.74412,85.47802,306,30601,3060105,40807947,max_upland_1km,16.0,40807947,41.8,0,2026-10-08T18:07:13+05:45,2026-10-08T17:50:00+05:45,25.0,cap_25km,14,306,Kathmandu,30602,Kageshwori Manahara,9,3060209,12.895,Vegetable market;Fruit market;[unnamed marketplace],MKT_00066;MKT_00067;MKT_00068,3
RIV_232,232,Salinadi Sankhu Telemetry,Bagmati,27.74412,85.47802,306,30601,3060105,40807947,max_upland_1km,16.0,40807947,41.8,0,2026-10-08T18:07:13+05:45,2026-10-08T17:50:00+05:45,25.0,cap_25km,15,307,Bhaktapur,30703,Madhyapur Thimi,7,3070307,13.56,bahakha bazaar;Dodal Bazaar;Big Mart;Caliber Shoes Thimi Bahakhabazar,MKT_00109;MKT_00110;MKT_00396;MKT_01087,4
RIV_232,232,Salinadi Sankhu Telemetry,Bagmati,27.74412,85.47802,306,30601,3060105,40807947,max_upland_1km,16.0,40807947,41.8,0,2026-10-08T18:07:13+05:45,2026-10-08T17:50:00+05:45,25.0,cap_25km,16,307,Bhaktapur,30703,Madhyapur Thimi,2,3070302,14.632,[unnamed marketplace];[unnamed marketplace];[unnamed marketplace];Salt Trading Corporation;UCEP (Under Privileged Chindren's Education Program);CTEVT (Council for Technical Education and Vocational Training);Petrol pump;Juice and Chaats Center,MKT_00105;MKT_00106;MKT_00107;MKT_00108;MKT_00695;MKT_00696;MKT_00697;MKT_01081,8
RIV_232,232,Salinadi Sankhu Telemetry,Bagmati,27.74412,85.47802,306,30601,3060105,40807947,max_upland_1km,16.0,40807947,41.8,0,2026-10-08T18:07:13+05:45,2026-10-08T17:50:00+05:45,25.0,cap_25km,17,306,Kathmandu,30608,Kathmandu,32,3060832,14.881,[unnamed marketplace];Pick And Save Store;SLS Suppliers;STORE;Car Workshop;[unnamed commercial landuse];[unnamed commercial landuse];Pratakchya Bazar Bewasaye Sangh;Hukka Bazar And Liquor Shop;Shree Laxmi Sweet And Chaat Pasal;Hongkong Bazar;Shree Ganesh Sweet and Chaat House;Gupta Chaat House;G.S Sweet and Chaat House;Special Panipuri Chaat Pasal;Manohara Tarkari Bazar;मनोहरा तरकारी बजार,MKT_00096;MKT_00393;MKT_00688;MKT_00689;MKT_00690;MKT_00691;MKT_00692;MKT_01059;MKT_01060;MKT_01061;MKT_01062;MKT_01063;MKT_01064;MKT_01065;MKT_01066;MKT_01067;MKT_01068,17
RIV_232,232,Salinadi Sankhu Telemetry,Bagmati,27.74412,85.47802,306,30601,3060105,40807947,max_upland_1km,16.0,40807947,41.8,0,2026-10-08T18:07:13+05:45,2026-10-08T17:50:00+05:45,25.0,cap_25km,18,307,Bhaktapur,30703,Madhyapur Thimi,1,3070301,16.27,Nibes Sweets andChaat;Srijana Sweets and Chaat House,MKT_01079;MKT_01080,2
RIV_232,232,Salinadi Sankhu Telemetry,Bagmati,27.74412,85.47802,306,30601,3060105,40807947,max_upland_1km,16.0,40807947,41.8,0,2026-10-08T18:07:13+05:45,2026-10-08T17:50:00+05:45,25.0,cap_25km,19,308,Lalitpur,30801,Mahalaxmi,3,3080103,18.587,,,0
RIV_232,232,Salinadi Sankhu Telemetry,Bagmati,27.74412,85.47802,306,30601,3060105,40807947,max_upland_1km,16.0,40807947,41.8,0,2026-10-08T18:07:13+05:45,2026-10-08T17:50:00+05:45,25.0,cap_25km,20,308,Lalitpur,30802,Lalitpur,9,3080209,20.274,Balkumari Banquet,MKT_00398,1
RIV_232,232,Salinadi Sankhu Telemetry,Bagmati,27.74412,85.47802,306,30601,3060105,40807947,max_upland_1km,16.0,40807947,41.8,0,2026-10-08T18:07:13+05:45,2026-10-08T17:50:00+05:45,25.0,cap_25km,21,306,Kathmandu,30608,Kathmandu,31,3060831,20.589,InfoTechs Nepal;NAXA,MKT_00392;MKT_00687,2
RIV_232,232,Salinadi Sankhu Telemetry,Bagmati,27.74412,85.47802,306,30601,3060105,40807947,max_upland_1km,16.0,40807947,41.8,0,2026-10-08T18:07:13+05:45,2026-10-08T17:50:00+05:45,25.0,cap_25km,22,306,Kathmandu,30608,Kathmandu,10,3060810,20.891,एक्सप्रेस मार्ट;Mini Market;Rolling Plans;Bijulibazar Stop;Bijulibazar Tol Development Committee;Haatti Gaunda Marg;Bijulibazar Marg,MKT_00081;MKT_00389;MKT_00666;MKT_01017;MKT_01018;MKT_01019;MKT_01020,7
RIV_232,232,Salinadi Sankhu Telemetry,Bagmati,27.74412,85.47802,306,30601,3060105,40807947,max_upland_1km,16.0,40807947,41.8,0,2026-10-08T18:07:13+05:45,2026-10-08T17:50:00+05:45,25.0,cap_25km,23,308,Lalitpur,30802,Lalitpur,11,3080211,21.431,[unnamed commercial landuse],MKT_00710,1
RIV_232,232,Salinadi Sankhu Telemetry,Bagmati,27.74412,85.47802,306,30601,3060105,40807947,max_upland_1km,16.0,40807947,41.8,0,2026-10-08T18:07:13+05:45,2026-10-08T17:50:00+05:45,25.0,cap_25km,24,308,Lalitpur,30802,Lalitpur,10,3080210,21.586,,,0
RIV_232,232,Salinadi Sankhu Telemetry,Bagmati,27.74412,85.47802,306,30601,3060105,40807947,max_upland_1km,16.0,40807947,41.8,0,2026-10-08T18:07:13+05:45,2026-10-08T17:50:00+05:45,25.0,cap_25km,25,306,Kathmandu,30608,Kathmandu,11,3060811,22.158,Bluebird Department Store;[unnamed commercial landuse];Nepal Food Corporation;[unnamed commercial landuse];Color Bazar;बिजुलिबजार पुल,MKT_00390;MKT_00667;MKT_00668;MKT_00669;MKT_01021;MKT_01022,6
RIV_232,232,Salinadi Sankhu Telemetry,Bagmati,27.74412,85.47802,306,30601,3060105,40807947,max_upland_1km,16.0,40807947,41.8,0,2026-10-08T18:07:13+05:45,2026-10-08T17:50:00+05:45,25.0,cap_25km,26,308,Lalitpur,30802,Lalitpur,1,3080201,22.855,,,0
RIV_232,232,Salinadi Sankhu Telemetry,Bagmati,27.74412,85.47802,306,30601,3060105,40807947,max_upland_1km,16.0,40807947,41.8,0,2026-10-08T18:07:13+05:45,2026-10-08T17:50:00+05:45,25.0,cap_25km,27,306,Kathmandu,30608,Kathmandu,12,3060812,23.789,Nepal Automobile Dealers Association,MKT_00670,1
RIV_232,232,Salinadi Sankhu Telemetry,Bagmati,27.74412,85.47802,306,30601,3060105,40807947,max_upland_1km,16.0,40807947,41.8,0,2026-10-08T18:07:13+05:45,2026-10-08T17:50:00+05:45,25.0,cap_25km,28,308,Lalitpur,30802,Lalitpur,2,3080202,24.108,Lalitpur 5A Side Fotsal,MKT_00702,1
RIV_233,233,Budhi Khola at Geruwa Intake,Karnali,28.5883,81.24846,512,51204,5120404,40754280,max_upland_1km,37.5,40754280,152.4,0,2026-10-08T18:07:13+05:45,2026-10-08T17:50:00+05:45,25.0,cap_25km,1,512,Bardiya,51204,Geruwa,4,5120404,0.0,,,0
RIV_233,233,Budhi Khola at Geruwa Intake,Karnali,28.5883,81.24846,512,51204,5120404,40754280,max_upland_1km,37.5,40754280,152.4,0,2026-10-08T18:07:13+05:45,2026-10-08T17:50:00+05:45,25.0,cap_25km,2,512,Bardiya,51204,Geruwa,1,5120401,0.009,,,0
RIV_233,233,Budhi Khola at Geruwa Intake,Karnali,28.5883,81.24846,512,51204,5120404,40754280,max_upland_1km,37.5,40754280,152.4,0,2026-10-08T18:07:13+05:45,2026-10-08T17:50:00+05:45,25.0,cap_25km,3,708,Kailali,70808,Janaki,9,7080809,0.679,Katase Bazar,MKT_00350,1
RIV_233,233,Budhi Khola at Geruwa Intake,Karnali,28.5883,81.24846,512,51204,5120404,40754280,max_upland_1km,37.5,40754280,152.4,0,2026-10-08T18:07:13+05:45,2026-10-08T17:50:00+05:45,25.0,cap_25km,4,512,Bardiya,51204,Geruwa,2,5120402,6.031,,,0
RIV_233,233,Budhi Khola at Geruwa Intake,Karnali,28.5883,81.24846,512,51204,5120404,40754280,max_upland_1km,37.5,40754280,152.4,0,2026-10-08T18:07:13+05:45,2026-10-08T17:50:00+05:45,25.0,cap_25km,5,512,Bardiya,51204,Geruwa,3,5120403,10.905,Shanti Bazaar;ग्रीन गोलोबल सेकेन्डरि स्कुल गेरुवा 3 सान्तिबजार;क्यामरिज ईंग्लिश स्कुल गेरुवा ३ सान्ति बजार,MKT_01328;MKT_01329;MKT_01330,3
RIV_233,233,Budhi Khola at Geruwa Intake,Karnali,28.5883,81.24846,512,51204,5120404,40754280,max_upland_1km,37.5,40754280,152.4,0,2026-10-08T18:07:13+05:45,2026-10-08T17:50:00+05:45,25.0,cap_25km,6,708,Kailali,70810,Tikapur,2,7081002,13.965,,,0
RIV_233,233,Budhi Khola at Geruwa Intake,Karnali,28.5883,81.24846,512,51204,5120404,40754280,max_upland_1km,37.5,40754280,152.4,0,2026-10-08T18:07:13+05:45,2026-10-08T17:50:00+05:45,25.0,cap_25km,7,512,Bardiya,51205,Rajapur,1,5120501,14.739,,,0
RIV_233,233,Budhi Khola at Geruwa Intake,Karnali,28.5883,81.24846,512,51204,5120404,40754280,max_upland_1km,37.5,40754280,152.4,0,2026-10-08T18:07:13+05:45,2026-10-08T17:50:00+05:45,25.0,cap_25km,8,708,Kailali,70810,Tikapur,5,7081005,16.538,,,0
RIV_233,233,Budhi Khola at Geruwa Intake,Karnali,28.5883,81.24846,512,51204,5120404,40754280,max_upland_1km,37.5,40754280,152.4,0,2026-10-08T18:07:13+05:45,2026-10-08T17:50:00+05:45,25.0,cap_25km,9,512,Bardiya,51205,Rajapur,3,5120503,22.298,,,0
RIV_234,234,Babai at Matera-Tulsipur,Babai,28.03487,82.30392,510,51003,5100314,40787899,nearest,499.6,40787899,131.5,0,2026-10-08T18:07:13+05:45,2026-10-08T17:50:00+05:45,25.0,cap_25km,1,510,Dang,51003,Tulsipur,14,5100314,0.0,New Life Store an Electronic Pvt. Ltd.,MKT_00420,1
RIV_234,234,Babai at Matera-Tulsipur,Babai,28.03487,82.30392,510,51003,5100314,40787899,nearest,499.6,40787899,131.5,0,2026-10-08T18:07:13+05:45,2026-10-08T17:50:00+05:45,25.0,cap_25km,2,510,Dang,51003,Tulsipur,13,5100313,2.036,,,0
RIV_234,234,Babai at Matera-Tulsipur,Babai,28.03487,82.30392,510,51003,5100314,40787899,nearest,499.6,40787899,131.5,0,2026-10-08T18:07:13+05:45,2026-10-08T17:50:00+05:45,25.0,cap_25km,3,510,Dang,51003,Tulsipur,12,5100312,3.954,,,0
RIV_234,234,Babai at Matera-Tulsipur,Babai,28.03487,82.30392,510,51003,5100314,40787899,nearest,499.6,40787899,131.5,0,2026-10-08T18:07:13+05:45,2026-10-08T17:50:00+05:45,25.0,cap_25km,4,510,Dang,51003,Tulsipur,11,5100311,5.873,,,0
RIV_234,234,Babai at Matera-Tulsipur,Babai,28.03487,82.30392,510,51003,5100314,40787899,nearest,499.6,40787899,131.5,0,2026-10-08T18:07:13+05:45,2026-10-08T17:50:00+05:45,25.0,cap_25km,5,510,Dang,51006,Dangisharan,2,5100602,9.172,,,0
RIV_234,234,Babai at Matera-Tulsipur,Babai,28.03487,82.30392,510,51003,5100314,40787899,nearest,499.6,40787899,131.5,0,2026-10-08T18:07:13+05:45,2026-10-08T17:50:00+05:45,25.0,cap_25km,6,510,Dang,51006,Dangisharan,1,5100601,12.632,,,0
RIV_234,234,Babai at Matera-Tulsipur,Babai,28.03487,82.30392,510,51003,5100314,40787899,nearest,499.6,40787899,131.5,0,2026-10-08T18:07:13+05:45,2026-10-08T17:50:00+05:45,25.0,cap_25km,7,510,Dang,51006,Dangisharan,4,5100604,15.535,,,0
RIV_234,234,Babai at Matera-Tulsipur,Babai,28.03487,82.30392,510,51003,5100314,40787899,nearest,499.6,40787899,131.5,0,2026-10-08T18:07:13+05:45,2026-10-08T17:50:00+05:45,25.0,cap_25km,8,510,Dang,51006,Dangisharan,3,5100603,17.03,,,0
RIV_234,234,Babai at Matera-Tulsipur,Babai,28.03487,82.30392,510,51003,5100314,40787899,nearest,499.6,40787899,131.5,0,2026-10-08T18:07:13+05:45,2026-10-08T17:50:00+05:45,25.0,cap_25km,9,510,Dang,51006,Dangisharan,6,5100606,18.059,,,0
RIV_234,234,Babai at Matera-Tulsipur,Babai,28.03487,82.30392,510,51003,5100314,40787899,nearest,499.6,40787899,131.5,0,2026-10-08T18:07:13+05:45,2026-10-08T17:50:00+05:45,25.0,cap_25km,10,510,Dang,51006,Dangisharan,7,5100607,19.492,,,0
RIV_234,234,Babai at Matera-Tulsipur,Babai,28.03487,82.30392,510,51003,5100314,40787899,nearest,499.6,40787899,131.5,0,2026-10-08T18:07:13+05:45,2026-10-08T17:50:00+05:45,25.0,cap_25km,11,510,Dang,51004,Shantinagar,7,5100407,21.641,,,0
RIV_234,234,Babai at Matera-Tulsipur,Babai,28.03487,82.30392,510,51003,5100314,40787899,nearest,499.6,40787899,131.5,0,2026-10-08T18:07:13+05:45,2026-10-08T17:50:00+05:45,25.0,cap_25km,12,510,Dang,51004,Shantinagar,6,5100406,21.903,,,0
RIV_234,234,Babai at Matera-Tulsipur,Babai,28.03487,82.30392,510,51003,5100314,40787899,nearest,499.6,40787899,131.5,0,2026-10-08T18:07:13+05:45,2026-10-08T17:50:00+05:45,25.0,cap_25km,13,510,Dang,51005,Babai,7,5100507,24.574,,,0
RIV_235,235,Doda (Machheli) River at East West Highway,Mahakali,28.852886,80.433658,709,70901,7090104,40738151,nearest,232.5,40738151,188.4,0,2026-10-08T18:07:13+05:45,2026-10-08T17:50:00+05:45,25.0,cap_25km,1,709,Kanchanpur,70901,Krishnapur,4,7090104,0.0,,,0
RIV_235,235,Doda (Machheli) River at East West Highway,Mahakali,28.852886,80.433658,709,70901,7090104,40738151,nearest,232.5,40738151,188.4,0,2026-10-08T18:07:13+05:45,2026-10-08T17:50:00+05:45,25.0,cap_25km,2,709,Kanchanpur,70901,Krishnapur,2,7090102,0.416,[unnamed commercial landuse],MKT_00834,1
RIV_235,235,Doda (Machheli) River at East West Highway,Mahakali,28.852886,80.433658,709,70901,7090104,40738151,nearest,232.5,40738151,188.4,0,2026-10-08T18:07:13+05:45,2026-10-08T17:50:00+05:45,25.0,cap_25km,3,709,Kanchanpur,70901,Krishnapur,3,7090103,1.441,,,0
RIV_235,235,Doda (Machheli) River at East West Highway,Mahakali,28.852886,80.433658,709,70901,7090104,40738151,nearest,232.5,40738151,188.4,0,2026-10-08T18:07:13+05:45,2026-10-08T17:50:00+05:45,25.0,cap_25km,4,709,Kanchanpur,70906,Laljhadi,5,7090605,2.556,,,0
RIV_235,235,Doda (Machheli) River at East West Highway,Mahakali,28.852886,80.433658,709,70901,7090104,40738151,nearest,232.5,40738151,188.4,0,2026-10-08T18:07:13+05:45,2026-10-08T17:50:00+05:45,25.0,cap_25km,5,709,Kanchanpur,70906,Laljhadi,4,7090604,2.699,,,0
RIV_235,235,Doda (Machheli) River at East West Highway,Mahakali,28.852886,80.433658,709,70901,7090104,40738151,nearest,232.5,40738151,188.4,0,2026-10-08T18:07:13+05:45,2026-10-08T17:50:00+05:45,25.0,cap_25km,6,709,Kanchanpur,70902,Shuklaphanta,12,7090212,8.609,,,0
RIV_235,235,Doda (Machheli) River at East West Highway,Mahakali,28.852886,80.433658,709,70901,7090104,40738151,nearest,232.5,40738151,188.4,0,2026-10-08T18:07:13+05:45,2026-10-08T17:50:00+05:45,25.0,cap_25km,7,709,Kanchanpur,70906,Laljhadi,3,7090603,13.182,,,0
RIV_235,235,Doda (Machheli) River at East West Highway,Mahakali,28.852886,80.433658,709,70901,7090104,40738151,nearest,232.5,40738151,188.4,0,2026-10-08T18:07:13+05:45,2026-10-08T17:50:00+05:45,25.0,cap_25km,8,709,Kanchanpur,70908,Belouri,5,7090805,18.442,,,0
RIV_235,235,Doda (Machheli) River at East West Highway,Mahakali,28.852886,80.433658,709,70901,7090104,40738151,nearest,232.5,40738151,188.4,0,2026-10-08T18:07:13+05:45,2026-10-08T17:50:00+05:45,25.0,cap_25km,9,709,Kanchanpur,70906,Laljhadi,2,7090602,19.565,,,0
RIV_235,235,Doda (Machheli) River at East West Highway,Mahakali,28.852886,80.433658,709,70901,7090104,40738151,nearest,232.5,40738151,188.4,0,2026-10-08T18:07:13+05:45,2026-10-08T17:50:00+05:45,25.0,cap_25km,10,709,Kanchanpur,70907,Punarbas,1,7090701,23.122,,,0
RIV_235,235,Doda (Machheli) River at East West Highway,Mahakali,28.852886,80.433658,709,70901,7090104,40738151,nearest,232.5,40738151,188.4,0,2026-10-08T18:07:13+05:45,2026-10-08T17:50:00+05:45,25.0,cap_25km,11,709,Kanchanpur,70908,Belouri,4,7090804,24.986,,,0
RIV_236,236,Driga Khola at Tinpatan Bridge,Kamala,27.1636,86.0116,311,31103,3110303,40846060,smallest_ge_min_1km,81.7,40844742,971.6,1,2026-10-08T18:07:13+05:45,2026-10-08T17:50:00+05:45,25.0,cap_25km,1,311,Sindhuli,31103,Tinpatan,3,3110303,0.0,,,0
RIV_236,236,Driga Khola at Tinpatan Bridge,Kamala,27.1636,86.0116,311,31103,3110303,40846060,smallest_ge_min_1km,81.7,40844742,971.6,1,2026-10-08T18:07:13+05:45,2026-10-08T17:50:00+05:45,25.0,cap_25km,2,311,Sindhuli,31103,Tinpatan,1,3110301,0.629,,,0
RIV_236,236,Driga Khola at Tinpatan Bridge,Kamala,27.1636,86.0116,311,31103,3110303,40846060,smallest_ge_min_1km,81.7,40844742,971.6,1,2026-10-08T18:07:13+05:45,2026-10-08T17:50:00+05:45,25.0,cap_25km,3,311,Sindhuli,31105,Kamalamai,10,3110510,4.631,,,0
RIV_236,236,Driga Khola at Tinpatan Bridge,Kamala,27.1636,86.0116,311,31103,3110303,40846060,smallest_ge_min_1km,81.7,40844742,971.6,1,2026-10-08T18:07:13+05:45,2026-10-08T17:50:00+05:45,25.0,cap_25km,4,311,Sindhuli,31105,Kamalamai,13,3110513,9.482,,,0
RIV_236,236,Driga Khola at Tinpatan Bridge,Kamala,27.1636,86.0116,311,31103,3110303,40846060,smallest_ge_min_1km,81.7,40844742,971.6,1,2026-10-08T18:07:13+05:45,2026-10-08T17:50:00+05:45,25.0,cap_25km,5,311,Sindhuli,31105,Kamalamai,14,3110514,16.005,,,0
RIV_236,236,Driga Khola at Tinpatan Bridge,Kamala,27.1636,86.0116,311,31103,3110303,40846060,smallest_ge_min_1km,81.7,40844742,971.6,1,2026-10-08T18:07:13+05:45,2026-10-08T17:50:00+05:45,25.0,cap_25km,6,311,Sindhuli,31101,Dudhouli,2,3110102,21.196,,,0
RIV_236,236,Driga Khola at Tinpatan Bridge,Kamala,27.1636,86.0116,311,31103,3110303,40846060,smallest_ge_min_1km,81.7,40844742,971.6,1,2026-10-08T18:07:13+05:45,2026-10-08T17:50:00+05:45,25.0,cap_25km,7,311,Sindhuli,31101,Dudhouli,3,3110103,21.622,,,0
RIV_237,237,Dudhkoshi at Jayaramghat Bridge,Koshi,27.176729,86.473535,104,10408,1040806,40845520,nearest,4081.7,40845520,235.8,0,2026-10-08T18:07:13+05:45,2026-10-08T17:50:00+05:45,25.0,cap_25km,1,105,Khotang,10504,Halesi Tuwachung,1,1050401,0.0,,,0
RIV_237,237,Dudhkoshi at Jayaramghat Bridge,Koshi,27.176729,86.473535,104,10408,1040806,40845520,nearest,4081.7,40845520,235.8,0,2026-10-08T18:07:13+05:45,2026-10-08T17:50:00+05:45,25.0,cap_25km,2,104,Okhaldhunga,10408,Manebhanjyang,6,1040806,0.953,,,0
RIV_237,237,Dudhkoshi at Jayaramghat Bridge,Koshi,27.176729,86.473535,104,10408,1040806,40845520,nearest,4081.7,40845520,235.8,0,2026-10-08T18:07:13+05:45,2026-10-08T17:50:00+05:45,25.0,cap_25km,3,114,Udaya Pur,11407,Katari,14,1140714,5.534,,,0
RIV_237,237,Dudhkoshi at Jayaramghat Bridge,Koshi,27.176729,86.473535,104,10408,1040806,40845520,nearest,4081.7,40845520,235.8,0,2026-10-08T18:07:13+05:45,2026-10-08T17:50:00+05:45,25.0,cap_25km,4,114,Udaya Pur,11407,Katari,10,1140710,7.691,,,0
RIV_237,237,Dudhkoshi at Jayaramghat Bridge,Koshi,27.176729,86.473535,104,10408,1040806,40845520,nearest,4081.7,40845520,235.8,0,2026-10-08T18:07:13+05:45,2026-10-08T17:50:00+05:45,25.0,cap_25km,5,105,Khotang,10504,Halesi Tuwachung,2,1050402,8.891,,,0
RIV_237,237,Dudhkoshi at Jayaramghat Bridge,Koshi,27.176729,86.473535,104,10408,1040806,40845520,nearest,4081.7,40845520,235.8,0,2026-10-08T18:07:13+05:45,2026-10-08T17:50:00+05:45,25.0,cap_25km,6,114,Udaya Pur,11406,Tapli,5,1140605,16.337,,,0
RIV_237,237,Dudhkoshi at Jayaramghat Bridge,Koshi,27.176729,86.473535,104,10408,1040806,40845520,nearest,4081.7,40845520,235.8,0,2026-10-08T18:07:13+05:45,2026-10-08T17:50:00+05:45,25.0,cap_25km,7,105,Khotang,10504,Halesi Tuwachung,3,1050403,21.256,,,0
RIV_237,237,Dudhkoshi at Jayaramghat Bridge,Koshi,27.176729,86.473535,104,10408,1040806,40845520,nearest,4081.7,40845520,235.8,0,2026-10-08T18:07:13+05:45,2026-10-08T17:50:00+05:45,25.0,cap_25km,8,114,Udaya Pur,11406,Tapli,4,1140604,22.401,,,0
RIV_238,238,Rawa Khola at Simle Dovan DS,Koshi,27.320958,86.763448,105,10502,1050207,40834118,nearest,324.9,40834118,60.8,0,2026-10-08T18:07:13+05:45,2026-10-08T16:40:00+05:45,25.0,cap_25km,1,105,Khotang,10502,Aiselukharka,7,1050207,0.0,Helicopter Landing Pad,MKT_00427,1
RIV_238,238,Rawa Khola at Simle Dovan DS,Koshi,27.320958,86.763448,105,10502,1050207,40834118,nearest,324.9,40834118,60.8,0,2026-10-08T18:07:13+05:45,2026-10-08T16:40:00+05:45,25.0,cap_25km,2,105,Khotang,10505,Rupakot Majhuwagadhi,12,1050512,0.491,,,0
RIV_238,238,Rawa Khola at Simle Dovan DS,Koshi,27.320958,86.763448,105,10502,1050207,40834118,nearest,324.9,40834118,60.8,0,2026-10-08T18:07:13+05:45,2026-10-08T16:40:00+05:45,25.0,cap_25km,3,105,Khotang,10503,Lamidanda,6,1050306,1.458,,,0
RIV_238,238,Rawa Khola at Simle Dovan DS,Koshi,27.320958,86.763448,105,10502,1050207,40834118,nearest,324.9,40834118,60.8,0,2026-10-08T18:07:13+05:45,2026-10-08T16:40:00+05:45,25.0,cap_25km,4,105,Khotang,10503,Lamidanda,5,1050305,2.422,,,0
RIV_238,238,Rawa Khola at Simle Dovan DS,Koshi,27.320958,86.763448,105,10502,1050207,40834118,nearest,324.9,40834118,60.8,0,2026-10-08T18:07:13+05:45,2026-10-08T16:40:00+05:45,25.0,cap_25km,5,105,Khotang,10503,Lamidanda,1,1050301,4.999,,,0
RIV_238,238,Rawa Khola at Simle Dovan DS,Koshi,27.320958,86.763448,105,10502,1050207,40834118,nearest,324.9,40834118,60.8,0,2026-10-08T18:07:13+05:45,2026-10-08T16:40:00+05:45,25.0,cap_25km,6,105,Khotang,10503,Lamidanda,4,1050304,5.395,,,0
RIV_238,238,Rawa Khola at Simle Dovan DS,Koshi,27.320958,86.763448,105,10502,1050207,40834118,nearest,324.9,40834118,60.8,0,2026-10-08T18:07:13+05:45,2026-10-08T16:40:00+05:45,25.0,cap_25km,7,105,Khotang,10503,Lamidanda,2,1050302,7.55,,,0
RIV_238,238,Rawa Khola at Simle Dovan DS,Koshi,27.320958,86.763448,105,10502,1050207,40834118,nearest,324.9,40834118,60.8,0,2026-10-08T18:07:13+05:45,2026-10-08T16:40:00+05:45,25.0,cap_25km,8,105,Khotang,10503,Lamidanda,3,1050303,10.996,,,0
RIV_238,238,Rawa Khola at Simle Dovan DS,Koshi,27.320958,86.763448,105,10502,1050207,40834118,nearest,324.9,40834118,60.8,0,2026-10-08T18:07:13+05:45,2026-10-08T16:40:00+05:45,25.0,cap_25km,9,104,Okhaldhunga,10401,Chishankhu Gadhi,3,1040103,12.244,,,0
RIV_238,238,Rawa Khola at Simle Dovan DS,Koshi,27.320958,86.763448,105,10502,1050207,40834118,nearest,324.9,40834118,60.8,0,2026-10-08T18:07:13+05:45,2026-10-08T16:40:00+05:45,25.0,cap_25km,10,104,Okhaldhunga,10401,Chishankhu Gadhi,6,1040106,13.289,,,0
RIV_238,238,Rawa Khola at Simle Dovan DS,Koshi,27.320958,86.763448,105,10502,1050207,40834118,nearest,324.9,40834118,60.8,0,2026-10-08T18:07:13+05:45,2026-10-08T16:40:00+05:45,25.0,cap_25km,11,104,Okhaldhunga,10402,Siddhicharan,1,1040201,16.908,,,0
RIV_238,238,Rawa Khola at Simle Dovan DS,Koshi,27.320958,86.763448,105,10502,1050207,40834118,nearest,324.9,40834118,60.8,0,2026-10-08T18:07:13+05:45,2026-10-08T16:40:00+05:45,25.0,cap_25km,12,105,Khotang,10504,Halesi Tuwachung,9,1050409,19.467,,,0
RIV_238,238,Rawa Khola at Simle Dovan DS,Koshi,27.320958,86.763448,105,10502,1050207,40834118,nearest,324.9,40834118,60.8,0,2026-10-08T18:07:13+05:45,2026-10-08T16:40:00+05:45,25.0,cap_25km,13,105,Khotang,10504,Halesi Tuwachung,6,1050406,23.872,,,0
RIV_239,239,Dhungad River (258),Karnali,29.382413,80.769669,704,70410,7041005,40711981,nearest,125.6,40711981,129.4,0,2026-10-08T18:07:13+05:45,2026-10-08T17:50:00+05:45,25.0,cap_25km,1,705,Dadeldhura,70501,Nawadurga,5,7050105,0.0,,,0
RIV_239,239,Dhungad River (258),Karnali,29.382413,80.769669,704,70410,7041005,40711981,nearest,125.6,40711981,129.4,0,2026-10-08T18:07:13+05:45,2026-10-08T17:50:00+05:45,25.0,cap_25km,2,704,Baitadi,70410,Sigas,5,7041005,0.281,,,0
RIV_239,239,Dhungad River (258),Karnali,29.382413,80.769669,704,70410,7041005,40711981,nearest,125.6,40711981,129.4,0,2026-10-08T18:07:13+05:45,2026-10-08T17:50:00+05:45,25.0,cap_25km,3,706,Doti,70603,Aadarsha,5,7060305,2.688,,,0
RIV_239,239,Dhungad River (258),Karnali,29.382413,80.769669,704,70410,7041005,40711981,nearest,125.6,40711981,129.4,0,2026-10-08T18:07:13+05:45,2026-10-08T17:50:00+05:45,25.0,cap_25km,4,705,Dadeldhura,70501,Nawadurga,4,7050104,4.686,,,0
RIV_239,239,Dhungad River (258),Karnali,29.382413,80.769669,704,70410,7041005,40711981,nearest,125.6,40711981,129.4,0,2026-10-08T18:07:13+05:45,2026-10-08T17:50:00+05:45,25.0,cap_25km,5,706,Doti,70604,Shikhar,11,7060411,5.301,,,0
RIV_239,239,Dhungad River (258),Karnali,29.382413,80.769669,704,70410,7041005,40711981,nearest,125.6,40711981,129.4,0,2026-10-08T18:07:13+05:45,2026-10-08T17:50:00+05:45,25.0,cap_25km,6,706,Doti,70604,Shikhar,10,7060410,12.879,,,0
RIV_239,239,Dhungad River (258),Karnali,29.382413,80.769669,704,70410,7041005,40711981,nearest,125.6,40711981,129.4,0,2026-10-08T18:07:13+05:45,2026-10-08T17:50:00+05:45,25.0,cap_25km,7,706,Doti,70604,Shikhar,8,7060408,17.256,,,0
RIV_239,239,Dhungad River (258),Karnali,29.382413,80.769669,704,70410,7041005,40711981,nearest,125.6,40711981,129.4,0,2026-10-08T18:07:13+05:45,2026-10-08T17:50:00+05:45,25.0,cap_25km,8,706,Doti,70605,Dipayal Silgadhi,1,7060501,20.862,,,0
RIV_239,239,Dhungad River (258),Karnali,29.382413,80.769669,704,70410,7041005,40711981,nearest,125.6,40711981,129.4,0,2026-10-08T18:07:13+05:45,2026-10-08T17:50:00+05:45,25.0,cap_25km,9,706,Doti,70604,Shikhar,6,7060406,22.01,,,0
RIV_241,241,Jamadi Gad,Mahakali,29.64,80.5121,704,70402,7040206,40700452,nearest,230.9,40700452,46.3,0,2026-10-08T18:07:13+05:45,2026-10-08T18:00:00+05:45,25.0,cap_25km,1,704,Baitadi,70402,Dogada Kedar,6,7040206,0.0,,,0
RIV_241,241,Jamadi Gad,Mahakali,29.64,80.5121,704,70402,7040206,40700452,nearest,230.9,40700452,46.3,0,2026-10-08T18:07:13+05:45,2026-10-08T18:00:00+05:45,25.0,cap_25km,2,704,Baitadi,70401,Dilasaini,6,7040106,0.265,,,0
RIV_241,241,Jamadi Gad,Mahakali,29.64,80.5121,704,70402,7040206,40700452,nearest,230.9,40700452,46.3,0,2026-10-08T18:07:13+05:45,2026-10-08T18:00:00+05:45,25.0,cap_25km,3,703,Darchula,70309,Lekam,1,7030901,0.734,,,0
RIV_241,241,Jamadi Gad,Mahakali,29.64,80.5121,704,70402,7040206,40700452,nearest,230.9,40700452,46.3,0,2026-10-08T18:07:13+05:45,2026-10-08T18:00:00+05:45,25.0,cap_25km,4,703,Darchula,70309,Lekam,2,7030902,3.584,,,0
RIV_241,241,Jamadi Gad,Mahakali,29.64,80.5121,704,70402,7040206,40700452,nearest,230.9,40700452,46.3,0,2026-10-08T18:07:13+05:45,2026-10-08T18:00:00+05:45,25.0,cap_25km,5,704,Baitadi,70402,Dogada Kedar,5,7040205,5.678,,,0
RIV_241,241,Jamadi Gad,Mahakali,29.64,80.5121,704,70402,7040206,40700452,nearest,230.9,40700452,46.3,0,2026-10-08T18:07:13+05:45,2026-10-08T18:00:00+05:45,25.0,cap_25km,6,704,Baitadi,70405,Dasharathchand,6,7040506,8.208,,,0
RIV_241,241,Jamadi Gad,Mahakali,29.64,80.5121,704,70402,7040206,40700452,nearest,230.9,40700452,46.3,0,2026-10-08T18:07:13+05:45,2026-10-08T18:00:00+05:45,25.0,cap_25km,7,703,Darchula,70309,Lekam,3,7030903,8.707,,,0
RIV_241,241,Jamadi Gad,Mahakali,29.64,80.5121,704,70402,7040206,40700452,nearest,230.9,40700452,46.3,0,2026-10-08T18:07:13+05:45,2026-10-08T18:00:00+05:45,25.0,cap_25km,8,704,Baitadi,70405,Dasharathchand,8,7040508,16.45,,,0
RIV_241,241,Jamadi Gad,Mahakali,29.64,80.5121,704,70402,7040206,40700452,nearest,230.9,40700452,46.3,0,2026-10-08T18:07:13+05:45,2026-10-08T18:00:00+05:45,25.0,cap_25km,9,704,Baitadi,70405,Dasharathchand,10,7040510,19.5,,,0
RIV_246,246,Lal Bakiya Khola at Jureli Bazar,Lalbakaiya,27.336303,85.194048,312,31209,3120905,40834106,nearest,84.2,40834106,29.5,0,2026-10-08T18:07:13+05:45,2026-10-08T18:00:00+05:45,25.0,cap_25km,1,312,Makwanpur,31209,Bakaiya,5,3120905,0.0,,,0
RIV_246,246,Lal Bakiya Khola at Jureli Bazar,Lalbakaiya,27.336303,85.194048,312,31209,3120905,40834106,nearest,84.2,40834106,29.5,0,2026-10-08T18:07:13+05:45,2026-10-08T18:00:00+05:45,25.0,cap_25km,2,312,Makwanpur,31209,Bakaiya,4,3120904,0.357,,,0
RIV_246,246,Lal Bakiya Khola at Jureli Bazar,Lalbakaiya,27.336303,85.194048,312,31209,3120905,40834106,nearest,84.2,40834106,29.5,0,2026-10-08T18:07:13+05:45,2026-10-08T18:00:00+05:45,25.0,cap_25km,3,312,Makwanpur,31209,Bakaiya,7,3120907,2.836,,,0
RIV_246,246,Lal Bakiya Khola at Jureli Bazar,Lalbakaiya,27.336303,85.194048,312,31209,3120905,40834106,nearest,84.2,40834106,29.5,0,2026-10-08T18:07:13+05:45,2026-10-08T18:00:00+05:45,25.0,cap_25km,4,312,Makwanpur,31209,Bakaiya,6,3120906,4.738,,,0
RIV_246,246,Lal Bakiya Khola at Jureli Bazar,Lalbakaiya,27.336303,85.194048,312,31209,3120905,40834106,nearest,84.2,40834106,29.5,0,2026-10-08T18:07:13+05:45,2026-10-08T18:00:00+05:45,25.0,cap_25km,5,312,Makwanpur,31209,Bakaiya,1,3120901,10.376,,,0
RIV_246,246,Lal Bakiya Khola at Jureli Bazar,Lalbakaiya,27.336303,85.194048,312,31209,3120905,40834106,nearest,84.2,40834106,29.5,0,2026-10-08T18:07:13+05:45,2026-10-08T18:00:00+05:45,25.0,cap_25km,6,207,Bara,20701,Nijagadh,4,2070104,12.298,,,0
RIV_246,246,Lal Bakiya Khola at Jureli Bazar,Lalbakaiya,27.336303,85.194048,312,31209,3120905,40834106,nearest,84.2,40834106,29.5,0,2026-10-08T18:07:13+05:45,2026-10-08T18:00:00+05:45,25.0,cap_25km,7,207,Bara,20701,Nijagadh,8,2070108,19.013,[unnamed commercial landuse],MKT_00595,1
RIV_246,246,Lal Bakiya Khola at Jureli Bazar,Lalbakaiya,27.336303,85.194048,312,31209,3120905,40834106,nearest,84.2,40834106,29.5,0,2026-10-08T18:07:13+05:45,2026-10-08T18:00:00+05:45,25.0,cap_25km,8,207,Bara,20702,Kolhabi,2,2070202,21.228,,,0
RIV_246,246,Lal Bakiya Khola at Jureli Bazar,Lalbakaiya,27.336303,85.194048,312,31209,3120905,40834106,nearest,84.2,40834106,29.5,0,2026-10-08T18:07:13+05:45,2026-10-08T18:00:00+05:45,25.0,cap_25km,9,207,Bara,20701,Nijagadh,9,2070109,24.173,,,0
RIV_246,246,Lal Bakiya Khola at Jureli Bazar,Lalbakaiya,27.336303,85.194048,312,31209,3120905,40834106,nearest,84.2,40834106,29.5,0,2026-10-08T18:07:13+05:45,2026-10-08T18:00:00+05:45,25.0,cap_25km,10,207,Bara,20701,Nijagadh,3,2070103,24.343,,,0
RIV_247,247,Rara Daha at Nizar-outlet,Karnali,29.538,82.064,602,60202,6020209,40706385,nearest_beyond_1km,25.6,40706385,2291.6,1,2026-10-08T18:07:13+05:45,2026-10-08T17:40:00+05:45,25.0,cap_25km,1,602,Mugu,60202,Chhayanath Rara,9,6020209,0.0,,,0
RIV_247,247,Rara Daha at Nizar-outlet,Karnali,29.538,82.064,602,60202,6020209,40706385,nearest_beyond_1km,25.6,40706385,2291.6,1,2026-10-08T18:07:13+05:45,2026-10-08T17:40:00+05:45,25.0,cap_25km,2,602,Mugu,60203,Soru,8,6020308,3.413,Badiya Mela;Tarapani Bajar,MKT_00260;MKT_00261,2
RIV_247,247,Rara Daha at Nizar-outlet,Karnali,29.538,82.064,602,60202,6020209,40706385,nearest_beyond_1km,25.6,40706385,2291.6,1,2026-10-08T18:07:13+05:45,2026-10-08T17:40:00+05:45,25.0,cap_25km,3,602,Mugu,60204,Khatyad,1,6020401,5.224,,,0
RIV_247,247,Rara Daha at Nizar-outlet,Karnali,29.538,82.064,602,60202,6020209,40706385,nearest_beyond_1km,25.6,40706385,2291.6,1,2026-10-08T18:07:13+05:45,2026-10-08T17:40:00+05:45,25.0,cap_25km,4,602,Mugu,60204,Khatyad,2,6020402,10.619,,,0
RIV_247,247,Rara Daha at Nizar-outlet,Karnali,29.538,82.064,602,60202,6020209,40706385,nearest_beyond_1km,25.6,40706385,2291.6,1,2026-10-08T18:07:13+05:45,2026-10-08T17:40:00+05:45,25.0,cap_25km,5,602,Mugu,60204,Khatyad,3,6020403,12.173,,,0
RIV_247,247,Rara Daha at Nizar-outlet,Karnali,29.538,82.064,602,60202,6020209,40706385,nearest_beyond_1km,25.6,40706385,2291.6,1,2026-10-08T18:07:13+05:45,2026-10-08T17:40:00+05:45,25.0,cap_25km,6,602,Mugu,60204,Khatyad,4,6020404,16.198,Gumtha Bazar;Talibazar;Talibagar Bazaar;Talibagar Bazar to Birabagar;Kerai to Talibagar Bazaar;Talibagar Bazaar to Juika,MKT_00262;MKT_01376;MKT_01377;MKT_01378;MKT_01379;MKT_01380,6
RIV_247,247,Rara Daha at Nizar-outlet,Karnali,29.538,82.064,602,60202,6020209,40706385,nearest_beyond_1km,25.6,40706385,2291.6,1,2026-10-08T18:07:13+05:45,2026-10-08T17:40:00+05:45,25.0,cap_25km,7,602,Mugu,60204,Khatyad,7,6020407,16.749,Gumtha Bazar,MKT_00264,1
RIV_247,247,Rara Daha at Nizar-outlet,Karnali,29.538,82.064,602,60202,6020209,40706385,nearest_beyond_1km,25.6,40706385,2291.6,1,2026-10-08T18:07:13+05:45,2026-10-08T17:40:00+05:45,25.0,cap_25km,8,602,Mugu,60204,Khatyad,6,6020406,20.159,Talibagar Bazar to Birabagar,MKT_01381,1
RIV_247,247,Rara Daha at Nizar-outlet,Karnali,29.538,82.064,602,60202,6020209,40706385,nearest_beyond_1km,25.6,40706385,2291.6,1,2026-10-08T18:07:13+05:45,2026-10-08T17:40:00+05:45,25.0,cap_25km,9,602,Mugu,60204,Khatyad,11,6020411,22.57,,,0
RIV_247,247,Rara Daha at Nizar-outlet,Karnali,29.538,82.064,602,60202,6020209,40706385,nearest_beyond_1km,25.6,40706385,2291.6,1,2026-10-08T18:07:13+05:45,2026-10-08T17:40:00+05:45,25.0,cap_25km,10,602,Mugu,60204,Khatyad,9,6020409,23.663,,,0
RIV_248,248,Chadaha Khola at  Belghari,Kamala,27.138,86.024,311,31103,3110301,40846060,nearest,81.7,40846060,107.4,0,2026-10-08T18:07:13+05:45,2026-10-08T17:50:00+05:45,25.0,cap_25km,1,311,Sindhuli,31103,Tinpatan,1,3110301,0.0,,,0
RIV_248,248,Chadaha Khola at  Belghari,Kamala,27.138,86.024,311,31103,3110301,40846060,nearest,81.7,40846060,107.4,0,2026-10-08T18:07:13+05:45,2026-10-08T17:50:00+05:45,25.0,cap_25km,2,311,Sindhuli,31105,Kamalamai,10,3110510,1.724,,,0
RIV_248,248,Chadaha Khola at  Belghari,Kamala,27.138,86.024,311,31103,3110301,40846060,nearest,81.7,40846060,107.4,0,2026-10-08T18:07:13+05:45,2026-10-08T17:50:00+05:45,25.0,cap_25km,3,311,Sindhuli,31105,Kamalamai,13,3110513,6.575,,,0
RIV_248,248,Chadaha Khola at  Belghari,Kamala,27.138,86.024,311,31103,3110301,40846060,nearest,81.7,40846060,107.4,0,2026-10-08T18:07:13+05:45,2026-10-08T17:50:00+05:45,25.0,cap_25km,4,311,Sindhuli,31105,Kamalamai,14,3110514,13.098,,,0
RIV_248,248,Chadaha Khola at  Belghari,Kamala,27.138,86.024,311,31103,3110301,40846060,nearest,81.7,40846060,107.4,0,2026-10-08T18:07:13+05:45,2026-10-08T17:50:00+05:45,25.0,cap_25km,5,311,Sindhuli,31101,Dudhouli,2,3110102,18.288,,,0
RIV_248,248,Chadaha Khola at  Belghari,Kamala,27.138,86.024,311,31103,3110301,40846060,nearest,81.7,40846060,107.4,0,2026-10-08T18:07:13+05:45,2026-10-08T17:50:00+05:45,25.0,cap_25km,6,311,Sindhuli,31101,Dudhouli,3,3110103,18.715,,,0
RIV_248,248,Chadaha Khola at  Belghari,Kamala,27.138,86.024,311,31103,3110301,40846060,nearest,81.7,40846060,107.4,0,2026-10-08T18:07:13+05:45,2026-10-08T17:50:00+05:45,25.0,cap_25km,7,311,Sindhuli,31101,Dudhouli,1,3110101,24.668,,,0
RIV_249,249,Bauligad River,Mahakali,29.557,81.1964,702,70206,7020609,40704172,nearest,211.6,40704172,56.1,0,2026-10-08T18:07:13+05:45,2026-10-08T17:50:00+05:45,25.0,cap_25km,1,702,Bajhang,70206,Jayaprithbi,10,7020610,0.0,,,0
RIV_249,249,Bauligad River,Mahakali,29.557,81.1964,702,70206,7020609,40704172,nearest,211.6,40704172,56.1,0,2026-10-08T18:07:13+05:45,2026-10-08T17:50:00+05:45,25.0,cap_25km,2,702,Bajhang,70206,Jayaprithbi,11,7020611,0.301,,,0
RIV_249,249,Bauligad River,Mahakali,29.557,81.1964,702,70206,7020609,40704172,nearest,211.6,40704172,56.1,0,2026-10-08T18:07:13+05:45,2026-10-08T17:50:00+05:45,25.0,cap_25km,3,702,Bajhang,70206,Jayaprithbi,3,7020603,0.554,,,0
RIV_249,249,Bauligad River,Mahakali,29.557,81.1964,702,70206,7020609,40704172,nearest,211.6,40704172,56.1,0,2026-10-08T18:07:13+05:45,2026-10-08T17:50:00+05:45,25.0,cap_25km,4,702,Bajhang,70206,Jayaprithbi,5,7020605,1.584,,,0
RIV_249,249,Bauligad River,Mahakali,29.557,81.1964,702,70206,7020609,40704172,nearest,211.6,40704172,56.1,0,2026-10-08T18:07:13+05:45,2026-10-08T17:50:00+05:45,25.0,cap_25km,5,702,Bajhang,70206,Jayaprithbi,9,7020609,2.278,,,0
RIV_249,249,Bauligad River,Mahakali,29.557,81.1964,702,70206,7020609,40704172,nearest,211.6,40704172,56.1,0,2026-10-08T18:07:13+05:45,2026-10-08T17:50:00+05:45,25.0,cap_25km,6,702,Bajhang,70206,Jayaprithbi,6,7020606,5.483,,,0
RIV_249,249,Bauligad River,Mahakali,29.557,81.1964,702,70206,7020609,40704172,nearest,211.6,40704172,56.1,0,2026-10-08T18:07:13+05:45,2026-10-08T17:50:00+05:45,25.0,cap_25km,7,702,Bajhang,70206,Jayaprithbi,7,7020607,7.423,,,0
RIV_249,249,Bauligad River,Mahakali,29.557,81.1964,702,70206,7020609,40704172,nearest,211.6,40704172,56.1,0,2026-10-08T18:07:13+05:45,2026-10-08T17:50:00+05:45,25.0,cap_25km,8,702,Bajhang,70212,Khaptad Chhanna,2,7021202,10.346,,,0
RIV_249,249,Bauligad River,Mahakali,29.557,81.1964,702,70206,7020609,40704172,nearest,211.6,40704172,56.1,0,2026-10-08T18:07:13+05:45,2026-10-08T17:50:00+05:45,25.0,cap_25km,9,702,Bajhang,70211,Thalara,9,7021109,10.817,,,0
RIV_249,249,Bauligad River,Mahakali,29.557,81.1964,702,70206,7020609,40704172,nearest,211.6,40704172,56.1,0,2026-10-08T18:07:13+05:45,2026-10-08T17:50:00+05:45,25.0,cap_25km,10,702,Bajhang,70207,Chhabis Pathibhara,1,7020701,11.142,,,0
RIV_249,249,Bauligad River,Mahakali,29.557,81.1964,702,70206,7020609,40704172,nearest,211.6,40704172,56.1,0,2026-10-08T18:07:13+05:45,2026-10-08T17:50:00+05:45,25.0,cap_25km,11,702,Bajhang,70208,Durgathali,2,7020802,18.787,,,0
RIV_249,249,Bauligad River,Mahakali,29.557,81.1964,702,70206,7020609,40704172,nearest,211.6,40704172,56.1,0,2026-10-08T18:07:13+05:45,2026-10-08T17:50:00+05:45,25.0,cap_25km,12,702,Bajhang,70211,Thalara,6,7021106,21.42,थलारा कलेक्सन सेन्टर,MKT_00344,1
RIV_249,249,Bauligad River,Mahakali,29.557,81.1964,702,70206,7020609,40704172,nearest,211.6,40704172,56.1,0,2026-10-08T18:07:13+05:45,2026-10-08T17:50:00+05:45,25.0,cap_25km,13,702,Bajhang,70211,Thalara,3,7021103,23.356,,,0
RIV_249,249,Bauligad River,Mahakali,29.557,81.1964,702,70206,7020609,40704172,nearest,211.6,40704172,56.1,0,2026-10-08T18:07:13+05:45,2026-10-08T17:50:00+05:45,25.0,cap_25km,14,702,Bajhang,70209,Kedarsyun,9,7020909,24.511,,,0
RIV_250,250,Karai River,Karnali,28.5739207,81.6671437,610,61006,6100613,40754526,nearest,76.1,40754526,193.1,0,2026-10-08T18:07:13+05:45,2026-10-08T17:50:00+05:45,25.0,cap_25km,1,610,Surkhet,61006,Birendranagar,13,6100613,0.0,,,0
RIV_250,250,Karai River,Karnali,28.5739207,81.6671437,610,61006,6100613,40754526,nearest,76.1,40754526,193.1,0,2026-10-08T18:07:13+05:45,2026-10-08T17:50:00+05:45,25.0,cap_25km,2,610,Surkhet,61003,Lekabeshi,9,6100309,0.038,,,0
RIV_250,250,Karai River,Karnali,28.5739207,81.6671437,610,61006,6100613,40754526,nearest,76.1,40754526,193.1,0,2026-10-08T18:07:13+05:45,2026-10-08T17:50:00+05:45,25.0,cap_25km,3,610,Surkhet,61006,Birendranagar,11,6100611,1.133,,,0
RIV_250,250,Karai River,Karnali,28.5739207,81.6671437,610,61006,6100613,40754526,nearest,76.1,40754526,193.1,0,2026-10-08T18:07:13+05:45,2026-10-08T17:50:00+05:45,25.0,cap_25km,4,610,Surkhet,61005,Bheriganga,13,6100513,8.061,,,0
RIV_250,250,Karai River,Karnali,28.5739207,81.6671437,610,61006,6100613,40754526,nearest,76.1,40754526,193.1,0,2026-10-08T18:07:13+05:45,2026-10-08T17:50:00+05:45,25.0,cap_25km,5,610,Surkhet,61006,Birendranagar,10,6100610,9.963,,,0
RIV_250,250,Karai River,Karnali,28.5739207,81.6671437,610,61006,6100613,40754526,nearest,76.1,40754526,193.1,0,2026-10-08T18:07:13+05:45,2026-10-08T17:50:00+05:45,25.0,cap_25km,6,610,Surkhet,61005,Bheriganga,2,6100502,10.961,,,0
RIV_250,250,Karai River,Karnali,28.5739207,81.6671437,610,61006,6100613,40754526,nearest,76.1,40754526,193.1,0,2026-10-08T18:07:13+05:45,2026-10-08T17:50:00+05:45,25.0,cap_25km,7,610,Surkhet,61006,Birendranagar,9,6100609,12.64,,,0
RIV_250,250,Karai River,Karnali,28.5739207,81.6671437,610,61006,6100613,40754526,nearest,76.1,40754526,193.1,0,2026-10-08T18:07:13+05:45,2026-10-08T17:50:00+05:45,25.0,cap_25km,8,610,Surkhet,61005,Bheriganga,1,6100501,15.124,,,0
RIV_250,250,Karai River,Karnali,28.5739207,81.6671437,610,61006,6100613,40754526,nearest,76.1,40754526,193.1,0,2026-10-08T18:07:13+05:45,2026-10-08T17:50:00+05:45,25.0,cap_25km,9,610,Surkhet,61006,Birendranagar,2,6100602,24.399,,,0
RIV_251,251,Kothi river at Lavani,Tinau,27.499586,83.2289809,508,50813,5081311,40824515,nearest,166.7,40824515,187.7,0,2026-10-08T18:07:13+05:45,2026-10-08T18:00:00+05:45,19.354,left_nepal,1,509,Kapilbastu,50910,Shuddhodhan,3,5091003,0.0,,,0
RIV_251,251,Kothi river at Lavani,Tinau,27.499586,83.2289809,508,50813,5081311,40824515,nearest,166.7,40824515,187.7,0,2026-10-08T18:07:13+05:45,2026-10-08T18:00:00+05:45,19.354,left_nepal,2,508,Rupandehi,50813,Lumbini Sanskritik,11,5081311,0.313,,,0
RIV_251,251,Kothi river at Lavani,Tinau,27.499586,83.2289809,508,50813,5081311,40824515,nearest,166.7,40824515,187.7,0,2026-10-08T18:07:13+05:45,2026-10-08T18:00:00+05:45,19.354,left_nepal,3,508,Rupandehi,50813,Lumbini Sanskritik,5,5081305,0.783,,,0
RIV_251,251,Kothi river at Lavani,Tinau,27.499586,83.2289809,508,50813,5081311,40824515,nearest,166.7,40824515,187.7,0,2026-10-08T18:07:13+05:45,2026-10-08T18:00:00+05:45,19.354,left_nepal,4,508,Rupandehi,50813,Lumbini Sanskritik,4,5081304,2.67,,,0
RIV_251,251,Kothi river at Lavani,Tinau,27.499586,83.2289809,508,50813,5081311,40824515,nearest,166.7,40824515,187.7,0,2026-10-08T18:07:13+05:45,2026-10-08T18:00:00+05:45,19.354,left_nepal,5,509,Kapilbastu,50910,Shuddhodhan,4,5091004,3.146,,,0
RIV_251,251,Kothi river at Lavani,Tinau,27.499586,83.2289809,508,50813,5081311,40824515,nearest,166.7,40824515,187.7,0,2026-10-08T18:07:13+05:45,2026-10-08T18:00:00+05:45,19.354,left_nepal,6,509,Kapilbastu,50910,Shuddhodhan,5,5091005,7.62,,,0
RIV_251,251,Kothi river at Lavani,Tinau,27.499586,83.2289809,508,50813,5081311,40824515,nearest,166.7,40824515,187.7,0,2026-10-08T18:07:13+05:45,2026-10-08T18:00:00+05:45,19.354,left_nepal,7,508,Rupandehi,50813,Lumbini Sanskritik,13,5081313,8.868,,,0
RIV_252,252,Rangsing Khola at Tinkunne,West Rapti,27.8021273,82.7863605,505,50506,5050608,40802375,nearest,144.3,40802375,66.4,0,2026-10-08T18:07:13+05:45,2026-10-08T18:00:00+05:45,25.0,cap_25km,1,505,Arghakhanchi,50506,Shitaganga,8,5050608,0.0,,,0
RIV_252,252,Rangsing Khola at Tinkunne,West Rapti,27.8021273,82.7863605,505,50506,5050608,40802375,nearest,144.3,40802375,66.4,0,2026-10-08T18:07:13+05:45,2026-10-08T18:00:00+05:45,25.0,cap_25km,2,510,Dang,51009,Gadhawa,1,5100901,0.599,,,0
RIV_252,252,Rangsing Khola at Tinkunne,West Rapti,27.8021273,82.7863605,505,50506,5050608,40802375,nearest,144.3,40802375,66.4,0,2026-10-08T18:07:13+05:45,2026-10-08T18:00:00+05:45,25.0,cap_25km,3,510,Dang,51008,Rapti,1,5100801,4.891,,,0
RIV_252,252,Rangsing Khola at Tinkunne,West Rapti,27.8021273,82.7863605,505,50506,5050608,40802375,nearest,144.3,40802375,66.4,0,2026-10-08T18:07:13+05:45,2026-10-08T18:00:00+05:45,25.0,cap_25km,4,510,Dang,51008,Rapti,2,5100802,5.061,,,0
RIV_252,252,Rangsing Khola at Tinkunne,West Rapti,27.8021273,82.7863605,505,50506,5050608,40802375,nearest,144.3,40802375,66.4,0,2026-10-08T18:07:13+05:45,2026-10-08T18:00:00+05:45,25.0,cap_25km,5,510,Dang,51008,Rapti,3,5100803,6.748,[unnamed commercial landuse],MKT_00816,1
RIV_252,252,Rangsing Khola at Tinkunne,West Rapti,27.8021273,82.7863605,505,50506,5050608,40802375,nearest,144.3,40802375,66.4,0,2026-10-08T18:07:13+05:45,2026-10-08T18:00:00+05:45,25.0,cap_25km,6,510,Dang,51008,Rapti,7,5100807,13.001,,,0
RIV_252,252,Rangsing Khola at Tinkunne,West Rapti,27.8021273,82.7863605,505,50506,5050608,40802375,nearest,144.3,40802375,66.4,0,2026-10-08T18:07:13+05:45,2026-10-08T18:00:00+05:45,25.0,cap_25km,7,510,Dang,51008,Rapti,6,5100806,17.187,पथ्थरगढवा  बजार,MKT_00229,1
RIV_252,252,Rangsing Khola at Tinkunne,West Rapti,27.8021273,82.7863605,505,50506,5050608,40802375,nearest,144.3,40802375,66.4,0,2026-10-08T18:07:13+05:45,2026-10-08T18:00:00+05:45,25.0,cap_25km,8,510,Dang,51009,Gadhawa,4,5100904,21.462,,,0
RIV_252,252,Rangsing Khola at Tinkunne,West Rapti,27.8021273,82.7863605,505,50506,5050608,40802375,nearest,144.3,40802375,66.4,0,2026-10-08T18:07:13+05:45,2026-10-08T18:00:00+05:45,25.0,cap_25km,9,510,Dang,51009,Gadhawa,5,5100905,24.059,,,0
RIV_254,254,Langur Khola,Karnali,29.5,81.129,702,70211,7021109,40707706,nearest,158.3,40707706,219.0,0,2026-10-08T18:07:13+05:45,2026-10-08T18:00:00+05:45,25.0,cap_25km,1,702,Bajhang,70211,Thalara,9,7021109,0.0,,,0
RIV_254,254,Langur Khola,Karnali,29.5,81.129,702,70211,7021109,40707706,nearest,158.3,40707706,219.0,0,2026-10-08T18:07:13+05:45,2026-10-08T18:00:00+05:45,25.0,cap_25km,2,702,Bajhang,70212,Khaptad Chhanna,2,7021202,0.19,,,0
RIV_254,254,Langur Khola,Karnali,29.5,81.129,702,70211,7021109,40707706,nearest,158.3,40707706,219.0,0,2026-10-08T18:07:13+05:45,2026-10-08T18:00:00+05:45,25.0,cap_25km,3,702,Bajhang,70207,Chhabis Pathibhara,1,7020701,0.677,,,0
RIV_254,254,Langur Khola,Karnali,29.5,81.129,702,70211,7021109,40707706,nearest,158.3,40707706,219.0,0,2026-10-08T18:07:13+05:45,2026-10-08T18:00:00+05:45,25.0,cap_25km,4,702,Bajhang,70208,Durgathali,2,7020802,8.321,,,0
RIV_254,254,Langur Khola,Karnali,29.5,81.129,702,70211,7021109,40707706,nearest,158.3,40707706,219.0,0,2026-10-08T18:07:13+05:45,2026-10-08T18:00:00+05:45,25.0,cap_25km,5,702,Bajhang,70211,Thalara,6,7021106,10.954,थलारा कलेक्सन सेन्टर,MKT_00344,1
RIV_254,254,Langur Khola,Karnali,29.5,81.129,702,70211,7021109,40707706,nearest,158.3,40707706,219.0,0,2026-10-08T18:07:13+05:45,2026-10-08T18:00:00+05:45,25.0,cap_25km,6,702,Bajhang,70211,Thalara,3,7021103,12.891,,,0
RIV_254,254,Langur Khola,Karnali,29.5,81.129,702,70211,7021109,40707706,nearest,158.3,40707706,219.0,0,2026-10-08T18:07:13+05:45,2026-10-08T18:00:00+05:45,25.0,cap_25km,7,702,Bajhang,70209,Kedarsyun,9,7020909,14.046,,,0
RIV_254,254,Langur Khola,Karnali,29.5,81.129,702,70211,7021109,40707706,nearest,158.3,40707706,219.0,0,2026-10-08T18:07:13+05:45,2026-10-08T18:00:00+05:45,25.0,cap_25km,8,702,Bajhang,70211,Thalara,4,7021104,16.373,,,0
RIV_254,254,Langur Khola,Karnali,29.5,81.129,702,70211,7021109,40707706,nearest,158.3,40707706,219.0,0,2026-10-08T18:07:13+05:45,2026-10-08T18:00:00+05:45,25.0,cap_25km,9,702,Bajhang,70209,Kedarsyun,1,7020901,16.97,,,0
RIV_254,254,Langur Khola,Karnali,29.5,81.129,702,70211,7021109,40707706,nearest,158.3,40707706,219.0,0,2026-10-08T18:07:13+05:45,2026-10-08T18:00:00+05:45,25.0,cap_25km,10,702,Bajhang,70211,Thalara,2,7021102,20.516,,,0
RIV_254,254,Langur Khola,Karnali,29.5,81.129,702,70211,7021109,40707706,nearest,158.3,40707706,219.0,0,2026-10-08T18:07:13+05:45,2026-10-08T18:00:00+05:45,25.0,cap_25km,11,702,Bajhang,70211,Thalara,1,7021101,21.561,,,0
RIV_255,255,Nalgad at Raulakhet,Bheri,28.961434,82.246942,607,60701,6070103,40732627,nearest,213.8,40732627,95.2,0,2026-10-08T18:07:13+05:45,2026-10-08T17:20:00+05:45,25.0,cap_25km,1,607,Jajarkot,60701,Barekot,5,6070105,0.0,,,0
RIV_255,255,Nalgad at Raulakhet,Bheri,28.961434,82.246942,607,60701,6070103,40732627,nearest,213.8,40732627,95.2,0,2026-10-08T18:07:13+05:45,2026-10-08T17:20:00+05:45,25.0,cap_25km,2,607,Jajarkot,60701,Barekot,2,6070102,0.799,,,0
RIV_255,255,Nalgad at Raulakhet,Bheri,28.961434,82.246942,607,60701,6070103,40732627,nearest,213.8,40732627,95.2,0,2026-10-08T18:07:13+05:45,2026-10-08T17:20:00+05:45,25.0,cap_25km,3,607,Jajarkot,60701,Barekot,1,6070101,2.424,,,0
RIV_255,255,Nalgad at Raulakhet,Bheri,28.961434,82.246942,607,60701,6070103,40732627,nearest,213.8,40732627,95.2,0,2026-10-08T18:07:13+05:45,2026-10-08T17:20:00+05:45,25.0,cap_25km,4,607,Jajarkot,60701,Barekot,7,6070107,5.062,,,0
RIV_255,255,Nalgad at Raulakhet,Bheri,28.961434,82.246942,607,60701,6070103,40732627,nearest,213.8,40732627,95.2,0,2026-10-08T18:07:13+05:45,2026-10-08T17:20:00+05:45,25.0,cap_25km,5,607,Jajarkot,60701,Barekot,9,6070109,6.178,,,0
RIV_255,255,Nalgad at Raulakhet,Bheri,28.961434,82.246942,607,60701,6070103,40732627,nearest,213.8,40732627,95.2,0,2026-10-08T18:07:13+05:45,2026-10-08T17:20:00+05:45,25.0,cap_25km,6,607,Jajarkot,60701,Barekot,8,6070108,7.747,,,0
RIV_255,255,Nalgad at Raulakhet,Bheri,28.961434,82.246942,607,60701,6070103,40732627,nearest,213.8,40732627,95.2,0,2026-10-08T18:07:13+05:45,2026-10-08T17:20:00+05:45,25.0,cap_25km,7,607,Jajarkot,60707,Tribeni Nalagad,5,6070705,13.772,कालिमटी बजार,MKT_01444,1
RIV_255,255,Nalgad at Raulakhet,Bheri,28.961434,82.246942,607,60701,6070103,40732627,nearest,213.8,40732627,95.2,0,2026-10-08T18:07:13+05:45,2026-10-08T17:20:00+05:45,25.0,cap_25km,8,607,Jajarkot,60707,Tribeni Nalagad,8,6070708,16.005,,,0
RIV_255,255,Nalgad at Raulakhet,Bheri,28.961434,82.246942,607,60701,6070103,40732627,nearest,213.8,40732627,95.2,0,2026-10-08T18:07:13+05:45,2026-10-08T17:20:00+05:45,25.0,cap_25km,9,607,Jajarkot,60707,Tribeni Nalagad,7,6070707,18.745,,,0
RIV_255,255,Nalgad at Raulakhet,Bheri,28.961434,82.246942,607,60701,6070103,40732627,nearest,213.8,40732627,95.2,0,2026-10-08T18:07:13+05:45,2026-10-08T17:20:00+05:45,25.0,cap_25km,10,608,Rukum West,60801,Aathabisakot,11,6080111,23.105,,,0
RIV_255,255,Nalgad at Raulakhet,Bheri,28.961434,82.246942,607,60701,6070103,40732627,nearest,213.8,40732627,95.2,0,2026-10-08T18:07:13+05:45,2026-10-08T17:20:00+05:45,25.0,cap_25km,11,607,Jajarkot,60707,Tribeni Nalagad,1,6070701,24.376,,,0
RIV_256,256,Thuli Bheri at Tripurakot,Bheri,29.0172,82.7921,601,60105,6010501,40729945,nearest,4150.8,40729945,70.8,0,2026-10-08T18:07:13+05:45,2026-10-08T18:00:00+05:45,25.0,cap_25km,1,601,Dolpa,60105,Tripurasundari,3,6010503,0.0,,,0
RIV_256,256,Thuli Bheri at Tripurakot,Bheri,29.0172,82.7921,601,60105,6010501,40729945,nearest,4150.8,40729945,70.8,0,2026-10-08T18:07:13+05:45,2026-10-08T18:00:00+05:45,25.0,cap_25km,2,601,Dolpa,60105,Tripurasundari,1,6010501,0.844,,,0
RIV_256,256,Thuli Bheri at Tripurakot,Bheri,29.0172,82.7921,601,60105,6010501,40729945,nearest,4150.8,40729945,70.8,0,2026-10-08T18:07:13+05:45,2026-10-08T18:00:00+05:45,25.0,cap_25km,3,601,Dolpa,60105,Tripurasundari,6,6010506,2.245,Khadang Bajar,MKT_00247,1
RIV_256,256,Thuli Bheri at Tripurakot,Bheri,29.0172,82.7921,601,60105,6010501,40729945,nearest,4150.8,40729945,70.8,0,2026-10-08T18:07:13+05:45,2026-10-08T18:00:00+05:45,25.0,cap_25km,4,601,Dolpa,60105,Tripurasundari,4,6010504,2.949,,,0
RIV_256,256,Thuli Bheri at Tripurakot,Bheri,29.0172,82.7921,601,60105,6010501,40729945,nearest,4150.8,40729945,70.8,0,2026-10-08T18:07:13+05:45,2026-10-08T18:00:00+05:45,25.0,cap_25km,5,601,Dolpa,60105,Tripurasundari,5,6010505,12.117,,,0
RIV_256,256,Thuli Bheri at Tripurakot,Bheri,29.0172,82.7921,601,60105,6010501,40729945,nearest,4150.8,40729945,70.8,0,2026-10-08T18:07:13+05:45,2026-10-08T18:00:00+05:45,25.0,cap_25km,6,601,Dolpa,60104,Mudkechula,1,6010401,18.835,,,0
RIV_256,256,Thuli Bheri at Tripurakot,Bheri,29.0172,82.7921,601,60105,6010501,40729945,nearest,4150.8,40729945,70.8,0,2026-10-08T18:07:13+05:45,2026-10-08T18:00:00+05:45,25.0,cap_25km,7,608,Rukum West,60801,Aathabisakot,6,6080106,20.365,खोलि बजार,MKT_01445,1
RIV_260,260,Sailigad River(259.1),,29.359068,80.839582,706,70603,7060303,40712734,smallest_ge_min_1km,170.2,40713146,150.1,0,2026-10-08T18:07:13+05:45,2026-10-08T18:00:00+05:45,25.0,cap_25km,1,706,Doti,70603,Aadarsha,6,7060306,0.0,,,0
RIV_260,260,Sailigad River(259.1),,29.359068,80.839582,706,70603,7060303,40712734,smallest_ge_min_1km,170.2,40713146,150.1,0,2026-10-08T18:07:13+05:45,2026-10-08T18:00:00+05:45,25.0,cap_25km,2,706,Doti,70603,Aadarsha,5,7060305,0.873,,,0
RIV_260,260,Sailigad River(259.1),,29.359068,80.839582,706,70603,7060303,40712734,smallest_ge_min_1km,170.2,40713146,150.1,0,2026-10-08T18:07:13+05:45,2026-10-08T18:00:00+05:45,25.0,cap_25km,3,705,Dadeldhura,70501,Nawadurga,5,7050105,6.606,,,0
RIV_260,260,Sailigad River(259.1),,29.359068,80.839582,706,70603,7060303,40712734,smallest_ge_min_1km,170.2,40713146,150.1,0,2026-10-08T18:07:13+05:45,2026-10-08T18:00:00+05:45,25.0,cap_25km,4,705,Dadeldhura,70501,Nawadurga,4,7050104,7.714,,,0
RIV_260,260,Sailigad River(259.1),,29.359068,80.839582,706,70603,7060303,40712734,smallest_ge_min_1km,170.2,40713146,150.1,0,2026-10-08T18:07:13+05:45,2026-10-08T18:00:00+05:45,25.0,cap_25km,5,706,Doti,70604,Shikhar,11,7060411,8.33,,,0
RIV_260,260,Sailigad River(259.1),,29.359068,80.839582,706,70603,7060303,40712734,smallest_ge_min_1km,170.2,40713146,150.1,0,2026-10-08T18:07:13+05:45,2026-10-08T18:00:00+05:45,25.0,cap_25km,6,706,Doti,70604,Shikhar,10,7060410,15.908,,,0
RIV_260,260,Sailigad River(259.1),,29.359068,80.839582,706,70603,7060303,40712734,smallest_ge_min_1km,170.2,40713146,150.1,0,2026-10-08T18:07:13+05:45,2026-10-08T18:00:00+05:45,25.0,cap_25km,7,706,Doti,70604,Shikhar,8,7060408,20.285,,,0
RIV_260,260,Sailigad River(259.1),,29.359068,80.839582,706,70603,7060303,40712734,smallest_ge_min_1km,170.2,40713146,150.1,0,2026-10-08T18:07:13+05:45,2026-10-08T18:00:00+05:45,25.0,cap_25km,8,706,Doti,70605,Dipayal Silgadhi,1,7060501,23.89,,,0
RIV_262,262,Humla Karnali at Simikot,Karnali,29.943636,81.848762,603,60303,6030303,40686951,nearest,5694.0,40686951,12.7,0,2026-10-08T18:07:13+05:45,2026-10-08T17:50:00+05:45,25.0,cap_25km,1,603,Humla,60303,Simkot,3,6030303,0.0,,,0
RIV_262,262,Humla Karnali at Simikot,Karnali,29.943636,81.848762,603,60303,6030303,40686951,nearest,5694.0,40686951,12.7,0,2026-10-08T18:07:13+05:45,2026-10-08T17:50:00+05:45,25.0,cap_25km,2,603,Humla,60302,Kharpunath,5,6030205,0.168,"Yanchu Bazaar, Kharpunath;Kharpunath Bazar;Yanchu bazar;Bokchegauda",MKT_00267;MKT_00268;MKT_00269;MKT_00270,4
RIV_262,262,Humla Karnali at Simikot,Karnali,29.943636,81.848762,603,60303,6030303,40686951,nearest,5694.0,40686951,12.7,0,2026-10-08T18:07:13+05:45,2026-10-08T17:50:00+05:45,25.0,cap_25km,3,603,Humla,60302,Kharpunath,4,6030204,2.695,,,0
RIV_262,262,Humla Karnali at Simikot,Karnali,29.943636,81.848762,603,60303,6030303,40686951,nearest,5694.0,40686951,12.7,0,2026-10-08T18:07:13+05:45,2026-10-08T17:50:00+05:45,25.0,cap_25km,4,603,Humla,60302,Kharpunath,3,6030203,6.555,,,0
RIV_262,262,Humla Karnali at Simikot,Karnali,29.943636,81.848762,603,60303,6030303,40686951,nearest,5694.0,40686951,12.7,0,2026-10-08T18:07:13+05:45,2026-10-08T17:50:00+05:45,25.0,cap_25km,5,603,Humla,60302,Kharpunath,1,6030201,7.91,Sunakhada,MKT_00266,1
RIV_262,262,Humla Karnali at Simikot,Karnali,29.943636,81.848762,603,60303,6030303,40686951,nearest,5694.0,40686951,12.7,0,2026-10-08T18:07:13+05:45,2026-10-08T17:50:00+05:45,25.0,cap_25km,6,603,Humla,60302,Kharpunath,2,6030202,12.431,,,0
RIV_262,262,Humla Karnali at Simikot,Karnali,29.943636,81.848762,603,60303,6030303,40686951,nearest,5694.0,40686951,12.7,0,2026-10-08T18:07:13+05:45,2026-10-08T17:50:00+05:45,25.0,cap_25km,7,603,Humla,60305,Sarkegad,6,6030506,18.371,,,0
RIV_262,262,Humla Karnali at Simikot,Karnali,29.943636,81.848762,603,60303,6030303,40686951,nearest,5694.0,40686951,12.7,0,2026-10-08T18:07:13+05:45,2026-10-08T17:50:00+05:45,25.0,cap_25km,8,603,Humla,60305,Sarkegad,3,6030503,19.523,Kolte;Jilu,MKT_00282;MKT_00283,2
RIV_262,262,Humla Karnali at Simikot,Karnali,29.943636,81.848762,603,60303,6030303,40686951,nearest,5694.0,40686951,12.7,0,2026-10-08T18:07:13+05:45,2026-10-08T17:50:00+05:45,25.0,cap_25km,9,603,Humla,60305,Sarkegad,2,6030502,21.306,,,0
RIV_263,263,Marsyangdi River at Dharapani,Narayani,28.516186,84.358769,402,40204,4020403,40756362,smallest_ge_min_1km,1716.7,40756829,763.5,1,2026-10-08T18:07:13+05:45,2026-10-08T17:50:00+05:45,25.0,cap_25km,1,402,Manang,40204,Nashong,5,4020405,0.0,,,0
RIV_263,263,Marsyangdi River at Dharapani,Narayani,28.516186,84.358769,402,40204,4020403,40756362,smallest_ge_min_1km,1716.7,40756829,763.5,1,2026-10-08T18:07:13+05:45,2026-10-08T17:50:00+05:45,25.0,cap_25km,2,402,Manang,40204,Nashong,2,4020402,1.032,,,0
RIV_263,263,Marsyangdi River at Dharapani,Narayani,28.516186,84.358769,402,40204,4020403,40756362,smallest_ge_min_1km,1716.7,40756829,763.5,1,2026-10-08T18:07:13+05:45,2026-10-08T17:50:00+05:45,25.0,cap_25km,3,402,Manang,40204,Nashong,1,4020401,4.002,,,0
RIV_263,263,Marsyangdi River at Dharapani,Narayani,28.516186,84.358769,402,40204,4020403,40756362,smallest_ge_min_1km,1716.7,40756829,763.5,1,2026-10-08T18:07:13+05:45,2026-10-08T17:50:00+05:45,25.0,cap_25km,4,406,Lamjung,40602,Marshyangdi,5,4060205,8.097,,,0
RIV_263,263,Marsyangdi River at Dharapani,Narayani,28.516186,84.358769,402,40204,4020403,40756362,smallest_ge_min_1km,1716.7,40756829,763.5,1,2026-10-08T18:07:13+05:45,2026-10-08T17:50:00+05:45,25.0,cap_25km,5,406,Lamjung,40602,Marshyangdi,4,4060204,16.237,,,0
RIV_263,263,Marsyangdi River at Dharapani,Narayani,28.516186,84.358769,402,40204,4020403,40756362,smallest_ge_min_1km,1716.7,40756829,763.5,1,2026-10-08T18:07:13+05:45,2026-10-08T17:50:00+05:45,25.0,cap_25km,6,406,Lamjung,40602,Marshyangdi,6,4060206,22.125,,,0
RIV_263,263,Marsyangdi River at Dharapani,Narayani,28.516186,84.358769,402,40204,4020403,40756362,smallest_ge_min_1km,1716.7,40756829,763.5,1,2026-10-08T18:07:13+05:45,2026-10-08T17:50:00+05:45,25.0,cap_25km,7,406,Lamjung,40602,Marshyangdi,3,4060203,24.0,,,0
RIV_264,264,Pathariya River at Janakinagar,Mohana Basin,28.582077,81.064201,708,70809,7080905,40753538,max_upland_1km,49.0,40753538,37.5,0,2026-10-08T18:07:13+05:45,2026-10-08T18:00:00+05:45,25.0,cap_25km,1,708,Kailali,70809,Joshipur,5,7080905,0.0,,,0
RIV_264,264,Pathariya River at Janakinagar,Mohana Basin,28.582077,81.064201,708,70809,7080905,40753538,max_upland_1km,49.0,40753538,37.5,0,2026-10-08T18:07:13+05:45,2026-10-08T18:00:00+05:45,25.0,cap_25km,2,708,Kailali,70808,Janaki,2,7080802,0.11,,,0
RIV_264,264,Pathariya River at Janakinagar,Mohana Basin,28.582077,81.064201,708,70809,7080905,40753538,max_upland_1km,49.0,40753538,37.5,0,2026-10-08T18:07:13+05:45,2026-10-08T18:00:00+05:45,25.0,cap_25km,3,708,Kailali,70808,Janaki,4,7080804,2.119,,,0
RIV_264,264,Pathariya River at Janakinagar,Mohana Basin,28.582077,81.064201,708,70809,7080905,40753538,max_upland_1km,49.0,40753538,37.5,0,2026-10-08T18:07:13+05:45,2026-10-08T18:00:00+05:45,25.0,cap_25km,4,708,Kailali,70809,Joshipur,4,7080904,3.723,,,0
RIV_264,264,Pathariya River at Janakinagar,Mohana Basin,28.582077,81.064201,708,70809,7080905,40753538,max_upland_1km,49.0,40753538,37.5,0,2026-10-08T18:07:13+05:45,2026-10-08T18:00:00+05:45,25.0,cap_25km,5,708,Kailali,70808,Janaki,7,7080807,5.991,,,0
RIV_264,264,Pathariya River at Janakinagar,Mohana Basin,28.582077,81.064201,708,70809,7080905,40753538,max_upland_1km,49.0,40753538,37.5,0,2026-10-08T18:07:13+05:45,2026-10-08T18:00:00+05:45,25.0,cap_25km,6,708,Kailali,70810,Tikapur,3,7081003,8.717,,,0
RIV_264,264,Pathariya River at Janakinagar,Mohana Basin,28.582077,81.064201,708,70809,7080905,40753538,max_upland_1km,49.0,40753538,37.5,0,2026-10-08T18:07:13+05:45,2026-10-08T18:00:00+05:45,25.0,cap_25km,7,708,Kailali,70811,Bhajani,8,7081108,10.593,Janakpur Chowk;Godchaura Bazar;Dabbalpul Bazar Godchaura,MKT_00353;MKT_01499;MKT_01500,3
RIV_264,264,Pathariya River at Janakinagar,Mohana Basin,28.582077,81.064201,708,70809,7080905,40753538,max_upland_1km,49.0,40753538,37.5,0,2026-10-08T18:07:13+05:45,2026-10-08T18:00:00+05:45,25.0,cap_25km,8,708,Kailali,70811,Bhajani,6,7081106,11.674,Nawalpur Bazar Bhajani,MKT_01498,1
RIV_264,264,Pathariya River at Janakinagar,Mohana Basin,28.582077,81.064201,708,70809,7080905,40753538,max_upland_1km,49.0,40753538,37.5,0,2026-10-08T18:07:13+05:45,2026-10-08T18:00:00+05:45,25.0,cap_25km,9,708,Kailali,70811,Bhajani,3,7081103,17.839,"Kada bazar, bhajani;krishna clinic, kada bazar",MKT_00351;MKT_01497,2
RIV_264,264,Pathariya River at Janakinagar,Mohana Basin,28.582077,81.064201,708,70809,7080905,40753538,max_upland_1km,49.0,40753538,37.5,0,2026-10-08T18:07:13+05:45,2026-10-08T18:00:00+05:45,25.0,cap_25km,10,708,Kailali,70810,Tikapur,7,7081007,20.225,,,0
RIV_264,264,Pathariya River at Janakinagar,Mohana Basin,28.582077,81.064201,708,70809,7080905,40753538,max_upland_1km,49.0,40753538,37.5,0,2026-10-08T18:07:13+05:45,2026-10-08T18:00:00+05:45,25.0,cap_25km,11,708,Kailali,70810,Tikapur,9,7081009,23.113,,,0
RIV_264,264,Pathariya River at Janakinagar,Mohana Basin,28.582077,81.064201,708,70809,7080905,40753538,max_upland_1km,49.0,40753538,37.5,0,2026-10-08T18:07:13+05:45,2026-10-08T18:00:00+05:45,25.0,cap_25km,12,708,Kailali,70810,Tikapur,8,7081008,24.033,,,0
RIV_265,265,Jogbudha at Mayapuri,Mahakali,28.927377,80.070136,709,70905,7090503,40735222,nearest,235.4,40735222,183.0,0,2026-10-08T18:07:13+05:45,2026-10-08T17:50:00+05:45,20.864,left_nepal,1,709,Kanchanpur,70905,Mahakali,3,7090503,0.0,,,0
RIV_265,265,Jogbudha at Mayapuri,Mahakali,28.927377,80.070136,709,70905,7090503,40735222,nearest,235.4,40735222,183.0,0,2026-10-08T18:07:13+05:45,2026-10-08T17:50:00+05:45,20.864,left_nepal,2,709,Kanchanpur,70905,Mahakali,2,7090502,0.155,,,0
RIV_265,265,Jogbudha at Mayapuri,Mahakali,28.927377,80.070136,709,70905,7090503,40735222,nearest,235.4,40735222,183.0,0,2026-10-08T18:07:13+05:45,2026-10-08T17:50:00+05:45,20.864,left_nepal,3,709,Kanchanpur,70905,Mahakali,7,7090507,6.208,बाबाथान बजार;चक्की बजार दोधारा,MKT_01506;MKT_01507,2
RIV_265,265,Jogbudha at Mayapuri,Mahakali,28.927377,80.070136,709,70905,7090503,40735222,nearest,235.4,40735222,183.0,0,2026-10-08T18:07:13+05:45,2026-10-08T17:50:00+05:45,20.864,left_nepal,4,709,Kanchanpur,70905,Mahakali,8,7090508,11.224,,,0
RIV_265,265,Jogbudha at Mayapuri,Mahakali,28.927377,80.070136,709,70905,7090503,40735222,nearest,235.4,40735222,183.0,0,2026-10-08T18:07:13+05:45,2026-10-08T17:50:00+05:45,20.864,left_nepal,5,709,Kanchanpur,70905,Mahakali,10,7090510,12.562,,,0
RIV_266,266,Kandha River at Mudhabazar,Mohana,28.66261,81.02406,708,70806,7080601,40752610,nearest,103.9,40752610,112.2,0,2026-10-08T18:07:13+05:45,2026-10-08T18:00:00+05:45,25.0,cap_25km,1,708,Kailali,70806,Bardagoriya,4,7080604,0.0,,,0
RIV_266,266,Kandha River at Mudhabazar,Mohana,28.66261,81.02406,708,70806,7080601,40752610,nearest,103.9,40752610,112.2,0,2026-10-08T18:07:13+05:45,2026-10-08T18:00:00+05:45,25.0,cap_25km,2,708,Kailali,70806,Bardagoriya,6,7080606,0.432,,,0
RIV_266,266,Kandha River at Mudhabazar,Mohana,28.66261,81.02406,708,70806,7080601,40752610,nearest,103.9,40752610,112.2,0,2026-10-08T18:07:13+05:45,2026-10-08T18:00:00+05:45,25.0,cap_25km,3,708,Kailali,70806,Bardagoriya,5,7080605,3.97,,,0
RIV_266,266,Kandha River at Mudhabazar,Mohana,28.66261,81.02406,708,70806,7080601,40752610,nearest,103.9,40752610,112.2,0,2026-10-08T18:07:13+05:45,2026-10-08T18:00:00+05:45,25.0,cap_25km,4,708,Kailali,70809,Joshipur,7,7080907,5.381,,,0
RIV_266,266,Kandha River at Mudhabazar,Mohana,28.66261,81.02406,708,70806,7080601,40752610,nearest,103.9,40752610,112.2,0,2026-10-08T18:07:13+05:45,2026-10-08T18:00:00+05:45,25.0,cap_25km,5,708,Kailali,70809,Joshipur,5,7080905,9.982,,,0
RIV_266,266,Kandha River at Mudhabazar,Mohana,28.66261,81.02406,708,70806,7080601,40752610,nearest,103.9,40752610,112.2,0,2026-10-08T18:07:13+05:45,2026-10-08T18:00:00+05:45,25.0,cap_25km,6,708,Kailali,70809,Joshipur,2,7080902,10.27,,,0
RIV_266,266,Kandha River at Mudhabazar,Mohana,28.66261,81.02406,708,70806,7080601,40752610,nearest,103.9,40752610,112.2,0,2026-10-08T18:07:13+05:45,2026-10-08T18:00:00+05:45,25.0,cap_25km,7,708,Kailali,70809,Joshipur,4,7080904,12.497,,,0
RIV_266,266,Kandha River at Mudhabazar,Mohana,28.66261,81.02406,708,70806,7080601,40752610,nearest,103.9,40752610,112.2,0,2026-10-08T18:07:13+05:45,2026-10-08T18:00:00+05:45,25.0,cap_25km,8,708,Kailali,70809,Joshipur,1,7080901,18.118,Community Haat Bazar,MKT_01494,1
RIV_266,266,Kandha River at Mudhabazar,Mohana,28.66261,81.02406,708,70806,7080601,40752610,nearest,103.9,40752610,112.2,0,2026-10-08T18:07:13+05:45,2026-10-08T18:00:00+05:45,25.0,cap_25km,9,708,Kailali,70811,Bhajani,6,7081106,18.646,Nawalpur Bazar Bhajani,MKT_01498,1
RIV_266,266,Kandha River at Mudhabazar,Mohana,28.66261,81.02406,708,70806,7080601,40752610,nearest,103.9,40752610,112.2,0,2026-10-08T18:07:13+05:45,2026-10-08T18:00:00+05:45,25.0,cap_25km,10,708,Kailali,70811,Bhajani,8,7081108,19.805,Janakpur Chowk;Godchaura Bazar;Dabbalpul Bazar Godchaura,MKT_00353;MKT_01499;MKT_01500,3
RIV_267,267,Likhu Khola at Pattawari,Narayani,27.895767,85.232256,305,30509,3050903,40797843,nearest,175.7,40797843,84.2,0,2026-10-08T18:07:13+05:45,2026-10-08T16:00:00+05:45,25.0,cap_25km,1,305,Nuwakot,30509,Likhu,4,3050904,0.0,,,0
RIV_267,267,Likhu Khola at Pattawari,Narayani,27.895767,85.232256,305,30509,3050903,40797843,nearest,175.7,40797843,84.2,0,2026-10-08T18:07:13+05:45,2026-10-08T16:00:00+05:45,25.0,cap_25km,2,305,Nuwakot,30509,Likhu,2,3050902,1.223,,,0
RIV_267,267,Likhu Khola at Pattawari,Narayani,27.895767,85.232256,305,30509,3050903,40797843,nearest,175.7,40797843,84.2,0,2026-10-08T18:07:13+05:45,2026-10-08T16:00:00+05:45,25.0,cap_25km,3,305,Nuwakot,30509,Likhu,3,3050903,2.103,,,0
RIV_267,267,Likhu Khola at Pattawari,Narayani,27.895767,85.232256,305,30509,3050903,40797843,nearest,175.7,40797843,84.2,0,2026-10-08T18:07:13+05:45,2026-10-08T16:00:00+05:45,25.0,cap_25km,4,305,Nuwakot,30509,Likhu,1,3050901,2.971,ढिकुरे बजार(Dhikure),MKT_01001,1
RIV_267,267,Likhu Khola at Pattawari,Narayani,27.895767,85.232256,305,30509,3050903,40797843,nearest,175.7,40797843,84.2,0,2026-10-08T18:07:13+05:45,2026-10-08T16:00:00+05:45,25.0,cap_25km,5,305,Nuwakot,30504,Bidur,2,3050402,6.497,,,0
RIV_267,267,Likhu Khola at Pattawari,Narayani,27.895767,85.232256,305,30509,3050903,40797843,nearest,175.7,40797843,84.2,0,2026-10-08T18:07:13+05:45,2026-10-08T16:00:00+05:45,25.0,cap_25km,6,305,Nuwakot,30508,Belkotgadhi,12,3050812,8.468,,,0
RIV_267,267,Likhu Khola at Pattawari,Narayani,27.895767,85.232256,305,30509,3050903,40797843,nearest,175.7,40797843,84.2,0,2026-10-08T18:07:13+05:45,2026-10-08T16:00:00+05:45,25.0,cap_25km,7,305,Nuwakot,30504,Bidur,5,3050405,9.395,,,0
RIV_267,267,Likhu Khola at Pattawari,Narayani,27.895767,85.232256,305,30509,3050903,40797843,nearest,175.7,40797843,84.2,0,2026-10-08T18:07:13+05:45,2026-10-08T16:00:00+05:45,25.0,cap_25km,8,305,Nuwakot,30508,Belkotgadhi,10,3050810,11.183,,,0
RIV_267,267,Likhu Khola at Pattawari,Narayani,27.895767,85.232256,305,30509,3050903,40797843,nearest,175.7,40797843,84.2,0,2026-10-08T18:07:13+05:45,2026-10-08T16:00:00+05:45,25.0,cap_25km,9,305,Nuwakot,30508,Belkotgadhi,8,3050808,15.047,,,0
RIV_267,267,Likhu Khola at Pattawari,Narayani,27.895767,85.232256,305,30509,3050903,40797843,nearest,175.7,40797843,84.2,0,2026-10-08T18:07:13+05:45,2026-10-08T16:00:00+05:45,25.0,cap_25km,10,305,Nuwakot,30504,Bidur,3,3050403,16.409,,,0
RIV_267,267,Likhu Khola at Pattawari,Narayani,27.895767,85.232256,305,30509,3050903,40797843,nearest,175.7,40797843,84.2,0,2026-10-08T18:07:13+05:45,2026-10-08T16:00:00+05:45,25.0,cap_25km,11,305,Nuwakot,30508,Belkotgadhi,7,3050807,19.301,,,0
RIV_267,267,Likhu Khola at Pattawari,Narayani,27.895767,85.232256,305,30509,3050903,40797843,nearest,175.7,40797843,84.2,0,2026-10-08T18:07:13+05:45,2026-10-08T16:00:00+05:45,25.0,cap_25km,12,305,Nuwakot,30507,Tarakeshwor,4,3050704,21.876,,,0
RIV_268,268,Garuda HS,,26.945607,85.309674,206,20608,2060805,40862993,nearest,171.3,40862993,753.7,1,2026-10-08T18:07:13+05:45,2026-10-08T17:50:00+05:45,24.881,left_nepal,1,206,Rautahat,20608,Garuda,5,2060805,0.0,,,0
RIV_268,268,Garuda HS,,26.945607,85.309674,206,20608,2060805,40862993,nearest,171.3,40862993,753.7,1,2026-10-08T18:07:13+05:45,2026-10-08T17:50:00+05:45,24.881,left_nepal,2,206,Rautahat,20608,Garuda,6,2060806,0.724,,,0
RIV_268,268,Garuda HS,,26.945607,85.309674,206,20608,2060805,40862993,nearest,171.3,40862993,753.7,1,2026-10-08T18:07:13+05:45,2026-10-08T17:50:00+05:45,24.881,left_nepal,3,206,Rautahat,20607,Madhav Narayan,1,2060701,2.724,,,0
RIV_268,268,Garuda HS,,26.945607,85.309674,206,20608,2060805,40862993,nearest,171.3,40862993,753.7,1,2026-10-08T18:07:13+05:45,2026-10-08T17:50:00+05:45,24.881,left_nepal,4,206,Rautahat,20608,Garuda,1,2060801,3.233,[unnamed commercial landuse],MKT_00593,1
RIV_268,268,Garuda HS,,26.945607,85.309674,206,20608,2060805,40862993,nearest,171.3,40862993,753.7,1,2026-10-08T18:07:13+05:45,2026-10-08T17:50:00+05:45,24.881,left_nepal,5,206,Rautahat,20607,Madhav Narayan,3,2060703,4.958,,,0
RIV_268,268,Garuda HS,,26.945607,85.309674,206,20608,2060805,40862993,nearest,171.3,40862993,753.7,1,2026-10-08T18:07:13+05:45,2026-10-08T17:50:00+05:45,24.881,left_nepal,6,206,Rautahat,20607,Madhav Narayan,5,2060705,6.414,,,0
RIV_268,268,Garuda HS,,26.945607,85.309674,206,20608,2060805,40862993,nearest,171.3,40862993,753.7,1,2026-10-08T18:07:13+05:45,2026-10-08T17:50:00+05:45,24.881,left_nepal,7,206,Rautahat,20614,Yamunamai,1,2061401,8.786,,,0
RIV_268,268,Garuda HS,,26.945607,85.309674,206,20608,2060805,40862993,nearest,171.3,40862993,753.7,1,2026-10-08T18:07:13+05:45,2026-10-08T17:50:00+05:45,24.881,left_nepal,8,206,Rautahat,20614,Yamunamai,2,2061402,9.897,,,0
RIV_268,268,Garuda HS,,26.945607,85.309674,206,20608,2060805,40862993,nearest,171.3,40862993,753.7,1,2026-10-08T18:07:13+05:45,2026-10-08T17:50:00+05:45,24.881,left_nepal,9,206,Rautahat,20612,Paroha,2,2061202,10.169,,,0
RIV_268,268,Garuda HS,,26.945607,85.309674,206,20608,2060805,40862993,nearest,171.3,40862993,753.7,1,2026-10-08T18:07:13+05:45,2026-10-08T17:50:00+05:45,24.881,left_nepal,10,206,Rautahat,20614,Yamunamai,3,2061403,11.752,,,0
RIV_268,268,Garuda HS,,26.945607,85.309674,206,20608,2060805,40862993,nearest,171.3,40862993,753.7,1,2026-10-08T18:07:13+05:45,2026-10-08T17:50:00+05:45,24.881,left_nepal,11,206,Rautahat,20613,Rajpur,2,2061302,13.479,,,0
RIV_268,268,Garuda HS,,26.945607,85.309674,206,20608,2060805,40862993,nearest,171.3,40862993,753.7,1,2026-10-08T18:07:13+05:45,2026-10-08T17:50:00+05:45,24.881,left_nepal,12,206,Rautahat,20613,Rajpur,3,2061303,14.531,,,0
RIV_268,268,Garuda HS,,26.945607,85.309674,206,20608,2060805,40862993,nearest,171.3,40862993,753.7,1,2026-10-08T18:07:13+05:45,2026-10-08T17:50:00+05:45,24.881,left_nepal,13,206,Rautahat,20613,Rajpur,8,2061308,16.883,,,0
RIV_268,268,Garuda HS,,26.945607,85.309674,206,20608,2060805,40862993,nearest,171.3,40862993,753.7,1,2026-10-08T18:07:13+05:45,2026-10-08T17:50:00+05:45,24.881,left_nepal,14,206,Rautahat,20617,Gaur,6,2061706,19.707,,,0
RIV_268,268,Garuda HS,,26.945607,85.309674,206,20608,2060805,40862993,nearest,171.3,40862993,753.7,1,2026-10-08T18:07:13+05:45,2026-10-08T17:50:00+05:45,24.881,left_nepal,15,206,Rautahat,20613,Rajpur,9,2061309,20.41,,,0
RIV_268,268,Garuda HS,,26.945607,85.309674,206,20608,2060805,40862993,nearest,171.3,40862993,753.7,1,2026-10-08T18:07:13+05:45,2026-10-08T17:50:00+05:45,24.881,left_nepal,16,206,Rautahat,20617,Gaur,4,2061704,21.167,,,0
RIV_268,268,Garuda HS,,26.945607,85.309674,206,20608,2060805,40862993,nearest,171.3,40862993,753.7,1,2026-10-08T18:07:13+05:45,2026-10-08T17:50:00+05:45,24.881,left_nepal,17,206,Rautahat,20618,Ishanath,1,2061801,24.396,,,0
RIV_270,270,Roshi Khola at Kavre,Koshi,27.523273,85.689244,309,30911,3091107,40822359,nearest,413.7,40822359,39.5,0,2026-10-08T18:07:13+05:45,2026-10-08T18:00:00+05:45,25.0,cap_25km,1,309,Kavrepalanchok,30911,Roshi,7,3091107,0.0,,,0
RIV_270,270,Roshi Khola at Kavre,Koshi,27.523273,85.689244,309,30911,3091107,40822359,nearest,413.7,40822359,39.5,0,2026-10-08T18:07:13+05:45,2026-10-08T18:00:00+05:45,25.0,cap_25km,2,309,Kavrepalanchok,30908,Namobuddha,5,3090805,0.157,[unnamed commercial landuse],MKT_00720,1
RIV_270,270,Roshi Khola at Kavre,Koshi,27.523273,85.689244,309,30911,3091107,40822359,nearest,413.7,40822359,39.5,0,2026-10-08T18:07:13+05:45,2026-10-08T18:00:00+05:45,25.0,cap_25km,3,309,Kavrepalanchok,30911,Roshi,8,3091108,1.555,,,0
RIV_270,270,Roshi Khola at Kavre,Koshi,27.523273,85.689244,309,30911,3091107,40822359,nearest,413.7,40822359,39.5,0,2026-10-08T18:07:13+05:45,2026-10-08T18:00:00+05:45,25.0,cap_25km,4,309,Kavrepalanchok,30907,Temal,5,3090705,2.872,,,0
RIV_270,270,Roshi Khola at Kavre,Koshi,27.523273,85.689244,309,30911,3091107,40822359,nearest,413.7,40822359,39.5,0,2026-10-08T18:07:13+05:45,2026-10-08T18:00:00+05:45,25.0,cap_25km,5,309,Kavrepalanchok,30911,Roshi,9,3091109,4.732,,,0
RIV_270,270,Roshi Khola at Kavre,Koshi,27.523273,85.689244,309,30911,3091107,40822359,nearest,413.7,40822359,39.5,0,2026-10-08T18:07:13+05:45,2026-10-08T18:00:00+05:45,25.0,cap_25km,6,309,Kavrepalanchok,30907,Temal,7,3090707,6.176,,,0
RIV_270,270,Roshi Khola at Kavre,Koshi,27.523273,85.689244,309,30911,3091107,40822359,nearest,413.7,40822359,39.5,0,2026-10-08T18:07:13+05:45,2026-10-08T18:00:00+05:45,25.0,cap_25km,7,309,Kavrepalanchok,30907,Temal,8,3090708,9.138,,,0
RIV_270,270,Roshi Khola at Kavre,Koshi,27.523273,85.689244,309,30911,3091107,40822359,nearest,413.7,40822359,39.5,0,2026-10-08T18:07:13+05:45,2026-10-08T18:00:00+05:45,25.0,cap_25km,8,309,Kavrepalanchok,30911,Roshi,11,3091111,9.472,,,0
RIV_270,270,Roshi Khola at Kavre,Koshi,27.523273,85.689244,309,30911,3091107,40822359,nearest,413.7,40822359,39.5,0,2026-10-08T18:07:13+05:45,2026-10-08T18:00:00+05:45,25.0,cap_25km,9,309,Kavrepalanchok,30907,Temal,9,3090709,15.508,,,0
RIV_270,270,Roshi Khola at Kavre,Koshi,27.523273,85.689244,309,30911,3091107,40822359,nearest,413.7,40822359,39.5,0,2026-10-08T18:07:13+05:45,2026-10-08T18:00:00+05:45,25.0,cap_25km,10,311,Sindhuli,31106,Sunkoshi,1,3110601,16.555,,,0
RIV_270,270,Roshi Khola at Kavre,Koshi,27.523273,85.689244,309,30911,3091107,40822359,nearest,413.7,40822359,39.5,0,2026-10-08T18:07:13+05:45,2026-10-08T18:00:00+05:45,25.0,cap_25km,11,310,Ramechhap,31006,Khandadevi,1,3100601,18.394,,,0
RIV_270,270,Roshi Khola at Kavre,Koshi,27.523273,85.689244,309,30911,3091107,40822359,nearest,413.7,40822359,39.5,0,2026-10-08T18:07:13+05:45,2026-10-08T18:00:00+05:45,25.0,cap_25km,12,311,Sindhuli,31106,Sunkoshi,2,3110602,19.683,,,0
RIV_271,271,Bagmati at Samanpur,Bagmati,26.977,85.393,206,20606,2060601,40860189,nearest,2969.6,40860189,74.5,0,2026-10-08T18:07:13+05:45,2026-10-08T17:50:00+05:45,25.0,cap_25km,1,206,Rautahat,20606,Gadhimai,1,2060601,0.0,,,0
RIV_271,271,Bagmati at Samanpur,Bagmati,26.977,85.393,206,20606,2060601,40860189,nearest,2969.6,40860189,74.5,0,2026-10-08T18:07:13+05:45,2026-10-08T17:50:00+05:45,25.0,cap_25km,2,206,Rautahat,20606,Gadhimai,2,2060602,1.093,,,0
RIV_271,271,Bagmati at Samanpur,Bagmati,26.977,85.393,206,20606,2060601,40860189,nearest,2969.6,40860189,74.5,0,2026-10-08T18:07:13+05:45,2026-10-08T17:50:00+05:45,25.0,cap_25km,3,206,Rautahat,20606,Gadhimai,5,2060605,2.383,,,0
RIV_271,271,Bagmati at Samanpur,Bagmati,26.977,85.393,206,20606,2060601,40860189,nearest,2969.6,40860189,74.5,0,2026-10-08T18:07:13+05:45,2026-10-08T17:50:00+05:45,25.0,cap_25km,4,205,Sarlahi,20513,Basbariya,2,2051302,4.851,,,0
RIV_271,271,Bagmati at Samanpur,Bagmati,26.977,85.393,206,20606,2060601,40860189,nearest,2969.6,40860189,74.5,0,2026-10-08T18:07:13+05:45,2026-10-08T17:50:00+05:45,25.0,cap_25km,5,205,Sarlahi,20514,Dhanakaul,3,2051403,7.046,,,0
RIV_271,271,Bagmati at Samanpur,Bagmati,26.977,85.393,206,20606,2060601,40860189,nearest,2969.6,40860189,74.5,0,2026-10-08T18:07:13+05:45,2026-10-08T17:50:00+05:45,25.0,cap_25km,6,206,Rautahat,20607,Madhav Narayan,9,2060709,7.431,,,0
RIV_271,271,Bagmati at Samanpur,Bagmati,26.977,85.393,206,20606,2060601,40860189,nearest,2969.6,40860189,74.5,0,2026-10-08T18:07:13+05:45,2026-10-08T17:50:00+05:45,25.0,cap_25km,7,206,Rautahat,20606,Gadhimai,3,2060603,8.209,,,0
RIV_271,271,Bagmati at Samanpur,Bagmati,26.977,85.393,206,20606,2060601,40860189,nearest,2969.6,40860189,74.5,0,2026-10-08T18:07:13+05:45,2026-10-08T17:50:00+05:45,25.0,cap_25km,8,206,Rautahat,20606,Gadhimai,6,2060606,10.321,,,0
RIV_271,271,Bagmati at Samanpur,Bagmati,26.977,85.393,206,20606,2060601,40860189,nearest,2969.6,40860189,74.5,0,2026-10-08T18:07:13+05:45,2026-10-08T17:50:00+05:45,25.0,cap_25km,9,206,Rautahat,20607,Madhav Narayan,8,2060708,13.395,,,0
RIV_271,271,Bagmati at Samanpur,Bagmati,26.977,85.393,206,20606,2060601,40860189,nearest,2969.6,40860189,74.5,0,2026-10-08T18:07:13+05:45,2026-10-08T17:50:00+05:45,25.0,cap_25km,10,206,Rautahat,20607,Madhav Narayan,7,2060707,13.993,,,0
RIV_271,271,Bagmati at Samanpur,Bagmati,26.977,85.393,206,20606,2060601,40860189,nearest,2969.6,40860189,74.5,0,2026-10-08T18:07:13+05:45,2026-10-08T17:50:00+05:45,25.0,cap_25km,11,205,Sarlahi,20514,Dhanakaul,6,2051406,14.908,,,0
RIV_271,271,Bagmati at Samanpur,Bagmati,26.977,85.393,206,20606,2060601,40860189,nearest,2969.6,40860189,74.5,0,2026-10-08T18:07:13+05:45,2026-10-08T17:50:00+05:45,25.0,cap_25km,12,205,Sarlahi,20515,Ramnagar,1,2051501,15.806,,,0
RIV_271,271,Bagmati at Samanpur,Bagmati,26.977,85.393,206,20606,2060601,40860189,nearest,2969.6,40860189,74.5,0,2026-10-08T18:07:13+05:45,2026-10-08T17:50:00+05:45,25.0,cap_25km,13,206,Rautahat,20615,Durga Bhagawati,2,2061502,16.038,,,0
RIV_271,271,Bagmati at Samanpur,Bagmati,26.977,85.393,206,20606,2060601,40860189,nearest,2969.6,40860189,74.5,0,2026-10-08T18:07:13+05:45,2026-10-08T17:50:00+05:45,25.0,cap_25km,14,206,Rautahat,20615,Durga Bhagawati,1,2061501,17.169,,,0
RIV_271,271,Bagmati at Samanpur,Bagmati,26.977,85.393,206,20606,2060601,40860189,nearest,2969.6,40860189,74.5,0,2026-10-08T18:07:13+05:45,2026-10-08T17:50:00+05:45,25.0,cap_25km,15,206,Rautahat,20615,Durga Bhagawati,3,2061503,18.054,,,0
RIV_271,271,Bagmati at Samanpur,Bagmati,26.977,85.393,206,20606,2060601,40860189,nearest,2969.6,40860189,74.5,0,2026-10-08T18:07:13+05:45,2026-10-08T17:50:00+05:45,25.0,cap_25km,16,205,Sarlahi,20516,Balara,11,2051611,19.281,,,0
RIV_271,271,Bagmati at Samanpur,Bagmati,26.977,85.393,206,20606,2060601,40860189,nearest,2969.6,40860189,74.5,0,2026-10-08T18:07:13+05:45,2026-10-08T17:50:00+05:45,25.0,cap_25km,17,206,Rautahat,20616,Rajdevi,4,2061604,22.918,,,0
RIV_272,272,Jhimruk Khola at Pyuthan,West Rapti,28.084454,82.828611,503,50304,5030401,40785987,nearest,645.9,40785987,106.9,0,2026-10-08T18:07:13+05:45,2026-10-08T17:50:00+05:45,25.0,cap_25km,1,503,Pyuthan,50304,Pyuthan,1,5030401,0.0,,,0
RIV_272,272,Jhimruk Khola at Pyuthan,West Rapti,28.084454,82.828611,503,50304,5030401,40785987,nearest,645.9,40785987,106.9,0,2026-10-08T18:07:13+05:45,2026-10-08T17:50:00+05:45,25.0,cap_25km,2,503,Pyuthan,50307,Mallarani,5,5030705,1.029,,,0
RIV_272,272,Jhimruk Khola at Pyuthan,West Rapti,28.084454,82.828611,503,50304,5030401,40785987,nearest,645.9,40785987,106.9,0,2026-10-08T18:07:13+05:45,2026-10-08T17:50:00+05:45,25.0,cap_25km,3,503,Pyuthan,50306,Mandavi,5,5030605,1.916,,,0
RIV_272,272,Jhimruk Khola at Pyuthan,West Rapti,28.084454,82.828611,503,50304,5030401,40785987,nearest,645.9,40785987,106.9,0,2026-10-08T18:07:13+05:45,2026-10-08T17:50:00+05:45,25.0,cap_25km,4,503,Pyuthan,50308,Aairawati,4,5030804,7.162,,,0
RIV_272,272,Jhimruk Khola at Pyuthan,West Rapti,28.084454,82.828611,503,50304,5030401,40785987,nearest,645.9,40785987,106.9,0,2026-10-08T18:07:13+05:45,2026-10-08T17:50:00+05:45,25.0,cap_25km,5,503,Pyuthan,50308,Aairawati,5,5030805,9.771,,,0
RIV_272,272,Jhimruk Khola at Pyuthan,West Rapti,28.084454,82.828611,503,50304,5030401,40785987,nearest,645.9,40785987,106.9,0,2026-10-08T18:07:13+05:45,2026-10-08T17:50:00+05:45,25.0,cap_25km,6,503,Pyuthan,50308,Aairawati,6,5030806,17.965,,,0
RIV_272,272,Jhimruk Khola at Pyuthan,West Rapti,28.084454,82.828611,503,50304,5030401,40785987,nearest,645.9,40785987,106.9,0,2026-10-08T18:07:13+05:45,2026-10-08T17:50:00+05:45,25.0,cap_25km,7,503,Pyuthan,50308,Aairawati,2,5030802,19.741,,,0
RIV_272,272,Jhimruk Khola at Pyuthan,West Rapti,28.084454,82.828611,503,50304,5030401,40785987,nearest,645.9,40785987,106.9,0,2026-10-08T18:07:13+05:45,2026-10-08T17:50:00+05:45,25.0,cap_25km,8,505,Arghakhanchi,50503,Bhumikasthan,5,5050305,23.331,,,0
RIV_273,273,HS at Babai East-West Highway (Bardiya National Park),Babai Basin,28.425662,81.3946336,512,,,40764497,nearest,3014.7,40764497,180.3,0,2026-10-08T18:07:13+05:45,2026-10-08T17:50:00+05:45,25.0,cap_25km,1,512,Bardiya,51202,Barbardiya,1,5120201,1.545,,,0
RIV_273,273,HS at Babai East-West Highway (Bardiya National Park),Babai Basin,28.425662,81.3946336,512,,,40764497,nearest,3014.7,40764497,180.3,0,2026-10-08T18:07:13+05:45,2026-10-08T17:50:00+05:45,25.0,cap_25km,2,512,Bardiya,51203,Thakurbaba,4,5120304,4.907,,,0
RIV_273,273,HS at Babai East-West Highway (Bardiya National Park),Babai Basin,28.425662,81.3946336,512,,,40764497,nearest,3014.7,40764497,180.3,0,2026-10-08T18:07:13+05:45,2026-10-08T17:50:00+05:45,25.0,cap_25km,3,512,Bardiya,51203,Thakurbaba,5,5120305,8.532,,,0
RIV_273,273,HS at Babai East-West Highway (Bardiya National Park),Babai Basin,28.425662,81.3946336,512,,,40764497,nearest,3014.7,40764497,180.3,0,2026-10-08T18:07:13+05:45,2026-10-08T17:50:00+05:45,25.0,cap_25km,4,512,Bardiya,51202,Barbardiya,2,5120202,12.62,,,0
RIV_273,273,HS at Babai East-West Highway (Bardiya National Park),Babai Basin,28.425662,81.3946336,512,,,40764497,nearest,3014.7,40764497,180.3,0,2026-10-08T18:07:13+05:45,2026-10-08T17:50:00+05:45,25.0,cap_25km,5,512,Bardiya,51206,Madhuwan,4,5120604,13.822,Orali Bazaar,MKT_01333,1
RIV_273,273,HS at Babai East-West Highway (Bardiya National Park),Babai Basin,28.425662,81.3946336,512,,,40764497,nearest,3014.7,40764497,180.3,0,2026-10-08T18:07:13+05:45,2026-10-08T17:50:00+05:45,25.0,cap_25km,6,512,Bardiya,51206,Madhuwan,5,5120605,17.211,,,0
RIV_273,273,HS at Babai East-West Highway (Bardiya National Park),Babai Basin,28.425662,81.3946336,512,,,40764497,nearest,3014.7,40764497,180.3,0,2026-10-08T18:07:13+05:45,2026-10-08T17:50:00+05:45,25.0,cap_25km,7,512,Bardiya,51202,Barbardiya,4,5120204,19.143,Padanaha Bazar,MKT_01326,1
RIV_273,273,HS at Babai East-West Highway (Bardiya National Park),Babai Basin,28.425662,81.3946336,512,,,40764497,nearest,3014.7,40764497,180.3,0,2026-10-08T18:07:13+05:45,2026-10-08T17:50:00+05:45,25.0,cap_25km,8,512,Bardiya,51207,Gulariya,2,5120702,22.151,,,0
RIV_274,274,Manusmara(Soti) River at Barathahawa,Bagmati,26.989,85.467,205,20504,2050407,40857625,nearest,142.8,40857625,185.3,0,2026-10-08T18:07:13+05:45,2026-10-08T18:00:00+05:45,25.0,cap_25km,1,205,Sarlahi,20504,Barahathawa,10,2050410,0.0,[unnamed retail landuse],MKT_00375,1
RIV_274,274,Manusmara(Soti) River at Barathahawa,Bagmati,26.989,85.467,205,20504,2050407,40857625,nearest,142.8,40857625,185.3,0,2026-10-08T18:07:13+05:45,2026-10-08T18:00:00+05:45,25.0,cap_25km,2,205,Sarlahi,20504,Barahathawa,8,2050408,2.292,[unnamed commercial landuse],MKT_00558,1
RIV_274,274,Manusmara(Soti) River at Barathahawa,Bagmati,26.989,85.467,205,20504,2050407,40857625,nearest,142.8,40857625,185.3,0,2026-10-08T18:07:13+05:45,2026-10-08T18:00:00+05:45,25.0,cap_25km,3,205,Sarlahi,20504,Barahathawa,12,2050412,3.82,,,0
RIV_274,274,Manusmara(Soti) River at Barathahawa,Bagmati,26.989,85.467,205,20504,2050407,40857625,nearest,142.8,40857625,185.3,0,2026-10-08T18:07:13+05:45,2026-10-08T18:00:00+05:45,25.0,cap_25km,4,205,Sarlahi,20504,Barahathawa,11,2050411,4.667,,,0
RIV_274,274,Manusmara(Soti) River at Barathahawa,Bagmati,26.989,85.467,205,20504,2050407,40857625,nearest,142.8,40857625,185.3,0,2026-10-08T18:07:13+05:45,2026-10-08T18:00:00+05:45,25.0,cap_25km,5,205,Sarlahi,20504,Barahathawa,13,2050413,5.707,,,0
RIV_274,274,Manusmara(Soti) River at Barathahawa,Bagmati,26.989,85.467,205,20504,2050407,40857625,nearest,142.8,40857625,185.3,0,2026-10-08T18:07:13+05:45,2026-10-08T18:00:00+05:45,25.0,cap_25km,6,205,Sarlahi,20513,Basbariya,3,2051303,8.609,,,0
RIV_274,274,Manusmara(Soti) River at Barathahawa,Bagmati,26.989,85.467,205,20504,2050407,40857625,nearest,142.8,40857625,185.3,0,2026-10-08T18:07:13+05:45,2026-10-08T18:00:00+05:45,25.0,cap_25km,7,205,Sarlahi,20514,Dhanakaul,2,2051402,11.205,,,0
RIV_274,274,Manusmara(Soti) River at Barathahawa,Bagmati,26.989,85.467,205,20504,2050407,40857625,nearest,142.8,40857625,185.3,0,2026-10-08T18:07:13+05:45,2026-10-08T18:00:00+05:45,25.0,cap_25km,8,205,Sarlahi,20514,Dhanakaul,3,2051403,12.267,,,0
RIV_274,274,Manusmara(Soti) River at Barathahawa,Bagmati,26.989,85.467,205,20504,2050407,40857625,nearest,142.8,40857625,185.3,0,2026-10-08T18:07:13+05:45,2026-10-08T18:00:00+05:45,25.0,cap_25km,9,205,Sarlahi,20514,Dhanakaul,4,2051404,14.289,,,0
RIV_274,274,Manusmara(Soti) River at Barathahawa,Bagmati,26.989,85.467,205,20504,2050407,40857625,nearest,142.8,40857625,185.3,0,2026-10-08T18:07:13+05:45,2026-10-08T18:00:00+05:45,25.0,cap_25km,10,205,Sarlahi,20514,Dhanakaul,6,2051406,14.999,,,0
RIV_274,274,Manusmara(Soti) River at Barathahawa,Bagmati,26.989,85.467,205,20504,2050407,40857625,nearest,142.8,40857625,185.3,0,2026-10-08T18:07:13+05:45,2026-10-08T18:00:00+05:45,25.0,cap_25km,11,206,Rautahat,20607,Madhav Narayan,9,2060709,15.541,,,0
RIV_274,274,Manusmara(Soti) River at Barathahawa,Bagmati,26.989,85.467,205,20504,2050407,40857625,nearest,142.8,40857625,185.3,0,2026-10-08T18:07:13+05:45,2026-10-08T18:00:00+05:45,25.0,cap_25km,12,206,Rautahat,20606,Gadhimai,6,2060606,18.261,,,0
RIV_274,274,Manusmara(Soti) River at Barathahawa,Bagmati,26.989,85.467,205,20504,2050407,40857625,nearest,142.8,40857625,185.3,0,2026-10-08T18:07:13+05:45,2026-10-08T18:00:00+05:45,25.0,cap_25km,13,206,Rautahat,20607,Madhav Narayan,8,2060708,21.334,,,0
RIV_274,274,Manusmara(Soti) River at Barathahawa,Bagmati,26.989,85.467,205,20504,2050407,40857625,nearest,142.8,40857625,185.3,0,2026-10-08T18:07:13+05:45,2026-10-08T18:00:00+05:45,25.0,cap_25km,14,206,Rautahat,20607,Madhav Narayan,7,2060707,21.933,,,0
RIV_274,274,Manusmara(Soti) River at Barathahawa,Bagmati,26.989,85.467,205,20504,2050407,40857625,nearest,142.8,40857625,185.3,0,2026-10-08T18:07:13+05:45,2026-10-08T18:00:00+05:45,25.0,cap_25km,15,205,Sarlahi,20515,Ramnagar,1,2051501,23.745,,,0
RIV_274,274,Manusmara(Soti) River at Barathahawa,Bagmati,26.989,85.467,205,20504,2050407,40857625,nearest,142.8,40857625,185.3,0,2026-10-08T18:07:13+05:45,2026-10-08T18:00:00+05:45,25.0,cap_25km,16,206,Rautahat,20615,Durga Bhagawati,2,2061502,23.978,,,0
RIV_275,275,Banganga at Bhagwanpur,Banganga,27.5763519,83.0472644,509,50907,5090703,40817484,nearest,452.3,40817484,81.2,0,2026-10-08T18:07:13+05:45,2026-10-08T17:50:00+05:45,25.0,cap_25km,1,509,Kapilbastu,50907,Kapilbastu,3,5090703,0.0,,,0
RIV_275,275,Banganga at Bhagwanpur,Banganga,27.5763519,83.0472644,509,50907,5090703,40817484,nearest,452.3,40817484,81.2,0,2026-10-08T18:07:13+05:45,2026-10-08T17:50:00+05:45,25.0,cap_25km,2,509,Kapilbastu,50902,Buddhabhumi,10,5090210,0.347,,,0
RIV_275,275,Banganga at Bhagwanpur,Banganga,27.5763519,83.0472644,509,50907,5090703,40817484,nearest,452.3,40817484,81.2,0,2026-10-08T18:07:13+05:45,2026-10-08T17:50:00+05:45,25.0,cap_25km,3,509,Kapilbastu,50907,Kapilbastu,4,5090704,2.845,,,0
RIV_275,275,Banganga at Bhagwanpur,Banganga,27.5763519,83.0472644,509,50907,5090703,40817484,nearest,452.3,40817484,81.2,0,2026-10-08T18:07:13+05:45,2026-10-08T17:50:00+05:45,25.0,cap_25km,4,509,Kapilbastu,50907,Kapilbastu,12,5090712,6.007,,,0
RIV_275,275,Banganga at Bhagwanpur,Banganga,27.5763519,83.0472644,509,50907,5090703,40817484,nearest,452.3,40817484,81.2,0,2026-10-08T18:07:13+05:45,2026-10-08T17:50:00+05:45,25.0,cap_25km,5,509,Kapilbastu,50906,Maharajganj,11,5090611,8.274,,,0
RIV_275,275,Banganga at Bhagwanpur,Banganga,27.5763519,83.0472644,509,50907,5090703,40817484,nearest,452.3,40817484,81.2,0,2026-10-08T18:07:13+05:45,2026-10-08T17:50:00+05:45,25.0,cap_25km,6,509,Kapilbastu,50906,Maharajganj,2,5090602,8.362,,,0
RIV_275,275,Banganga at Bhagwanpur,Banganga,27.5763519,83.0472644,509,50907,5090703,40817484,nearest,452.3,40817484,81.2,0,2026-10-08T18:07:13+05:45,2026-10-08T17:50:00+05:45,25.0,cap_25km,7,509,Kapilbastu,50906,Maharajganj,8,5090608,12.808,,,0
RIV_275,275,Banganga at Bhagwanpur,Banganga,27.5763519,83.0472644,509,50907,5090703,40817484,nearest,452.3,40817484,81.2,0,2026-10-08T18:07:13+05:45,2026-10-08T17:50:00+05:45,25.0,cap_25km,8,509,Kapilbastu,50908,Yasodhara,8,5090808,14.983,तरकारी संकलन केन्द्र,MKT_00224,1
RIV_275,275,Banganga at Bhagwanpur,Banganga,27.5763519,83.0472644,509,50907,5090703,40817484,nearest,452.3,40817484,81.2,0,2026-10-08T18:07:13+05:45,2026-10-08T17:50:00+05:45,25.0,cap_25km,9,509,Kapilbastu,50908,Yasodhara,7,5090807,16.739,,,0
RIV_275,275,Banganga at Bhagwanpur,Banganga,27.5763519,83.0472644,509,50907,5090703,40817484,nearest,452.3,40817484,81.2,0,2026-10-08T18:07:13+05:45,2026-10-08T17:50:00+05:45,25.0,cap_25km,10,509,Kapilbastu,50906,Maharajganj,10,5090610,19.521,,,0
RIV_276,276,Banganga at Pawara,Banganga,27.7628497,83.201588,505,50506,5050614,40805180,nearest,180.1,40805180,48.9,0,2026-10-08T18:07:13+05:45,2026-10-08T17:50:00+05:45,25.0,cap_25km,1,505,Arghakhanchi,50506,Shitaganga,14,5050614,0.0,,,0
RIV_276,276,Banganga at Pawara,Banganga,27.7628497,83.201588,505,50506,5050614,40805180,nearest,180.1,40805180,48.9,0,2026-10-08T18:07:13+05:45,2026-10-08T17:50:00+05:45,25.0,cap_25km,2,509,Kapilbastu,50901,Banganga,2,5090102,0.294,Pipara Bazar,MKT_01308,1
RIV_276,276,Banganga at Pawara,Banganga,27.7628497,83.201588,505,50506,5050614,40805180,nearest,180.1,40805180,48.9,0,2026-10-08T18:07:13+05:45,2026-10-08T17:50:00+05:45,25.0,cap_25km,3,509,Kapilbastu,50901,Banganga,8,5090108,3.154,,,0
RIV_276,276,Banganga at Pawara,Banganga,27.7628497,83.201588,505,50506,5050614,40805180,nearest,180.1,40805180,48.9,0,2026-10-08T18:07:13+05:45,2026-10-08T17:50:00+05:45,25.0,cap_25km,4,509,Kapilbastu,50901,Banganga,4,5090104,9.412,,,0
RIV_276,276,Banganga at Pawara,Banganga,27.7628497,83.201588,505,50506,5050614,40805180,nearest,180.1,40805180,48.9,0,2026-10-08T18:07:13+05:45,2026-10-08T17:50:00+05:45,25.0,cap_25km,5,509,Kapilbastu,50901,Banganga,5,5090105,11.811,,,0
RIV_276,276,Banganga at Pawara,Banganga,27.7628497,83.201588,505,50506,5050614,40805180,nearest,180.1,40805180,48.9,0,2026-10-08T18:07:13+05:45,2026-10-08T17:50:00+05:45,25.0,cap_25km,6,509,Kapilbastu,50901,Banganga,7,5090107,12.738,,,0
RIV_276,276,Banganga at Pawara,Banganga,27.7628497,83.201588,505,50506,5050614,40805180,nearest,180.1,40805180,48.9,0,2026-10-08T18:07:13+05:45,2026-10-08T17:50:00+05:45,25.0,cap_25km,7,509,Kapilbastu,50901,Banganga,6,5090106,13.843,,,0
RIV_276,276,Banganga at Pawara,Banganga,27.7628497,83.201588,505,50506,5050614,40805180,nearest,180.1,40805180,48.9,0,2026-10-08T18:07:13+05:45,2026-10-08T17:50:00+05:45,25.0,cap_25km,8,509,Kapilbastu,50902,Buddhabhumi,2,5090202,15.675,Khan Market;Sabji Mandi;[unnamed commercial landuse];Bhusal Rastriya Bazar;Bazaarline;Bazaarline,MKT_00218;MKT_00809;MKT_00810;MKT_01309;MKT_01310;MKT_01311,6
RIV_276,276,Banganga at Pawara,Banganga,27.7628497,83.201588,505,50506,5050614,40805180,nearest,180.1,40805180,48.9,0,2026-10-08T18:07:13+05:45,2026-10-08T17:50:00+05:45,25.0,cap_25km,9,509,Kapilbastu,50907,Kapilbastu,9,5090709,18.739,,,0
RIV_277,277,Bel Nadi at Buddhabhumi,Banganga,27.6082829,82.9593431,509,50902,5090207,40815580,nearest,152.1,40815580,305.8,0,2026-10-08T18:07:13+05:45,2026-10-08T17:50:00+05:45,25.0,cap_25km,1,509,Kapilbastu,50902,Buddhabhumi,7,5090207,0.0,,,0
RIV_277,277,Bel Nadi at Buddhabhumi,Banganga,27.6082829,82.9593431,509,50902,5090207,40815580,nearest,152.1,40815580,305.8,0,2026-10-08T18:07:13+05:45,2026-10-08T17:50:00+05:45,25.0,cap_25km,2,509,Kapilbastu,50906,Maharajganj,11,5090611,0.531,,,0
RIV_277,277,Bel Nadi at Buddhabhumi,Banganga,27.6082829,82.9593431,509,50902,5090207,40815580,nearest,152.1,40815580,305.8,0,2026-10-08T18:07:13+05:45,2026-10-08T17:50:00+05:45,25.0,cap_25km,3,509,Kapilbastu,50902,Buddhabhumi,8,5090208,1.681,,,0
RIV_277,277,Bel Nadi at Buddhabhumi,Banganga,27.6082829,82.9593431,509,50902,5090207,40815580,nearest,152.1,40815580,305.8,0,2026-10-08T18:07:13+05:45,2026-10-08T17:50:00+05:45,25.0,cap_25km,4,509,Kapilbastu,50902,Buddhabhumi,6,5090206,2.196,,,0
RIV_277,277,Bel Nadi at Buddhabhumi,Banganga,27.6082829,82.9593431,509,50902,5090207,40815580,nearest,152.1,40815580,305.8,0,2026-10-08T18:07:13+05:45,2026-10-08T17:50:00+05:45,25.0,cap_25km,5,509,Kapilbastu,50902,Buddhabhumi,10,5090210,6.342,,,0
RIV_277,277,Bel Nadi at Buddhabhumi,Banganga,27.6082829,82.9593431,509,50902,5090207,40815580,nearest,152.1,40815580,305.8,0,2026-10-08T18:07:13+05:45,2026-10-08T17:50:00+05:45,25.0,cap_25km,6,509,Kapilbastu,50906,Maharajganj,2,5090602,8.704,,,0
RIV_277,277,Bel Nadi at Buddhabhumi,Banganga,27.6082829,82.9593431,509,50902,5090207,40815580,nearest,152.1,40815580,305.8,0,2026-10-08T18:07:13+05:45,2026-10-08T17:50:00+05:45,25.0,cap_25km,7,509,Kapilbastu,50907,Kapilbastu,12,5090712,9.392,,,0
RIV_277,277,Bel Nadi at Buddhabhumi,Banganga,27.6082829,82.9593431,509,50902,5090207,40815580,nearest,152.1,40815580,305.8,0,2026-10-08T18:07:13+05:45,2026-10-08T17:50:00+05:45,25.0,cap_25km,8,509,Kapilbastu,50906,Maharajganj,8,5090608,13.151,,,0
RIV_277,277,Bel Nadi at Buddhabhumi,Banganga,27.6082829,82.9593431,509,50902,5090207,40815580,nearest,152.1,40815580,305.8,0,2026-10-08T18:07:13+05:45,2026-10-08T17:50:00+05:45,25.0,cap_25km,9,509,Kapilbastu,50908,Yasodhara,8,5090808,15.325,तरकारी संकलन केन्द्र,MKT_00224,1
RIV_277,277,Bel Nadi at Buddhabhumi,Banganga,27.6082829,82.9593431,509,50902,5090207,40815580,nearest,152.1,40815580,305.8,0,2026-10-08T18:07:13+05:45,2026-10-08T17:50:00+05:45,25.0,cap_25km,10,509,Kapilbastu,50908,Yasodhara,7,5090807,17.081,,,0
RIV_277,277,Bel Nadi at Buddhabhumi,Banganga,27.6082829,82.9593431,509,50902,5090207,40815580,nearest,152.1,40815580,305.8,0,2026-10-08T18:07:13+05:45,2026-10-08T17:50:00+05:45,25.0,cap_25km,11,509,Kapilbastu,50906,Maharajganj,10,5090610,19.864,,,0
RIV_278,278,Gudung at EW Highway,Banganga,27.658067,82.9957647,509,50902,5090209,40814224,nearest,177.2,40814224,212.7,0,2026-10-08T18:07:13+05:45,2026-10-08T17:50:00+05:45,25.0,cap_25km,1,509,Kapilbastu,50902,Buddhabhumi,4,5090204,0.0,,,0
RIV_278,278,Gudung at EW Highway,Banganga,27.658067,82.9957647,509,50902,5090209,40814224,nearest,177.2,40814224,212.7,0,2026-10-08T18:07:13+05:45,2026-10-08T17:50:00+05:45,25.0,cap_25km,2,509,Kapilbastu,50902,Buddhabhumi,9,5090209,1.09,Imiliya bazzar,MKT_00219,1
RIV_278,278,Gudung at EW Highway,Banganga,27.658067,82.9957647,509,50902,5090209,40814224,nearest,177.2,40814224,212.7,0,2026-10-08T18:07:13+05:45,2026-10-08T17:50:00+05:45,25.0,cap_25km,3,509,Kapilbastu,50902,Buddhabhumi,8,5090208,2.579,,,0
RIV_278,278,Gudung at EW Highway,Banganga,27.658067,82.9957647,509,50902,5090209,40814224,nearest,177.2,40814224,212.7,0,2026-10-08T18:07:13+05:45,2026-10-08T17:50:00+05:45,25.0,cap_25km,4,509,Kapilbastu,50902,Buddhabhumi,5,5090205,3.849,,,0
RIV_278,278,Gudung at EW Highway,Banganga,27.658067,82.9957647,509,50902,5090209,40814224,nearest,177.2,40814224,212.7,0,2026-10-08T18:07:13+05:45,2026-10-08T17:50:00+05:45,25.0,cap_25km,5,509,Kapilbastu,50906,Maharajganj,11,5090611,8.158,,,0
RIV_278,278,Gudung at EW Highway,Banganga,27.658067,82.9957647,509,50902,5090209,40814224,nearest,177.2,40814224,212.7,0,2026-10-08T18:07:13+05:45,2026-10-08T17:50:00+05:45,25.0,cap_25km,6,509,Kapilbastu,50902,Buddhabhumi,6,5090206,8.976,,,0
RIV_278,278,Gudung at EW Highway,Banganga,27.658067,82.9957647,509,50902,5090209,40814224,nearest,177.2,40814224,212.7,0,2026-10-08T18:07:13+05:45,2026-10-08T17:50:00+05:45,25.0,cap_25km,7,509,Kapilbastu,50902,Buddhabhumi,10,5090210,13.122,,,0
RIV_278,278,Gudung at EW Highway,Banganga,27.658067,82.9957647,509,50902,5090209,40814224,nearest,177.2,40814224,212.7,0,2026-10-08T18:07:13+05:45,2026-10-08T17:50:00+05:45,25.0,cap_25km,8,509,Kapilbastu,50906,Maharajganj,2,5090602,15.484,,,0
RIV_278,278,Gudung at EW Highway,Banganga,27.658067,82.9957647,509,50902,5090209,40814224,nearest,177.2,40814224,212.7,0,2026-10-08T18:07:13+05:45,2026-10-08T17:50:00+05:45,25.0,cap_25km,9,509,Kapilbastu,50907,Kapilbastu,12,5090712,16.171,,,0
RIV_278,278,Gudung at EW Highway,Banganga,27.658067,82.9957647,509,50902,5090209,40814224,nearest,177.2,40814224,212.7,0,2026-10-08T18:07:13+05:45,2026-10-08T17:50:00+05:45,25.0,cap_25km,10,509,Kapilbastu,50906,Maharajganj,8,5090608,19.931,,,0
RIV_278,278,Gudung at EW Highway,Banganga,27.658067,82.9957647,509,50902,5090209,40814224,nearest,177.2,40814224,212.7,0,2026-10-08T18:07:13+05:45,2026-10-08T17:50:00+05:45,25.0,cap_25km,11,509,Kapilbastu,50908,Yasodhara,8,5090808,22.105,तरकारी संकलन केन्द्र,MKT_00224,1
RIV_278,278,Gudung at EW Highway,Banganga,27.658067,82.9957647,509,50902,5090209,40814224,nearest,177.2,40814224,212.7,0,2026-10-08T18:07:13+05:45,2026-10-08T17:50:00+05:45,25.0,cap_25km,12,509,Kapilbastu,50908,Yasodhara,7,5090807,23.861,,,0
RIV_280,280,Ghap HS,,28.53,84.828,401,40101,4010104,40755854,nearest,2033.9,40755854,138.6,0,2026-10-08T18:07:13+05:45,2026-10-08T17:55:00+05:45,25.0,cap_25km,1,401,Gorkha,40101,Chumanubri,4,4010104,0.0,,,0
RIV_280,280,Ghap HS,,28.53,84.828,401,40101,4010104,40755854,nearest,2033.9,40755854,138.6,0,2026-10-08T18:07:13+05:45,2026-10-08T17:55:00+05:45,25.0,cap_25km,2,401,Gorkha,40101,Chumanubri,5,4010105,2.403,,,0
RIV_280,280,Ghap HS,,28.53,84.828,401,40101,4010104,40755854,nearest,2033.9,40755854,138.6,0,2026-10-08T18:07:13+05:45,2026-10-08T17:55:00+05:45,25.0,cap_25km,3,401,Gorkha,40101,Chumanubri,6,4010106,12.649,,,0
RIV_280,280,Ghap HS,,28.53,84.828,401,40101,4010104,40755854,nearest,2033.9,40755854,138.6,0,2026-10-08T18:07:13+05:45,2026-10-08T17:55:00+05:45,25.0,cap_25km,4,401,Gorkha,40101,Chumanubri,3,4010103,13.602,,,0
RIV_281,281,Trishuli at Galchi,Narayani,27.802328,85.00305,304,30411,3041108,40802399,nearest,5777.4,40802399,53.2,0,2026-10-08T18:07:13+05:45,2026-10-08T18:00:00+05:45,25.0,cap_25km,1,304,Dhading,30411,Galchhi,8,3041108,0.0,,,0
RIV_281,281,Trishuli at Galchi,Narayani,27.802328,85.00305,304,30411,3041108,40802399,nearest,5777.4,40802399,53.2,0,2026-10-08T18:07:13+05:45,2026-10-08T18:00:00+05:45,25.0,cap_25km,2,304,Dhading,30411,Galchhi,1,3041101,0.122,,,0
RIV_281,281,Trishuli at Galchi,Narayani,27.802328,85.00305,304,30411,3041108,40802399,nearest,5777.4,40802399,53.2,0,2026-10-08T18:07:13+05:45,2026-10-08T18:00:00+05:45,25.0,cap_25km,3,304,Dhading,30411,Galchhi,6,3041106,0.258,[unnamed commercial landuse],MKT_00632,1
RIV_281,281,Trishuli at Galchi,Narayani,27.802328,85.00305,304,30411,3041108,40802399,nearest,5777.4,40802399,53.2,0,2026-10-08T18:07:13+05:45,2026-10-08T18:00:00+05:45,25.0,cap_25km,4,304,Dhading,30411,Galchhi,4,3041104,4.01,Sital Bajar,MKT_00631,1
RIV_281,281,Trishuli at Galchi,Narayani,27.802328,85.00305,304,30411,3041108,40802399,nearest,5777.4,40802399,53.2,0,2026-10-08T18:07:13+05:45,2026-10-08T18:00:00+05:45,25.0,cap_25km,5,304,Dhading,30411,Galchhi,2,3041102,4.64,,,0
RIV_281,281,Trishuli at Galchi,Narayani,27.802328,85.00305,304,30411,3041108,40802399,nearest,5777.4,40802399,53.2,0,2026-10-08T18:07:13+05:45,2026-10-08T18:00:00+05:45,25.0,cap_25km,6,304,Dhading,30410,Gajuri,6,3041006,6.766,,,0
RIV_281,281,Trishuli at Galchi,Narayani,27.802328,85.00305,304,30411,3041108,40802399,nearest,5777.4,40802399,53.2,0,2026-10-08T18:07:13+05:45,2026-10-08T18:00:00+05:45,25.0,cap_25km,7,304,Dhading,30408,Siddhalek,7,3040807,7.824,,,0
RIV_281,281,Trishuli at Galchi,Narayani,27.802328,85.00305,304,30411,3041108,40802399,nearest,5777.4,40802399,53.2,0,2026-10-08T18:07:13+05:45,2026-10-08T18:00:00+05:45,25.0,cap_25km,8,304,Dhading,30410,Gajuri,5,3041005,11.444,,,0
RIV_281,281,Trishuli at Galchi,Narayani,27.802328,85.00305,304,30411,3041108,40802399,nearest,5777.4,40802399,53.2,0,2026-10-08T18:07:13+05:45,2026-10-08T18:00:00+05:45,25.0,cap_25km,9,304,Dhading,30410,Gajuri,1,3041001,14.077,,,0
RIV_281,281,Trishuli at Galchi,Narayani,27.802328,85.00305,304,30411,3041108,40802399,nearest,5777.4,40802399,53.2,0,2026-10-08T18:07:13+05:45,2026-10-08T18:00:00+05:45,25.0,cap_25km,10,304,Dhading,30408,Siddhalek,6,3040806,15.316,,,0
RIV_281,281,Trishuli at Galchi,Narayani,27.802328,85.00305,304,30411,3041108,40802399,nearest,5777.4,40802399,53.2,0,2026-10-08T18:07:13+05:45,2026-10-08T18:00:00+05:45,25.0,cap_25km,11,304,Dhading,30410,Gajuri,2,3041002,17.422,,,0
RIV_281,281,Trishuli at Galchi,Narayani,27.802328,85.00305,304,30411,3041108,40802399,nearest,5777.4,40802399,53.2,0,2026-10-08T18:07:13+05:45,2026-10-08T18:00:00+05:45,25.0,cap_25km,12,304,Dhading,30409,Benighat Rorang,3,3040903,21.243,,,0
RIV_281,281,Trishuli at Galchi,Narayani,27.802328,85.00305,304,30411,3041108,40802399,nearest,5777.4,40802399,53.2,0,2026-10-08T18:07:13+05:45,2026-10-08T18:00:00+05:45,25.0,cap_25km,13,304,Dhading,30408,Siddhalek,4,3040804,21.993,,,0
RIV_282,282,Banara River at EW Highway,Mahakali,28.8886706,80.3954179,709,70902,7090211,40736799,nearest,78.5,40736799,116.7,0,2026-10-08T18:07:13+05:45,2026-10-08T17:50:00+05:45,25.0,cap_25km,1,709,Kanchanpur,70902,Shuklaphanta,11,7090211,0.0,,,0
RIV_282,282,Banara River at EW Highway,Mahakali,28.8886706,80.3954179,709,70902,7090211,40736799,nearest,78.5,40736799,116.7,0,2026-10-08T18:07:13+05:45,2026-10-08T17:50:00+05:45,25.0,cap_25km,2,709,Kanchanpur,70901,Krishnapur,2,7090102,0.005,[unnamed commercial landuse],MKT_00834,1
RIV_282,282,Banara River at EW Highway,Mahakali,28.8886706,80.3954179,709,70902,7090211,40736799,nearest,78.5,40736799,116.7,0,2026-10-08T18:07:13+05:45,2026-10-08T17:50:00+05:45,25.0,cap_25km,3,709,Kanchanpur,70902,Shuklaphanta,1,7090201,2.616,,,0
RIV_282,282,Banara River at EW Highway,Mahakali,28.8886706,80.3954179,709,70902,7090211,40736799,nearest,78.5,40736799,116.7,0,2026-10-08T18:07:13+05:45,2026-10-08T17:50:00+05:45,25.0,cap_25km,4,709,Kanchanpur,70901,Krishnapur,3,7090103,3.464,,,0
RIV_282,282,Banara River at EW Highway,Mahakali,28.8886706,80.3954179,709,70902,7090211,40736799,nearest,78.5,40736799,116.7,0,2026-10-08T18:07:13+05:45,2026-10-08T17:50:00+05:45,25.0,cap_25km,5,709,Kanchanpur,70906,Laljhadi,5,7090605,6.749,,,0
RIV_282,282,Banara River at EW Highway,Mahakali,28.8886706,80.3954179,709,70902,7090211,40736799,nearest,78.5,40736799,116.7,0,2026-10-08T18:07:13+05:45,2026-10-08T17:50:00+05:45,25.0,cap_25km,6,709,Kanchanpur,70906,Laljhadi,4,7090604,6.891,,,0
RIV_282,282,Banara River at EW Highway,Mahakali,28.8886706,80.3954179,709,70902,7090211,40736799,nearest,78.5,40736799,116.7,0,2026-10-08T18:07:13+05:45,2026-10-08T17:50:00+05:45,25.0,cap_25km,7,709,Kanchanpur,70902,Shuklaphanta,12,7090212,12.802,,,0
RIV_282,282,Banara River at EW Highway,Mahakali,28.8886706,80.3954179,709,70902,7090211,40736799,nearest,78.5,40736799,116.7,0,2026-10-08T18:07:13+05:45,2026-10-08T17:50:00+05:45,25.0,cap_25km,8,709,Kanchanpur,70906,Laljhadi,3,7090603,17.375,,,0
RIV_282,282,Banara River at EW Highway,Mahakali,28.8886706,80.3954179,709,70902,7090211,40736799,nearest,78.5,40736799,116.7,0,2026-10-08T18:07:13+05:45,2026-10-08T17:50:00+05:45,25.0,cap_25km,9,709,Kanchanpur,70908,Belouri,5,7090805,22.635,,,0
RIV_282,282,Banara River at EW Highway,Mahakali,28.8886706,80.3954179,709,70902,7090211,40736799,nearest,78.5,40736799,116.7,0,2026-10-08T18:07:13+05:45,2026-10-08T17:50:00+05:45,25.0,cap_25km,10,709,Kanchanpur,70906,Laljhadi,2,7090602,23.758,,,0
RIV_283,283,Doda River at Nandgaun,Mahakali,28.7599,80.39376,709,70906,7090603,40743562,nearest,673.4,40743562,1.0,0,2026-10-08T18:07:13+05:45,2026-10-08T17:50:00+05:45,15.717,left_nepal,1,709,Kanchanpur,70906,Laljhadi,3,7090603,0.0,,,0
RIV_283,283,Doda River at Nandgaun,Mahakali,28.7599,80.39376,709,70906,7090603,40743562,nearest,673.4,40743562,1.0,0,2026-10-08T18:07:13+05:45,2026-10-08T17:50:00+05:45,15.717,left_nepal,2,709,Kanchanpur,70908,Belouri,5,7090805,1.359,,,0
RIV_283,283,Doda River at Nandgaun,Mahakali,28.7599,80.39376,709,70906,7090603,40743562,nearest,673.4,40743562,1.0,0,2026-10-08T18:07:13+05:45,2026-10-08T17:50:00+05:45,15.717,left_nepal,3,709,Kanchanpur,70906,Laljhadi,2,7090602,2.482,,,0
RIV_283,283,Doda River at Nandgaun,Mahakali,28.7599,80.39376,709,70906,7090603,40743562,nearest,673.4,40743562,1.0,0,2026-10-08T18:07:13+05:45,2026-10-08T17:50:00+05:45,15.717,left_nepal,4,709,Kanchanpur,70907,Punarbas,1,7090701,6.039,,,0
RIV_283,283,Doda River at Nandgaun,Mahakali,28.7599,80.39376,709,70906,7090603,40743562,nearest,673.4,40743562,1.0,0,2026-10-08T18:07:13+05:45,2026-10-08T17:50:00+05:45,15.717,left_nepal,5,709,Kanchanpur,70908,Belouri,4,7090804,7.903,,,0
RIV_283,283,Doda River at Nandgaun,Mahakali,28.7599,80.39376,709,70906,7090603,40743562,nearest,673.4,40743562,1.0,0,2026-10-08T18:07:13+05:45,2026-10-08T17:50:00+05:45,15.717,left_nepal,6,709,Kanchanpur,70908,Belouri,3,7090803,8.826,,,0
RIV_283,283,Doda River at Nandgaun,Mahakali,28.7599,80.39376,709,70906,7090603,40743562,nearest,673.4,40743562,1.0,0,2026-10-08T18:07:13+05:45,2026-10-08T17:50:00+05:45,15.717,left_nepal,7,709,Kanchanpur,70908,Belouri,2,7090802,11.772,,,0
RIV_283,283,Doda River at Nandgaun,Mahakali,28.7599,80.39376,709,70906,7090603,40743562,nearest,673.4,40743562,1.0,0,2026-10-08T18:07:13+05:45,2026-10-08T17:50:00+05:45,15.717,left_nepal,8,709,Kanchanpur,70908,Belouri,1,7090801,12.446,,,0
RIV_284,284,Likma River at EW Highway,Karnali,28.7288083,80.8212694,708,70804,7080408,40746540,nearest,83.0,40746540,161.6,0,2026-10-08T18:07:13+05:45,2026-10-08T17:50:00+05:45,25.0,cap_25km,1,708,Kailali,70804,Gauriganga,8,7080408,0.0,,,0
RIV_284,284,Likma River at EW Highway,Karnali,28.7288083,80.8212694,708,70804,7080408,40746540,nearest,83.0,40746540,161.6,0,2026-10-08T18:07:13+05:45,2026-10-08T17:50:00+05:45,25.0,cap_25km,2,708,Kailali,70804,Gauriganga,10,7080410,1.546,,,0
RIV_284,284,Likma River at EW Highway,Karnali,28.7288083,80.8212694,708,70804,7080408,40746540,nearest,83.0,40746540,161.6,0,2026-10-08T18:07:13+05:45,2026-10-08T17:50:00+05:45,25.0,cap_25km,3,708,Kailali,70804,Gauriganga,11,7080411,5.201,,,0
RIV_284,284,Likma River at EW Highway,Karnali,28.7288083,80.8212694,708,70804,7080408,40746540,nearest,83.0,40746540,161.6,0,2026-10-08T18:07:13+05:45,2026-10-08T17:50:00+05:45,25.0,cap_25km,4,708,Kailali,70812,Kailari,8,7081208,6.699,,,0
RIV_284,284,Likma River at EW Highway,Karnali,28.7288083,80.8212694,708,70804,7080408,40746540,nearest,83.0,40746540,161.6,0,2026-10-08T18:07:13+05:45,2026-10-08T17:50:00+05:45,25.0,cap_25km,5,708,Kailali,70812,Kailari,6,7081206,13.49,,,0
RIV_284,284,Likma River at EW Highway,Karnali,28.7288083,80.8212694,708,70804,7080408,40746540,nearest,83.0,40746540,161.6,0,2026-10-08T18:07:13+05:45,2026-10-08T17:50:00+05:45,25.0,cap_25km,6,708,Kailali,70812,Kailari,2,7081202,13.72,,,0
RIV_284,284,Likma River at EW Highway,Karnali,28.7288083,80.8212694,708,70804,7080408,40746540,nearest,83.0,40746540,161.6,0,2026-10-08T18:07:13+05:45,2026-10-08T17:50:00+05:45,25.0,cap_25km,7,708,Kailali,70812,Kailari,1,7081201,18.131,,,0
RIV_284,284,Likma River at EW Highway,Karnali,28.7288083,80.8212694,708,70804,7080408,40746540,nearest,83.0,40746540,161.6,0,2026-10-08T18:07:13+05:45,2026-10-08T17:50:00+05:45,25.0,cap_25km,8,708,Kailali,70812,Kailari,3,7081203,19.636,,,0
RIV_284,284,Likma River at EW Highway,Karnali,28.7288083,80.8212694,708,70804,7080408,40746540,nearest,83.0,40746540,161.6,0,2026-10-08T18:07:13+05:45,2026-10-08T17:50:00+05:45,25.0,cap_25km,9,708,Kailali,70812,Kailari,5,7081205,20.957,Pabera Mandi,MKT_01501,1
